global_step,update,step_in_update,reward,action_noisy,action_mean,value
1,1,0,-0.2814105153083801,0.15597526729106903,0.12407468259334564,-0.32880860567092896
2,1,1,-0.27514341473579407,-0.23204076290130615,0.12385845184326172,-0.32200294733047485
3,1,2,-0.2827204465866089,-0.26646026968955994,0.11779411137104034,-0.32880258560180664
4,1,3,-0.30476951599121094,0.33654898405075073,0.12441116571426392,-0.3263348937034607
5,1,4,-0.3496222496032715,0.12254613637924194,0.12007084488868713,-0.3294633626937866
6,1,5,-0.389921098947525,-0.09360159188508987,0.12382186949253082,-0.32620295882225037
7,1,6,-0.40807074308395386,0.31524422764778137,0.11794885993003845,-0.3277862071990967
8,1,7,-0.412202924489975,0.17801505327224731,0.12394160032272339,-0.3285718560218811
9,1,8,-0.3986167907714844,0.08143641799688339,0.12376487255096436,-0.3263653516769409
10,1,9,-0.3689875900745392,0.579434871673584,0.12237153947353363,-0.3279154300689697
11,1,10,-0.3141745626926422,0.02614765055477619,0.12803100049495697,-0.32135963439941406
12,1,11,-0.22831298410892487,-0.3301059305667877,0.13079634308815002,-0.3271036148071289
13,1,12,-0.12510916590690613,0.7464767098426819,0.12469653785228729,-0.32395970821380615
14,1,13,-0.04252747446298599,-0.7713747024536133,0.12609277665615082,-0.3286117911338806
15,1,14,-0.004404420033097267,0.26420846581459045,0.12406936287879944,-0.32320088148117065
16,1,15,-0.019903015345335007,-0.028341146185994148,0.1261018067598343,-0.32891231775283813
17,1,16,-0.07723940908908844,0.2870865762233734,0.12311194837093353,-0.32223039865493774
18,1,17,-0.15960119664669037,0.5064060091972351,0.12643827497959137,-0.33030247688293457
19,1,18,-0.2494623214006424,-0.3115454614162445,0.12315385043621063,-0.322726845741272
20,1,19,-0.32686129212379456,0.2334241420030594,0.125945046544075,-0.33163562417030334
21,1,20,-0.37404534220695496,-0.12452539056539536,0.12576642632484436,-0.32356005907058716
22,1,21,-0.4035135805606842,-0.238564133644104,0.12921857833862305,-0.33200007677078247
23,1,22,-0.4047447144985199,0.07784517109394073,0.12480698525905609,-0.3211062550544739
24,1,23,-0.3648380637168884,0.04799240827560425,0.12954428791999817,-0.32760557532310486
25,1,24,-0.3060949742794037,-0.12366216629743576,0.1253766268491745,-0.3192523121833801
26,1,25,-0.2268991470336914,-0.08115243166685104,0.13153128325939178,-0.3272937536239624
27,1,26,-0.13824725151062012,0.5576568245887756,0.13197699189186096,-0.3220892548561096
28,1,27,-0.024568656459450722,-0.1800283044576645,0.13498574495315552,-0.3257395327091217
29,1,28,0.11925210803747177,0.045120224356651306,0.13487176597118378,-0.32442182302474976
30,1,29,0.28048819303512573,0.2799820899963379,0.13121727108955383,-0.32607197761535645
31,1,30,0.4056948125362396,-0.026982665061950684,0.13054779171943665,-0.320644736289978
32,1,31,0.44904300570487976,-0.3130851686000824,0.12944206595420837,-0.3283771276473999
33,1,32,0.402098149061203,0.1869463473558426,0.1305350661277771,-0.3189671039581299
34,1,33,0.2887972891330719,-0.06195121258497238,0.13080140948295593,-0.32582569122314453
35,1,34,0.19418370723724365,0.6054776310920715,0.13201302289962769,-0.3217158317565918
36,1,35,0.18155767023563385,-0.34750640392303467,0.13328024744987488,-0.3222498893737793
37,1,36,0.2543504238128662,1.0,0.13088656961917877,-0.32033002376556396
38,1,37,0.3671964108943939,0.025317417457699776,0.13099895417690277,-0.3246263861656189
39,1,38,0.4494815468788147,-0.16006238758563995,0.1304301917552948,-0.3199043869972229
40,1,39,0.4667105972766876,-0.0924631804227829,0.12939739227294922,-0.3259795010089874
41,1,40,0.4275890588760376,-0.5418834090232849,0.1298334300518036,-0.3209044635295868
42,1,41,0.3680693507194519,0.040452826768159866,0.1301903873682022,-0.3242722749710083
43,1,42,0.3134109675884247,0.25737378001213074,0.12899033725261688,-0.3216894865036011
44,1,43,0.2647196054458618,0.3967638611793518,0.12859845161437988,-0.3288676142692566
45,1,44,0.2263345718383789,0.4514303207397461,0.12845388054847717,-0.3216797411441803
46,1,45,0.17968875169754028,0.265814870595932,0.12948396801948547,-0.32660621404647827
47,1,46,0.1197270080447197,-0.40626809000968933,0.12585486471652985,-0.31991046667099
48,1,47,0.03865598142147064,-0.35134026408195496,0.1256912499666214,-0.3282206952571869
49,1,48,-0.054909612983465195,0.38680681586265564,0.12408606708049774,-0.3208763301372528
50,1,49,-0.1466999500989914,0.46783095598220825,0.12406355142593384,-0.3290000855922699
51,1,50,-0.23649351298809052,0.846544086933136,0.11968548595905304,-0.32117748260498047
52,1,51,-0.32232850790023804,0.28128668665885925,0.12432362139225006,-0.3278379440307617
53,1,52,-0.39161959290504456,0.4009923040866852,0.12237916886806488,-0.3230818808078766
54,1,53,-0.4202362596988678,-0.4377831816673279,0.12249422073364258,-0.32814696431159973
55,1,54,-0.41336342692375183,-0.42057371139526367,0.12165988981723785,-0.3240600824356079
56,1,55,-0.37382808327674866,0.386411190032959,0.1258055567741394,-0.32661640644073486
57,1,56,-0.31811490654945374,0.7395243644714355,0.12251351773738861,-0.3231109380722046
58,1,57,-0.26322636008262634,-0.09137654304504395,0.1218089610338211,-0.32683372497558594
59,1,58,-0.21930789947509766,-0.18918666243553162,0.12603886425495148,-0.32433006167411804
60,1,59,-0.19671885669231415,0.6163085103034973,0.12045925855636597,-0.3271336555480957
61,1,60,-0.18839631974697113,0.4905731678009033,0.12431132793426514,-0.32599061727523804
62,1,61,-0.2000231295824051,0.235984206199646,0.11866481602191925,-0.32533472776412964
63,1,62,-0.23239004611968994,-0.11586648970842361,0.12285943329334259,-0.3265502452850342
64,1,63,-0.2792225480079651,0.1401522010564804,0.11790461838245392,-0.3255271315574646
65,1,64,-0.3189341425895691,0.1855369508266449,0.1257386952638626,-0.327750027179718
66,1,65,-0.333560585975647,-0.12112347036600113,0.12539148330688477,-0.3241001069545746
67,1,66,-0.313576877117157,0.3975338637828827,0.1251964420080185,-0.32788142561912537
68,1,67,-0.23899266123771667,0.223624125123024,0.12907513976097107,-0.32021260261535645
69,1,68,-0.11111097037792206,0.4505261182785034,0.13177084922790527,-0.3258781433105469
70,1,69,0.042652830481529236,0.6484702825546265,0.12971478700637817,-0.3223399817943573
71,1,70,0.19317540526390076,-0.43363118171691895,0.1304960995912552,-0.3257474899291992
72,1,71,0.29367595911026,-0.2962273061275482,0.12879660725593567,-0.32005977630615234
73,1,72,0.32002586126327515,-0.18018560111522675,0.1312820315361023,-0.32756221294403076
74,1,73,0.2977134883403778,0.785798192024231,0.13100171089172363,-0.32136088609695435
75,1,74,0.24591846764087677,-0.23839685320854187,0.12985368072986603,-0.32726603746414185
76,1,75,0.18150776624679565,-0.2564113736152649,0.12910540401935577,-0.3194860816001892
77,1,76,0.14563705027103424,0.10929219424724579,0.13073401153087616,-0.32402265071868896
78,1,77,0.16733196377754211,0.44936978816986084,0.1321088969707489,-0.3216160535812378
79,1,78,0.23921820521354675,-0.2561711072921753,0.12904676795005798,-0.3244156241416931
80,1,79,0.3212530314922333,0.7874233722686768,0.13076597452163696,-0.31993550062179565
81,1,80,0.39906245470046997,-0.24037085473537445,0.12686870992183685,-0.3217679262161255
82,1,81,0.46126705408096313,0.12352978438138962,0.13200853765010834,-0.3209315538406372
83,1,82,0.5142456293106079,-0.05879468843340874,0.1324302703142166,-0.32199156284332275
84,1,83,0.5502175688743591,0.3307567238807678,0.1309545785188675,-0.3202612102031708
85,1,84,0.5523589849472046,0.32973095774650574,0.1288001537322998,-0.3278283476829529
86,1,85,0.5007386803627014,0.47657129168510437,0.12818117439746857,-0.3185975253582001
87,1,86,0.35975468158721924,-0.7008954286575317,0.12897413969039917,-0.3291248381137848
88,1,87,0.15581242740154266,-0.06704715639352798,0.12790298461914062,-0.3201309144496918
89,1,88,-0.06098848581314087,0.6177700757980347,0.13127297163009644,-0.3308066725730896
90,1,89,-0.20450162887573242,0.8854150176048279,0.12911707162857056,-0.3238182067871094
91,1,90,-0.2607453763484955,-0.06597031652927399,0.12784820795059204,-0.3304333984851837
92,1,91,-0.23023314774036407,0.20327211916446686,0.12407860159873962,-0.3238295316696167
93,1,92,-0.15248997509479523,0.09316471219062805,0.1269151270389557,-0.3257143199443817
94,1,93,-0.07810760289430618,-0.7338224053382874,0.12516732513904572,-0.32399627566337585
95,1,94,-0.03668155148625374,0.17325124144554138,0.12635238468647003,-0.32930606603622437
96,1,95,-0.01881864108145237,0.26565223932266235,0.1280939131975174,-0.32452040910720825
97,1,96,-0.013302229344844818,0.39865779876708984,0.12646467983722687,-0.3292810618877411
98,1,97,-0.033678170293569565,0.5288572907447815,0.12092189490795135,-0.3221295475959778
99,1,98,-0.08845992386341095,0.19421879947185516,0.1225026547908783,-0.329006552696228
100,1,99,-0.16538949310779572,0.3175332546234131,0.12487033009529114,-0.32478928565979004
101,1,100,-0.24156337976455688,-0.35742059350013733,0.12101906538009644,-0.3286170959472656
102,1,101,-0.2849469482898712,0.28448164463043213,0.12442797422409058,-0.327933669090271
103,1,102,-0.3018864393234253,0.7525438070297241,0.12250585854053497,-0.3270222544670105
104,1,103,-0.29450610280036926,0.12601646780967712,0.12513397634029388,-0.32832252979278564
105,1,104,-0.2561182677745819,0.765106201171875,0.1265227347612381,-0.3260554075241089
106,1,105,-0.20392963290214539,0.07540906220674515,0.12398980557918549,-0.3270684480667114
107,1,106,-0.14178280532360077,-0.40282267332077026,0.1291944831609726,-0.3231726884841919
108,1,107,-0.06736913323402405,0.636374294757843,0.12590491771697998,-0.32702136039733887
109,1,108,0.014646049588918686,-0.048077501356601715,0.12902295589447021,-0.3248712420463562
110,1,109,0.07954783737659454,0.3450056314468384,0.1254924088716507,-0.32675468921661377
111,1,110,0.11264219880104065,-0.031578510999679565,0.1251915842294693,-0.32429900765419006
112,1,111,0.10782890021800995,-0.05394456163048744,0.1259041130542755,-0.3281676173210144
113,1,112,0.07034730911254883,-0.10827226936817169,0.12356847524642944,-0.324802041053772
114,1,113,0.0044791665859520435,-0.08478891849517822,0.12395589053630829,-0.32706019282341003
115,1,114,-0.08492196351289749,0.026106392964720726,0.12138925492763519,-0.3214348256587982
116,1,115,-0.1688341498374939,0.7893686294555664,0.12713360786437988,-0.3298223614692688
117,1,116,-0.22232817113399506,0.02673611231148243,0.12569208443164825,-0.3215053379535675
118,1,117,-0.24673685431480408,0.46978235244750977,0.12949536740779877,-0.3306894600391388
119,1,118,-0.2526436150074005,0.4759897291660309,0.12688736617565155,-0.3209775686264038
120,1,119,-0.24097269773483276,-0.228297621011734,0.13297277688980103,-0.32934731245040894
121,1,120,-0.20861893892288208,-0.12171617895364761,0.13021501898765564,-0.3221295475959778
122,1,121,-0.15970638394355774,0.26995790004730225,0.1284017115831375,-0.3294937014579773
123,1,122,-0.11355479061603546,0.25742948055267334,0.13174208998680115,-0.3215614855289459
124,1,123,-0.08539577573537827,-0.188329815864563,0.12803258001804352,-0.3290235996246338
125,1,124,-0.07005053758621216,0.3433804214000702,0.12913578748703003,-0.3213467299938202
126,1,125,-0.058324411511421204,-0.5904004573822021,0.13061869144439697,-0.3276202380657196
127,1,126,-0.04385480657219887,-0.0930061936378479,0.1276443898677826,-0.3221813440322876
128,1,127,-0.03270697221159935,0.03954266756772995,0.12795104086399078,-0.32919830083847046
129,1,128,-0.02583082765340805,-0.06948623061180115,0.12672355771064758,-0.3219228982925415
130,1,129,-0.032359737902879715,0.6023237109184265,0.12484735250473022,-0.32730162143707275
131,1,130,-0.060150086879730225,-0.39891886711120605,0.12564077973365784,-0.32107383012771606
132,1,131,-0.10116438567638397,0.016457723453640938,0.127199187874794,-0.32917630672454834
133,1,132,-0.1464257836341858,0.4903903305530548,0.12672582268714905,-0.3216550052165985
134,1,133,-0.19242729246616364,-0.1712683141231537,0.1256016343832016,-0.33039748668670654
135,1,134,-0.22374413907527924,0.23664797842502594,0.12722918391227722,-0.3237212300300598
136,1,135,-0.24732652306556702,-0.20066417753696442,0.1265995055437088,-0.33095628023147583
137,1,136,-0.2464783936738968,-0.28113338351249695,0.12728162109851837,-0.32571685314178467
138,1,137,-0.20964501798152924,-0.014444850385189056,0.12620793282985687,-0.3282662630081177
139,1,138,-0.1529189646244049,0.19140571355819702,0.12324190139770508,-0.3245506286621094
140,1,139,-0.07623421400785446,-0.12418050318956375,0.12863343954086304,-0.32237833738327026
141,1,140,0.009947356767952442,-0.7030808925628662,0.12754590809345245,-0.32613682746887207
142,1,141,0.0946669727563858,-0.24305102229118347,0.13069415092468262,-0.32179972529411316
143,1,142,0.15170221030712128,-0.6313024163246155,0.12462544441223145,-0.3246651887893677
144,1,143,0.18024104833602905,0.2681228220462799,0.12992005050182343,-0.32004085183143616
145,1,144,0.1854184865951538,0.0992802307009697,0.12487731873989105,-0.32421427965164185
146,1,145,0.17278526723384857,0.3368668854236603,0.12990421056747437,-0.3188961148262024
147,1,146,0.1506146639585495,-0.15315432846546173,0.1270233392715454,-0.3262408971786499
148,1,147,0.13609224557876587,-0.06026187166571617,0.1325048804283142,-0.3197159767150879
149,1,148,0.16042600572109222,0.4999057650566101,0.13117651641368866,-0.3232731223106384
150,1,149,0.22021210193634033,0.3263247311115265,0.13134314119815826,-0.32069018483161926
151,1,150,0.2966296970844269,-0.15317599475383759,0.1299838125705719,-0.3253905177116394
152,1,151,0.35663217306137085,0.503964364528656,0.1341208666563034,-0.319732129573822
153,1,152,0.3698149621486664,0.13924778997898102,0.12678031623363495,-0.3258776068687439
154,1,153,0.33825427293777466,-0.45397382974624634,0.13132110238075256,-0.3199898600578308
155,1,154,0.26048964262008667,0.24041827023029327,0.12947380542755127,-0.3279734253883362
156,1,155,0.1624632030725479,-0.43337422609329224,0.12982195615768433,-0.3191836476325989
157,1,156,0.07784312218427658,0.5407091379165649,0.13259854912757874,-0.32721561193466187
158,1,157,0.027142958715558052,-0.7029865384101868,0.12824861705303192,-0.3207636773586273
159,1,158,-0.018035955727100372,0.266750693321228,0.1277596354484558,-0.33014819025993347
160,1,159,-0.062047917395830154,0.8692476153373718,0.12662437558174133,-0.32119882106781006
161,1,160,-0.10804705321788788,0.34889593720436096,0.1291518211364746,-0.3282039761543274
162,1,161,-0.14082062244415283,0.1124187484383583,0.13127018511295319,-0.32118505239486694
163,1,162,-0.1406853348016739,0.48238787055015564,0.1307777613401413,-0.3280241787433624
164,1,163,-0.11087392270565033,0.2903618812561035,0.12794725596904755,-0.3218982219696045
165,1,164,-0.053687289357185364,0.013062785379588604,0.1275758594274521,-0.3266563415527344
166,1,165,-0.008623695001006126,0.14644870162010193,0.12372307479381561,-0.31896328926086426
167,1,166,-0.01425011083483696,-0.30594146251678467,0.12426798045635223,-0.3281460106372833
168,1,167,-0.0759643167257309,0.0751790925860405,0.12568968534469604,-0.3212924897670746
169,1,168,-0.16849425435066223,-0.03836781531572342,0.12254020571708679,-0.3285404145717621
170,1,169,-0.2652815282344818,0.32039931416511536,0.12113878130912781,-0.32179608941078186
171,1,170,-0.3483900725841522,0.8839083909988403,0.11854034662246704,-0.3278864026069641
172,1,171,-0.3859664499759674,0.4808807969093323,0.12920013070106506,-0.3244993984699249
173,1,172,-0.3499998450279236,-0.42268624901771545,0.13288705050945282,-0.32750412821769714
174,1,173,-0.2405082881450653,0.5663156509399414,0.12753722071647644,-0.3258846402168274
175,1,174,-0.0924924835562706,-0.16572947800159454,0.12638872861862183,-0.32600390911102295
176,1,175,0.0518694631755352,0.0240757055580616,0.12454122304916382,-0.32418543100357056
177,1,176,0.1369931548833847,-0.15604743361473083,0.1233174204826355,-0.32860636711120605
178,1,177,0.1354721188545227,0.03766791895031929,0.12482744455337524,-0.3232792019844055
179,1,178,0.057022277265787125,0.7672355771064758,0.12508255243301392,-0.3294510245323181
180,1,179,-0.061373982578516006,-0.37786412239074707,0.12489563226699829,-0.3205599784851074
181,1,180,-0.17336414754390717,0.02538749948143959,0.1291758120059967,-0.32972657680511475
182,1,181,-0.253070205450058,0.17749829590320587,0.1264296919107437,-0.3235112428665161
183,1,182,-0.2962201237678528,-0.49306443333625793,0.12505142390727997,-0.33042222261428833
184,1,183,-0.2955615222454071,0.1977163851261139,0.12699224054813385,-0.3242577314376831
185,1,184,-0.2701205909252167,0.08907332271337509,0.12721160054206848,-0.33029788732528687
186,1,185,-0.23143406212329865,0.16094815731048584,0.12851783633232117,-0.3244892954826355
187,1,186,-0.19617043435573578,0.39415284991264343,0.12310768663883209,-0.33011549711227417
188,1,187,-0.17399369180202484,0.3710997700691223,0.1275462955236435,-0.3244771361351013
189,1,188,-0.17332719266414642,0.6834211945533752,0.1239127367734909,-0.3305959105491638
190,1,189,-0.1883830726146698,-0.22453945875167847,0.12367993593215942,-0.32499927282333374
191,1,190,-0.21889083087444305,0.6461052894592285,0.1221318393945694,-0.3289504647254944
192,1,191,-0.2574160695075989,-0.059843383729457855,0.12395448982715607,-0.32524728775024414
193,1,192,-0.29027387499809265,0.19298595190048218,0.1205049604177475,-0.327758252620697
194,1,193,-0.31874334812164307,-0.06935559213161469,0.12148308753967285,-0.32543450593948364
195,1,194,-0.3491167724132538,0.7814932465553284,0.11600431799888611,-0.3255348205566406
196,1,195,-0.39019066095352173,-0.36514657735824585,0.12191076576709747,-0.32733023166656494
197,1,196,-0.43712127208709717,0.025987103581428528,0.11624443531036377,-0.32466548681259155
198,1,197,-0.49402111768722534,0.1760263592004776,0.12083832919597626,-0.32877784967422485
199,1,198,-0.5517539381980896,0.3715156316757202,0.11709432303905487,-0.3236014246940613
200,1,199,-0.5998751521110535,0.3540852963924408,0.1218855082988739,-0.3299844264984131
201,1,200,-0.6332912445068359,-0.2362930327653885,0.11855711042881012,-0.3234670162200928
202,1,201,-0.642801821231842,0.8399079442024231,0.12716062366962433,-0.333080530166626
203,1,202,-0.6184296607971191,0.08096548169851303,0.12713049352169037,-0.32550883293151855
204,1,203,-0.5771300196647644,0.06532513350248337,0.12558619678020477,-0.3333795964717865
205,1,204,-0.5266082286834717,0.07379909604787827,0.12443971633911133,-0.3229628801345825
206,1,205,-0.48315098881721497,0.1735304594039917,0.13018688559532166,-0.3329383432865143
207,1,206,-0.4374336302280426,-0.18093711137771606,0.12950117886066437,-0.32489141821861267
208,1,207,-0.4023907482624054,0.372542142868042,0.12961658835411072,-0.33315157890319824
209,1,208,-0.36832207441329956,0.08724735677242279,0.12821827828884125,-0.32282310724258423
210,1,209,-0.33619216084480286,0.8856054544448853,0.13092587888240814,-0.33056890964508057
211,1,210,-0.3030968904495239,-0.35745787620544434,0.1260806769132614,-0.32156237959861755
212,1,211,-0.27272844314575195,0.6816385984420776,0.13254864513874054,-0.33062034845352173
213,1,212,-0.2661606967449188,-0.07669444382190704,0.1261458694934845,-0.3209085762500763
214,1,213,-0.2792937159538269,0.4805077612400055,0.12876079976558685,-0.3305368423461914
215,1,214,-0.30429527163505554,-0.2572915852069855,0.12421569228172302,-0.3201509118080139
216,1,215,-0.31798139214515686,0.265226274728775,0.13285988569259644,-0.3294737935066223
217,1,216,-0.3074488639831543,-0.1906246393918991,0.13155463337898254,-0.32162562012672424
218,1,217,-0.2130095511674881,0.4338531196117401,0.13372845947742462,-0.32260674238204956
219,1,218,-0.0572742260992527,-0.37192362546920776,0.13373135030269623,-0.3200799226760864
220,1,219,0.12021175771951675,0.21932737529277802,0.13318099081516266,-0.326785683631897
221,1,220,0.2626540958881378,-0.020067527890205383,0.1296694278717041,-0.3194839060306549
222,1,221,0.3290175497531891,-0.2523289918899536,0.12922225892543793,-0.3259187340736389
223,1,222,0.30905669927597046,0.48213332891464233,0.13255853950977325,-0.31941065192222595
224,1,223,0.20986200869083405,-0.1987602859735489,0.12921959161758423,-0.32878971099853516
225,1,224,0.07442723959684372,0.23155458271503448,0.1292465478181839,-0.3188527524471283
226,1,225,-0.05170817673206329,-0.16869468986988068,0.12793871760368347,-0.32903870940208435
227,1,226,-0.1110764592885971,0.8728259801864624,0.13228735327720642,-0.3238547444343567
228,1,227,-0.11319363862276077,0.11498693376779556,0.13304878771305084,-0.3282817602157593
229,1,228,-0.041198428720235825,-0.23336300253868103,0.1297411322593689,-0.324558287858963
230,1,229,0.10523300617933273,0.4096482992172241,0.13050805032253265,-0.32275331020355225
231,1,230,0.27794504165649414,0.3758801221847534,0.1280844360589981,-0.32258158922195435
232,1,231,0.38714835047721863,-0.43537166714668274,0.12392212450504303,-0.3253495395183563
233,1,232,0.37913525104522705,-0.4401082694530487,0.1244160383939743,-0.3228926658630371
234,1,233,0.2850375473499298,-0.2156941443681717,0.12403801083564758,-0.3255704641342163
235,1,234,0.14374378323554993,-0.16648468375205994,0.12056860327720642,-0.3213619589805603
236,1,235,-0.015183888375759125,0.22542503476142883,0.11856253445148468,-0.32501548528671265
237,1,236,-0.16699853539466858,-0.09473487734794617,0.1233942061662674,-0.32294762134552
238,1,237,-0.2656230330467224,-0.5798704028129578,0.1231268048286438,-0.32196754217147827
239,1,238,-0.2898810803890228,0.02511586993932724,0.12200602889060974,-0.3256239891052246
240,1,239,-0.2663656175136566,-0.14265023171901703,0.12263363599777222,-0.3233456313610077
241,1,240,-0.2232515513896942,0.22685003280639648,0.1264217048883438,-0.3270358443260193
242,1,241,-0.1843816339969635,0.42418643832206726,0.12099525332450867,-0.32418498396873474
243,1,242,-0.17576159536838531,-0.21819882094860077,0.12122434377670288,-0.3266945481300354
244,1,243,-0.2002013623714447,0.7275921106338501,0.12242281436920166,-0.32129430770874023
245,1,244,-0.24320600926876068,0.015897493809461594,0.12431913614273071,-0.3280991017818451
246,1,245,-0.28529536724090576,-0.6693357825279236,0.12240956723690033,-0.32037338614463806
247,1,246,-0.31068482995033264,0.034581493586301804,0.12995243072509766,-0.3284541964530945
248,1,247,-0.32051169872283936,0.49144113063812256,0.124671071767807,-0.320327490568161
249,1,248,-0.3210371434688568,0.02687186934053898,0.1306537389755249,-0.33171209692955017
250,1,249,-0.293619841337204,-0.36314257979393005,0.1331516057252884,-0.3240586519241333
251,1,250,-0.2402782291173935,0.23568016290664673,0.13272960484027863,-0.3299754858016968
252,1,251,-0.15761658549308777,0.28956139087677,0.13184897601604462,-0.3231980800628662
253,1,252,-0.06393362581729889,0.4812377691268921,0.13417135179042816,-0.3289143145084381
254,1,253,0.020587394014000893,0.1819804459810257,0.13018377125263214,-0.32075220346450806
255,1,254,0.07976886630058289,0.547987163066864,0.12932188808918,-0.32687216997146606
256,1,255,0.10590184479951859,0.7559327483177185,0.13069017231464386,-0.320128858089447
257,1,256,0.09341596812009811,0.3413226008415222,0.12862549722194672,-0.32716044783592224
258,1,257,0.05968828126788139,-0.00039198706508614123,0.1289585381746292,-0.31984278559684753
259,1,258,0.02025052160024643,0.2568340003490448,0.12899599969387054,-0.32813501358032227
260,1,259,-0.04071228578686714,-0.10860008746385574,0.12286238372325897,-0.3188609778881073
261,1,260,-0.12205357104539871,0.7680512070655823,0.1251632422208786,-0.32922595739364624
262,1,261,-0.21860487759113312,-0.09412740170955658,0.12159942090511322,-0.32089942693710327
263,1,262,-0.3122142255306244,-0.29387491941452026,0.12311962246894836,-0.3283381760120392
264,1,263,-0.3564682900905609,-0.025556376203894615,0.13084830343723297,-0.32640665769577026
265,1,264,-0.3253401517868042,-0.005494212731719017,0.1310834437608719,-0.3283098340034485
266,1,265,-0.21598824858665466,0.09537826478481293,0.1281711459159851,-0.326765239238739
267,1,266,-0.08349976688623428,-0.09184946119785309,0.1211245059967041,-0.3288367986679077
268,1,267,0.010170028544962406,0.13093522191047668,0.12266543507575989,-0.32525527477264404
269,1,268,0.03197847679257393,0.31993821263313293,0.12450084090232849,-0.3246496617794037
270,1,269,-0.009595824405550957,-0.13510489463806152,0.12126196920871735,-0.3234124183654785
271,1,270,-0.06973797082901001,0.33605924248695374,0.12755990028381348,-0.32481059432029724
272,1,271,-0.10363610088825226,-0.31554844975471497,0.1257849633693695,-0.32688823342323303
273,1,272,-0.080348901450634,0.17450839281082153,0.1263948380947113,-0.32487499713897705
274,1,273,-0.030896084383130074,-0.18299676477909088,0.12441974878311157,-0.3267219066619873
275,1,274,-0.0008312283316627145,0.36024338006973267,0.12339693307876587,-0.32270002365112305
276,1,275,-0.02119184099137783,0.4462279975414276,0.12339386343955994,-0.3269086480140686
277,1,276,-0.08579154312610626,0.09994663298130035,0.12129728496074677,-0.32082462310791016
278,1,277,-0.16174493730068207,-0.3521169126033783,0.12735183537006378,-0.32872283458709717
279,1,278,-0.22336524724960327,-0.2060692310333252,0.12587159872055054,-0.32182741165161133
280,1,279,-0.2626357972621918,-0.23684875667095184,0.12761595845222473,-0.3303074240684509
281,1,280,-0.27625876665115356,-0.14696520566940308,0.12933234870433807,-0.321956992149353
282,1,281,-0.2560112774372101,0.5587055683135986,0.13103273510932922,-0.330803781747818
283,1,282,-0.201649472117424,0.04704996570944786,0.12377005815505981,-0.32241660356521606
284,1,283,-0.1412198543548584,0.5936645865440369,0.13140510022640228,-0.3317481279373169
285,1,284,-0.07769057899713516,-0.05734056979417801,0.1319892406463623,-0.3248494267463684
286,1,285,-0.031763870269060135,-0.2670133113861084,0.1312423199415207,-0.32974132895469666
287,1,286,0.0034783922601491213,0.5743582844734192,0.12939131259918213,-0.3234989047050476
288,1,287,0.0197270717471838,0.1758800446987152,0.12812316417694092,-0.32933759689331055
289,1,288,0.021270232275128365,-0.15065254271030426,0.12499716877937317,-0.3219296336174011
290,1,289,0.013915235176682472,-0.27280789613723755,0.12459161877632141,-0.3263421058654785
291,1,290,-0.015828346833586693,-0.0036248581018298864,0.12248852849006653,-0.32158777117729187
292,1,291,-0.07174713909626007,0.443535715341568,0.12056984007358551,-0.3253624439239502
293,1,292,-0.13815204799175262,0.059672385454177856,0.12259986996650696,-0.3230094015598297
294,1,293,-0.2032228261232376,0.5824788212776184,0.11985303461551666,-0.3272855877876282
295,1,294,-0.2608744204044342,-0.28503912687301636,0.12405729293823242,-0.3259132504463196
296,1,295,-0.29737940430641174,-0.20029518008232117,0.12150198221206665,-0.32582253217697144
297,1,296,-0.30995994806289673,-0.29648295044898987,0.12400004267692566,-0.3268226385116577
298,1,297,-0.30369481444358826,-0.2579854130744934,0.12051151692867279,-0.32538509368896484
299,1,298,-0.289751261472702,-0.41602030396461487,0.12369519472122192,-0.3279610872268677
300,1,299,-0.28201067447662354,-0.19473379850387573,0.12105463445186615,-0.3236771821975708
301,1,300,-0.2882859408855438,0.0424128919839859,0.12241262197494507,-0.3275132477283478
302,1,301,-0.30165842175483704,-0.020574474707245827,0.12198136746883392,-0.32374316453933716
303,1,302,-0.3184056282043457,-0.223014235496521,0.12567979097366333,-0.3301152288913727
304,1,303,-0.32395806908607483,-0.48174917697906494,0.12386351823806763,-0.32100027799606323
305,1,304,-0.3149249255657196,-0.05998055264353752,0.1313837170600891,-0.3309834599494934
306,1,305,-0.2904362678527832,0.4849609434604645,0.1309497356414795,-0.3212991952896118
307,1,306,-0.2678091824054718,-0.18368875980377197,0.1310424953699112,-0.33082306385040283
308,1,307,-0.24562421441078186,0.8706024885177612,0.13294386863708496,-0.3219420909881592
309,1,308,-0.22157780826091766,-0.5440658330917358,0.13109590113162994,-0.3299071788787842
310,1,309,-0.19494400918483734,-0.4137703478336334,0.12639328837394714,-0.3200632929801941
311,1,310,-0.17075465619564056,0.1735890805721283,0.13018415868282318,-0.32844436168670654
312,1,311,-0.14889532327651978,0.21505364775657654,0.12883971631526947,-0.3224916458129883
313,1,312,-0.14636461436748505,0.84657222032547,0.12587614357471466,-0.3305720388889313
314,1,313,-0.14798586070537567,-0.21274420619010925,0.12547306716442108,-0.32366108894348145
315,1,314,-0.14910636842250824,-0.32078057527542114,0.12641258537769318,-0.32869404554367065
316,1,315,-0.13844574987888336,0.08920741081237793,0.12615187466144562,-0.3247075080871582
317,1,316,-0.12405714392662048,0.771725594997406,0.12312096357345581,-0.3283347487449646
318,1,317,-0.12340136617422104,-0.2269289195537567,0.12253803014755249,-0.3249014616012573
319,1,318,-0.14700429141521454,0.22138752043247223,0.11933779716491699,-0.32490992546081543
320,1,319,-0.18256336450576782,0.03423171117901802,0.12379391491413116,-0.3272497355937958
321,1,320,-0.20624147355556488,0.3084396719932556,0.1277819722890854,-0.3223206400871277
322,1,321,-0.20664529502391815,0.6387149095535278,0.1259116232395172,-0.3274517059326172
323,1,322,-0.17119210958480835,0.6597899794578552,0.12899693846702576,-0.32149919867515564
324,1,323,-0.11571770161390305,0.1815323680639267,0.1274493932723999,-0.3272649645805359
325,1,324,-0.07488040626049042,0.016404708847403526,0.12424783408641815,-0.3182254433631897
326,1,325,-0.06584935635328293,0.5208160281181335,0.12919746339321136,-0.32694315910339355
327,1,326,-0.0853230208158493,0.8048679828643799,0.13042236864566803,-0.32053858041763306
328,1,327,-0.11466322094202042,0.49247997999191284,0.13193711638450623,-0.3296785056591034
329,1,328,-0.14706507325172424,0.23975104093551636,0.12653034925460815,-0.31942033767700195
330,1,329,-0.17372675240039825,0.16097740828990936,0.13182036578655243,-0.33009856939315796
331,1,330,-0.18234099447727203,-0.17112773656845093,0.12964223325252533,-0.32198381423950195
332,1,331,-0.17553097009658813,0.5934149622917175,0.12867943942546844,-0.32850852608680725
333,1,332,-0.16997341811656952,-0.09078045934438705,0.12477648258209229,-0.3200846314430237
334,1,333,-0.1836121827363968,0.7169620990753174,0.12661345303058624,-0.32953256368637085
335,1,334,-0.20527178049087524,-0.3898542523384094,0.12264426052570343,-0.32093191146850586
336,1,335,-0.23742495477199554,0.561188280582428,0.12326651811599731,-0.327428936958313
337,1,336,-0.2605084180831909,0.4518427550792694,0.1307051032781601,-0.3239765465259552
338,1,337,-0.2490404099225998,0.0996580421924591,0.12647992372512817,-0.3276110887527466
339,1,338,-0.20199348032474518,-0.2518031597137451,0.12195861339569092,-0.32418572902679443
340,1,339,-0.13600027561187744,0.513482928276062,0.11964525282382965,-0.3245256841182709
341,1,340,-0.09224985539913177,0.4689856469631195,0.12301024794578552,-0.32494068145751953
342,1,341,-0.07838860154151917,0.4787026643753052,0.12800216674804688,-0.3216741979122162
343,1,342,-0.08056868612766266,0.3792170584201813,0.12542706727981567,-0.32520192861557007
344,1,343,-0.05084281787276268,0.7004464864730835,0.13182279467582703,-0.3192010521888733
345,1,344,0.04708864539861679,-0.2444363683462143,0.13263066112995148,-0.3204502463340759
346,1,345,0.18213333189487457,0.1411648839712143,0.12396912276744843,-0.32054603099823
347,1,346,0.2979620397090912,0.04992526397109032,0.13187626004219055,-0.3272511661052704
348,1,347,0.3570205867290497,-0.018861019983887672,0.1301504522562027,-0.32333022356033325
349,1,348,0.30756694078445435,0.24216173589229584,0.13030283153057098,-0.3281044661998749
350,1,349,0.2782217860221863,0.07770367711782455,0.13075222074985504,-0.32237547636032104
351,1,350,0.2215585708618164,0.1497592329978943,0.12893632054328918,-0.32810288667678833
352,1,351,0.12295357137918472,-0.07224450260400772,0.12470151484012604,-0.31788772344589233
353,1,352,0.03719886764883995,0.32429397106170654,0.13372553884983063,-0.32863083481788635
354,1,353,-0.004068699665367603,-0.27394866943359375,0.13239338994026184,-0.3234766125679016
355,1,354,-0.03519083932042122,-0.4396600127220154,0.12878450751304626,-0.3301631808280945
356,1,355,-0.028919445350766182,-0.013131160289049149,0.13213075697422028,-0.32363712787628174
357,1,356,0.004230272024869919,-0.38487884402275085,0.13175903260707855,-0.32992568612098694
358,1,357,0.05726402997970581,0.034587398171424866,0.1320558786392212,-0.32480841875076294
359,1,358,0.09428810328245163,0.1765121966600418,0.1278366893529892,-0.3309939503669739
360,1,359,0.0831129178404808,-0.05688298121094704,0.12562932074069977,-0.32135602831840515
361,1,360,0.020991379395127296,0.8227068185806274,0.12556391954421997,-0.3292543292045593
362,1,361,-0.05462824925780296,-0.10807780176401138,0.12467741966247559,-0.32457008957862854
363,1,362,-0.1222509816288948,-0.27941960096359253,0.12459367513656616,-0.328224778175354
364,1,363,-0.15935666859149933,0.11319331079721451,0.12665410339832306,-0.32660728693008423
365,1,364,-0.1498568207025528,0.16185341775417328,0.12536504864692688,-0.3278156518936157
366,1,365,-0.10343213379383087,0.21429425477981567,0.12710626423358917,-0.32816973328590393
367,1,366,-0.0456698052585125,0.13655224442481995,0.12260952591896057,-0.3237130045890808
368,1,367,-0.02012716419994831,-0.06507094204425812,0.12536188960075378,-0.3275989890098572
369,1,368,-0.03581663966178894,0.21232473850250244,0.12370601296424866,-0.3225758671760559
370,1,369,-0.08242753893136978,0.18513223528862,0.1266665905714035,-0.32958972454071045
371,1,370,-0.12484591454267502,-0.05957653373479843,0.13035355508327484,-0.32252395153045654
372,1,371,-0.1400362104177475,-0.19935201108455658,0.13015450537204742,-0.3289664387702942
373,1,372,-0.12763136625289917,-0.11265155673027039,0.12929080426692963,-0.32018136978149414
374,1,373,-0.11101292073726654,0.2098492830991745,0.13019056618213654,-0.33002468943595886
375,1,374,-0.11543674021959305,0.32313743233680725,0.1275079995393753,-0.3191523253917694
376,1,375,-0.1227555200457573,0.3040015995502472,0.1327882707118988,-0.3267090916633606
377,1,376,-0.11036878079175949,-0.4835173785686493,0.13001199066638947,-0.32203060388565063
378,1,377,-0.09027919173240662,-0.557529091835022,0.12623435258865356,-0.3298777937889099
379,1,378,-0.06690777838230133,0.11894132941961288,0.1302151381969452,-0.32242655754089355
380,1,379,-0.05845274031162262,0.23944884538650513,0.12717796862125397,-0.3299461603164673
381,1,380,-0.0775815024971962,0.24143275618553162,0.12454856932163239,-0.3212616443634033
382,1,381,-0.13225838541984558,0.12797799706459045,0.12500633299350739,-0.329782098531723
383,1,382,-0.19959478080272675,-0.8059760928153992,0.124982550740242,-0.32252633571624756
384,1,383,-0.2641037702560425,0.2500688433647156,0.12225143611431122,-0.32922977209091187
385,1,384,-0.29725465178489685,-0.18022193014621735,0.12120163440704346,-0.32519423961639404
386,1,385,-0.31500035524368286,0.4337072968482971,0.12017534673213959,-0.32745838165283203
387,1,386,-0.32976529002189636,0.32489731907844543,0.12310105562210083,-0.3266080915927887
388,1,387,-0.33471107482910156,0.7008222937583923,0.1191764622926712,-0.3253204822540283
389,1,388,-0.33164891600608826,0.2337637096643448,0.12622429430484772,-0.32792407274246216
390,1,389,-0.31284022331237793,-0.07118784636259079,0.12435196340084076,-0.32220330834388733
391,1,390,-0.2774152457714081,-0.23421208560466766,0.1291162222623825,-0.33086198568344116
392,1,391,-0.24325357377529144,0.5048052072525024,0.12454845011234283,-0.31984269618988037
393,1,392,-0.2447490096092224,0.1318991631269455,0.12758930027484894,-0.3316093981266022
394,1,393,-0.2748900353908539,-0.08426446467638016,0.13205909729003906,-0.32232341170310974
395,1,394,-0.29858455061912537,0.6843801736831665,0.13050800561904907,-0.3324466347694397
396,1,395,-0.29024359583854675,-0.08286485821008682,0.12254992127418518,-0.32374805212020874
397,1,396,-0.2763461470603943,-0.5131829380989075,0.12757408618927002,-0.33139216899871826
398,1,397,-0.2638761103153229,0.21449968218803406,0.13087427616119385,-0.3225482106208801
399,1,398,-0.27033668756484985,-0.07604454457759857,0.12626324594020844,-0.33087295293807983
400,1,399,-0.2905065417289734,-0.08599387109279633,0.12330073118209839,-0.3214423656463623
401,1,400,-0.31593164801597595,0.22685107588768005,0.13003022968769073,-0.3311406373977661
402,1,401,-0.3170245587825775,0.3046623170375824,0.12777866423130035,-0.323774516582489
403,1,402,-0.2613697946071625,-0.2294064164161682,0.13475245237350464,-0.32688260078430176
404,1,403,-0.15558914840221405,0.03744952753186226,0.13050784170627594,-0.32365554571151733
405,1,404,-0.003957196604460478,0.18430262804031372,0.1290980726480484,-0.326193243265152
406,1,405,0.16892261803150177,0.7952253818511963,0.13232366740703583,-0.3248899579048157
407,1,406,0.3351714015007019,0.471567302942276,0.12673619389533997,-0.32364869117736816
408,1,407,0.4397972524166107,0.9023657441139221,0.12942719459533691,-0.32322877645492554
409,1,408,0.47298336029052734,-0.2352726310491562,0.12774363160133362,-0.32490670680999756
410,1,409,0.4589460790157318,0.8435466885566711,0.12925274670124054,-0.32165712118148804
411,1,410,0.43450140953063965,1.0,0.13032320141792297,-0.32239991426467896
412,1,411,0.4067286550998688,-0.38972532749176025,0.12455356121063232,-0.32238030433654785
413,1,412,0.37865006923675537,0.19455726444721222,0.12910351157188416,-0.32009729743003845
414,1,413,0.33814331889152527,0.11604159325361252,0.12074543535709381,-0.32128313183784485
415,1,414,0.29433998465538025,0.269442081451416,0.12780584394931793,-0.32056355476379395
416,1,415,0.2668704688549042,0.6008623838424683,0.1326999068260193,-0.3237815499305725
417,1,416,0.2780279815196991,-0.6229768991470337,0.13329696655273438,-0.3217206597328186
418,1,417,0.34169307351112366,-0.5317232608795166,0.13489596545696259,-0.3231428563594818
419,1,418,0.44599196314811707,0.5682376027107239,0.1321502923965454,-0.3202055096626282
420,1,419,0.5593950152397156,0.12389170378446579,0.13236725330352783,-0.3232869505882263
421,1,420,0.6289913058280945,-0.11568592488765717,0.13111475110054016,-0.321983277797699
422,1,421,0.6383841633796692,0.3661033809185028,0.13544468581676483,-0.325223445892334
423,1,422,0.6175920367240906,0.051073476672172546,0.1317637413740158,-0.32190877199172974
424,1,423,0.5631800293922424,0.22454260289669037,0.12782497704029083,-0.3257499635219574
425,1,424,0.4782482385635376,0.8609803915023804,0.12719027698040009,-0.31962084770202637
426,1,425,0.37074965238571167,0.47552308440208435,0.12293751537799835,-0.3235563039779663
427,1,426,0.2400333732366562,-0.39671048521995544,0.12295116484165192,-0.32027164101600647
428,1,427,0.0930793508887291,0.18352237343788147,0.12856684625148773,-0.3284735381603241
429,1,428,-0.03295821323990822,0.02619774267077446,0.12704290449619293,-0.3213123381137848
430,1,429,-0.11964116990566254,-0.02791096270084381,0.13183638453483582,-0.33008742332458496
431,1,430,-0.1476641744375229,-0.18141688406467438,0.1302567720413208,-0.32279571890830994
432,1,431,-0.13939163088798523,0.08064103871583939,0.1298874020576477,-0.3301076292991638
433,1,432,-0.1325947493314743,0.41962873935699463,0.12973833084106445,-0.32129696011543274
434,1,433,-0.14322113990783691,-0.04845681041479111,0.13033536076545715,-0.33138686418533325
435,1,434,-0.1664058268070221,0.002790742553770542,0.12982892990112305,-0.32095786929130554
436,1,435,-0.20475263893604279,0.36838823556900024,0.1316128373146057,-0.3309144973754883
437,1,436,-0.24663762748241425,0.020953072234988213,0.12423013150691986,-0.31989002227783203
438,1,437,-0.2848699986934662,0.14193223416805267,0.1285325139760971,-0.3309595584869385
439,1,438,-0.31115391850471497,0.5182591080665588,0.12443377077579498,-0.32233768701553345
440,1,439,-0.3216494619846344,0.31794384121894836,0.1268504112958908,-0.3295077085494995
441,1,440,-0.3071598708629608,-0.24777434766292572,0.1278715282678604,-0.32515138387680054
442,1,441,-0.2587491273880005,-0.4767933189868927,0.1282380074262619,-0.3280748724937439
443,1,442,-0.16920700669288635,0.2547277808189392,0.12863944470882416,-0.32658231258392334
444,1,443,-0.06495722383260727,0.8362310528755188,0.12442907691001892,-0.3282824456691742
445,1,444,0.01920352876186371,-0.22435219585895538,0.12645980715751648,-0.3239870071411133
446,1,445,0.04794872924685478,-0.06370414048433304,0.12167224287986755,-0.32629939913749695
447,1,446,0.023766346275806427,0.3657627999782562,0.12383389472961426,-0.3259981572628021
448,1,447,-0.03750229999423027,-0.2329304963350296,0.12101578712463379,-0.32539570331573486
449,1,448,-0.11241870373487473,0.08864681422710419,0.12379154562950134,-0.3260273039340973
450,1,449,-0.17570893466472626,0.20123179256916046,0.12171551585197449,-0.32474637031555176
451,1,450,-0.21096454560756683,0.1569114625453949,0.126895010471344,-0.3287908732891083
452,1,451,-0.21167659759521484,-0.03383181244134903,0.12545287609100342,-0.32433104515075684
453,1,452,-0.19499047100543976,0.9041904807090759,0.12496337294578552,-0.3288883566856384
454,1,453,-0.1745103895664215,-0.36233532428741455,0.12556444108486176,-0.32078123092651367
455,1,454,-0.1648702174425125,0.4040937125682831,0.12837675213813782,-0.3292686343193054
456,1,455,-0.16204530000686646,0.22780533134937286,0.13066315650939941,-0.3217901587486267
457,1,456,-0.17394311726093292,-0.07785017043352127,0.12949220836162567,-0.33151885867118835
458,1,457,-0.19865669310092926,0.14047956466674805,0.12679338455200195,-0.32025787234306335
459,1,458,-0.238898366689682,0.676790177822113,0.1291876882314682,-0.33021846413612366
460,1,459,-0.2823431193828583,0.8824236392974854,0.13004417717456818,-0.31998327374458313
461,1,460,-0.31060168147087097,0.6869103312492371,0.13041317462921143,-0.33023613691329956
462,1,461,-0.3018401265144348,0.6114317774772644,0.12975165247917175,-0.32277578115463257
463,1,462,-0.24884949624538422,-0.12568847835063934,0.12817050516605377,-0.3290199637413025
464,1,463,-0.15632924437522888,0.016792088747024536,0.12638753652572632,-0.32386279106140137
465,1,464,-0.046179018914699554,0.07289628684520721,0.13085095584392548,-0.32593581080436707
466,1,465,0.049792397767305374,-0.16977955400943756,0.12538713216781616,-0.32401129603385925
467,1,466,0.12488210201263428,0.11687874794006348,0.1278478354215622,-0.3243285119533539
468,1,467,0.1833808273077011,0.12174780666828156,0.12851883471012115,-0.32351022958755493
469,1,468,0.2087818831205368,-0.18568949401378632,0.12262533605098724,-0.32575523853302
470,1,469,0.18929792940616608,0.1910751312971115,0.12307901680469513,-0.3250698447227478
471,1,470,0.11947942525148392,-0.013479550369083881,0.12021836638450623,-0.323988676071167
472,1,471,0.009566601365804672,0.6860054731369019,0.12500551342964172,-0.3264966309070587
473,1,472,-0.1183072179555893,0.09394852072000504,0.11859963834285736,-0.3212571144104004
474,1,473,-0.2417355626821518,0.23617525398731232,0.12463846802711487,-0.3300282657146454
475,1,474,-0.3337726593017578,0.8187832236289978,0.12594842910766602,-0.3216094374656677
476,1,475,-0.3711850345134735,0.13098305463790894,0.13185730576515198,-0.3300546109676361
477,1,476,-0.3423028886318207,0.7488123178482056,0.1289689540863037,-0.3217121958732605
478,1,477,-0.25029894709587097,0.003079518908634782,0.13305839896202087,-0.3257359266281128
479,1,478,-0.1372823417186737,-0.27171993255615234,0.12462761998176575,-0.3200445771217346
480,1,479,-0.03522580862045288,-0.5221664309501648,0.13310755789279938,-0.3299259841442108
481,1,480,0.029729153960943222,0.26153355836868286,0.1303170770406723,-0.32268762588500977
482,1,481,0.03835216909646988,0.14985918998718262,0.13077448308467865,-0.329391747713089
483,1,482,0.007763199973851442,-0.3729535937309265,0.12830135226249695,-0.32010334730148315
484,1,483,-0.03774049133062363,0.559395968914032,0.1318707913160324,-0.32852959632873535
485,1,484,-0.07779216021299362,0.42689552903175354,0.12398086488246918,-0.3207627534866333
486,1,485,-0.08956509828567505,0.3316711485385895,0.12689605355262756,-0.32782015204429626
487,1,486,-0.07748330384492874,0.35365116596221924,0.12397640943527222,-0.321696937084198
488,1,487,-0.05507921054959297,0.5054172277450562,0.1273220330476761,-0.32544153928756714
489,1,488,-0.02001979388296604,0.3639366030693054,0.12650297582149506,-0.32392632961273193
490,1,489,0.03374185040593147,-0.06030825152993202,0.12940971553325653,-0.3251851797103882
491,1,490,0.10405462235212326,0.34546124935150146,0.12847574055194855,-0.3250665068626404
492,1,491,0.20036956667900085,0.289298951625824,0.13146328926086426,-0.32257694005966187
493,1,492,0.30767878890037537,0.6019113063812256,0.12905901670455933,-0.32454749941825867
494,1,493,0.40819844603538513,-0.11849729716777802,0.13169488310813904,-0.3207406997680664
495,1,494,0.4950677156448364,-0.05231728404760361,0.13424335420131683,-0.3218717575073242
496,1,495,0.5698099136352539,0.11965997517108917,0.1323273777961731,-0.31990569829940796
497,1,496,0.6363325715065002,0.3805009126663208,0.1329202800989151,-0.3214794397354126
498,1,497,0.6756260991096497,0.22782234847545624,0.13137538731098175,-0.31905508041381836
499,1,498,0.6565492153167725,-0.04960247501730919,0.12752662599086761,-0.32419759035110474
500,1,499,0.5588163733482361,0.3029390275478363,0.12666627764701843,-0.3151014447212219
501,1,500,0.3976837396621704,0.6575668454170227,0.1276015043258667,-0.32493308186531067
502,1,501,0.20643164217472076,-0.53768390417099,0.12753848731517792,-0.3166770339012146
503,1,502,0.048640161752700806,-0.1450413316488266,0.12469065189361572,-0.324615478515625
504,1,503,-0.038834232836961746,0.5289455652236938,0.13233748078346252,-0.3200232684612274
505,1,504,-0.038642559200525284,0.4126480221748352,0.13298162817955017,-0.3255563974380493
506,1,505,0.042940154671669006,0.265887975692749,0.13246937096118927,-0.3226013779640198
507,1,506,0.16043251752853394,-0.4593893587589264,0.12827500700950623,-0.32543373107910156
508,1,507,0.27113011479377747,0.7115344405174255,0.13181672990322113,-0.32097554206848145
509,1,508,0.3418285548686981,-0.5764325857162476,0.1265527307987213,-0.3244636356830597
510,1,509,0.3722434341907501,0.850918173789978,0.1327100396156311,-0.3214128613471985
511,1,510,0.3455132842063904,0.5476978421211243,0.12859801948070526,-0.32822877168655396
512,1,511,0.27841413021087646,-0.05289103090763092,0.12748946249485016,-0.32014232873916626
513,1,512,0.1743248999118805,-0.3107697665691376,0.125777930021286,-0.32823610305786133
514,1,513,0.0464775376021862,-0.2989708483219147,0.12481403350830078,-0.318987101316452
515,1,514,-0.07920806109905243,0.13208235800266266,0.12694686651229858,-0.3272334933280945
516,1,515,-0.1602562516927719,0.1356811374425888,0.12791849672794342,-0.32463371753692627
517,1,516,-0.18702296912670135,-0.11531009525060654,0.12516473233699799,-0.3287716507911682
518,1,517,-0.16552990674972534,-0.0002941692073363811,0.12411575019359589,-0.32461658120155334
519,1,518,-0.11760856956243515,0.0936867818236351,0.126352921128273,-0.3267010450363159
520,1,519,-0.0810660645365715,0.5846800208091736,0.12187893688678741,-0.32555660605430603
521,1,520,-0.05872228741645813,0.27223649621009827,0.126071497797966,-0.3233880400657654
522,1,521,-0.058608073741197586,0.9242481589317322,0.12220999598503113,-0.3266003131866455
523,1,522,-0.07958129048347473,0.35541146993637085,0.12278668582439423,-0.3225879967212677
524,1,523,-0.10959896445274353,-0.14952141046524048,0.12653692066669464,-0.3270714282989502
525,1,524,-0.141837015748024,0.3727909028530121,0.12133730947971344,-0.3252500891685486
526,1,525,-0.1641279011964798,-0.32730400562286377,0.1268778145313263,-0.32850658893585205
527,1,526,-0.162051260471344,0.22234413027763367,0.12558262050151825,-0.3253825008869171
528,1,527,-0.1342323124408722,0.12514373660087585,0.12953896820545197,-0.3291225731372833
529,1,528,-0.09029559046030045,0.11079095304012299,0.1284276694059372,-0.3244306445121765
530,1,529,-0.04199979826807976,0.17838364839553833,0.12835416197776794,-0.33018219470977783
531,1,530,0.0016592233441770077,0.12149596214294434,0.13047321140766144,-0.32374054193496704
532,1,531,0.02061568573117256,-0.49908119440078735,0.1307804435491562,-0.3315174877643585
533,1,532,0.005728648044168949,0.18281620740890503,0.12919501960277557,-0.32160481810569763
534,1,533,-0.05318622663617134,0.009271527640521526,0.13054531812667847,-0.33145326375961304
535,1,534,-0.1347126066684723,0.3974668085575104,0.1290019303560257,-0.32069122791290283
536,1,535,-0.2189130038022995,0.1322796791791916,0.13170349597930908,-0.3316822648048401
537,1,536,-0.2877313494682312,0.14857108891010284,0.12688197195529938,-0.3217189908027649
538,1,537,-0.3318450450897217,-0.14796847105026245,0.1330270767211914,-0.3321744203567505
539,1,538,-0.33311256766319275,0.4436683654785156,0.1315910816192627,-0.32440754771232605
540,1,539,-0.3057073950767517,0.3991676867008209,0.12946823239326477,-0.33221545815467834
541,1,540,-0.2728732228279114,0.45786479115486145,0.12764324247837067,-0.3225187063217163
542,1,541,-0.247397318482399,0.3869302272796631,0.1255936622619629,-0.3308057487010956
543,1,542,-0.23095408082008362,-0.029858088120818138,0.1302211880683899,-0.3231273889541626
544,1,543,-0.21914781630039215,-0.2963395118713379,0.1252143234014511,-0.3298880457878113
545,1,544,-0.1922835111618042,0.9853249192237854,0.1280640810728073,-0.32672280073165894
546,1,545,-0.15344300866127014,0.539146900177002,0.12512578070163727,-0.32980629801750183
547,1,546,-0.10117483139038086,-0.1330662965774536,0.12945042550563812,-0.32527512311935425
548,1,547,-0.046835485845804214,-0.0157279372215271,0.12405918538570404,-0.32758063077926636
549,1,548,-0.01186301652342081,0.15248997509479523,0.12306922674179077,-0.3270460367202759
550,1,549,0.012957540340721607,0.7482635378837585,0.13130183517932892,-0.3247818350791931
551,1,550,0.05535373091697693,0.06187578663229942,0.13169997930526733,-0.3269006311893463
552,1,551,0.14346939325332642,0.27894046902656555,0.13360126316547394,-0.32475531101226807
553,1,552,0.25559327006340027,-0.0434897243976593,0.12778614461421967,-0.3255385756492615
554,1,553,0.37679505348205566,-0.28568312525749207,0.1323830932378769,-0.32209280133247375
555,1,554,0.4781545102596283,0.12504811584949493,0.130069300532341,-0.32429635524749756
556,1,555,0.5348297953605652,-0.015250477008521557,0.13170672953128815,-0.3199353814125061
557,1,556,0.5283675193786621,-0.36701828241348267,0.12652556598186493,-0.32298922538757324
558,1,557,0.46906474232673645,0.12723428010940552,0.12856876850128174,-0.3171798288822174
559,1,558,0.3896973431110382,0.2517683207988739,0.1280166357755661,-0.32426637411117554
560,1,559,0.30112576484680176,0.42540693283081055,0.12765194475650787,-0.316864550113678
561,1,560,0.23886317014694214,-0.7610669136047363,0.12892863154411316,-0.32389748096466064
562,1,561,0.2057744562625885,0.06848455965518951,0.13213331997394562,-0.319672167301178
563,1,562,0.22176502645015717,0.2878860831260681,0.12907253205776215,-0.32377493381500244
564,1,563,0.2636507451534271,-0.02413094975054264,0.13223199546337128,-0.3206404745578766
565,1,564,0.3044820725917816,0.4106207489967346,0.12845908105373383,-0.3254530429840088
566,1,565,0.3260643780231476,0.19446776807308197,0.1326678842306137,-0.3200063705444336
567,1,566,0.312486857175827,-0.057483356446027756,0.13008016347885132,-0.3270125985145569
568,1,567,0.257997065782547,0.6346445083618164,0.12838169932365417,-0.3181985020637512
569,1,568,0.17343014478683472,0.7547686100006104,0.12774495780467987,-0.3264784514904022
570,1,569,0.09589874744415283,0.17770975828170776,0.1258571594953537,-0.3208383321762085
571,1,570,0.047853823751211166,-0.2914753556251526,0.1308099329471588,-0.3263441324234009
572,1,571,0.043751541525125504,-0.24138164520263672,0.12881989777088165,-0.32277712225914
573,1,572,0.06329970806837082,0.3297407031059265,0.1266373246908188,-0.32632797956466675
574,1,573,0.08791657537221909,0.4788542091846466,0.12646375596523285,-0.3226357400417328
575,1,574,0.12591056525707245,-0.2781401574611664,0.12985099852085114,-0.3229435384273529
576,1,575,0.18210844695568085,-0.22823099792003632,0.13091564178466797,-0.3231615424156189
577,1,576,0.2406034767627716,0.15039056539535522,0.12447762489318848,-0.3227318227291107
578,1,577,0.26585495471954346,-0.11824771761894226,0.12344600260257721,-0.32494595646858215
579,1,578,0.2519655227661133,-0.14991354942321777,0.12797197699546814,-0.31976860761642456
580,1,579,0.19683033227920532,0.643818736076355,0.12685245275497437,-0.32445788383483887
581,1,580,0.09430304169654846,0.0780896544456482,0.11877109110355377,-0.31736665964126587
582,1,581,-0.020478585734963417,-0.39363500475883484,0.13114644587039948,-0.327931672334671
583,1,582,-0.08305241912603378,-0.48099780082702637,0.13365216553211212,-0.3230299949645996
584,1,583,-0.04568381607532501,0.5319430232048035,0.13219158351421356,-0.3251085877418518
585,1,584,0.08457577973604202,0.5347460508346558,0.13336949050426483,-0.3232787251472473
586,1,585,0.2646169662475586,-0.5538737773895264,0.1330617368221283,-0.3253841996192932
587,1,586,0.43644946813583374,0.4141937494277954,0.13150563836097717,-0.321124792098999
588,1,587,0.525437593460083,0.3814254105091095,0.13320985436439514,-0.32710325717926025
589,1,588,0.5103231072425842,-0.2815972566604614,0.13097810745239258,-0.32086044549942017
590,1,589,0.39869049191474915,0.08119659125804901,0.13119661808013916,-0.3293766379356384
591,1,590,0.25233718752861023,0.24912749230861664,0.12688525021076202,-0.32082730531692505
592,1,591,0.11410190910100937,0.3356437683105469,0.12940004467964172,-0.3280788064002991
593,1,592,0.014680512249469757,-0.7203788161277771,0.12692713737487793,-0.3230718672275543
594,1,593,-0.05523216351866722,-0.30214306712150574,0.12890182435512543,-0.3302813172340393
595,1,594,-0.09838341176509857,0.018850989639759064,0.1292167454957962,-0.3217993974685669
596,1,595,-0.13317939639091492,-0.2989438772201538,0.1286352276802063,-0.33076298236846924
597,1,596,-0.15815450251102448,-0.36906668543815613,0.13020017743110657,-0.3224283456802368
598,1,597,-0.18223196268081665,0.3647833466529846,0.12863421440124512,-0.33097630739212036
599,1,598,-0.204250767827034,0.8093835711479187,0.130731999874115,-0.323336660861969
600,1,599,-0.2129269391298294,0.21436990797519684,0.1286187618970871,-0.33095985651016235
601,1,600,-0.2104029357433319,0.35931655764579773,0.12536002695560455,-0.3220289647579193
602,1,601,-0.20591042935848236,-0.08644527196884155,0.12549088895320892,-0.3298729360103607
603,1,602,-0.21435172855854034,-0.18898941576480865,0.12138131260871887,-0.3228558897972107
604,1,603,-0.23946592211723328,0.6480934619903564,0.1232340931892395,-0.32928168773651123
605,1,604,-0.278650164604187,0.15584765374660492,0.12345395982265472,-0.32336369156837463
606,1,605,-0.3200094699859619,1.0,0.12230393290519714,-0.32888084650039673
607,1,606,-0.3512531518936157,-0.835853636264801,0.12449435889720917,-0.324310302734375
608,1,607,-0.3581739366054535,1.0,0.12092536687850952,-0.32779860496520996
609,1,608,-0.34610652923583984,0.010751268826425076,0.1225455105304718,-0.32692408561706543
610,1,609,-0.3292098641395569,0.11369846016168594,0.120339035987854,-0.3275010585784912
611,1,610,-0.3225499987602234,-0.03946662321686745,0.12263143062591553,-0.32627466320991516
612,1,611,-0.3413233160972595,0.032205067574977875,0.11613564193248749,-0.3244999051094055
613,1,612,-0.3808736205101013,0.1797216832637787,0.12242637574672699,-0.3280245065689087
614,1,613,-0.4213866889476776,-0.013952052220702171,0.12042555212974548,-0.32305216789245605
615,1,614,-0.44861122965812683,0.7212382555007935,0.12456487119197845,-0.3298921585083008
616,1,615,-0.4370686709880829,-0.5371609330177307,0.127394437789917,-0.3221266269683838
617,1,616,-0.37751394510269165,0.13474459946155548,0.13228125870227814,-0.3288259506225586
618,1,617,-0.281171053647995,-0.08071498572826385,0.12935855984687805,-0.32211536169052124
619,1,618,-0.18678036332130432,-0.7564705014228821,0.12950879335403442,-0.3305138349533081
620,1,619,-0.13307957351207733,-0.2352340966463089,0.130306214094162,-0.3196454644203186
621,1,620,-0.13986684381961823,-0.5186962485313416,0.1304134726524353,-0.3308749496936798
622,1,621,-0.18765947222709656,0.4795331358909607,0.12945960462093353,-0.32086214423179626
623,1,622,-0.2593614161014557,-0.26408565044403076,0.13157907128334045,-0.3318330943584442
624,1,623,-0.31517714262008667,0.058068085461854935,0.1262134611606598,-0.32220736145973206
625,1,624,-0.345550537109375,0.29987356066703796,0.13041634857654572,-0.33151674270629883
626,1,625,-0.3427174687385559,0.3239576518535614,0.12724772095680237,-0.3227492570877075
627,1,626,-0.32706964015960693,0.1985253393650055,0.12942732870578766,-0.3309800922870636
628,1,627,-0.30564379692077637,0.033157702535390854,0.12646913528442383,-0.3222469687461853
629,1,628,-0.28713977336883545,0.6774039268493652,0.1249023824930191,-0.3294724225997925
630,1,629,-0.27024856209754944,0.5509172081947327,0.124993234872818,-0.3232243061065674
631,1,630,-0.23792549967765808,-0.1617901623249054,0.12498576939105988,-0.32623258233070374
632,1,631,-0.1809602528810501,0.7165898680686951,0.12874263525009155,-0.32527095079421997
633,1,632,-0.09786684066057205,0.1379803717136383,0.124091237783432,-0.3241315484046936
634,1,633,-0.008363538421690464,0.2853400707244873,0.1267835795879364,-0.3269885778427124
635,1,634,0.0631093755364418,0.13476957380771637,0.12527556717395782,-0.3228238821029663
636,1,635,0.08360099047422409,0.1434159278869629,0.1251119077205658,-0.3266366720199585
637,1,636,0.04485368728637695,-0.8047872185707092,0.122005894780159,-0.3223116993904114
638,1,637,-0.028885431587696075,-0.10517182946205139,0.12449979782104492,-0.3268830180168152
639,1,638,-0.11260376125574112,0.1861186921596527,0.12028525769710541,-0.3228795826435089
640,1,639,-0.19369496405124664,-0.24415872991085052,0.12450346350669861,-0.3288349509239197
641,1,640,-0.26304471492767334,0.6574423909187317,0.12318649888038635,-0.3217346668243408
642,1,641,-0.3206978440284729,-0.46182000637054443,0.12626472115516663,-0.3307688236236572
643,1,642,-0.3520318269729614,-0.6234655380249023,0.1268952190876007,-0.3225693106651306
644,1,643,-0.36826127767562866,0.11145219206809998,0.12761947512626648,-0.33143794536590576
645,1,644,-0.37321150302886963,-0.20268547534942627,0.1267407387495041,-0.3193940222263336
646,1,645,-0.355090469121933,0.12515847384929657,0.1314149796962738,-0.32960569858551025
647,1,646,-0.29970255494117737,-0.0962279886007309,0.13072636723518372,-0.3222064971923828
648,1,647,-0.18589290976524353,-0.6745909452438354,0.12860774993896484,-0.32575809955596924
649,1,648,-0.04493798315525055,-0.3291313052177429,0.12995457649230957,-0.3242289423942566
650,1,649,0.0684550404548645,-0.13300378620624542,0.1322261244058609,-0.3239021301269531
651,1,650,0.2465592473745346,0.7395782470703125,0.12894544005393982,-0.3240218162536621
652,1,651,0.42442214488983154,0.49727821350097656,0.12849026918411255,-0.3241240382194519
653,1,652,0.4385087490081787,0.2054961770772934,0.12594030797481537,-0.322613388299942
654,1,653,0.38128137588500977,0.09283683449029922,0.12169696390628815,-0.3250601291656494
655,1,654,0.28082868456840515,0.14923979341983795,0.12556993961334229,-0.32516026496887207
656,1,655,0.15055304765701294,0.3233662247657776,0.12065635621547699,-0.324260413646698
657,1,656,0.007129032164812088,-0.13302162289619446,0.12410810589790344,-0.32664233446121216
658,1,657,-0.12180989980697632,0.7747102975845337,0.12091097235679626,-0.32181647419929504
659,1,658,-0.2200302630662918,-0.2835831940174103,0.1256067007780075,-0.33009666204452515
660,1,659,-0.2878580093383789,0.2094031274318695,0.12484824657440186,-0.32278525829315186
661,1,660,-0.327840119600296,0.17263157665729523,0.12974709272384644,-0.3317318558692932
662,1,661,-0.3338388502597809,-0.07964634150266647,0.13026104867458344,-0.32307785749435425
663,1,662,-0.31967899203300476,0.23931023478507996,0.12893258035182953,-0.33084729313850403
664,1,663,-0.28925079107284546,-0.1470237374305725,0.12896183133125305,-0.3196989893913269
665,1,664,-0.24238084256649017,-0.03923537954688072,0.12921245396137238,-0.32827556133270264
666,1,665,-0.20157848298549652,0.09184778481721878,0.12713634967803955,-0.3194085955619812
667,1,666,-0.17721331119537354,0.7092171311378479,0.130484938621521,-0.32866084575653076
668,1,667,-0.1548442542552948,-0.27176880836486816,0.12976974248886108,-0.3228607773780823
669,1,668,-0.11983183026313782,-0.452148973941803,0.12950004637241364,-0.32808786630630493
670,1,669,-0.07126729190349579,-0.29564687609672546,0.1271519660949707,-0.32277509570121765
671,1,670,-0.01029378641396761,0.7941730618476868,0.12491385638713837,-0.3260544538497925
672,1,671,0.029832452535629272,-0.16238005459308624,0.12145374715328217,-0.3226615786552429
673,1,672,0.011839538812637329,0.2238663285970688,0.12121812999248505,-0.32702532410621643
674,1,673,-0.045096855610609055,0.032089851796627045,0.12690536677837372,-0.3253200650215149
675,1,674,-0.11099029332399368,0.5249553322792053,0.12340137362480164,-0.32597216963768005
676,1,675,-0.14282619953155518,0.1488247811794281,0.12766101956367493,-0.32785338163375854
677,1,676,-0.11523126810789108,0.18630963563919067,0.12817874550819397,-0.3231377899646759
678,1,677,-0.04807746410369873,0.5614895820617676,0.12838530540466309,-0.32882916927337646
679,1,678,0.025538863614201546,0.362748920917511,0.13020579516887665,-0.3215789794921875
680,1,679,0.06839130818843842,0.3501046299934387,0.1266133040189743,-0.32594430446624756
681,1,680,0.0939851626753807,0.41287845373153687,0.13283966481685638,-0.32060492038726807
682,1,681,0.14251765608787537,0.043986979871988297,0.1294582188129425,-0.32526206970214844
683,1,682,0.2152715027332306,8.456244540866464e-05,0.13310904800891876,-0.3217619061470032
684,1,683,0.2886013686656952,-0.07531136274337769,0.1339055895805359,-0.32727181911468506
685,1,684,0.33016183972358704,0.13836823403835297,0.13163799047470093,-0.32121261954307556
686,1,685,0.3059252202510834,-0.4339354634284973,0.12955662608146667,-0.3288986384868622
687,1,686,0.2137097418308258,-0.19793230295181274,0.12688252329826355,-0.31790003180503845
688,1,687,0.07260596007108688,-0.6254832148551941,0.12823611497879028,-0.3294304311275482
689,1,688,-0.07529319822788239,0.0429849699139595,0.12449130415916443,-0.31992751359939575
690,1,689,-0.19266876578330994,0.45992565155029297,0.12398216128349304,-0.328521192073822
691,1,690,-0.2674546241760254,-0.634473979473114,0.12074434757232666,-0.32204389572143555
692,1,691,-0.3123871982097626,0.40209048986434937,0.12123458087444305,-0.32769984006881714
693,1,692,-0.3285641372203827,0.24339130520820618,0.12834377586841583,-0.32603588700294495
694,1,693,-0.3057325780391693,-0.27801263332366943,0.12713375687599182,-0.3269273042678833
695,1,694,-0.2486022412776947,-0.266873836517334,0.12359626591205597,-0.32469862699508667
696,1,695,-0.1701839417219162,-0.5397922992706299,0.12479670345783234,-0.32562339305877686
697,1,696,-0.09360938519239426,-0.6349474191665649,0.1230149120092392,-0.325242817401886
698,1,697,-0.03809087723493576,0.11702176928520203,0.12486499547958374,-0.3228376507759094
699,1,698,-0.014128842391073704,0.5746264457702637,0.12548254430294037,-0.3245636224746704
700,1,699,-0.0011776434257626534,-0.5112860798835754,0.12789563834667206,-0.3211381435394287
701,1,700,0.02140163630247116,0.6516860723495483,0.12620356678962708,-0.3247602581977844
702,1,701,0.051794279366731644,0.49481481313705444,0.12493884563446045,-0.3197019100189209
703,1,702,0.07136397063732147,0.29584431648254395,0.1288008838891983,-0.3279131054878235
704,1,703,0.08269234001636505,0.2408222258090973,0.13337881863117218,-0.32120198011398315
705,1,704,0.09720233827829361,-0.10928773880004883,0.1279730200767517,-0.32590436935424805
706,1,705,0.11947489529848099,0.3493974506855011,0.13020001351833344,-0.3191303610801697
707,1,706,0.16862428188323975,0.5597245693206787,0.12923558056354523,-0.32368379831314087
708,1,707,0.2272094339132309,0.29458484053611755,0.13185517489910126,-0.3203504681587219
709,1,708,0.25410687923431396,-0.10063284635543823,0.1287148892879486,-0.3278149962425232
710,1,709,0.23469045758247375,-0.19872897863388062,0.1265089213848114,-0.32084921002388
711,1,710,0.16623052954673767,0.025247538462281227,0.12860150635242462,-0.32803618907928467
712,1,711,0.06460844725370407,-0.3736605644226074,0.1234673261642456,-0.31931784749031067
713,1,712,-0.04627425596117973,-0.3193414807319641,0.12610659003257751,-0.3276021182537079
714,1,713,-0.13520435988903046,0.23207612335681915,0.12457044422626495,-0.32258743047714233
715,1,714,-0.16462074220180511,-0.4603687524795532,0.12497296929359436,-0.3249397277832031
716,1,715,-0.12005441635847092,0.48906055092811584,0.12666332721710205,-0.32577160000801086
717,1,716,-0.03850371390581131,0.5264062285423279,0.12653204798698425,-0.3256334364414215
718,1,717,0.0224361140280962,-0.09424789994955063,0.12203860282897949,-0.32306307554244995
719,1,718,0.05907095596194267,-0.05947083607316017,0.12848807871341705,-0.3203105330467224
720,1,719,0.07342539727687836,0.13257159292697906,0.12503114342689514,-0.32510972023010254
721,1,720,0.06905010342597961,-0.07461342960596085,0.1260196417570114,-0.31918802857398987
722,1,721,0.04984412342309952,-0.11137942969799042,0.13066288828849792,-0.3293713927268982
723,1,722,0.02219488099217415,0.27905991673469543,0.12951117753982544,-0.32124531269073486
724,1,723,-0.0015897307312116027,0.43631410598754883,0.13292992115020752,-0.32746341824531555
725,1,724,0.014840969815850258,0.5043659210205078,0.1353236734867096,-0.3232784569263458
726,1,725,0.09033355116844177,0.2160770446062088,0.13093963265419006,-0.3263421356678009
727,1,726,0.20488865673542023,0.021384675055742264,0.13210603594779968,-0.32218170166015625
728,1,727,0.3178984820842743,0.06508152931928635,0.1337377429008484,-0.3255261480808258
729,1,728,0.3988076150417328,0.2847727835178375,0.13214802742004395,-0.3207375705242157
730,1,729,0.4110826253890991,-0.3661482632160187,0.12921881675720215,-0.3273972272872925
731,1,730,0.36282941699028015,0.09811845421791077,0.12750467658042908,-0.3208879828453064
732,1,731,0.26449349522590637,0.023504439741373062,0.12645933032035828,-0.32761049270629883
733,1,732,0.12956002354621887,-0.16739407181739807,0.12529362738132477,-0.3173910975456238
734,1,733,-0.012738598510622978,0.45914003252983093,0.12473063170909882,-0.3275270462036133
735,1,734,-0.12078181654214859,-0.3440206050872803,0.12886454164981842,-0.32360291481018066
736,1,735,-0.15189771354198456,0.00039290139102377,0.12743771076202393,-0.3254903554916382
737,1,736,-0.09508464485406876,0.21526587009429932,0.12749281525611877,-0.3259599208831787
738,1,737,0.02567196823656559,0.5536545515060425,0.13250775635242462,-0.3237229883670807
739,1,738,0.15625865757465363,-0.10029835999011993,0.12794002890586853,-0.3245539963245392
740,1,739,0.2583548128604889,0.6384285688400269,0.12745191156864166,-0.32167625427246094
741,1,740,0.31816965341567993,0.10434859991073608,0.12926939129829407,-0.32366877794265747
742,1,741,0.34139513969421387,-0.31930670142173767,0.12610158324241638,-0.3206945061683655
743,1,742,0.3334350287914276,-0.0171231497079134,0.1279774159193039,-0.3240416646003723
744,1,743,0.29274237155914307,0.10931677371263504,0.12043862044811249,-0.3225715756416321
745,1,744,0.22203759849071503,0.5917328596115112,0.1273723840713501,-0.3263394832611084
746,1,745,0.1397801637649536,-0.14439377188682556,0.12542355060577393,-0.32363176345825195
747,1,746,0.06248829886317253,-0.07520855218172073,0.12550751864910126,-0.3266695737838745
748,1,747,-0.0101846344769001,0.48648953437805176,0.12190808355808258,-0.3253411054611206
749,1,748,-0.08402056246995926,-0.01760035753250122,0.12382665276527405,-0.32896387577056885
750,1,749,-0.1592511683702469,0.0006030228105373681,0.11944912374019623,-0.32421135902404785
751,1,750,-0.24507330358028412,0.28765472769737244,0.12323988974094391,-0.3292236328125
752,1,751,-0.3442879915237427,-0.4596945345401764,0.1165212094783783,-0.32139718532562256
753,1,752,-0.451249361038208,0.2430124431848526,0.12414559721946716,-0.3304208517074585
754,1,753,-0.539542019367218,0.5336934924125671,0.11993886530399323,-0.3204804062843323
755,1,754,-0.5851254463195801,0.45864859223365784,0.13162456452846527,-0.3320121169090271
756,1,755,-0.5751901865005493,0.7783907055854797,0.13046643137931824,-0.3233441114425659
757,1,756,-0.5145705938339233,0.6310453414916992,0.1312873214483261,-0.33189553022384644
758,1,757,-0.41123372316360474,0.7950356602668762,0.13237541913986206,-0.32393115758895874
759,1,758,-0.2884182333946228,-0.09845797717571259,0.1330854445695877,-0.33144617080688477
760,1,759,-0.17934134602546692,0.14800310134887695,0.13004718720912933,-0.32254838943481445
761,1,760,-0.11799018830060959,0.25055956840515137,0.13231219351291656,-0.33127355575561523
762,1,761,-0.09436053782701492,0.015825359150767326,0.13124845921993256,-0.3222968578338623
763,1,762,-0.10931727290153503,-0.27920660376548767,0.1315738409757614,-0.33077991008758545
764,1,763,-0.11633764207363129,0.6720843315124512,0.13064756989479065,-0.3237009644508362
765,1,764,-0.10646085441112518,-0.3597552478313446,0.12806732952594757,-0.32989048957824707
766,1,765,-0.08348556607961655,0.4176524877548218,0.12509785592556,-0.3224155306816101
767,1,766,-0.07024484872817993,-0.17338979244232178,0.12289027869701385,-0.3286762237548828
768,1,767,-0.0941506028175354,0.15303167700767517,0.12315656244754791,-0.32258403301239014
769,1,768,-0.15225940942764282,0.008670126087963581,0.12042059004306793,-0.32648801803588867
770,1,769,-0.21267472207546234,0.6729068756103516,0.1256137639284134,-0.3265148997306824
771,1,770,-0.24059805274009705,-0.4224669635295868,0.12355481088161469,-0.325503945350647
772,1,771,-0.2264164686203003,-0.38717448711395264,0.1259550303220749,-0.3277650773525238
773,1,772,-0.18509931862354279,0.3639968931674957,0.12321874499320984,-0.3253454566001892
774,1,773,-0.14155276119709015,0.27008888125419617,0.12756264209747314,-0.32970279455184937
775,1,774,-0.11218623071908951,0.85626220703125,0.12474676966667175,-0.32411834597587585
776,1,775,-0.10332544893026352,0.06260070949792862,0.12625348567962646,-0.328970730304718
777,1,776,-0.09460765868425369,0.03334939479827881,0.13067351281642914,-0.3235401511192322
778,1,777,-0.08422574400901794,-0.1239321380853653,0.12982437014579773,-0.3304376006126404
779,1,778,-0.06674207001924515,-0.3939799666404724,0.12829624116420746,-0.32138532400131226
780,1,779,-0.047510914504528046,0.2970879077911377,0.13446134328842163,-0.32944002747535706
781,1,780,-0.03509796783328056,0.273945689201355,0.1310925930738449,-0.32205867767333984
782,1,781,-0.049088284373283386,0.09004318714141846,0.1303291916847229,-0.33051639795303345
783,1,782,-0.08350172638893127,0.3480219542980194,0.13075986504554749,-0.32100796699523926
784,1,783,-0.11622142046689987,0.3594920337200165,0.13236330449581146,-0.3300971984863281
785,1,784,-0.1239086166024208,0.3737639784812927,0.13199560344219208,-0.32296502590179443
786,1,785,-0.1152229830622673,0.5984418392181396,0.1312553733587265,-0.3305965065956116
787,1,786,-0.10287317633628845,-0.10808487236499786,0.1301485151052475,-0.3223985433578491
788,1,787,-0.0938212051987648,-0.2830773591995239,0.12826167047023773,-0.3303473889827728
789,1,788,-0.09428031742572784,0.3050358295440674,0.12686660885810852,-0.32205283641815186
790,1,789,-0.11004688590765,-0.039795830845832825,0.125941663980484,-0.32880693674087524
791,1,790,-0.13930079340934753,0.3898240029811859,0.12384581565856934,-0.3222598135471344
792,1,791,-0.15265026688575745,-0.45984023809432983,0.12507058680057526,-0.3255036771297455
793,1,792,-0.14092181622982025,0.14109618961811066,0.12555794417858124,-0.32430773973464966
794,1,793,-0.07590612769126892,-0.7614128589630127,0.1321694552898407,-0.3229338526725769
795,1,794,0.04141811281442642,-0.21642710268497467,0.13256952166557312,-0.32483023405075073
796,1,795,0.1900261640548706,-0.054612454026937485,0.12953071296215057,-0.32321780920028687
797,1,796,0.31773173809051514,0.27396106719970703,0.12750327587127686,-0.3244122862815857
798,1,797,0.38372930884361267,0.14963577687740326,0.12678289413452148,-0.3210057318210602
799,1,798,0.3693385720252991,-0.43358123302459717,0.12357325851917267,-0.3240872621536255
800,1,799,0.2812501788139343,-0.5118783712387085,0.12151308357715607,-0.3226422667503357
801,1,800,0.13844658434391022,0.03423697128891945,0.1261037439107895,-0.328604131937027
802,1,801,-0.018566520884633064,0.1782790720462799,0.12328717112541199,-0.32113081216812134
803,1,802,-0.1548793464899063,-0.02183597907423973,0.1260441392660141,-0.328655868768692
804,1,803,-0.25698965787887573,0.5527957081794739,0.12187394499778748,-0.3195692002773285
805,1,804,-0.31511372327804565,0.3092854619026184,0.13124416768550873,-0.3291221261024475
806,1,805,-0.3121659457683563,0.7861906290054321,0.13167287409305573,-0.321294903755188
807,1,806,-0.24838964641094208,0.32219621539115906,0.13422922790050507,-0.32813313603401184
808,1,807,-0.15099070966243744,-0.12626561522483826,0.1309322714805603,-0.3211823105812073
809,1,808,-0.06804663687944412,0.3441501557826996,0.13080860674381256,-0.3296549618244171
810,1,809,-0.027678538113832474,0.31558290123939514,0.1309358775615692,-0.3213208317756653
811,1,810,-0.028199611231684685,-0.09068413078784943,0.13187558948993683,-0.3295590281486511
812,1,811,-0.06913268566131592,0.08877695351839066,0.12373921275138855,-0.3186497688293457
813,1,812,-0.1518581509590149,-0.41166266798973083,0.12588515877723694,-0.3303448259830475
814,1,813,-0.2374510020017624,0.4244179129600525,0.12732891738414764,-0.32146164774894714
815,1,814,-0.3085861802101135,-0.3375553786754608,0.12966987490653992,-0.33063358068466187
816,1,815,-0.32982784509658813,0.3434164822101593,0.13036881387233734,-0.3240647315979004
817,1,816,-0.3009912073612213,0.6580079793930054,0.12820391356945038,-0.329567015171051
818,1,817,-0.22786369919776917,0.1696852445602417,0.12889543175697327,-0.3231204152107239
819,1,818,-0.14350450038909912,0.39135032892227173,0.12572793662548065,-0.33012378215789795
820,1,819,-0.08873579651117325,0.16789096593856812,0.12282559275627136,-0.3227458894252777
821,1,820,-0.096919484436512,0.7226259708404541,0.11985896527767181,-0.3272348642349243
822,1,821,-0.14368978142738342,0.07510615140199661,0.12564599514007568,-0.3252202570438385
823,1,822,-0.1663484126329422,0.6533017754554749,0.13000132143497467,-0.32342463731765747
824,1,823,-0.12015986442565918,0.2765544056892395,0.1322881132364273,-0.32628417015075684
825,1,824,0.0011813548626378179,1.0,0.13026055693626404,-0.3231434226036072
826,1,825,0.1579284369945526,0.6631484627723694,0.13147728145122528,-0.3247511386871338
827,1,826,0.28931689262390137,0.691889762878418,0.1272892951965332,-0.32146841287612915
828,1,827,0.3335702419281006,0.10755230486392975,0.12347345054149628,-0.3253583312034607
829,1,828,0.28562113642692566,-0.016154741868376732,0.1256268173456192,-0.32030850648880005
830,1,829,0.17224468290805817,0.0440886989235878,0.1259107142686844,-0.3279135823249817
831,1,830,0.03978537768125534,0.07734771072864532,0.1257914900779724,-0.31958115100860596
832,1,831,-0.055720340460538864,1.0,0.13263073563575745,-0.32725998759269714
833,1,832,-0.07861106097698212,0.7770758867263794,0.1325043886899948,-0.3229791820049286
834,1,833,-0.026868674904108047,0.38834941387176514,0.131693497300148,-0.32747650146484375
835,1,834,0.06499424576759338,0.1883946806192398,0.13107581436634064,-0.32115915417671204
836,1,835,0.14313215017318726,-0.20261318981647491,0.13224957883358002,-0.32720285654067993
837,1,836,0.17026697099208832,0.30740684270858765,0.1284332424402237,-0.31907427310943604
838,1,837,0.1309318095445633,-0.07566097378730774,0.13094666600227356,-0.32946741580963135
839,1,838,0.05184765160083771,-0.2289743274450302,0.12804248929023743,-0.3207342028617859
840,1,839,-0.027690505608916283,0.5019091963768005,0.13102002441883087,-0.3283683657646179
841,1,840,-0.07017350941896439,-0.0010337273124605417,0.13048194348812103,-0.3224180042743683
842,1,841,-0.08240585029125214,0.35806727409362793,0.12859229743480682,-0.3300497233867645
843,1,842,-0.08978770673274994,-0.03021255135536194,0.12607698142528534,-0.320766806602478
844,1,843,-0.1073748841881752,0.16672688722610474,0.12684886157512665,-0.3284870684146881
845,1,844,-0.1377483606338501,0.47853827476501465,0.12280404567718506,-0.32064107060432434
846,1,845,-0.1513279676437378,0.011805560439825058,0.12463840842247009,-0.3236165940761566
847,1,846,-0.127030611038208,0.3833082914352417,0.1251676380634308,-0.3242301344871521
848,1,847,-0.04059406369924545,0.3827389180660248,0.13382738828659058,-0.3227510452270508
849,1,848,0.10085994750261307,0.10563406348228455,0.13483001291751862,-0.32523301243782043
850,1,849,0.24804678559303284,-0.24229399859905243,0.12948977947235107,-0.3237668573856354
851,1,850,0.40100088715553284,0.033718399703502655,0.12989215552806854,-0.3250296413898468
852,1,851,0.46812915802001953,0.07562950253486633,0.12829437851905823,-0.3223723769187927
853,1,852,0.46438905596733093,0.058879293501377106,0.12467552721500397,-0.3240790367126465
854,1,853,0.3972253203392029,-0.8290348052978516,0.12516576051712036,-0.3221966624259949
855,1,854,0.27606314420700073,-0.20715340971946716,0.12511171400547028,-0.3258379101753235
856,1,855,0.15530310571193695,-0.1564997434616089,0.12782354652881622,-0.32022005319595337
857,1,856,0.08027023077011108,-0.3708025813102722,0.12693965435028076,-0.32501161098480225
858,1,857,0.055838920176029205,0.7699460983276367,0.12753908336162567,-0.3216473460197449
859,1,858,0.05696899816393852,-0.14336752891540527,0.12718072533607483,-0.3271464705467224
860,1,859,0.05670132488012314,0.04436197131872177,0.12701991200447083,-0.31989187002182007
861,1,860,0.029443221166729927,0.5915813446044922,0.12621331214904785,-0.32791221141815186
862,1,861,-0.021721772849559784,0.6273114681243896,0.12899748980998993,-0.3188307583332062
863,1,862,-0.06414255499839783,0.07057537138462067,0.12900565564632416,-0.32700878381729126
864,1,863,-0.08391192555427551,0.16999231278896332,0.12919959425926208,-0.31963032484054565
865,1,864,-0.053704582154750824,0.5808018445968628,0.13191483914852142,-0.3263646960258484
866,1,865,0.012723525054752827,0.36248451471328735,0.12993954122066498,-0.3224474787712097
867,1,866,0.07761969417333603,-0.175010085105896,0.1301865428686142,-0.32831236720085144
868,1,867,0.11649498343467712,0.11450611054897308,0.128954216837883,-0.3219766616821289
869,1,868,0.11885296553373337,0.7371792197227478,0.1273711919784546,-0.32784581184387207
870,1,869,0.10511277616024017,0.8423184752464294,0.1268976479768753,-0.32267436385154724
871,1,870,0.09342744946479797,-0.0841870903968811,0.12700043618679047,-0.3249679207801819
872,1,871,0.07286905497312546,0.361642450094223,0.12010115385055542,-0.3206102252006531
873,1,872,0.06265699118375778,-0.03541463240981102,0.124033123254776,-0.32059556245803833
874,1,873,0.05309462547302246,0.24064970016479492,0.12114731967449188,-0.32258617877960205
875,1,874,0.052125610411167145,0.40032434463500977,0.12732020020484924,-0.31899145245552063
876,1,875,0.07405827194452286,0.41796860098838806,0.13108332455158234,-0.32242509722709656
877,1,876,0.141196146607399,0.1758776307106018,0.1320217251777649,-0.320623517036438
878,1,877,0.24406640231609344,-0.2994154989719391,0.1278134435415268,-0.3226265013217926
879,1,878,0.33899635076522827,0.30432525277137756,0.12630188465118408,-0.31858202815055847
880,1,879,0.39256125688552856,0.4204620122909546,0.1321192979812622,-0.32524949312210083
881,1,880,0.39083269238471985,0.7736338973045349,0.13052020967006683,-0.3207274079322815
882,1,881,0.3467417061328888,-0.4286133646965027,0.13247635960578918,-0.3251951336860657
883,1,882,0.28518620133399963,-0.16298016905784607,0.12859785556793213,-0.3203940689563751
884,1,883,0.20745037496089935,0.12974217534065247,0.12800893187522888,-0.3283342123031616
885,1,884,0.13055382668972015,0.5244306921958923,0.12871460616588593,-0.31862765550613403
886,1,885,0.0448199100792408,0.5079582929611206,0.1281585991382599,-0.3282489776611328
887,1,886,-0.050177957862615585,0.3290061354637146,0.12404227256774902,-0.31938284635543823
888,1,887,-0.14701953530311584,0.1492936611175537,0.13290755450725555,-0.329080730676651
889,1,888,-0.21074487268924713,0.21836991608142853,0.12959524989128113,-0.32158195972442627
890,1,889,-0.23187695443630219,-0.27401748299598694,0.13245905935764313,-0.3305762708187103
891,1,890,-0.19757677614688873,0.4728986918926239,0.1300102174282074,-0.3235998749732971
892,1,891,-0.11635136604309082,0.05250995233654976,0.12948521971702576,-0.3276687264442444
893,1,892,-0.006404286716133356,-0.6733195185661316,0.12884420156478882,-0.32298436760902405
894,1,893,0.11230229586362839,-0.2362697571516037,0.12477588653564453,-0.32412004470825195
895,1,894,0.1947980523109436,0.19077949225902557,0.12926320731639862,-0.32192137837409973
896,1,895,0.20882859826087952,0.21327614784240723,0.12218810617923737,-0.3262878358364105
897,1,896,0.16994072496891022,0.25316905975341797,0.1258206069469452,-0.32360774278640747
898,1,897,0.11376429349184036,0.0668451115489006,0.12605169415473938,-0.32530295848846436
899,1,898,0.03902200609445572,0.22359679639339447,0.11960001289844513,-0.3206562399864197
900,1,899,-0.07370650768280029,0.8472108244895935,0.11320023238658905,-0.3266444802284241
901,1,900,-0.20657746493816376,0.2379038780927658,0.1228361576795578,-0.32520797848701477
902,1,901,-0.3381677269935608,-0.4838368594646454,0.11918315291404724,-0.3278026878833771
903,1,902,-0.4330211877822876,-0.5819685459136963,0.12502340972423553,-0.326457679271698
904,1,903,-0.46360650658607483,0.13619324564933777,0.12354123592376709,-0.32504022121429443
905,1,904,-0.42313435673713684,0.25769782066345215,0.12591561675071716,-0.3274865746498108
906,1,905,-0.314268559217453,-0.15346969664096832,0.12703928351402283,-0.32599276304244995
907,1,906,-0.17454269528388977,0.3495010435581207,0.12722857296466827,-0.32802489399909973
908,1,907,-0.06034564971923828,0.14267630875110626,0.12590132653713226,-0.32462117075920105
909,1,908,-0.001250702771358192,-0.0055200522765517235,0.12421868741512299,-0.3274989426136017
910,1,909,0.01648063212633133,-0.482787162065506,0.126845583319664,-0.3218890428543091
911,1,910,-0.007068597711622715,0.4477263391017914,0.12435659766197205,-0.32741042971611023
912,1,911,-0.06038561835885048,0.2153928130865097,0.12353171408176422,-0.32101941108703613
913,1,912,-0.12899304926395416,-0.5505925416946411,0.12569081783294678,-0.3284854292869568
914,1,913,-0.19616922736167908,0.649369478225708,0.1237269937992096,-0.32100677490234375
915,1,914,-0.24543200433254242,0.47836169600486755,0.1319771111011505,-0.33051222562789917
916,1,915,-0.2621891498565674,-0.42133066058158875,0.12915879487991333,-0.3236735463142395
917,1,916,-0.25259682536125183,-0.10981037467718124,0.13023525476455688,-0.33069175481796265
918,1,917,-0.22977763414382935,0.23514628410339355,0.12905876338481903,-0.321632444858551
919,1,918,-0.21128395199775696,0.011828667484223843,0.1289289891719818,-0.3314470648765564
920,1,919,-0.1964709460735321,-0.06495480984449387,0.13200142979621887,-0.32355833053588867
921,1,920,-0.19062800705432892,0.10565247386693954,0.12813648581504822,-0.331106960773468
922,1,921,-0.17712432146072388,0.49517300724983215,0.1317860186100006,-0.3230305016040802
923,1,922,-0.1694239228963852,-0.23205266892910004,0.13227663934230804,-0.332508385181427
924,1,923,-0.17455871403217316,-0.3014940321445465,0.12715403735637665,-0.3200898766517639
925,1,924,-0.20102712512016296,0.393033504486084,0.13008446991443634,-0.3312433660030365
926,1,925,-0.2354271560907364,0.0938660204410553,0.1328897476196289,-0.3233063817024231
927,1,926,-0.2633419632911682,0.28741368651390076,0.1309284269809723,-0.3306795060634613
928,1,927,-0.2652839422225952,-0.037415362894535065,0.130060076713562,-0.32192879915237427
929,1,928,-0.23528486490249634,0.4284774959087372,0.1315084844827652,-0.3310527205467224
930,1,929,-0.1907327026128769,-0.32306981086730957,0.12867668271064758,-0.3221708834171295
931,1,930,-0.158615380525589,-0.1307651698589325,0.12655508518218994,-0.33041173219680786
932,1,931,-0.15524719655513763,0.23879754543304443,0.1287248730659485,-0.3230150640010834
933,1,932,-0.17531655728816986,0.6339119076728821,0.12768197059631348,-0.3306172490119934
934,1,933,-0.18982349336147308,0.16182753443717957,0.12678088247776031,-0.3236594796180725
935,1,934,-0.19454996287822723,0.4546796679496765,0.12613306939601898,-0.33082932233810425
936,1,935,-0.1983620822429657,-0.48409244418144226,0.12373426556587219,-0.32363975048065186
937,1,936,-0.19455721974372864,-0.021433550864458084,0.12402355670928955,-0.32698994874954224
938,1,937,-0.17966927587985992,0.4300997257232666,0.125894695520401,-0.3251444697380066
939,1,938,-0.14460983872413635,-0.12049967050552368,0.12496531009674072,-0.3240557909011841
940,1,939,-0.09125543385744095,-0.23833122849464417,0.12661582231521606,-0.3262892961502075
941,1,940,-0.043104756623506546,-0.06858368963003159,0.12171636521816254,-0.3254656195640564
942,1,941,-0.02521427534520626,-0.12057390064001083,0.12472394108772278,-0.32748568058013916
943,1,942,-0.04266255721449852,0.006276339758187532,0.12148059904575348,-0.3258659541606903
944,1,943,-0.07372987270355225,-0.15638743340969086,0.12828858196735382,-0.3271745443344116
945,1,944,-0.0981808453798294,0.5168278217315674,0.12560173869132996,-0.3251798748970032
946,1,945,-0.10775361210107803,0.6896470785140991,0.12522970139980316,-0.3275948762893677
947,1,946,-0.10738660395145416,0.20495717227458954,0.12213712930679321,-0.3239430785179138
948,1,947,-0.10537321120500565,0.21527494490146637,0.12721221148967743,-0.32968205213546753
949,1,948,-0.11212083697319031,0.17295236885547638,0.12387046217918396,-0.32215502858161926
950,1,949,-0.1467432826757431,0.26467034220695496,0.12756484746932983,-0.33055174350738525
951,1,950,-0.19991080462932587,-0.49369651079177856,0.12786786258220673,-0.3217020034790039
952,1,951,-0.25446459650993347,0.04051164910197258,0.12644629180431366,-0.3305305242538452
953,1,952,-0.2793308198451996,-0.4676200747489929,0.1336309015750885,-0.3221474289894104
954,1,953,-0.27240076661109924,0.5704619884490967,0.1289249062538147,-0.33136922121047974
955,1,954,-0.24681393802165985,0.21248658001422882,0.12346974015235901,-0.3193065822124481
956,1,955,-0.2070733606815338,0.14497052133083344,0.12980768084526062,-0.3272770941257477
957,1,956,-0.18315155804157257,-0.47911351919174194,0.12754693627357483,-0.319925993680954
958,1,957,-0.1805780529975891,-0.22873543202877045,0.12776236236095428,-0.32820338010787964
959,1,958,-0.18482965230941772,-0.32780757546424866,0.12621326744556427,-0.3227030336856842
960,1,959,-0.18192636966705322,-0.3011748790740967,0.12461915612220764,-0.3288351893424988
961,1,960,-0.15365760028362274,0.2460586428642273,0.1323782056570053,-0.3235418200492859
962,1,961,-0.1052103042602539,-0.1047319546341896,0.1284814029932022,-0.3282514214515686
963,1,962,-0.08400557190179825,0.06925125420093536,0.11987921595573425,-0.31942418217658997
964,1,963,-0.08810963481664658,-0.19463756680488586,0.12547792494297028,-0.32592231035232544
965,1,964,-0.07406754791736603,0.5024343729019165,0.1324845403432846,-0.32472753524780273
966,1,965,-0.023177340626716614,0.25535398721694946,0.13161732256412506,-0.32500094175338745
967,1,966,0.07357558608055115,0.8507550358772278,0.12797726690769196,-0.3267313241958618
968,1,967,0.18022428452968597,0.13743065297603607,0.12498489022254944,-0.3250123858451843
969,1,968,0.2477792650461197,0.20993655920028687,0.12797799706459045,-0.32602381706237793
970,1,969,0.24132278561592102,-0.15306128561496735,0.12162724137306213,-0.32418543100357056
971,1,970,0.16342081129550934,-0.08738090097904205,0.12663623690605164,-0.32843178510665894
972,1,971,0.062012944370508194,-0.1468154340982437,0.12622720003128052,-0.3240867257118225
973,1,972,-0.02052808739244938,0.28779861330986023,0.12677879631519318,-0.327197790145874
974,1,973,-0.05644792318344116,0.7671225666999817,0.127622589468956,-0.3223784565925598
975,1,974,-0.05761323124170303,0.6533603668212891,0.12715613842010498,-0.32690632343292236
976,1,975,-0.05100845918059349,-0.37854069471359253,0.12435074150562286,-0.32055407762527466
977,1,976,-0.05129363387823105,0.534843385219574,0.1255003809928894,-0.32760393619537354
978,1,977,-0.056616105139255524,-0.18273042142391205,0.13036097586154938,-0.3216632008552551
979,1,978,-0.05949779972434044,-0.05242767930030823,0.1323947310447693,-0.32821813225746155
980,1,979,-0.05185731127858162,-0.13293831050395966,0.1274794489145279,-0.32125577330589294
981,1,980,-0.02647831290960312,-0.09010811150074005,0.12914776802062988,-0.327444851398468
982,1,981,0.0010510280262678862,0.4689067006111145,0.12937600910663605,-0.31948602199554443
983,1,982,0.040009986609220505,-0.16669674217700958,0.1330101639032364,-0.3254424035549164
984,1,983,0.07437044382095337,0.03128456324338913,0.13178794085979462,-0.31996649503707886
985,1,984,0.0892341360449791,0.7207316160202026,0.130293607711792,-0.3282738924026489
986,1,985,0.08997595310211182,0.8378804326057434,0.13060493767261505,-0.320727676153183
987,1,986,0.06925495713949203,-0.09234292805194855,0.1305992752313614,-0.3285200595855713
988,1,987,0.01769552007317543,0.43820416927337646,0.12823684513568878,-0.31899410486221313
989,1,988,-0.05687279626727104,0.3972454369068146,0.13122670352458954,-0.3294311463832855
990,1,989,-0.1348591148853302,-0.3099993169307709,0.12596175074577332,-0.320190966129303
991,1,990,-0.20582349598407745,0.07178458571434021,0.1264130175113678,-0.33029693365097046
992,1,991,-0.25123536586761475,0.17225566506385803,0.12438127398490906,-0.3214450776576996
993,1,992,-0.26992034912109375,-0.32382363080978394,0.12593640387058258,-0.3271492123603821
994,1,993,-0.24467259645462036,-0.4698792099952698,0.12804199755191803,-0.32599592208862305
995,1,994,-0.16080495715141296,0.3526037037372589,0.13217858970165253,-0.32622507214546204
996,1,995,-0.035094715654850006,0.3170277178287506,0.12623220682144165,-0.3245992958545685
997,1,996,0.0982954204082489,-0.6079562902450562,0.1293143630027771,-0.32555076479911804
998,1,997,0.1990954875946045,-0.07102824747562408,0.12452660501003265,-0.32117390632629395
999,1,998,0.24706712365150452,-0.6174566745758057,0.1256011575460434,-0.3235056400299072
1000,1,999,0.23358722031116486,-0.05766380578279495,0.12296874821186066,-0.3222723603248596
1001,1,1000,0.16431619226932526,-0.06494501978158951,0.12381573021411896,-0.32520949840545654
1002,1,1001,0.06305025517940521,-0.2983768582344055,0.12267078459262848,-0.32306966185569763
1003,1,1002,-0.029777100309729576,-0.32721981406211853,0.12365542352199554,-0.3232084810733795
1004,1,1003,-0.09962579607963562,0.4285481572151184,0.1229843944311142,-0.3246932327747345
1005,1,1004,-0.15923477709293365,0.452310711145401,0.11322946846485138,-0.31855863332748413
1006,1,1005,-0.21291320025920868,-0.030606916174292564,0.12535525858402252,-0.3282301425933838
1007,1,1006,-0.2638847231864929,0.24852018058300018,0.12870828807353973,-0.3220402002334595
1008,1,1007,-0.3088553249835968,0.1448221653699875,0.12546978890895844,-0.3287169337272644
1009,1,1008,-0.31883811950683594,0.46958863735198975,0.12942181527614594,-0.32229292392730713
1010,1,1009,-0.28991973400115967,0.2561080753803253,0.12555254995822906,-0.32928305864334106
1011,1,1010,-0.2473478615283966,0.02918459102511406,0.12271495163440704,-0.32180631160736084
1012,1,1011,-0.2264496088027954,-0.08188842236995697,0.12537065148353577,-0.33050501346588135
1013,1,1012,-0.24045999348163605,0.3732716739177704,0.12452726066112518,-0.3213825821876526
1014,1,1013,-0.27687978744506836,0.6209262013435364,0.13072004914283752,-0.3282708525657654
1015,1,1014,-0.2899898886680603,0.19107767939567566,0.12535519897937775,-0.320697158575058
1016,1,1015,-0.25438860058784485,-0.11292972415685654,0.13097405433654785,-0.3284827470779419
1017,1,1016,-0.17414119839668274,-0.2188900113105774,0.13109034299850464,-0.3237679600715637
1018,1,1017,-0.09233882278203964,-0.3001708984375,0.13261835277080536,-0.3318350911140442
1019,1,1018,-0.035792164504528046,-0.42424076795578003,0.13152213394641876,-0.3224404454231262
1020,1,1019,-0.014817871153354645,0.33988577127456665,0.1318996399641037,-0.32922711968421936
1021,1,1020,-0.02224615402519703,0.6417635083198547,0.1268826276063919,-0.3203165531158447
1022,1,1021,-0.022058233618736267,0.46365711092948914,0.13539697229862213,-0.3260728716850281
1023,1,1022,0.002557603642344475,-0.007253618445247412,0.12917879223823547,-0.3217052221298218
1024,1,1023,0.03102060779929161,0.1280081570148468,0.12447352707386017,-0.3294650912284851
1025,1,1024,0.052081432193517685,-0.34355661273002625,0.12482850253582001,-0.32302433252334595
1026,1,1025,0.021217061206698418,0.17649202048778534,0.12431097030639648,-0.32991930842399597
1027,1,1026,-0.062488142400979996,-0.2666008472442627,0.1229541152715683,-0.32303908467292786
1028,1,1027,-0.16615989804267883,0.5169517993927002,0.12200146913528442,-0.3273355960845947
1029,1,1028,-0.2444097250699997,-0.3523401618003845,0.12920784950256348,-0.3241114914417267
1030,1,1029,-0.2720440626144409,0.4056503474712372,0.12507888674736023,-0.32889488339424133
1031,1,1030,-0.24455150961875916,0.12201369553804398,0.12211966514587402,-0.32582515478134155
1032,1,1031,-0.18165133893489838,0.20539385080337524,0.12444975972175598,-0.3247683346271515
1033,1,1032,-0.10421482473611832,0.22568504512310028,0.12927107512950897,-0.32490086555480957
1034,1,1033,0.0015900047728791833,0.3143672049045563,0.133382186293602,-0.3226786255836487
1035,1,1034,0.13522499799728394,0.5613806247711182,0.13361132144927979,-0.3257560729980469
1036,1,1035,0.2791273295879364,-0.020081985741853714,0.13083532452583313,-0.3225801885128021
1037,1,1036,0.4105370342731476,-0.15663081407546997,0.13368786871433258,-0.3239370584487915
1038,1,1037,0.4905923902988434,0.2507510185241699,0.12667034566402435,-0.32206761837005615
1039,1,1038,0.48245784640312195,0.17383860051631927,0.12455134093761444,-0.32525941729545593
1040,1,1039,0.39278748631477356,0.4774496853351593,0.1255611777305603,-0.31960824131965637
1041,1,1040,0.24773399531841278,-0.6280790567398071,0.1272270679473877,-0.3270322382450104
1042,1,1041,0.08552109450101852,0.5404362082481384,0.12377569079399109,-0.3190402388572693
1043,1,1042,-0.04466382414102554,-0.0924171507358551,0.13278719782829285,-0.3278055787086487
1044,1,1043,-0.12011867016553879,-0.3223738968372345,0.12870536744594574,-0.3226308226585388
1045,1,1044,-0.15093941986560822,-0.08548860996961594,0.12724298238754272,-0.33018940687179565
1046,1,1045,-0.13968752324581146,0.6287919282913208,0.13238757848739624,-0.3216642737388611
1047,1,1046,-0.10907919704914093,0.35992711782455444,0.1316692978143692,-0.3295970559120178
1048,1,1047,-0.07167673110961914,0.4005776047706604,0.1298515498638153,-0.32152116298675537
1049,1,1048,-0.0461350716650486,0.41775810718536377,0.1310134381055832,-0.32986176013946533
1050,1,1049,-0.044999901205301285,0.028553444892168045,0.12744148075580597,-0.3201921582221985
1051,1,1050,-0.05468917638063431,0.8982803225517273,0.12825991213321686,-0.32696056365966797
1052,1,1051,-0.057103194296360016,0.12604236602783203,0.12905682623386383,-0.32225459814071655
1053,1,1052,-0.0420670211315155,-0.012368516065180302,0.12794725596904755,-0.3275873064994812
1054,1,1053,-0.007431284058839083,-0.06198601797223091,0.12857626378536224,-0.3232361972332001
1055,1,1054,0.03713797405362129,0.22211812436580658,0.13039763271808624,-0.327561616897583
1056,1,1055,0.08788387477397919,0.2984254062175751,0.13021020591259003,-0.3244512677192688
1057,1,1056,0.1431456357240677,0.059120647609233856,0.12676839530467987,-0.32564491033554077
1058,1,1057,0.1748945266008377,0.5111356377601624,0.1222178041934967,-0.3213050365447998
1059,1,1058,0.18956254422664642,0.1513025164604187,0.12629862129688263,-0.32247471809387207
1060,1,1059,0.1875264197587967,-0.11663977056741714,0.12653611600399017,-0.32244545221328735
1061,1,1060,0.15450984239578247,-0.7470858693122864,0.12284427881240845,-0.3271523118019104
1062,1,1061,0.09486217051744461,0.1891055405139923,0.12427330017089844,-0.3229926824569702
1063,1,1062,0.02229604870080948,0.021907342597842216,0.12404261529445648,-0.32785338163375854
1064,1,1063,-0.053751129657030106,-0.018175283446907997,0.1242736428976059,-0.3216401934623718
1065,1,1064,-0.12362737208604813,0.20597673952579498,0.12770743668079376,-0.328671932220459
1066,1,1065,-0.1747129112482071,0.05383025482296944,0.12717506289482117,-0.32412850856781006
1067,1,1066,-0.19651831686496735,0.18704615533351898,0.12560255825519562,-0.3277144134044647
1068,1,1067,-0.17212612926959991,0.8502596616744995,0.1241067498922348,-0.32396525144577026
1069,1,1068,-0.1366141140460968,0.14900995790958405,0.12171612679958344,-0.3275744616985321
1070,1,1069,-0.12570036947727203,-0.2973226308822632,0.12332305312156677,-0.3231746256351471
1071,1,1070,-0.14537717401981354,-0.3958265483379364,0.1212482899427414,-0.3263646960258484
1072,1,1071,-0.18372301757335663,0.6781142950057983,0.12457963824272156,-0.32541775703430176
1073,1,1072,-0.21951888501644135,0.35951071977615356,0.12273608148097992,-0.327193021774292
1074,1,1073,-0.23023048043251038,-0.043261222541332245,0.12645600736141205,-0.32568421959877014
1075,1,1074,-0.21912766993045807,-0.13598819077014923,0.12099261581897736,-0.32787007093429565
1076,1,1075,-0.20434974133968353,-0.19431523978710175,0.1236286461353302,-0.3262912631034851
1077,1,1076,-0.20505796372890472,0.12109611183404922,0.11795787513256073,-0.3249664604663849
1078,1,1077,-0.23442405462265015,-0.20499764382839203,0.12280787527561188,-0.3265872597694397
1079,1,1078,-0.28315669298171997,0.05588424950838089,0.11841367185115814,-0.32068780064582825
1080,1,1079,-0.33174189925193787,0.19838327169418335,0.12542647123336792,-0.32777321338653564
1081,1,1080,-0.35046759247779846,0.2596043050289154,0.12602800130844116,-0.321477472782135
1082,1,1081,-0.3215584456920624,0.6679587364196777,0.12891888618469238,-0.32720690965652466
1083,1,1082,-0.2530403733253479,0.04833107814192772,0.1280738115310669,-0.3215782046318054
1084,1,1083,-0.162794291973114,-0.6470428109169006,0.13358785212039948,-0.32950401306152344
1085,1,1084,-0.0733213797211647,0.13628219068050385,0.1306828111410141,-0.3224904537200928
1086,1,1085,-0.007942253723740578,0.4183034896850586,0.13514910638332367,-0.3305649161338806
1087,1,1086,0.03453622758388519,-0.37063562870025635,0.13219599425792694,-0.3233334720134735
1088,1,1087,0.03291597589850426,0.08163020014762878,0.13058556616306305,-0.3308623135089874
1089,1,1088,0.0028482533525675535,-0.13892553746700287,0.12779715657234192,-0.32030320167541504
1090,1,1089,-0.04757031053304672,-0.40302205085754395,0.13316957652568817,-0.32960444688796997
1091,1,1090,-0.09425093233585358,0.1821308583021164,0.13070090115070343,-0.3216673731803894
1092,1,1091,-0.14189006388187408,-0.4241417348384857,0.12939268350601196,-0.33071210980415344
1093,1,1092,-0.17511649429798126,0.2504834830760956,0.12863554060459137,-0.3218410313129425
1094,1,1093,-0.19831645488739014,0.14298221468925476,0.12562885880470276,-0.32979536056518555
1095,1,1094,-0.19749584794044495,0.917141854763031,0.1326075792312622,-0.3230953812599182
1096,1,1095,-0.17027084529399872,0.04385979846119881,0.12532566487789154,-0.32898449897766113
1097,1,1096,-0.13076059520244598,0.7483678460121155,0.12822097539901733,-0.32307806611061096
1098,1,1097,-0.08549530804157257,-0.2537691295146942,0.12164150178432465,-0.32704922556877136
1099,1,1098,-0.05299552530050278,-0.40702590346336365,0.1275082379579544,-0.3218732178211212
1100,1,1099,-0.0349847674369812,0.463189959526062,0.12555062770843506,-0.3259236216545105
1101,1,1100,-0.02987685799598694,0.4413627088069916,0.125435933470726,-0.3249644637107849
1102,1,1101,-0.018250631168484688,0.42889994382858276,0.1253819763660431,-0.3242115080356598
1103,1,1102,0.008297571912407875,0.34422725439071655,0.126346617937088,-0.32565081119537354
1104,1,1103,0.04462693631649017,0.14938509464263916,0.125519797205925,-0.32194268703460693
1105,1,1104,0.049807995557785034,0.9130091667175293,0.12394559383392334,-0.3266715705394745
1106,1,1105,0.00882648304104805,0.1531824916601181,0.12186767160892487,-0.31976768374443054
1107,1,1106,-0.07064013183116913,0.43177181482315063,0.1259094774723053,-0.3279503583908081
1108,1,1107,-0.1426624208688736,0.0029740622267127037,0.12617795169353485,-0.32109519839286804
1109,1,1108,-0.1717778444290161,-0.06362378597259521,0.13296382129192352,-0.32664787769317627
1110,1,1109,-0.13084916770458221,0.42497518658638,0.13224546611309052,-0.3213188648223877
1111,1,1110,-0.00777815654873848,0.33972403407096863,0.1320967823266983,-0.324665904045105
1112,1,1111,0.15625768899917603,0.4783427119255066,0.1326289176940918,-0.3214337229728699
1113,1,1112,0.2996343672275543,0.278385728597641,0.13187137246131897,-0.3267359733581543
1114,1,1113,0.38180437684059143,0.7668749094009399,0.13169918954372406,-0.32052868604660034
1115,1,1114,0.4196794033050537,-0.04024990275502205,0.1316601186990738,-0.3213666081428528
1116,1,1115,0.4372122883796692,-0.27505332231521606,0.12952519953250885,-0.3180174231529236
1117,1,1116,0.44999903440475464,-0.1106296256184578,0.12840229272842407,-0.3244597911834717
1118,1,1117,0.4514029920101166,-0.32401803135871887,0.1280318796634674,-0.32042574882507324
1119,1,1118,0.42675891518592834,0.5844393968582153,0.12824785709381104,-0.32471978664398193
1120,1,1119,0.3810417950153351,0.2863808572292328,0.13151825964450836,-0.31959986686706543
1121,1,1120,0.3041451871395111,-0.3751412034034729,0.12583953142166138,-0.32663455605506897
1122,1,1121,0.20537056028842926,0.6077816486358643,0.1247113049030304,-0.32114076614379883
1123,1,1122,0.09739922732114792,0.4633345603942871,0.12234024703502655,-0.3272840082645416
1124,1,1123,-0.003428339259698987,0.3005760908126831,0.12283432483673096,-0.3218144178390503
1125,1,1124,-0.11865847557783127,-0.03597690537571907,0.12124532461166382,-0.3279064893722534
1126,1,1125,-0.2338973581790924,-0.028700480237603188,0.1208295077085495,-0.3239474892616272
1127,1,1126,-0.32091519236564636,0.8896581530570984,0.12350143492221832,-0.32657039165496826
1128,1,1127,-0.348564475774765,-0.05739261209964752,0.12638181447982788,-0.32614344358444214
1129,1,1128,-0.3065227270126343,0.4054427146911621,0.12663516402244568,-0.3255392909049988
1130,1,1129,-0.2300543338060379,0.19012412428855896,0.12307824194431305,-0.32542771100997925
1131,1,1130,-0.1505737006664276,-0.013890850357711315,0.12210962176322937,-0.32421088218688965
1132,1,1131,-0.09920289367437363,-0.2013462483882904,0.12341693043708801,-0.3255917429924011
1133,1,1132,-0.07983472943305969,0.042119015008211136,0.1241077333688736,-0.3217507004737854
1134,1,1133,-0.07663124799728394,0.13374944031238556,0.12781980633735657,-0.3266262412071228
1135,1,1134,-0.06683876365423203,-0.18643231689929962,0.12851212918758392,-0.3228890299797058
1136,1,1135,-0.04789871722459793,0.01582455448806286,0.12610308825969696,-0.32791703939437866
1137,1,1136,-0.021545954048633575,0.38869771361351013,0.12736734747886658,-0.31999120116233826
1138,1,1137,0.01586536131799221,0.36005592346191406,0.13318480551242828,-0.3246222734451294
1139,1,1138,0.04843320697546005,-0.40924903750419617,0.1291947215795517,-0.32102343440055847
1140,1,1139,0.05255715548992157,0.06722979247570038,0.12826967239379883,-0.3301488757133484
1141,1,1140,0.03183626011013985,0.3768150508403778,0.12947562336921692,-0.3202441334724426
1142,1,1141,-0.0024903351441025734,0.18477067351341248,0.13269583880901337,-0.3284345865249634
1143,1,1142,-0.021111829206347466,0.380646288394928,0.13203659653663635,-0.32202035188674927
1144,1,1143,-0.019589215517044067,0.7477185130119324,0.13256295025348663,-0.3277119994163513
1145,1,1144,-0.018118269741535187,0.9061703085899353,0.12553951144218445,-0.3189051151275635
1146,1,1145,-0.033796217292547226,-0.15086354315280914,0.12931838631629944,-0.32974934577941895
1147,1,1146,-0.07308053225278854,-0.48530977964401245,0.1245458573102951,-0.3190634846687317
1148,1,1147,-0.13308186829090118,0.39857569336891174,0.1310148686170578,-0.326499342918396
1149,1,1148,-0.20470751821994781,0.8653094172477722,0.12213204801082611,-0.31795597076416016
1150,1,1149,-0.24953310191631317,-0.22371605038642883,0.12798987329006195,-0.3274032175540924
1151,1,1150,-0.24753175675868988,0.39488980174064636,0.12767460942268372,-0.32297804951667786
1152,1,1151,-0.19483420252799988,0.1982128620147705,0.1286555975675583,-0.3265922963619232
1153,1,1152,-0.10999512672424316,0.3307502865791321,0.1296287328004837,-0.3233438730239868
1154,1,1153,0.00878547690808773,0.204745814204216,0.13138429820537567,-0.3229530453681946
1155,1,1154,0.13203269243240356,0.10593285411596298,0.12131737172603607,-0.32055187225341797
1156,1,1155,0.250484824180603,0.5794200301170349,0.12950552999973297,-0.32065898180007935
1157,1,1156,0.3505035638809204,0.6544924378395081,0.12857885658740997,-0.3238675594329834
1158,1,1157,0.38689348101615906,0.16281425952911377,0.12475796043872833,-0.3249264359474182
1159,1,1158,0.363736629486084,-0.4750022888183594,0.12699687480926514,-0.32417547702789307
1160,1,1159,0.29732298851013184,0.46704521775245667,0.12363322079181671,-0.32522937655448914
1161,1,1160,0.20463936030864716,0.018021708354353905,0.1247318834066391,-0.32464760541915894
1162,1,1161,0.11980102956295013,-0.03160949423909187,0.12723293900489807,-0.32230353355407715
1163,1,1162,0.06719250977039337,0.2817375361919403,0.1270737200975418,-0.32485079765319824
1164,1,1163,0.06244369596242905,-0.225012868642807,0.1308520883321762,-0.3226107358932495
1165,1,1164,0.12305409461259842,0.2383703887462616,0.13144414126873016,-0.32437562942504883
1166,1,1165,0.21852551400661469,-0.37118807435035706,0.1293112337589264,-0.32116469740867615
1167,1,1166,0.29527759552001953,0.29710841178894043,0.12845966219902039,-0.32624316215515137
1168,1,1167,0.32070761919021606,0.38649797439575195,0.12839604914188385,-0.3212524354457855
1169,1,1168,0.28757989406585693,0.3207080364227295,0.13106919825077057,-0.32819056510925293
1170,1,1169,0.2347380369901657,0.46921247243881226,0.13340583443641663,-0.3208335041999817
1171,1,1170,0.21767067909240723,-0.13317379355430603,0.1315881907939911,-0.3226698637008667
1172,1,1171,0.2369970828294754,0.6422814726829529,0.12766745686531067,-0.32073360681533813
1173,1,1172,0.27103421092033386,0.18311707675457,0.1303212195634842,-0.3277360200881958
1174,1,1173,0.2873143255710602,-0.38084450364112854,0.126918226480484,-0.321950763463974
1175,1,1174,0.24547919631004333,1.0,0.12677517533302307,-0.3287510871887207
1176,1,1175,0.14566579461097717,-0.3990592360496521,0.12698133289813995,-0.32016146183013916
1177,1,1176,0.0055623664520680904,-0.3997246325016022,0.12911957502365112,-0.3292352259159088
1178,1,1177,-0.1252025067806244,0.603435218334198,0.12855686247348785,-0.32085177302360535
1179,1,1178,-0.1947934329509735,0.3070593774318695,0.1329500377178192,-0.3303489089012146
1180,1,1179,-0.19093886017799377,0.394965261220932,0.13103072345256805,-0.3219143748283386
1181,1,1180,-0.1348063349723816,0.1333826631307602,0.1337316334247589,-0.326507031917572
1182,1,1181,-0.046232983469963074,-0.02282361499965191,0.12975144386291504,-0.3217484951019287
1183,1,1182,0.03614496812224388,-0.31148403882980347,0.1270657479763031,-0.3288407325744629
1184,1,1183,0.07970647513866425,0.3155052065849304,0.12877951562404633,-0.3214479088783264
1185,1,1184,0.06899852305650711,-0.21336257457733154,0.12643681466579437,-0.3290204405784607
1186,1,1185,0.014690611511468887,0.34793195128440857,0.12400256097316742,-0.32194554805755615
1187,1,1186,-0.06608400493860245,-0.23526962101459503,0.12449488043785095,-0.3285597264766693
1188,1,1187,-0.1510724574327469,-0.6606928706169128,0.1232001930475235,-0.3228744566440582
1189,1,1188,-0.22372423112392426,0.3603372871875763,0.12370407581329346,-0.3290567398071289
1190,1,1189,-0.27022549510002136,-0.09788285195827484,0.12194527685642242,-0.32523298263549805
1191,1,1190,-0.2948223650455475,0.11454035341739655,0.12423451244831085,-0.3271697461605072
1192,1,1191,-0.29111525416374207,-0.021571185439825058,0.12620198726654053,-0.3255084156990051
1193,1,1192,-0.2683846354484558,-0.4651959240436554,0.12056292593479156,-0.3281969428062439
1194,1,1193,-0.2415795475244522,-0.42747747898101807,0.12428072094917297,-0.32720550894737244
1195,1,1194,-0.22889618575572968,-0.1429545134305954,0.11975859105587006,-0.3273310661315918
1196,1,1195,-0.2375844419002533,-0.017271224409341812,0.12365187704563141,-0.326574444770813
1197,1,1196,-0.2685675024986267,0.9347078204154968,0.11844056844711304,-0.32517164945602417
1198,1,1197,-0.31264975666999817,0.467449814081192,0.12337002158164978,-0.32846641540527344
1199,1,1198,-0.3479557931423187,0.10371199995279312,0.1222735196352005,-0.3246699571609497
1200,1,1199,-0.36992594599723816,0.03677395358681679,0.12059439718723297,-0.3276990056037903
1201,1,1200,-0.3728569746017456,-0.02328423224389553,0.12324124574661255,-0.3214787244796753
1202,1,1201,-0.35038110613822937,0.44840699434280396,0.12748263776302338,-0.32885169982910156
1203,1,1202,-0.2911047339439392,0.06555552780628204,0.13069938123226166,-0.3237098455429077
1204,1,1203,-0.2103382647037506,-0.29499197006225586,0.12649480998516083,-0.3285699486732483
1205,1,1204,-0.13699549436569214,0.8464008569717407,0.126288503408432,-0.32196491956710815
1206,1,1205,-0.09081041067838669,0.28367090225219727,0.1322035789489746,-0.33063429594039917
1207,1,1206,-0.06862173974514008,-0.35277682542800903,0.130936861038208,-0.3230147361755371
1208,1,1207,-0.08120265603065491,-0.40597280859947205,0.12762244045734406,-0.3309652805328369
1209,1,1208,-0.11976727098226547,0.3313474953174591,0.1276693195104599,-0.3199537694454193
1210,1,1209,-0.1635652482509613,0.42128193378448486,0.13295096158981323,-0.3295016288757324
1211,1,1210,-0.17499582469463348,0.2645844519138336,0.1316555291414261,-0.3224620521068573
1212,1,1211,-0.15915101766586304,-0.09906613081693649,0.12890905141830444,-0.33127492666244507
1213,1,1212,-0.13012225925922394,0.09775754064321518,0.12666016817092896,-0.3228849470615387
1214,1,1213,-0.1190129742026329,-0.17309516668319702,0.12747931480407715,-0.33085206151008606
1215,1,1214,-0.13818705081939697,0.19440306723117828,0.12607459723949432,-0.3225598931312561
1216,1,1215,-0.17994728684425354,0.8074008226394653,0.12428155541419983,-0.3291222155094147
1217,1,1216,-0.22897085547447205,-0.14701274037361145,0.12358878552913666,-0.3231898546218872
1218,1,1217,-0.28114748001098633,-0.1801847666501999,0.12237690389156342,-0.33040764927864075
1219,1,1218,-0.3100869357585907,0.7342387437820435,0.12449268996715546,-0.32627758383750916
1220,1,1219,-0.3209651708602905,-0.2197861671447754,0.1234542578458786,-0.32980284094810486
1221,1,1220,-0.31609833240509033,0.3799265921115875,0.12313422560691833,-0.3277435898780823
1222,1,1221,-0.2868223190307617,0.06872215867042542,0.12313108146190643,-0.3249571621417999
1223,1,1222,-0.23554550111293793,-0.352190226316452,0.1273716390132904,-0.3276311159133911
1224,1,1223,-0.16970616579055786,-0.0949433371424675,0.1269797384738922,-0.32599347829818726
1225,1,1224,-0.10744237154722214,0.1615394949913025,0.12486939132213593,-0.3267247974872589
1226,1,1225,-0.058146391063928604,0.13603152334690094,0.12383417785167694,-0.3253187835216522
1227,1,1226,-0.032496072351932526,0.4056110978126526,0.12330390512943268,-0.3257056474685669
1228,1,1227,-0.02959507517516613,0.2273833155632019,0.12441106140613556,-0.3222927451133728
1229,1,1228,-0.049882788211107254,0.29550543427467346,0.12624718248844147,-0.32766562700271606
1230,1,1229,-0.08021771162748337,0.418195515871048,0.12774179875850677,-0.3199690580368042
1231,1,1230,-0.10630087554454803,-0.21365496516227722,0.1255923956632614,-0.3272504210472107
1232,1,1231,-0.13933944702148438,-0.5306612253189087,0.12263581156730652,-0.3200794458389282
1233,1,1232,-0.19005826115608215,0.47702622413635254,0.12825535237789154,-0.33073174953460693
1234,1,1233,-0.24554423987865448,0.8026567101478577,0.12751013040542603,-0.3203510046005249
1235,1,1234,-0.267107754945755,-0.20615288615226746,0.13142819702625275,-0.328726202249527
1236,1,1235,-0.2397492676973343,0.5621639490127563,0.13220234215259552,-0.3233175277709961
1237,1,1236,-0.18700839579105377,0.4078015685081482,0.13247008621692657,-0.33132627606391907
1238,1,1237,-0.13214105367660522,-0.3526974022388458,0.131103515625,-0.32165250182151794
1239,1,1238,-0.10147649794816971,-0.04112358018755913,0.1288563311100006,-0.3291460871696472
1240,1,1239,-0.0988646149635315,0.1697361022233963,0.1275811642408371,-0.31969353556632996
1241,1,1240,-0.11561441421508789,-0.7443349361419678,0.13179975748062134,-0.32805678248405457
1242,1,1241,-0.14471974968910217,0.147926926612854,0.12829941511154175,-0.3196614980697632
1243,1,1242,-0.16887469589710236,0.11963959038257599,0.12873226404190063,-0.32912391424179077
1244,1,1243,-0.17935781180858612,0.1899738758802414,0.12598960101604462,-0.3210299015045166
1245,1,1244,-0.18832619488239288,0.4918433725833893,0.12397630512714386,-0.32915061712265015
1246,1,1245,-0.20164506137371063,0.693090558052063,0.12524516880512238,-0.32318830490112305
1247,1,1246,-0.2057487517595291,0.18675071001052856,0.12551763653755188,-0.3275566101074219
1248,1,1247,-0.19797058403491974,-0.3199346959590912,0.12511542439460754,-0.3234584927558899
1249,1,1248,-0.19025887548923492,-0.08915553987026215,0.12126922607421875,-0.3286101222038269
1250,1,1249,-0.1892850548028946,-0.8195556998252869,0.12289188802242279,-0.3250119984149933
1251,1,1250,-0.21281614899635315,-0.5562667846679688,0.12065096199512482,-0.32890549302101135
1252,1,1251,-0.25606584548950195,0.21314197778701782,0.12196643650531769,-0.3247285485267639
1253,1,1252,-0.3101995587348938,-0.2258831411600113,0.12227611243724823,-0.3277767300605774
1254,1,1253,-0.3589143455028534,0.3338210880756378,0.12134480476379395,-0.32511499524116516
1255,1,1254,-0.36525580286979675,0.4506286382675171,0.12429706752300262,-0.32425636053085327
1256,1,1255,-0.31994903087615967,0.24527902901172638,0.12389378249645233,-0.3259984254837036
1257,1,1256,-0.2091917246580124,0.10821129381656647,0.13279858231544495,-0.3224913477897644
1258,1,1257,-0.05087481066584587,-0.11547691375017166,0.13117779791355133,-0.325654536485672
1259,1,1258,0.13119910657405853,-0.2685830295085907,0.13115476071834564,-0.31933748722076416
1260,1,1259,0.27581754326820374,0.39564430713653564,0.12597040832042694,-0.32462143898010254
1261,1,1260,0.3370976746082306,1.0,0.1321669965982437,-0.3181462585926056
1262,1,1261,0.3359874188899994,-0.2742956280708313,0.12680171430110931,-0.32357826828956604
1263,1,1262,0.29082971811294556,-0.16042882204055786,0.12711377441883087,-0.31815996766090393
1264,1,1263,0.22880692780017853,0.22852636873722076,0.12982288002967834,-0.32624030113220215
1265,1,1264,0.1749809831380844,0.2512246072292328,0.13069427013397217,-0.3203408420085907
1266,1,1265,0.12230943888425827,0.006185157690197229,0.1290798932313919,-0.3273630440235138
1267,1,1266,0.06886768341064453,0.9212554693222046,0.12786485254764557,-0.31994038820266724
1268,1,1267,0.00361442263238132,0.44865748286247253,0.1328747421503067,-0.33000269532203674
1269,1,1268,-0.04900698736310005,0.12202069908380508,0.13127683103084564,-0.32219797372817993
1270,1,1269,-0.0962667316198349,0.11541489511728287,0.1297776997089386,-0.33034923672676086
1271,1,1270,-0.13912519812583923,0.19881543517112732,0.12904882431030273,-0.3199997544288635
1272,1,1271,-0.1921214461326599,-0.002969049848616123,0.12877103686332703,-0.3303471803665161
1273,1,1272,-0.23714007437229156,0.6727750897407532,0.12583033740520477,-0.31959864497184753
1274,1,1273,-0.2299427092075348,0.18075169622898102,0.12761619687080383,-0.3243567943572998
1275,1,1274,-0.18449629843235016,-0.1106904000043869,0.12012366950511932,-0.32041144371032715
1276,1,1275,-0.1093251183629036,0.4980276823043823,0.12777142226696014,-0.3242025375366211
1277,1,1276,-0.02183884009718895,1.0,0.12808740139007568,-0.32481634616851807
1278,1,1277,0.08337606489658356,0.18267986178398132,0.1269553303718567,-0.3219887614250183
1279,1,1278,0.19585010409355164,0.9761599898338318,0.1322791427373886,-0.3237517476081848
1280,1,1279,0.3101986050605774,-0.21439248323440552,0.13215897977352142,-0.32257187366485596
1281,1,1280,0.41024985909461975,0.36856380105018616,0.1303151249885559,-0.3231387138366699
1282,1,1281,0.45950302481651306,0.5266864895820618,0.12370607256889343,-0.32030346989631653
1283,1,1282,0.43126553297042847,-0.06796900182962418,0.12270298600196838,-0.3233243227005005
1284,1,1283,0.3393575847148895,0.033652205020189285,0.12202194333076477,-0.3234674334526062
1285,1,1284,0.2009163498878479,0.44112950563430786,0.12729796767234802,-0.32679155468940735
1286,1,1285,0.0591268353164196,0.09789852052927017,0.1246490478515625,-0.3241293430328369
1287,1,1286,-0.04407551884651184,-0.30828556418418884,0.12705302238464355,-0.32738789916038513
1288,1,1287,-0.07938914000988007,-0.0661386251449585,0.12904587388038635,-0.3234744071960449
1289,1,1288,-0.050049543380737305,0.16969037055969238,0.13006766140460968,-0.3284667134284973
1290,1,1289,0.009292216040194035,0.09290610253810883,0.12549863755702972,-0.32373887300491333
1291,1,1290,0.037517886608839035,0.1399286538362503,0.12491011619567871,-0.32871776819229126
1292,1,1291,0.00728885643184185,0.10272865742444992,0.12059016525745392,-0.3215876519680023
1293,1,1292,-0.08129596710205078,0.34678182005882263,0.12478382885456085,-0.3291700780391693
1294,1,1293,-0.20583654940128326,0.00977729819715023,0.12058116495609283,-0.3212999403476715
1295,1,1294,-0.323799729347229,-0.19670166075229645,0.12403401732444763,-0.3286384642124176
1296,1,1295,-0.3974893391132355,0.570986807346344,0.12500402331352234,-0.32306969165802
1297,1,1296,-0.4017314016819,0.30174410343170166,0.13066738843917847,-0.32939577102661133
1298,1,1297,-0.3405390977859497,-0.0628984197974205,0.13131679594516754,-0.32136645913124084
1299,1,1298,-0.2409534454345703,0.6527417898178101,0.13206003606319427,-0.33095917105674744
1300,1,1299,-0.137541264295578,0.18230217695236206,0.13258914649486542,-0.32208314538002014
1301,1,1300,-0.06332448124885559,0.6625983715057373,0.13079790771007538,-0.32984232902526855
1302,1,1301,-0.036610741168260574,0.3419431746006012,0.12958556413650513,-0.3216917812824249
1303,1,1302,-0.059222280979156494,0.4762391746044159,0.12922663986682892,-0.3300224542617798
1304,1,1303,-0.10479120165109634,-0.2909182608127594,0.12418290972709656,-0.32073110342025757
1305,1,1304,-0.1624813675880432,0.11661645025014877,0.12827420234680176,-0.33030569553375244
1306,1,1305,-0.2131282389163971,-0.06538085639476776,0.12607482075691223,-0.32303404808044434
1307,1,1306,-0.25125250220298767,0.678318977355957,0.12360610067844391,-0.32820117473602295
1308,1,1307,-0.26571282744407654,-0.09146295487880707,0.12484751641750336,-0.3232780694961548
1309,1,1308,-0.26591551303863525,0.33751434087753296,0.12236735224723816,-0.3298124074935913
1310,1,1309,-0.2652807831764221,0.28376907110214233,0.1230214536190033,-0.3247906565666199
1311,1,1310,-0.27149882912635803,0.05986640602350235,0.12159794569015503,-0.32789742946624756
1312,1,1311,-0.27711281180381775,-0.14946869015693665,0.12494446337223053,-0.3276561200618744
1313,1,1312,-0.27557894587516785,-0.19281704723834991,0.12041479349136353,-0.3263115882873535
1314,1,1313,-0.26149165630340576,0.06676028668880463,0.1261543482542038,-0.32920652627944946
1315,1,1314,-0.2509247362613678,-0.021998878568410873,0.1195753663778305,-0.325454980134964
1316,1,1315,-0.25461578369140625,-0.46779656410217285,0.12666170299053192,-0.33000531792640686
1317,1,1316,-0.2658458948135376,0.727337121963501,0.12382683157920837,-0.3236050605773926
1318,1,1317,-0.28558921813964844,-0.37277525663375854,0.12534300982952118,-0.3304142355918884
1319,1,1318,-0.30310216546058655,0.20779111981391907,0.1252322793006897,-0.32206881046295166
1320,1,1319,-0.3162524700164795,0.32451745867729187,0.12978173792362213,-0.33163559436798096
1321,1,1320,-0.3196340799331665,0.31705376505851746,0.13033194839954376,-0.3211057186126709
1322,1,1321,-0.3163437843322754,0.467012494802475,0.12935668230056763,-0.33019202947616577
1323,1,1322,-0.30449482798576355,0.7247925996780396,0.1312018483877182,-0.3215144872665405
1324,1,1323,-0.2866173982620239,-0.24736246466636658,0.1307867169380188,-0.33149421215057373
1325,1,1324,-0.2608658969402313,-0.0799875408411026,0.13075992465019226,-0.3223322331905365
1326,1,1325,-0.23931312561035156,0.3140373229980469,0.13033054769039154,-0.33109647035598755
1327,1,1326,-0.22771339118480682,-0.20440347492694855,0.12793953716754913,-0.32088732719421387
1328,1,1327,-0.22455188632011414,0.2302594780921936,0.12831903994083405,-0.32964998483657837
1329,1,1328,-0.2275213897228241,-0.6692796945571899,0.12724144756793976,-0.32224708795547485
1330,1,1329,-0.23599673807621002,-0.2421080768108368,0.12743119895458221,-0.33066844940185547
1331,1,1330,-0.23381134867668152,0.22592222690582275,0.12600146234035492,-0.3243025541305542
1332,1,1331,-0.23381489515304565,-0.07746978849172592,0.12648677825927734,-0.33104556798934937
1333,1,1332,-0.24175843596458435,-0.060691993683576584,0.12357546389102936,-0.3225056529045105
1334,1,1333,-0.26400232315063477,0.7182222008705139,0.12146113812923431,-0.32988783717155457
1335,1,1334,-0.29858312010765076,0.3577911853790283,0.12331824004650116,-0.3245747685432434
1336,1,1335,-0.3484964966773987,0.6080875396728516,0.12014637887477875,-0.3299785852432251
1337,1,1336,-0.4051688611507416,-0.4074018895626068,0.12090817093849182,-0.3247651755809784
1338,1,1337,-0.4557265043258667,0.24154676496982574,0.11968502402305603,-0.328296959400177
1339,1,1338,-0.48839008808135986,0.3759540319442749,0.12227630615234375,-0.32579129934310913
1340,1,1339,-0.48863935470581055,0.24220159649848938,0.1221008449792862,-0.3273646831512451
1341,1,1340,-0.45503997802734375,0.0728890672326088,0.123621866106987,-0.32767242193222046
1342,1,1341,-0.37555262446403503,-0.2536758780479431,0.13048353791236877,-0.32517921924591064
1343,1,1342,-0.2613324522972107,0.041782502084970474,0.12467284500598907,-0.3267715275287628
1344,1,1343,-0.125152587890625,0.11823482811450958,0.1295398622751236,-0.32356858253479004
1345,1,1344,-0.0021396875381469727,0.06134498864412308,0.12613452970981598,-0.3256416320800781
1346,1,1345,0.0881349965929985,0.4369167387485504,0.12607339024543762,-0.3215181231498718
1347,1,1346,0.13367953896522522,0.22515259683132172,0.12666143476963043,-0.32538431882858276
1348,1,1347,0.14586655795574188,0.5777239799499512,0.1257629245519638,-0.31838828325271606
1349,1,1348,0.1537274569272995,0.5797613859176636,0.12761163711547852,-0.3235020041465759
1350,1,1349,0.18050415813922882,0.6688073873519897,0.12623319029808044,-0.3204401135444641
1351,1,1350,0.2398931384086609,0.6941996216773987,0.1284315586090088,-0.3246481418609619
1352,1,1351,0.31515583395957947,0.2023090124130249,0.13095074892044067,-0.3193066716194153
1353,1,1352,0.4001975357532501,0.13289599120616913,0.12715202569961548,-0.3230423331260681
1354,1,1353,0.4554363787174225,0.1859978884458542,0.12993574142456055,-0.31889963150024414
1355,1,1354,0.47218796610832214,-0.08713472634553909,0.13022948801517487,-0.3228808045387268
1356,1,1355,0.4622822105884552,0.3246822953224182,0.13254691660404205,-0.32014966011047363
1357,1,1356,0.4412800967693329,-0.19688361883163452,0.12605531513690948,-0.32358312606811523
1358,1,1357,0.43487927317619324,0.343438982963562,0.13261643052101135,-0.320189893245697
1359,1,1358,0.45584771037101746,-0.1946897953748703,0.1296653151512146,-0.32151490449905396
1360,1,1359,0.4933619201183319,0.13177379965782166,0.13369442522525787,-0.3204663395881653
1361,1,1360,0.5418022274971008,-0.12058316916227341,0.13142675161361694,-0.3225015103816986
1362,1,1361,0.581020712852478,-0.017177125439047813,0.13156527280807495,-0.3193838596343994
1363,1,1362,0.567740797996521,-0.21793213486671448,0.13090801239013672,-0.327853798866272
1364,1,1363,0.48101210594177246,-0.14617690443992615,0.128440722823143,-0.31795763969421387
1365,1,1364,0.3428633213043213,0.22544912993907928,0.13140897452831268,-0.32431498169898987
1366,1,1365,0.20864520967006683,0.4073852002620697,0.1329314112663269,-0.3205346465110779
1367,1,1366,0.12990474700927734,0.7279468178749084,0.1343402862548828,-0.32654571533203125
1368,1,1367,0.13430637121200562,0.3384378254413605,0.13121584057807922,-0.3216855525970459
1369,1,1368,0.18706579506397247,0.1013585701584816,0.128411203622818,-0.3270326256752014
1370,1,1369,0.23927025496959686,-0.0006439860444515944,0.1282155066728592,-0.3192823529243469
1371,1,1370,0.240208238363266,0.09053270518779755,0.1251496821641922,-0.3260423541069031
1372,1,1371,0.20146292448043823,0.5037603974342346,0.12115119397640228,-0.3235587775707245
1373,1,1372,0.1269635260105133,0.5461421608924866,0.12044063210487366,-0.32768771052360535
1374,1,1373,0.04045820236206055,0.35201963782310486,0.12488919496536255,-0.32236266136169434
1375,1,1374,-0.05014804005622864,-0.2383098304271698,0.12596333026885986,-0.3286728858947754
1376,1,1375,-0.1441396325826645,0.3104199767112732,0.12246474623680115,-0.31936773657798767
1377,1,1376,-0.2372228503227234,-0.5339311361312866,0.12120077013969421,-0.32767656445503235
1378,1,1377,-0.3069964349269867,0.22821244597434998,0.1266375333070755,-0.3244834542274475
1379,1,1378,-0.3468255400657654,-0.040010303258895874,0.12310247123241425,-0.3293469250202179
1380,1,1379,-0.34236767888069153,-0.36471712589263916,0.12547516822814941,-0.32559752464294434
1381,1,1380,-0.31469088792800903,0.4974651038646698,0.11997973918914795,-0.3292465806007385
1382,1,1381,-0.30112820863723755,-0.051977332681417465,0.1233682930469513,-0.3232797384262085
1383,1,1382,-0.3059566915035248,0.0037610603030771017,0.12027324736118317,-0.32899874448776245
1384,1,1383,-0.3221900165081024,-0.17025935649871826,0.12396621704101562,-0.32574981451034546
1385,1,1384,-0.33524289727211,0.4151342809200287,0.1251218616962433,-0.32713234424591064
1386,1,1385,-0.33125513792037964,-0.16489911079406738,0.12081581354141235,-0.3266220986843109
1387,1,1386,-0.3051163852214813,0.01992415450513363,0.1201830506324768,-0.3253609836101532
1388,1,1387,-0.270772784948349,0.03668001666665077,0.1267450451850891,-0.3269627094268799
1389,1,1388,-0.23687595129013062,0.4570988416671753,0.12243102490901947,-0.3251039981842041
1390,1,1389,-0.2144233137369156,0.02792229875922203,0.12422885000705719,-0.3277150094509125
1391,1,1390,-0.20820167660713196,0.5464068651199341,0.11906611919403076,-0.3249054551124573
1392,1,1391,-0.21658341586589813,-0.053325019776821136,0.12602467834949493,-0.3290637135505676
1393,1,1392,-0.22627916932106018,0.8299482464790344,0.12215934693813324,-0.32330572605133057
1394,1,1393,-0.22637636959552765,-0.09021621197462082,0.131604865193367,-0.3294889032840729
1395,1,1394,-0.206374391913414,0.15238957107067108,0.1292579472064972,-0.32414358854293823
1396,1,1395,-0.1502695530653,0.32381173968315125,0.13396622240543365,-0.3292003273963928
1397,1,1396,-0.05700187012553215,-0.15510743856430054,0.1307649165391922,-0.3236960470676422
1398,1,1397,0.04284932091832161,0.11472678184509277,0.13450412452220917,-0.32904988527297974
1399,1,1398,0.13111579418182373,0.33199501037597656,0.13344891369342804,-0.32296642661094666
1400,1,1399,0.18222804367542267,-0.6200494766235352,0.1307252049446106,-0.3288297653198242
1401,1,1400,0.18886487185955048,0.26976507902145386,0.13034771382808685,-0.3192286789417267
1402,1,1401,0.17391914129257202,0.31250542402267456,0.1331687718629837,-0.3252289891242981
1403,1,1402,0.15252438187599182,0.4004775583744049,0.1305214762687683,-0.3197498321533203
1404,1,1403,0.14428217709064484,-0.5286332964897156,0.13030503690242767,-0.32623088359832764
1405,1,1404,0.13765943050384521,0.3009428083896637,0.12654641270637512,-0.3206775188446045
1406,1,1405,0.11199059337377548,0.7198904156684875,0.12714028358459473,-0.329304963350296
1407,1,1406,0.05714268237352371,0.03832388296723366,0.12218530476093292,-0.3226894736289978
1408,1,1407,-0.03491242602467537,0.795102059841156,0.12652915716171265,-0.32996952533721924
1409,1,1408,-0.15551218390464783,0.36735665798187256,0.12332397699356079,-0.32066547870635986
1410,1,1409,-0.2807558476924896,0.1079757958650589,0.12340737879276276,-0.3303651809692383
1411,1,1410,-0.36784520745277405,0.3850310742855072,0.12312933802604675,-0.32497739791870117
1412,1,1411,-0.4096909761428833,0.5253057479858398,0.12021952867507935,-0.32825395464897156
1413,1,1412,-0.40549466013908386,0.34800177812576294,0.12437528371810913,-0.3249223232269287
1414,1,1413,-0.3785758912563324,0.17227083444595337,0.12055465579032898,-0.327289879322052
1415,1,1414,-0.34521517157554626,-0.06801068037748337,0.12419797480106354,-0.327321320772171
1416,1,1415,-0.3148019313812256,-0.11008566617965698,0.12162189185619354,-0.32651588320732117
1417,1,1416,-0.28642117977142334,-0.029886996373534203,0.12394055724143982,-0.3279106616973877
1418,1,1417,-0.25958067178726196,0.26981252431869507,0.1230744868516922,-0.32506370544433594
1419,1,1418,-0.2369057536125183,-0.4838322103023529,0.12548385560512543,-0.3289872109889984
1420,1,1419,-0.21763242781162262,0.020002691075205803,0.12373587489128113,-0.3238562345504761
1421,1,1420,-0.20633837580680847,-0.12973308563232422,0.12208503484725952,-0.32687532901763916
1422,1,1421,-0.19352015852928162,0.6880164742469788,0.12565363943576813,-0.3229714632034302
1423,1,1422,-0.1712648719549179,0.08550411462783813,0.13025550544261932,-0.3287724256515503
1424,1,1423,-0.1285848468542099,0.4561055302619934,0.1294649839401245,-0.3231194019317627
1425,1,1424,-0.0790664479136467,-0.7310090065002441,0.13034477829933167,-0.329465389251709
1426,1,1425,-0.032409247010946274,0.2746483087539673,0.13002797961235046,-0.3205360770225525
1427,1,1426,-0.0025854583363980055,0.307073712348938,0.13173560798168182,-0.3276996314525604
1428,1,1427,-0.007326505146920681,-0.4838935136795044,0.1252661943435669,-0.3171840310096741
1429,1,1428,-0.029026929289102554,0.04763244092464447,0.12788015604019165,-0.32597020268440247
1430,1,1429,-0.06645144522190094,0.9236946702003479,0.12805746495723724,-0.3187295198440552
1431,1,1430,-0.11600156873464584,0.24908505380153656,0.12778449058532715,-0.3289417326450348
1432,1,1431,-0.1527213454246521,0.1388227641582489,0.1310470551252365,-0.3235054314136505
1433,1,1432,-0.1710403561592102,0.06319767236709595,0.12968996167182922,-0.3309694528579712
1434,1,1433,-0.16748587787151337,0.3610572814941406,0.12845011055469513,-0.32254379987716675
1435,1,1434,-0.16376514732837677,0.5328524708747864,0.1260843127965927,-0.33128219842910767
1436,1,1435,-0.1624809205532074,-0.045995082706213,0.12419508397579193,-0.32373666763305664
1437,1,1436,-0.1709221750497818,0.05948276445269585,0.12494394183158875,-0.3281797170639038
1438,1,1437,-0.1690831035375595,-0.06668233126401901,0.12424108386039734,-0.32454654574394226
1439,1,1438,-0.16496644914150238,0.7475602626800537,0.1259046345949173,-0.327364444732666
1440,1,1439,-0.1432739943265915,-0.15191565454006195,0.1269930899143219,-0.32637184858322144
1441,1,1440,-0.09933904558420181,0.7937998175621033,0.1245298832654953,-0.32534661889076233
1442,1,1441,-0.04449145495891571,0.6046075820922852,0.12839703261852264,-0.326403945684433
1443,1,1442,-0.0025187276769429445,-0.04549961909651756,0.12143678963184357,-0.3252444267272949
1444,1,1443,0.004289751406759024,-0.015346424654126167,0.12483291327953339,-0.32802271842956543
1445,1,1444,-0.02753736823797226,0.11423502117395401,0.122656911611557,-0.32327020168304443
1446,1,1445,-0.08443669974803925,-0.5003904104232788,0.12715624272823334,-0.3292296230792999
1447,1,1446,-0.14037996530532837,0.32393696904182434,0.12612676620483398,-0.3222098648548126
1448,1,1447,-0.18369294703006744,0.4957960546016693,0.1277225762605667,-0.33038249611854553
1449,1,1448,-0.2079235017299652,0.44278839230537415,0.12620513141155243,-0.32190388441085815
1450,1,1449,-0.21112149953842163,0.23722293972969055,0.12890765070915222,-0.32936060428619385
1451,1,1450,-0.18713200092315674,-0.018095016479492188,0.13130539655685425,-0.322567880153656
1452,1,1451,-0.1302095502614975,0.7876066565513611,0.13472162187099457,-0.3270902633666992
1453,1,1452,-0.05329075828194618,0.07670794427394867,0.1309465914964676,-0.32138094305992126
1454,1,1453,0.013023456558585167,-0.1289474070072174,0.1307489275932312,-0.3298298716545105
1455,1,1454,0.04249494895339012,0.0819622278213501,0.13023456931114197,-0.32006311416625977
1456,1,1455,0.027294615283608437,-0.025497019290924072,0.13347722589969635,-0.32914191484451294
1457,1,1456,-0.02056354098021984,0.47890645265579224,0.130715012550354,-0.32138141989707947
1458,1,1457,-0.08521445095539093,0.47642430663108826,0.13177815079689026,-0.3307705521583557
1459,1,1458,-0.14242425560951233,0.1102617084980011,0.12932178378105164,-0.3213691711425781
1460,1,1459,-0.18540944159030914,0.22850966453552246,0.1282854974269867,-0.3307341933250427
1461,1,1460,-0.21407945454120636,0.24277590215206146,0.1282753199338913,-0.32060903310775757
1462,1,1461,-0.22786493599414825,0.4838237464427948,0.12625522911548615,-0.328768253326416
1463,1,1462,-0.2123286873102188,-0.09632124751806259,0.12651897966861725,-0.32459190487861633
1464,1,1463,-0.16715238988399506,0.0383293516933918,0.12588028609752655,-0.32819175720214844
1465,1,1464,-0.11971526592969894,-0.0876736044883728,0.12393572926521301,-0.3226163685321808
1466,1,1465,-0.09411655366420746,0.4981391727924347,0.12407878041267395,-0.3269861340522766
1467,1,1466,-0.10359995067119598,-0.3435591757297516,0.12248428165912628,-0.32357025146484375
1468,1,1467,-0.12123354524374008,-0.28554031252861023,0.12299875915050507,-0.3224075734615326
1469,1,1468,-0.13268135488033295,0.3819730579853058,0.12234623730182648,-0.32275283336639404
1470,1,1469,-0.12641796469688416,0.3940386474132538,0.12518517673015594,-0.32420819997787476
1471,1,1470,-0.10785659402608871,0.8444204926490784,0.12555724382400513,-0.3279128074645996
1472,1,1471,-0.06995822489261627,-0.33644095063209534,0.12698934972286224,-0.3208732604980469
1473,1,1472,-0.010754672810435295,-0.3906468152999878,0.13104148209095,-0.32695725560188293
1474,1,1473,0.05313998460769653,0.25532209873199463,0.1299140304327011,-0.32293790578842163
1475,1,1474,0.0977768525481224,0.3320329189300537,0.13058695197105408,-0.3280833959579468
1476,1,1475,0.11089857667684555,0.6112959980964661,0.12771998345851898,-0.3220781087875366
1477,1,1476,0.09475886076688766,0.05300531163811684,0.12626968324184418,-0.32744377851486206
1478,1,1477,0.061928439885377884,-0.02577310986816883,0.12483823299407959,-0.32070136070251465
1479,1,1478,-0.008708531036973,-0.13865791261196136,0.12703078985214233,-0.32919251918792725
1480,1,1479,-0.11016476154327393,0.5943310856819153,0.12630224227905273,-0.3188265562057495
1481,1,1480,-0.20366279780864716,0.3461647629737854,0.13195285201072693,-0.33022308349609375
1482,1,1481,-0.2641909718513489,0.13634008169174194,0.12840646505355835,-0.3205218017101288
1483,1,1482,-0.29643502831459045,-0.10351433604955673,0.13171027600765228,-0.3305944800376892
1484,1,1483,-0.3038043975830078,-0.46296775341033936,0.1274843066930771,-0.3211219906806946
1485,1,1484,-0.26178333163261414,0.8568778038024902,0.128631129860878,-0.32658809423446655
1486,1,1485,-0.1737169325351715,0.41718512773513794,0.12465538084506989,-0.3223506212234497
1487,1,1486,-0.053044337779283524,0.8734432458877563,0.12431436777114868,-0.3253048062324524
1488,1,1487,0.04863294959068298,0.47295093536376953,0.12431596219539642,-0.3228321075439453
1489,1,1488,0.09361840039491653,0.11192228645086288,0.12735186517238617,-0.3249007761478424
1490,1,1489,0.08499766886234283,-0.08103284984827042,0.12422589957714081,-0.32193124294281006
1491,1,1490,0.052826765924692154,0.8390238881111145,0.1224200427532196,-0.32471024990081787
1492,1,1491,0.00247481488622725,0.6495256423950195,0.11991643905639648,-0.32130640745162964
1493,1,1492,-0.03514135628938675,0.21439367532730103,0.1258144974708557,-0.31898507475852966
1494,1,1493,-0.0325055755674839,-0.3836638927459717,0.12941040098667145,-0.324705570936203
1495,1,1494,0.0020216950215399265,0.5392771363258362,0.12652353942394257,-0.3223462998867035
1496,1,1495,0.05243025720119476,0.08325036615133286,0.1288025826215744,-0.3265451192855835
1497,1,1496,0.09841147065162659,0.7431679368019104,0.12656909227371216,-0.3240411877632141
1498,1,1497,0.11653203517198563,-0.11336550861597061,0.12482979893684387,-0.32711416482925415
1499,1,1498,0.11532065272331238,0.3427606225013733,0.1286712884902954,-0.3208896517753601
1500,1,1499,0.11247960478067398,0.4344154894351959,0.12772801518440247,-0.324312686920166
