global_step,update,step_in_update,reward,action_noisy,action_mean,value
1,1,0,-0.04971783608198166,0.3545141816139221,0.11933128535747528,-0.3175504803657532
2,1,1,0.1898180991411209,-0.11351568251848221,0.12012265622615814,-0.322573721408844
3,1,2,0.01604572869837284,0.45074278116226196,0.12078812718391418,-0.31803756952285767
4,1,3,-0.0840713307261467,0.09924110770225525,0.12113946676254272,-0.3226892650127411
5,1,4,-0.16172786056995392,-0.3198356032371521,0.12227515876293182,-0.3237268924713135
6,1,5,-0.17688027024269104,0.43368229269981384,0.1177663654088974,-0.31885623931884766
7,1,6,-0.08457735180854797,-0.2426280677318573,0.12194640934467316,-0.3239060640335083
8,1,7,-0.2316180020570755,-0.1275680810213089,0.11848115921020508,-0.322373628616333
9,1,8,-0.17728202044963837,-0.12893779575824738,0.11956825852394104,-0.3221637010574341
10,1,9,-0.06866148859262466,0.6179913282394409,0.11930796504020691,-0.3220420479774475
11,1,10,0.2960180342197418,-0.09341796487569809,0.12317143380641937,-0.32427316904067993
12,1,11,-0.43343231081962585,0.1658361703157425,0.12425932288169861,-0.3206329941749573
13,1,12,-0.26369166374206543,0.23428307473659515,0.1160380095243454,-0.3228866457939148
14,1,13,-0.03450161963701248,0.24343928694725037,0.11599710583686829,-0.32224565744400024
15,1,14,-0.09274709969758987,0.014559689909219742,0.12068477272987366,-0.322238028049469
16,1,15,0.40662968158721924,-0.24334979057312012,0.12173572182655334,-0.3240361511707306
17,1,16,-0.055092304944992065,-0.13146038353443146,0.12520891427993774,-0.32015639543533325
18,1,17,-0.19023942947387695,0.2550700306892395,0.12105055153369904,-0.32215574383735657
19,1,18,-0.11654063314199448,0.5160503387451172,0.12021221220493317,-0.3229426145553589
20,1,19,-0.21815606951713562,0.3038617968559265,0.12134329974651337,-0.3239327669143677
21,1,20,-0.08355247974395752,-0.4542596638202667,0.12019132077693939,-0.3238716125488281
22,1,21,-0.1622600257396698,0.3399010896682739,0.12126947939395905,-0.3243890404701233
23,1,22,-0.26441025733947754,0.20896455645561218,0.12099671363830566,-0.3257467746734619
24,1,23,-0.018736928701400757,-0.00834538135677576,0.11775180697441101,-0.3227611780166626
25,1,24,-0.17708010971546173,-0.04493848606944084,0.12306353449821472,-0.32246774435043335
26,1,25,-0.02150539495050907,-0.08225641399621964,0.12199082970619202,-0.3257346451282501
27,1,26,-0.01579214073717594,0.9167449474334717,0.12336556613445282,-0.32456207275390625
28,1,27,-0.35410621762275696,0.7444602847099304,0.12183278799057007,-0.32328546047210693
29,1,28,-0.23639097809791565,0.06116937845945358,0.11865033209323883,-0.32360178232192993
30,1,29,0.3292526304721832,-0.33012011647224426,0.1200050562620163,-0.32430657744407654
31,1,30,-0.3520062267780304,0.25406044721603394,0.11896303296089172,-0.31600746512413025
32,1,31,0.0940699577331543,0.12404323369264603,0.1181458830833435,-0.3226122260093689
33,1,32,-0.28672438859939575,0.09713274985551834,0.12034405767917633,-0.32071059942245483
34,1,33,0.1322575807571411,0.4970968961715698,0.1176566481590271,-0.3241116404533386
35,1,34,0.23295313119888306,-0.670884907245636,0.12407131493091583,-0.3233359456062317
36,1,35,0.15982545912265778,-0.06650127470493317,0.12548457086086273,-0.32508784532546997
37,1,36,-0.28833961486816406,0.06443912535905838,0.12720268964767456,-0.32717740535736084
38,1,37,0.047009970992803574,-0.10373350977897644,0.12225772440433502,-0.3261963725090027
39,1,38,-0.25032907724380493,0.1606025993824005,0.11876724660396576,-0.3208983540534973
40,1,39,-0.012374330312013626,1.0,0.11709004640579224,-0.32091689109802246
41,1,40,0.026698706671595573,0.09136822074651718,0.12110134959220886,-0.3229278326034546
42,1,41,0.05278177186846733,-0.27975302934646606,0.12249217927455902,-0.3233335614204407
43,1,42,-0.47058674693107605,-0.43302634358406067,0.12061075866222382,-0.31890997290611267
44,1,43,0.006320244632661343,0.3375987112522125,0.11975513398647308,-0.32573503255844116
45,1,44,-0.01862250082194805,-0.01455232035368681,0.12255474925041199,-0.3236694931983948
46,1,45,0.24206070601940155,0.2909601330757141,0.12384822964668274,-0.3251234292984009
47,1,46,-0.18487143516540527,-0.2746322453022003,0.123956099152565,-0.32379451394081116
48,1,47,0.05626885965466499,-0.4929882884025574,0.11892950534820557,-0.32053348422050476
49,1,48,-0.04145492613315582,0.3935762941837311,0.12366250157356262,-0.3249415159225464
50,1,49,-0.11872856318950653,0.35510265827178955,0.12080736458301544,-0.3228120803833008
51,2,0,-0.2156907618045807,1.0,0.07827230542898178,-0.21180976927280426
52,2,1,-0.25725632905960083,0.5639541149139404,0.07870825380086899,-0.21294324100017548
53,2,2,-0.3853088319301605,0.4543599784374237,0.07914967089891434,-0.21338562667369843
54,2,3,-0.0433724969625473,0.15469859540462494,0.07866267114877701,-0.21375373005867004
55,2,4,0.07813394069671631,0.353005051612854,0.0769302174448967,-0.20961470901966095
56,2,5,-0.2701873481273651,0.6293860673904419,0.07959427684545517,-0.21101726591587067
57,2,6,-0.5334561467170715,0.08744078129529953,0.0799238309264183,-0.2128765732049942
58,2,7,-0.14895646274089813,0.581731379032135,0.07781017571687698,-0.21419432759284973
59,2,8,-0.15201230347156525,0.019764935597777367,0.08092702180147171,-0.21354101598262787
60,2,9,-0.09139613807201385,0.17845243215560913,0.08189382404088974,-0.21382169425487518
61,2,10,-0.1799929440021515,0.017224879935383797,0.07756847888231277,-0.21022948622703552
62,2,11,-0.38293781876564026,-0.38426679372787476,0.07931920140981674,-0.2124115526676178
63,2,12,-0.08487208187580109,-0.24682319164276123,0.07894649356603622,-0.21286268532276154
64,2,13,-0.3722236752510071,0.7662636637687683,0.07824673503637314,-0.21172603964805603
65,2,14,-0.13242986798286438,-0.18200194835662842,0.0777592882514,-0.21210667490959167
66,2,15,-0.40703561902046204,-0.4106276035308838,0.07763361185789108,-0.21133482456207275
67,2,16,-0.10985981673002243,0.2542319893836975,0.07593924552202225,-0.2126423865556717
68,2,17,0.16291622817516327,-0.6022588014602661,0.07932422310113907,-0.21216626465320587
69,2,18,0.4888094663619995,-0.09247124195098877,0.07571280747652054,-0.20841997861862183
70,2,19,-0.4204885959625244,0.3017444312572479,0.07771538943052292,-0.21036003530025482
71,2,20,0.24710477888584137,-0.5385477542877197,0.07637975364923477,-0.21257658302783966
72,2,21,0.12065625935792923,0.39141008257865906,0.0776323452591896,-0.20914015173912048
73,2,22,-0.003382421098649502,0.5399780869483948,0.08153562992811203,-0.21154990792274475
74,2,23,-0.023318910971283913,0.10173432528972626,0.08174490183591843,-0.21187566220760345
75,2,24,-0.1323547065258026,0.04191663861274719,0.08080338686704636,-0.21164967119693756
76,2,25,-0.05600699409842491,0.24057039618492126,0.08172822743654251,-0.21346162259578705
77,2,26,-0.036059021949768066,-0.08339216560125351,0.08167792111635208,-0.21220780909061432
78,2,27,-0.21506713330745697,0.11358807981014252,0.0813036784529686,-0.2121364325284958
79,2,28,-0.14446452260017395,0.06951729953289032,0.07993670552968979,-0.2120082676410675
80,2,29,-0.2061753273010254,0.46109485626220703,0.08013290911912918,-0.21304801106452942
81,2,30,-0.24212536215782166,0.207227423787117,0.07911931723356247,-0.21314844489097595
82,2,31,-0.14022831618785858,-0.35279643535614014,0.07692808657884598,-0.21130704879760742
83,2,32,0.14662371575832367,0.6159918308258057,0.07634637504816055,-0.20954716205596924
84,2,33,-0.09431405365467072,-0.26068487763404846,0.08159773796796799,-0.21058978140354156
85,2,34,-0.29097920656204224,0.35916247963905334,0.07917983084917068,-0.2109171599149704
86,2,35,-0.15376770496368408,0.4460531771183014,0.07875149697065353,-0.21247170865535736
87,2,36,-0.4213508665561676,0.1897602677345276,0.08016879111528397,-0.21271613240242004
88,2,37,0.46517038345336914,-0.6097954511642456,0.07560846954584122,-0.21129974722862244
89,2,38,0.3162914216518402,-0.5288820862770081,0.07726124674081802,-0.20261220633983612
90,2,39,0.28940701484680176,0.7491310834884644,0.0760129764676094,-0.2108794003725052
91,2,40,-0.05657282844185829,0.0023641306906938553,0.08107434958219528,-0.21077707409858704
92,2,41,0.18718069791793823,0.44222891330718994,0.08072403818368912,-0.21140524744987488
93,2,42,-0.3065683841705322,0.8449813723564148,0.08192523568868637,-0.211853489279747
94,2,43,0.11020777374505997,-0.01581464894115925,0.07886091619729996,-0.21278436481952667
95,2,44,-0.02318020537495613,-0.07124998420476913,0.08091137558221817,-0.2116963416337967
96,2,45,-0.03444145992398262,0.05647794529795647,0.08235033601522446,-0.21321789920330048
97,2,46,-0.15915773808956146,0.34917789697647095,0.08247625082731247,-0.21361298859119415
98,2,47,-0.13897179067134857,0.21963606774806976,0.08034398406744003,-0.21236489713191986
99,2,48,-0.3182756006717682,0.7008637189865112,0.07793434709310532,-0.21108226478099823
100,2,49,-0.03447607532143593,0.08355498313903809,0.078233502805233,-0.21206866204738617
101,3,0,-0.019652336835861206,0.10689082741737366,0.03855050727725029,-0.24720680713653564
102,3,1,-0.04005232825875282,0.522899866104126,0.040754180401563644,-0.24626898765563965
103,3,2,-0.17896334826946259,-0.8653834462165833,0.04322442039847374,-0.24685299396514893
104,3,3,0.15952536463737488,-0.03955944627523422,0.04152388498187065,-0.24673467874526978
105,3,4,0.21303756535053253,-0.02160869725048542,0.04165513440966606,-0.24532335996627808
106,3,5,-0.06577949225902557,0.1859525442123413,0.0425642691552639,-0.244279146194458
107,3,6,0.06447475403547287,0.6800003051757812,0.03944208845496178,-0.24316686391830444
108,3,7,0.14332318305969238,0.3239330053329468,0.041007231920957565,-0.24314084649085999
109,3,8,-0.1015453115105629,0.37074026465415955,0.041790615767240524,-0.2439979612827301
110,3,9,0.26275599002838135,-0.07994972169399261,0.04165075346827507,-0.24490129947662354
111,3,10,-0.1277017742395401,-0.22314828634262085,0.04340755566954613,-0.2432587444782257
112,3,11,-0.4916803240776062,-0.20228801667690277,0.04000469669699669,-0.24432766437530518
113,3,12,0.08425820618867874,-0.1219492182135582,0.03717457875609398,-0.24471083283424377
114,3,13,-0.1809014528989792,-0.05859057232737541,0.040488194674253464,-0.24277253448963165
115,3,14,0.4451020658016205,-0.0933656245470047,0.040662627667188644,-0.24599742889404297
116,3,15,0.08907235413789749,-0.10755863785743713,0.04379507526755333,-0.24105043709278107
117,3,16,0.24508677423000336,-0.3302657902240753,0.04213034734129906,-0.2418203055858612
118,3,17,-0.3139719069004059,0.3147502541542053,0.0408274345099926,-0.23904791474342346
119,3,18,-0.2990909516811371,0.24370497465133667,0.03886502608656883,-0.24441957473754883
120,3,19,-0.10729549080133438,0.1101989895105362,0.03724859282374382,-0.24543428421020508
121,3,20,-0.35442349314689636,-0.4062632620334625,0.04014341160655022,-0.2436741590499878
122,3,21,-0.4276121258735657,0.46895739436149597,0.03985307738184929,-0.24629664421081543
123,3,22,-0.07895222306251526,-0.21426306664943695,0.039017703384160995,-0.2473524510860443
124,3,23,-0.19866979122161865,-0.12223109602928162,0.03950270637869835,-0.2449072301387787
125,3,24,-0.17729146778583527,-0.4582161605358124,0.039295729249715805,-0.24293556809425354
126,3,25,-0.0719304233789444,0.22769354283809662,0.04115341231226921,-0.24767935276031494
127,3,26,0.017334381118416786,0.14622367918491364,0.04047579690814018,-0.24497085809707642
128,3,27,-0.23442944884300232,-0.21588489413261414,0.03959576413035393,-0.24394682049751282
129,3,28,-0.29642969369888306,0.20860788226127625,0.038859885185956955,-0.2447231113910675
130,3,29,-0.01196252927184105,-0.044760677963495255,0.03846041485667229,-0.2460538148880005
131,3,30,-0.34851720929145813,0.06829603761434555,0.04103512689471245,-0.2453838288784027
132,3,31,-0.1398594081401825,0.20083388686180115,0.039494480937719345,-0.24660849571228027
133,3,32,-0.17213591933250427,0.0638367235660553,0.04063219949603081,-0.24421539902687073
134,3,33,0.3128454387187958,-0.347859263420105,0.040261488407850266,-0.24548399448394775
135,3,34,0.07150741666555405,-0.26005250215530396,0.03895766660571098,-0.23793326318264008
136,3,35,-0.40573084354400635,0.19316020607948303,0.04093959555029869,-0.24180473387241364
137,3,36,-0.12133251875638962,0.23061974346637726,0.036559220403432846,-0.2441508173942566
138,3,37,-0.0021664309315383434,0.12638208270072937,0.039010580629110336,-0.2428608536720276
139,3,38,-0.2545005977153778,0.8866642713546753,0.0422942154109478,-0.2427535504102707
140,3,39,-0.13107283413410187,0.4030863642692566,0.04048432037234306,-0.24526119232177734
141,3,40,-0.7299506068229675,-0.8209487795829773,0.03973456844687462,-0.2440861463546753
142,3,41,0.20666354894638062,0.18219685554504395,0.030904557555913925,-0.24265262484550476
143,3,42,-0.4061581790447235,0.22059933841228485,0.03905666992068291,-0.2412097454071045
144,3,43,-0.05540618672966957,0.2923821210861206,0.03795821592211723,-0.24418213963508606
145,3,44,-0.1790013164281845,0.4302591383457184,0.040097352117300034,-0.2446841597557068
146,3,45,-0.11721142381429672,-0.552676260471344,0.040770720690488815,-0.24483966827392578
147,3,46,0.15166032314300537,-0.09735014289617538,0.03966714069247246,-0.24573618173599243
148,3,47,0.23245394229888916,-0.09590870887041092,0.039118554443120956,-0.2431446611881256
149,3,48,-0.07635322213172913,-0.224919393658638,0.041605692356824875,-0.24101711809635162
150,3,49,-0.2198253870010376,0.2698992192745209,0.03923897072672844,-0.24394434690475464
151,4,0,-0.03462652489542961,0.2272053211927414,-0.03177632763981819,-0.3333323001861572
152,4,1,-0.24752207100391388,-0.14075419306755066,-0.030974943190813065,-0.3371155858039856
153,4,2,-0.3318685293197632,0.23547720909118652,-0.03314553573727608,-0.3369429111480713
154,4,3,-0.22327309846878052,0.4902755916118622,-0.03331385925412178,-0.3366873264312744
155,4,4,0.2430422306060791,-0.08647911250591278,-0.03172815218567848,-0.33675694465637207
156,4,5,0.03838952258229256,-0.30929312109947205,-0.02874070778489113,-0.3340066075325012
157,4,6,-0.19845302402973175,-0.4035114645957947,-0.02880961075425148,-0.3313045799732208
158,4,7,-0.19934293627738953,0.7860298156738281,-0.03396061435341835,-0.3360164165496826
159,4,8,-0.40492844581604004,0.4361222982406616,-0.034935373812913895,-0.3350520730018616
160,4,9,-0.36264991760253906,-0.21495923399925232,-0.03357705846428871,-0.33734220266342163
161,4,10,-0.13524676859378815,0.014619761146605015,-0.03485560789704323,-0.3351771831512451
162,4,11,-0.17388847470283508,0.3767620921134949,-0.03078616037964821,-0.33662933111190796
163,4,12,0.20175574719905853,-0.5861599445343018,-0.03324205055832863,-0.3355722427368164
164,4,13,-0.03984580934047699,-0.4990898370742798,-0.0352008081972599,-0.330585777759552
165,4,14,0.04695393517613411,0.04325447604060173,-0.03285807743668556,-0.33625656366348267
166,4,15,0.3367861211299896,-0.23480068147182465,-0.0318230576813221,-0.33689451217651367
167,4,16,0.014511304907500744,-0.29336977005004883,-0.030332211405038834,-0.3331526517868042
168,4,17,-0.2704055905342102,0.18584208190441132,-0.03441214933991432,-0.33108043670654297
169,4,18,-0.14285537600517273,-0.18327975273132324,-0.03479861095547676,-0.33219045400619507
170,4,19,-0.307220458984375,0.23942120373249054,-0.03292824700474739,-0.33379554748535156
171,4,20,-0.23827606439590454,0.08320366591215134,-0.033200327306985855,-0.33641695976257324
172,4,21,-0.4296078681945801,0.3007358908653259,-0.03173713758587837,-0.3369019329547882
173,4,22,0.40385040640830994,-0.01589655503630638,-0.034668464213609695,-0.33759135007858276
174,4,23,-0.14433246850967407,-0.13970795273780823,-0.0307304747402668,-0.3335804045200348
175,4,24,-0.3759852945804596,0.2041037678718567,-0.0322924442589283,-0.3363834619522095
176,4,25,-0.2799868881702423,-0.4312847852706909,-0.03406021371483803,-0.33645597100257874
177,4,26,-0.3294438123703003,0.05128777399659157,-0.032918933779001236,-0.337738037109375
178,4,27,0.2521135210990906,-0.15396681427955627,-0.032963190227746964,-0.33830153942108154
179,4,28,-0.19618020951747894,0.3870243430137634,-0.029246199876070023,-0.33584174513816833
180,4,29,0.3154158592224121,-0.1107480451464653,-0.03209227696061134,-0.3363605737686157
181,4,30,-0.27759215235710144,-0.4503742754459381,-0.030437979847192764,-0.3307109475135803
182,4,31,0.1672026813030243,-0.18707260489463806,-0.03375693038105965,-0.3376618027687073
183,4,32,-0.03651868551969528,-0.3638969957828522,-0.031428296118974686,-0.3345513343811035
184,4,33,-0.2843342423439026,-0.3459795415401459,-0.032528478652238846,-0.33526384830474854
185,4,34,-0.12829917669296265,0.4729219079017639,-0.03720243647694588,-0.3324319124221802
186,4,35,-0.15140563249588013,0.6127734780311584,-0.035462651401758194,-0.33580344915390015
187,4,36,-0.04395577311515808,-0.19833363592624664,-0.031398046761751175,-0.3374667167663574
188,4,37,-0.09930216521024704,-0.49654334783554077,-0.03089599683880806,-0.33593958616256714
189,4,38,-0.13222336769104004,-0.022699255496263504,-0.03282957151532173,-0.33510714769363403
190,4,39,0.17250458896160126,-0.1435638964176178,-0.029998648911714554,-0.3387731909751892
191,4,40,0.04429160803556442,-0.34146541357040405,-0.02822807803750038,-0.3351019620895386
192,4,41,0.213178813457489,-0.3666701912879944,-0.03591601923108101,-0.3297370374202728
193,4,42,0.0537080243229866,-0.27792879939079285,-0.03504042699933052,-0.3306827247142792
194,4,43,-0.11038380116224289,0.4492141008377075,-0.03088093176484108,-0.3312465250492096
195,4,44,0.2969149649143219,-0.5142884850502014,-0.03146557882428169,-0.3369332551956177
196,4,45,0.239790678024292,-0.28115132451057434,-0.03201710060238838,-0.3343510329723358
197,4,46,-0.027282632887363434,0.14722700417041779,-0.03272450342774391,-0.33116960525512695
198,4,47,-0.5838813781738281,-0.5822293162345886,-0.03330693021416664,-0.33361873030662537
199,4,48,0.34700867533683777,-0.06520016491413116,-0.038409773260354996,-0.33216381072998047
200,4,49,-0.4494832456111908,-0.3990318775177002,-0.03324541822075844,-0.33705294132232666
201,5,0,-0.1337209939956665,0.14431235194206238,-0.1031380370259285,-0.32639506459236145
202,5,1,-0.2598590850830078,0.7105055451393127,-0.1046510562300682,-0.32162562012672424
203,5,2,-0.2321733832359314,0.17742209136486053,-0.10168065875768661,-0.3224259912967682
204,5,3,-0.3803052604198456,0.08775665611028671,-0.10507036000490189,-0.32166558504104614
205,5,4,-0.1992054581642151,-0.46114104986190796,-0.10427983850240707,-0.32418373227119446
206,5,5,0.17310233414173126,-0.657215416431427,-0.10229333490133286,-0.3261011838912964
207,5,6,-0.06077960133552551,0.4459531307220459,-0.09893015772104263,-0.3256765305995941
208,5,7,-0.2880733609199524,0.15352807939052582,-0.10135895758867264,-0.3273642361164093
209,5,8,-0.038198407739400864,-0.026037348434329033,-0.10406624525785446,-0.3224979043006897
210,5,9,-0.06548662483692169,-0.11243820190429688,-0.10118459910154343,-0.3231757879257202
211,5,10,-0.35159656405448914,-0.3911273777484894,-0.10056442767381668,-0.3203391134738922
212,5,11,-0.06227722764015198,0.05591176450252533,-0.1034533903002739,-0.32506415247917175
213,5,12,-0.04710497707128525,-0.03667544946074486,-0.10035925358533859,-0.3228082060813904
214,5,13,0.06924157589673996,0.6397136449813843,-0.10100375860929489,-0.3247910439968109
215,5,14,-0.20359359681606293,-0.2796471416950226,-0.1004800871014595,-0.324025958776474
216,5,15,0.1128837987780571,-0.13126607239246368,-0.10484010726213455,-0.32036739587783813
217,5,16,0.05202237889170647,0.17258188128471375,-0.10049758106470108,-0.3222273290157318
218,5,17,-0.03295912221074104,-0.14439904689788818,-0.10175659507513046,-0.31996971368789673
219,5,18,0.2892545461654663,-0.09846144914627075,-0.10316247493028641,-0.3216620087623596
220,5,19,0.23225317895412445,0.0042530628852546215,-0.10070199519395828,-0.31895947456359863
221,5,20,0.49083366990089417,-0.5335291028022766,-0.09922932833433151,-0.32195234298706055
222,5,21,0.16882917284965515,-0.2746388018131256,-0.09799233824014664,-0.3204480707645416
223,5,22,0.3181287944316864,-0.3634764850139618,-0.10378233343362808,-0.31647583842277527
224,5,23,-0.30616825819015503,0.21023604273796082,-0.09927067905664444,-0.3201976716518402
225,5,24,0.15508414804935455,0.12339112162590027,-0.10377532988786697,-0.3221987187862396
226,5,25,0.12821784615516663,-0.4891766607761383,-0.09984884411096573,-0.32056906819343567
227,5,26,0.198014497756958,-0.06058816984295845,-0.0998699739575386,-0.3249382972717285
228,5,27,0.07514722645282745,0.008689804933965206,-0.09919872134923935,-0.32506564259529114
229,5,28,0.47843286395072937,-0.49544939398765564,-0.09922569245100021,-0.32462814450263977
230,5,29,0.4639947712421417,0.116972416639328,-0.09914176911115646,-0.321336567401886
231,5,30,0.030105261132121086,-0.1126684844493866,-0.0972653403878212,-0.32079967856407166
232,5,31,-0.2073248028755188,-0.12003982067108154,-0.10042094439268112,-0.3207504153251648
233,5,32,-0.030829017981886864,-0.07707047462463379,-0.10290584713220596,-0.3202406167984009
234,5,33,0.1999039500951767,-0.5257985591888428,-0.10306838899850845,-0.32351312041282654
235,5,34,-0.053745169192552567,0.21765105426311493,-0.1025114580988884,-0.3205845057964325
236,5,35,0.4287753105163574,-0.6126698851585388,-0.1008647009730339,-0.3214271664619446
237,5,36,0.6497334241867065,0.1316530704498291,-0.1006137803196907,-0.3099302053451538
238,5,37,0.0350966677069664,0.6288901567459106,-0.1027139350771904,-0.3213270604610443
239,5,38,-0.26039889454841614,-0.18810519576072693,-0.09891196340322495,-0.3245485723018646
240,5,39,-0.29740962386131287,0.2739836871623993,-0.10204438120126724,-0.32294413447380066
241,5,40,0.3646063506603241,-0.74965900182724,-0.10292287915945053,-0.323818564414978
242,5,41,-0.501952588558197,0.6972248554229736,-0.1014379933476448,-0.3203221261501312
243,5,42,-0.20732717216014862,-0.25400760769844055,-0.10596518963575363,-0.32404813170433044
244,5,43,-0.20761972665786743,-0.14718948304653168,-0.10257283598184586,-0.32039377093315125
245,5,44,-0.11741273105144501,-0.13304080069065094,-0.10116308182477951,-0.32289984822273254
246,5,45,-0.19773736596107483,0.47538626194000244,-0.10184042900800705,-0.3227226734161377
247,5,46,-0.14492271840572357,0.12978291511535645,-0.10266170650720596,-0.324628621339798
248,5,47,0.0350087434053421,0.5310007333755493,-0.0999637320637703,-0.32179513573646545
249,5,48,0.5997598767280579,-0.7457799315452576,-0.10089699178934097,-0.3233817517757416
250,5,49,-0.23223701119422913,-0.007492709904909134,-0.09974373131990433,-0.3201531767845154
251,6,0,-0.13017167150974274,-0.1738789975643158,-0.20396403968334198,-0.18969425559043884
252,6,1,-0.14578528702259064,-0.24716952443122864,-0.20547012984752655,-0.19463922083377838
253,6,2,-0.03576711565256119,-0.7011918425559998,-0.20780031383037567,-0.19435739517211914
254,6,3,0.12173034250736237,-1.0,-0.20756115019321442,-0.1960548609495163
255,6,4,-0.23747462034225464,-0.385243684053421,-0.20525190234184265,-0.1978527307510376
256,6,5,-0.21339505910873413,-0.374370813369751,-0.20796900987625122,-0.19755429029464722
257,6,6,-0.43399474024772644,0.10881415009498596,-0.20569461584091187,-0.19604644179344177
258,6,7,-0.3129318952560425,-0.9740321040153503,-0.2076779305934906,-0.197083979845047
259,6,8,-0.1435064673423767,-0.29936057329177856,-0.20980317890644073,-0.1986977756023407
260,6,9,0.06410309672355652,-0.5905967950820923,-0.20606248080730438,-0.19304856657981873
261,6,10,0.3281724750995636,-0.6019138097763062,-0.2068656086921692,-0.19301250576972961
262,6,11,0.12321936339139938,0.08701668679714203,-0.2007838636636734,-0.18686464428901672
263,6,12,0.030869651585817337,-0.603986382484436,-0.21435557305812836,-0.19631987810134888
264,6,13,0.4109753966331482,-0.03500407189130783,-0.20622223615646362,-0.1892261803150177
265,6,14,-0.25950363278388977,0.22787582874298096,-0.2074405699968338,-0.1965363621711731
266,6,15,0.13552798330783844,-0.21291011571884155,-0.20754867792129517,-0.19573895633220673
267,6,16,0.15400370955467224,-0.29122021794319153,-0.20277316868305206,-0.19421716034412384
268,6,17,-0.27023762464523315,-0.44058695435523987,-0.2035447061061859,-0.19242006540298462
269,6,18,-0.18615269660949707,-0.9060404300689697,-0.21088214218616486,-0.19630882143974304
270,6,19,-0.1955757588148117,-0.3038595914840698,-0.2087673395872116,-0.19603464007377625
271,6,20,-0.16720691323280334,-0.41144511103630066,-0.20594953000545502,-0.19216132164001465
272,6,21,0.12679922580718994,-0.07351821660995483,-0.20910711586475372,-0.19564557075500488
273,6,22,-0.20139950513839722,-0.26889464259147644,-0.20500807464122772,-0.19557693600654602
274,6,23,-0.19769300520420074,0.1401299387216568,-0.20611028373241425,-0.19367381930351257
275,6,24,-0.13425303995609283,-0.03716506063938141,-0.20557363331317902,-0.19481703639030457
276,6,25,0.10597370564937592,-0.3511353135108948,-0.205684095621109,-0.19718265533447266
277,6,26,-0.2263725996017456,0.28688138723373413,-0.2051464319229126,-0.19416336715221405
278,6,27,0.33054688572883606,-0.6663768291473389,-0.20656682550907135,-0.19379732012748718
279,6,28,-0.32614049315452576,-0.40685194730758667,-0.20663544535636902,-0.19498199224472046
280,6,29,0.1238510012626648,-0.6217268109321594,-0.20925229787826538,-0.19849418103694916
281,6,30,-0.12219305336475372,-0.2721045911312103,-0.20143535733222961,-0.19101731479167938
282,6,31,-0.24110358953475952,-0.27643054723739624,-0.20825208723545074,-0.19405275583267212
283,6,32,-0.37460798025131226,-1.0,-0.20537424087524414,-0.19203101098537445
284,6,33,0.02474874071776867,-0.8567855358123779,-0.21033966541290283,-0.19760161638259888
285,6,34,-0.3270769417285919,-0.1632097214460373,-0.20579296350479126,-0.19683659076690674
286,6,35,0.2723860740661621,-0.6539891958236694,-0.2061081826686859,-0.1959114670753479
287,6,36,0.0600891076028347,-0.39871522784233093,-0.20366571843624115,-0.1958795189857483
288,6,37,-0.1591339409351349,-0.24003393948078156,-0.20591674745082855,-0.19783329963684082
289,6,38,-0.234437957406044,0.3820886015892029,-0.20613326132297516,-0.19481238722801208
290,6,39,-0.00044781313044950366,-0.22111019492149353,-0.20784620940685272,-0.19642475247383118
291,6,40,-0.5171493887901306,-0.43748828768730164,-0.20352308452129364,-0.19469484686851501
292,6,41,-0.3629789352416992,-1.0,-0.2101469784975052,-0.1981210559606552
293,6,42,-0.000786221120506525,-0.3069136440753937,-0.20944039523601532,-0.19843721389770508
294,6,43,0.30566588044166565,-0.3273133337497711,-0.20574833452701569,-0.19360777735710144
295,6,44,-0.13643145561218262,0.13273119926452637,-0.20207610726356506,-0.18974502384662628
296,6,45,-0.12692900002002716,0.020674657076597214,-0.20640984177589417,-0.19498251378536224
297,6,46,0.0035376003943383694,0.09021098166704178,-0.20702655613422394,-0.1958615481853485
298,6,47,-0.11503061652183533,-0.13074012100696564,-0.20298755168914795,-0.19617700576782227
299,6,48,-0.077554851770401,0.29254961013793945,-0.20585159957408905,-0.19559292495250702
300,6,49,0.07318755984306335,0.28632545471191406,-0.20606091618537903,-0.19525304436683655
301,7,0,-0.0035888480488210917,-0.19406218826770782,-0.22886404395103455,-0.13532856106758118
302,7,1,0.2908128499984741,-0.5462639927864075,-0.2306663990020752,-0.1358386129140854
303,7,2,0.34880074858665466,0.2393648624420166,-0.22711625695228577,-0.1357281655073166
304,7,3,-0.31383296847343445,0.18709969520568848,-0.22579677402973175,-0.13592782616615295
305,7,4,0.02340889722108841,0.43011167645454407,-0.23302283883094788,-0.1370151937007904
306,7,5,-0.3427700400352478,0.25874319672584534,-0.23117831349372864,-0.13619104027748108
307,7,6,-0.21807987987995148,-0.8882395625114441,-0.23135969042778015,-0.13721482455730438
308,7,7,-0.02066441997885704,-0.6954656839370728,-0.23229530453681946,-0.1368459165096283
309,7,8,-0.07953894883394241,-0.293840616941452,-0.22880345582962036,-0.13689780235290527
310,7,9,-0.31956636905670166,-0.4026590883731842,-0.23317748308181763,-0.1358329802751541
311,7,10,-0.27481335401535034,0.18171270191669464,-0.23228703439235687,-0.13757024705410004
312,7,11,-0.2808319330215454,-0.9124550819396973,-0.23346158862113953,-0.13715708255767822
313,7,12,0.11455297470092773,-0.027544433251023293,-0.2329951524734497,-0.13758857548236847
314,7,13,0.27489495277404785,-0.5178804397583008,-0.23015020787715912,-0.13567373156547546
315,7,14,0.12475118041038513,-0.5121439099311829,-0.23057934641838074,-0.13546107709407806
316,7,15,0.3579508066177368,-0.3938538432121277,-0.2310996949672699,-0.1366039663553238
317,7,16,-0.038539864122867584,-0.026814687997102737,-0.22884777188301086,-0.13589788973331451
318,7,17,0.012737169861793518,-0.508478045463562,-0.2286808043718338,-0.13705012202262878
319,7,18,0.17152245342731476,-0.11978715658187866,-0.23202843964099884,-0.1363559365272522
320,7,19,0.1842508167028427,-0.1960688680410385,-0.22844180464744568,-0.13504643738269806
321,7,20,-0.17669160664081573,0.04251495748758316,-0.22747433185577393,-0.13492868840694427
322,7,21,0.13420628011226654,-0.8007899522781372,-0.23396019637584686,-0.1378755122423172
323,7,22,-0.17343901097774506,0.4067451059818268,-0.23215728998184204,-0.13354724645614624
324,7,23,0.2128058522939682,-1.0,-0.23271165788173676,-0.13755016028881073
325,7,24,0.05432464927434921,-0.4717312455177307,-0.22860196232795715,-0.13554030656814575
326,7,25,0.4721737802028656,-0.7661260366439819,-0.22743107378482819,-0.13695041835308075
327,7,26,-0.16842402517795563,0.026783280074596405,-0.23080557584762573,-0.13446931540966034
328,7,27,-0.22860197722911835,-0.4068305194377899,-0.2305668592453003,-0.1373707801103592
329,7,28,-0.21497169137001038,0.19075588881969452,-0.23195581138134003,-0.13835369050502777
330,7,29,-0.027934126555919647,0.05427490174770355,-0.23239918053150177,-0.13681216537952423
331,7,30,-0.39671581983566284,-0.39351940155029297,-0.22995364665985107,-0.1365170180797577
332,7,31,-0.23944523930549622,-0.3870421350002289,-0.23260366916656494,-0.13874411582946777
333,7,32,-0.16352210938930511,-0.5883463025093079,-0.23183202743530273,-0.13827472925186157
334,7,33,0.20090042054653168,-0.09465139359235764,-0.23681899905204773,-0.13561512529850006
335,7,34,0.3429117202758789,-0.5291128754615784,-0.22913886606693268,-0.13402891159057617
336,7,35,0.33706754446029663,0.4770527184009552,-0.22905699908733368,-0.13554149866104126
337,7,36,0.35096845030784607,-0.2864798307418823,-0.22866986691951752,-0.1363545060157776
338,7,37,0.18771131336688995,-0.5787609815597534,-0.2310975044965744,-0.13486512005329132
339,7,38,0.08648481220006943,-0.40485191345214844,-0.2310851663351059,-0.13543130457401276
340,7,39,-0.14495810866355896,-0.41185352206230164,-0.23324839770793915,-0.13828544318675995
341,7,40,-0.24619445204734802,0.3978632092475891,-0.23231182992458344,-0.13821373879909515
342,7,41,-0.3736571967601776,-0.41875046491622925,-0.23356406390666962,-0.13770270347595215
343,7,42,-0.13786908984184265,-0.031094549223780632,-0.23437616229057312,-0.1387578397989273
344,7,43,-0.19058719277381897,-0.15977005660533905,-0.2305334359407425,-0.13735081255435944
345,7,44,-0.11760721355676651,0.5194521546363831,-0.23152613639831543,-0.13743646442890167
346,7,45,0.17575080692768097,-0.3036118447780609,-0.22986005246639252,-0.13744865357875824
347,7,46,-0.013127533718943596,0.18428339064121246,-0.228008434176445,-0.1338692456483841
348,7,47,-0.14871369302272797,-0.1608370989561081,-0.23066754639148712,-0.13535456359386444
349,7,48,0.01550284307450056,-0.9756683111190796,-0.2319900542497635,-0.13718529045581818
350,7,49,0.1386435180902481,-0.12976805865764618,-0.22916793823242188,-0.13723087310791016
351,8,0,-0.46893706917762756,-0.429629385471344,-0.2813483476638794,-0.12681891024112701
352,8,1,-0.19682946801185608,-0.8352277874946594,-0.28627997636795044,-0.12941616773605347
353,8,2,0.419596791267395,-0.7520110607147217,-0.28132307529449463,-0.1274668574333191
354,8,3,0.04900290444493294,-0.131928950548172,-0.28072789311408997,-0.12474334239959717
355,8,4,0.17322757840156555,-0.6720519065856934,-0.28406277298927307,-0.1274043321609497
356,8,5,-0.12386064231395721,-0.049188945442438126,-0.2815234363079071,-0.12752963602542877
357,8,6,-0.29032203555107117,-0.5518016219139099,-0.2814011573791504,-0.12872052192687988
358,8,7,0.025955328717827797,-0.2967774569988251,-0.2871280014514923,-0.12974095344543457
359,8,8,0.15251222252845764,-0.12857380509376526,-0.2856368124485016,-0.12591294944286346
360,8,9,-0.20646676421165466,-0.8531776666641235,-0.27893975377082825,-0.12491396069526672
361,8,10,-0.36689773201942444,-0.6022252440452576,-0.28515294194221497,-0.12929674983024597
362,8,11,0.16623274981975555,-0.30262985825538635,-0.2838897705078125,-0.12490463256835938
363,8,12,0.3057181239128113,0.03572604060173035,-0.2811354398727417,-0.12496829032897949
364,8,13,0.28883394598960876,-0.19735749065876007,-0.2806324362754822,-0.12631292641162872
365,8,14,-0.18851281702518463,-0.9313839673995972,-0.27796822786331177,-0.12510111927986145
366,8,15,-0.056068453937768936,-0.411551833152771,-0.282815545797348,-0.12756136059761047
367,8,16,0.2452269345521927,-0.6843767166137695,-0.28272417187690735,-0.1280088871717453
368,8,17,-0.2293059378862381,-0.450440913438797,-0.28074929118156433,-0.1273116022348404
369,8,18,-0.26758870482444763,0.47233012318611145,-0.28366249799728394,-0.12896192073822021
370,8,19,-0.2888377606868744,-0.7900346517562866,-0.2838464081287384,-0.12898513674736023
371,8,20,0.2919069826602936,-0.6331422924995422,-0.285460501909256,-0.12624961137771606
372,8,21,0.05932372435927391,0.41349175572395325,-0.28248655796051025,-0.1274694949388504
373,8,22,-0.41795453429222107,-0.5919228196144104,-0.2813090980052948,-0.12763303518295288
374,8,23,0.3617841601371765,-0.41106855869293213,-0.28343725204467773,-0.12450829148292542
375,8,24,0.22561302781105042,-0.6372314095497131,-0.28252142667770386,-0.12734387814998627
376,8,25,0.4217093884944916,-0.41689974069595337,-0.2791399657726288,-0.1273067146539688
377,8,26,-0.16314280033111572,0.01309504546225071,-0.27900999784469604,-0.12715616822242737
378,8,27,0.19211961328983307,-0.6069097518920898,-0.2825028896331787,-0.12860926985740662
379,8,28,0.3154013156890869,0.08766978979110718,-0.2851007580757141,-0.12446312606334686
380,8,29,0.06836151331663132,-0.447393000125885,-0.2872062027454376,-0.12808924913406372
381,8,30,-0.30367812514305115,-0.5849205851554871,-0.2833479940891266,-0.12832441926002502
382,8,31,0.3511369824409485,-0.45277202129364014,-0.28484824299812317,-0.12658479809761047
383,8,32,-0.03201603144407272,-0.23196306824684143,-0.2904721200466156,-0.12914985418319702
384,8,33,-0.44512277841567993,-0.49215149879455566,-0.282224178314209,-0.12767119705677032
385,8,34,0.10888964682817459,-0.4062548875808716,-0.2862870991230011,-0.12879858911037445
386,8,35,-0.24106399714946747,-0.2794044613838196,-0.2809339761734009,-0.12738491594791412
387,8,36,-0.19386892020702362,0.3147701025009155,-0.2837032377719879,-0.12618106603622437
388,8,37,-0.3103148937225342,-0.4323055148124695,-0.2813434302806854,-0.1269836127758026
389,8,38,0.4921903908252716,-0.7200535535812378,-0.2845381200313568,-0.12918224930763245
390,8,39,-0.36844736337661743,-0.564362645149231,-0.2785628139972687,-0.1266181617975235
391,8,40,0.22977884113788605,-0.4457152485847473,-0.287137895822525,-0.12969452142715454
392,8,41,-0.021068939939141273,-0.03657463192939758,-0.2814563810825348,-0.1279749572277069
393,8,42,-0.24715761840343475,-0.8613524436950684,-0.2815841734409332,-0.1278970092535019
394,8,43,-0.19582509994506836,0.40710002183914185,-0.2819356322288513,-0.12835219502449036
395,8,44,-0.019511066377162933,-0.4981566071510315,-0.28272661566734314,-0.1276094615459442
396,8,45,0.03536209836602211,-0.5724196434020996,-0.2820867896080017,-0.12791161239147186
397,8,46,0.5874335765838623,-0.6449791193008423,-0.28379902243614197,-0.12793076038360596
398,8,47,0.45996391773223877,0.13280215859413147,-0.2763897478580475,-0.12610924243927002
399,8,48,0.08831839263439178,-0.5425288677215576,-0.2779703438282013,-0.12688888609409332
400,8,49,0.31938648223876953,-0.4257543683052063,-0.28122103214263916,-0.12817004323005676
401,9,0,-0.022895516827702522,-0.4448149502277374,-0.3593893051147461,-0.06539522111415863
402,9,1,0.4214339852333069,-0.08107540011405945,-0.36307960748672485,-0.06678988039493561
403,9,2,-0.08272245526313782,-0.1299007087945938,-0.3577471077442169,-0.06386789679527283
404,9,3,-0.12859635055065155,-0.265205979347229,-0.3599711060523987,-0.06536810100078583
405,9,4,-0.07851187139749527,-0.4671038091182709,-0.3587791919708252,-0.06474317610263824
406,9,5,0.18667076528072357,-0.04447442293167114,-0.36258330941200256,-0.06641948223114014
407,9,6,0.08736271411180496,-0.6028422117233276,-0.35851484537124634,-0.06526035070419312
408,9,7,0.1804889291524887,-0.4560953676700592,-0.3536979556083679,-0.061798688024282455
409,9,8,0.026836708188056946,0.04769541695713997,-0.372672975063324,-0.06793014705181122
410,9,9,-0.16798186302185059,-0.17835675179958344,-0.35873329639434814,-0.06587183475494385
411,9,10,0.21143682301044464,-0.5451012849807739,-0.3585514724254608,-0.0653727799654007
412,9,11,0.15928080677986145,-0.04318328946828842,-0.3609195947647095,-0.06562858819961548
413,9,12,-0.11379683017730713,0.04680944234132767,-0.36187779903411865,-0.0662878006696701
414,9,13,-0.18439777195453644,-0.8185563683509827,-0.3621864914894104,-0.06660030782222748
415,9,14,-0.05993736535310745,-0.2993168234825134,-0.36476123332977295,-0.06501324474811554
416,9,15,0.01630549319088459,0.598368227481842,-0.360771119594574,-0.0648803561925888
417,9,16,-0.5230916738510132,0.2925061583518982,-0.3604891300201416,-0.06553606688976288
418,9,17,-0.23670519888401031,0.3257981538772583,-0.3655487298965454,-0.06751519441604614
419,9,18,0.23336701095104218,-0.6297642588615417,-0.36273595690727234,-0.06657224893569946
420,9,19,0.61654132604599,-0.6475487351417542,-0.3637842833995819,-0.06576229631900787
421,9,20,0.0022460431791841984,-0.5014373064041138,-0.35420238971710205,-0.06405296921730042
422,9,21,-0.00011002232349710539,0.12476269155740738,-0.3609030842781067,-0.06639109551906586
423,9,22,0.0862703025341034,-0.033565182238817215,-0.35890406370162964,-0.06523379683494568
424,9,23,-0.03619430214166641,-0.33193376660346985,-0.3571456968784332,-0.06505520641803741
425,9,24,0.4946915805339813,-0.6195998191833496,-0.3574363589286804,-0.0636807233095169
426,9,25,-0.3164902627468109,-0.4673572778701782,-0.3543322682380676,-0.06248090788722038
427,9,26,0.34969401359558105,-0.5218448638916016,-0.3652583360671997,-0.06810061633586884
428,9,27,0.1577301174402237,0.6579366326332092,-0.36255407333374023,-0.06529751420021057
429,9,28,0.06167135015130043,-0.7109515070915222,-0.3606818914413452,-0.06540493667125702
430,9,29,-0.3267773389816284,-0.4253712594509125,-0.3612234890460968,-0.06637263298034668
431,9,30,0.22836999595165253,-0.6718319654464722,-0.364657998085022,-0.06727784872055054
432,9,31,-0.34006938338279724,0.3327157497406006,-0.36054727435112,-0.06549698114395142
433,9,32,-0.22740478813648224,0.2065698206424713,-0.36432337760925293,-0.06733937561511993
434,9,33,0.1304934024810791,-0.5357402563095093,-0.36215317249298096,-0.06569956243038177
435,9,34,0.5974304676055908,-0.5297063589096069,-0.36197429895401,-0.06564897298812866
436,9,35,0.19817762076854706,-0.261316180229187,-0.35868579149246216,-0.06412002444267273
437,9,36,0.09903307259082794,-0.6586206555366516,-0.3585125803947449,-0.06429685652256012
438,9,37,-0.28628110885620117,0.39877966046333313,-0.3618432283401489,-0.06600083410739899
439,9,38,0.32096990942955017,-0.19239354133605957,-0.36214911937713623,-0.06708921492099762
440,9,39,0.13124431669712067,-0.5592772960662842,-0.35711246728897095,-0.06389729678630829
441,9,40,0.6536204814910889,-0.4444985091686249,-0.35852935910224915,-0.06545855104923248
442,9,41,-0.23228751122951508,-0.23413510620594025,-0.35240185260772705,-0.06343543529510498
443,9,42,-0.18772999942302704,-0.2550796568393707,-0.3635134696960449,-0.06679694354534149
444,9,43,-0.16042883694171906,-0.44223833084106445,-0.363225519657135,-0.0663817971944809
445,9,44,-0.1232086569070816,-0.5598116517066956,-0.3628528416156769,-0.06652021408081055
446,9,45,0.5805597305297852,0.09812897443771362,-0.3660391569137573,-0.06688466668128967
447,9,46,-0.03474298119544983,-0.4736061990261078,-0.35474488139152527,-0.06398087739944458
448,9,47,0.2286982238292694,-0.6673548221588135,-0.36359307169914246,-0.06670154631137848
449,9,48,-0.30653446912765503,-0.7694577574729919,-0.35759437084198,-0.06516806781291962
450,9,49,-0.28436219692230225,0.06910321861505508,-0.3659895658493042,-0.06702060997486115
451,10,0,-0.28795287013053894,-0.4195880889892578,-0.42794904112815857,0.010748431086540222
452,10,1,-0.30106809735298157,0.2008068859577179,-0.42853114008903503,0.009988894686102867
453,10,2,-0.4609202742576599,-0.4163045287132263,-0.42708396911621094,0.010061711072921753
454,10,3,0.2117161750793457,-0.5476582646369934,-0.4292792081832886,0.009014653041958809
455,10,4,0.3167492747306824,-0.5839856266975403,-0.4297896921634674,0.01129038818180561
456,10,5,0.6433122754096985,-0.6586118936538696,-0.42913904786109924,0.011021081358194351
457,10,6,0.2322055548429489,-0.6910584568977356,-0.4328382611274719,0.01164563000202179
458,10,7,-0.23313666880130768,-0.9726898670196533,-0.42979753017425537,0.011546891182661057
459,10,8,-0.21677491068840027,0.009830716997385025,-0.43285897374153137,0.009061004966497421
460,10,9,0.385028213262558,-0.7196555733680725,-0.431270569562912,0.009524121880531311
461,10,10,-0.03897882625460625,-0.5723899602890015,-0.4285717308521271,0.012132775038480759
462,10,11,0.7097489237785339,-0.5666188597679138,-0.4300103485584259,0.010300107300281525
463,10,12,0.2729649245738983,0.014116364531219006,-0.42978227138519287,0.01267399825155735
464,10,13,-0.21309171617031097,-0.45798173546791077,-0.429860383272171,0.011539867147803307
465,10,14,-0.1775505244731903,-1.0,-0.4309207499027252,0.009718835353851318
466,10,15,0.27616047859191895,-0.27862265706062317,-0.43135401606559753,0.00971296802163124
467,10,16,-0.2770735025405884,-0.16492657363414764,-0.42540785670280457,0.011926287785172462
468,10,17,0.27768924832344055,-0.5052394866943359,-0.42653802037239075,0.010324189439415932
469,10,18,-0.10287343710660934,-0.7793665528297424,-0.42718011140823364,0.011782092973589897
470,10,19,-0.11593097448348999,-0.9578044414520264,-0.42469581961631775,0.011021081358194351
471,10,20,0.1530405730009079,-0.5176736116409302,-0.43090835213661194,0.009904421865940094
472,10,21,0.23251570761203766,-0.9408115148544312,-0.42859724164009094,0.010915298014879227
473,10,22,0.2508774399757385,-0.5276515483856201,-0.4295150339603424,0.011432524770498276
474,10,23,0.3043006658554077,-0.003587411716580391,-0.4265901744365692,0.012178074568510056
475,10,24,-0.3398016691207886,-0.08958759903907776,-0.429328590631485,0.011852795258164406
476,10,25,-0.1438615471124649,-0.08403446525335312,-0.42714229226112366,0.009778421372175217
477,10,26,-0.30924874544143677,0.18918931484222412,-0.4275284707546234,0.010284382849931717
478,10,27,-0.1708400696516037,0.49417731165885925,-0.4265829026699066,0.009999729692935944
479,10,28,-0.42838478088378906,0.39314478635787964,-0.43012726306915283,0.009708445519208908
480,10,29,-0.012037967331707478,-0.4942905604839325,-0.42845961451530457,0.009416669607162476
481,10,30,-0.20213285088539124,-0.3275264501571655,-0.4273238778114319,0.01093418151140213
482,10,31,-0.28207090497016907,0.21351070702075958,-0.42598381638526917,0.010450690984725952
483,10,32,-0.22504009306430817,-0.3962365984916687,-0.4266141951084137,0.010111585259437561
484,10,33,0.17780424654483795,-0.5781605243682861,-0.4298171103000641,0.009799730032682419
485,10,34,0.04989023134112358,-0.781060516834259,-0.4282456338405609,0.011161413043737411
486,10,35,-0.3121807277202606,-0.6075893640518188,-0.424900621175766,0.011330317705869675
487,10,36,0.41138947010040283,-0.6238365173339844,-0.4231491982936859,0.010638631880283356
488,10,37,0.6517788767814636,-0.03603708744049072,-0.4325701892375946,0.010963298380374908
489,10,38,-0.0935312882065773,0.15377439558506012,-0.4284134805202484,0.01300056092441082
490,10,39,-0.35710814595222473,-0.4199468493461609,-0.4292210638523102,0.010478697717189789
491,10,40,-0.1946670114994049,-0.9069814682006836,-0.43004265427589417,0.009178169071674347
492,10,41,-0.22939133644104004,-0.3803587555885315,-0.4277319610118866,0.010216614231467247
493,10,42,-0.26996150612831116,-0.2777353823184967,-0.4286345839500427,0.009974677115678787
494,10,43,0.45059704780578613,-0.6812849640846252,-0.4251447021961212,0.010484728962182999
495,10,44,-0.2910921573638916,-0.8266266584396362,-0.4289828836917877,0.011896470561623573
496,10,45,-0.1836065948009491,-0.238321453332901,-0.43152275681495667,0.008395440876483917
497,10,46,-0.22078482806682587,-0.7980373501777649,-0.4284120500087738,0.009825672954320908
498,10,47,-0.6210294961929321,-0.8086150884628296,-0.4243144094944,0.010872067883610725
499,10,48,0.23110680282115936,-0.6910778880119324,-0.42836299538612366,0.008175134658813477
500,10,49,0.5674561262130737,-0.6146335005760193,-0.4321182072162628,0.010484296828508377
501,11,0,-0.29406437277793884,-0.08820942789316177,-0.5264505743980408,0.0711207166314125
502,11,1,-0.18381226062774658,-0.4602496027946472,-0.5278284549713135,0.0679357573390007
503,11,2,0.39209285378456116,-0.8179542422294617,-0.5314328670501709,0.06780854612588882
504,11,3,-0.525107741355896,-0.40614429116249084,-0.5159348845481873,0.07057388126850128
505,11,4,-0.16884295642375946,-0.4029962718486786,-0.530261218547821,0.06660507619380951
506,11,5,0.07622212916612625,-0.6347405910491943,-0.53037428855896,0.0681215226650238
507,11,6,0.5622599124908447,-0.5272825956344604,-0.5304282307624817,0.06901898235082626
508,11,7,0.3528035283088684,-0.6842283606529236,-0.529207706451416,0.07118260860443115
509,11,8,0.2095123678445816,-0.6335457563400269,-0.5283942818641663,0.07052583992481232
510,11,9,0.16790546476840973,-0.3734840452671051,-0.5302319526672363,0.06996387988328934
511,11,10,0.11309655010700226,-0.5652766227722168,-0.5317749381065369,0.06936085224151611
512,11,11,0.4222400188446045,-0.9434580206871033,-0.5272623896598816,0.06968396157026291
513,11,12,-0.04774608090519905,-0.6420361995697021,-0.5306664705276489,0.07022549957036972
514,11,13,0.1268993765115738,-0.8096352815628052,-0.5290535092353821,0.0687154158949852
515,11,14,-0.20494914054870605,0.38110166788101196,-0.5214977860450745,0.06891004741191864
516,11,15,0.01844249665737152,-0.5656441450119019,-0.5299094915390015,0.06760917603969574
517,11,16,0.6796884536743164,-0.6448729038238525,-0.5275691747665405,0.06917643547058105
518,11,17,0.17639081180095673,-1.0,-0.5278231501579285,0.07157514989376068
519,11,18,0.2861780822277069,-0.9760554432868958,-0.5320131778717041,0.06936807185411453
520,11,19,-0.24003759026527405,-0.7456042170524597,-0.526790201663971,0.06996061652898788
521,11,20,0.19323791563510895,-0.612409770488739,-0.5285525321960449,0.06732720881700516
522,11,21,0.3306434452533722,-0.6793292164802551,-0.5218122601509094,0.06986457109451294
523,11,22,-0.4300724267959595,-0.31715258955955505,-0.53325355052948,0.06911873817443848
524,11,23,-0.22716093063354492,-0.19402876496315002,-0.5289546251296997,0.06675908714532852
525,11,24,-0.21188832819461823,-0.8303058743476868,-0.5278915166854858,0.06798579543828964
526,11,25,0.10112228989601135,-0.6723381280899048,-0.5269374847412109,0.0681094080209732
527,11,26,-0.2722850441932678,-0.45824140310287476,-0.5303089022636414,0.0688076987862587
528,11,27,-0.13388609886169434,-0.877079427242279,-0.5342594981193542,0.06751006841659546
529,11,28,-0.045698970556259155,-1.0,-0.5305706858634949,0.06850036978721619
530,11,29,0.35285037755966187,-0.5121561884880066,-0.5295997858047485,0.06869395077228546
531,11,30,-0.3550325930118561,-0.7757787704467773,-0.5273644924163818,0.07012556493282318
532,11,31,0.30785122513771057,-0.47189006209373474,-0.5286535024642944,0.06714390963315964
533,11,32,0.41773155331611633,-0.5988930463790894,-0.5335981249809265,0.0684966892004013
534,11,33,0.14143775403499603,-0.9696896076202393,-0.5203790068626404,0.06989327073097229
535,11,34,-0.08521240204572678,-0.31940969824790955,-0.5339280962944031,0.06857051700353622
536,11,35,-0.26478198170661926,-0.27334004640579224,-0.5252289772033691,0.06841740757226944
537,11,36,0.14676232635974884,-1.0,-0.5225565433502197,0.06835665553808212
538,11,37,-0.07933913171291351,-1.0,-0.5302849411964417,0.06871906667947769
539,11,38,-0.20887523889541626,0.049829673022031784,-0.5310158729553223,0.0686504989862442
540,11,39,0.12272923439741135,-0.6116707921028137,-0.5296234488487244,0.06840679049491882
541,11,40,0.5516802668571472,-0.5692974925041199,-0.522774338722229,0.06950012594461441
542,11,41,0.49197426438331604,-1.0,-0.5269037485122681,0.07136712223291397
543,11,42,-0.3252444267272949,-0.44593557715415955,-0.5288742184638977,0.07102593034505844
544,11,43,0.3488081991672516,-0.3490273952484131,-0.5302320718765259,0.06788323819637299
545,11,44,-0.05686311796307564,-0.4979337751865387,-0.5273804068565369,0.0698203518986702
546,11,45,0.38402697443962097,-0.6126469969749451,-0.527320921421051,0.06881622970104218
547,11,46,-0.001430253149010241,-0.4448878765106201,-0.5232912302017212,0.07062417268753052
548,11,47,-0.0845857709646225,-0.824784517288208,-0.5337933897972107,0.06834778189659119
549,11,48,0.11113163083791733,-0.2852955162525177,-0.5269689559936523,0.06798107922077179
550,11,49,0.1496967226266861,-0.6737623810768127,-0.5231204032897949,0.06920935213565826
551,12,0,-0.2700900435447693,-0.8763105273246765,-0.6423461437225342,0.11040118336677551
552,12,1,0.17331969738006592,-0.5191301703453064,-0.6398442387580872,0.11008815467357635
553,12,2,-0.04208783805370331,-0.3783407509326935,-0.6384634971618652,0.11015947163105011
554,12,3,-0.18943417072296143,0.27389490604400635,-0.6406324505805969,0.11051832139492035
555,12,4,0.08506523072719574,-0.4877587556838989,-0.6372928619384766,0.10985240340232849
556,12,5,-0.8752128481864929,-0.8081268668174744,-0.6344535946846008,0.10960588604211807
557,12,6,0.3959825336933136,-0.5943945646286011,-0.636370062828064,0.10887310653924942
558,12,7,0.411491721868515,-0.3919330835342407,-0.6257314682006836,0.1092257872223854
559,12,8,0.2571331262588501,-0.039845168590545654,-0.641723096370697,0.11060327291488647
560,12,9,0.3426164388656616,-0.6027798056602478,-0.6359139084815979,0.11029693484306335
561,12,10,0.21782822906970978,-0.474376916885376,-0.625068187713623,0.10928697884082794
562,12,11,-0.16884972155094147,-0.5690211057662964,-0.6429769396781921,0.11044739931821823
563,12,12,0.24695061147212982,-1.0,-0.6395940184593201,0.11024560034275055
564,12,13,0.01560298353433609,-0.6904477477073669,-0.6410347819328308,0.11079864203929901
565,12,14,-0.14951418340206146,-1.0,-0.638574481010437,0.11017952859401703
566,12,15,0.5731044411659241,-0.5080037117004395,-0.6437102556228638,0.11057732999324799
567,12,16,-0.05897286906838417,-0.3775503635406494,-0.6367748379707336,0.1103401631116867
568,12,17,-0.2361925095319748,-0.4483451545238495,-0.6418408751487732,0.1103033721446991
569,12,18,0.17533528804779053,-0.5793773531913757,-0.639339029788971,0.11016599833965302
570,12,19,0.39580196142196655,-0.9714813232421875,-0.6394414901733398,0.10960015654563904
571,12,20,-0.38279733061790466,-0.46453043818473816,-0.6421111226081848,0.11051586270332336
572,12,21,-0.221710205078125,-0.9068255424499512,-0.6412079334259033,0.11024866253137589
573,12,22,0.15104764699935913,-0.6421477794647217,-0.6407360434532166,0.11012082546949387
574,12,23,0.04244067519903183,-0.7433552742004395,-0.637870728969574,0.11017845571041107
575,12,24,-0.02242988906800747,-0.8863894939422607,-0.6383455395698547,0.11010304093360901
576,12,25,-0.1968250274658203,-0.7542608976364136,-0.6392569541931152,0.11006994545459747
577,12,26,-0.36739540100097656,-0.2076234668493271,-0.632349967956543,0.10926862806081772
578,12,27,0.05717134848237038,-0.9358909726142883,-0.6369602680206299,0.10959183424711227
579,12,28,0.4204462468624115,-0.5888379812240601,-0.6355790495872498,0.10997598618268967
580,12,29,-0.013684652745723724,-0.9479823708534241,-0.6225925087928772,0.10875190794467926
581,12,30,0.06811586022377014,-0.1992199867963791,-0.6466813087463379,0.11029686778783798
582,12,31,0.05244776979088783,-0.25114527344703674,-0.6347549557685852,0.10997790098190308
583,12,32,0.028934696689248085,-0.10378887504339218,-0.6298514604568481,0.10957390069961548
584,12,33,-0.21616747975349426,-0.39183077216148376,-0.6347220540046692,0.10964395105838776
585,12,34,-0.003949986770749092,-0.14537382125854492,-0.6381214261054993,0.10996581614017487
586,12,35,-0.23440046608448029,-0.44608283042907715,-0.6351193785667419,0.10987690091133118
587,12,36,-0.07939645648002625,-0.8432199358940125,-0.6413522362709045,0.11026021838188171
588,12,37,-0.17231108248233795,-1.0,-0.6408441066741943,0.11039701104164124
589,12,38,0.029818108305335045,-0.5350775122642517,-0.6405391693115234,0.11034409701824188
590,12,39,0.27264946699142456,-0.6228188872337341,-0.6397748589515686,0.11031246930360794
591,12,40,-0.3808090388774872,-0.8120502233505249,-0.639548122882843,0.11056534945964813
592,12,41,0.011359271593391895,-1.0,-0.6347591876983643,0.10895770788192749
593,12,42,0.0110482694581151,-0.8589267730712891,-0.6403887867927551,0.11017715185880661
594,12,43,-0.10876388102769852,-1.0,-0.6357031464576721,0.11013972759246826
595,12,44,0.1689896285533905,-0.7134003639221191,-0.6396493315696716,0.11018893122673035
596,12,45,-0.4344163239002228,-0.9586106538772583,-0.6394535899162292,0.11036801338195801
597,12,46,0.2089844048023224,-1.0,-0.642991840839386,0.1102469190955162
598,12,47,-0.10747262835502625,-0.9978047609329224,-0.6384920477867126,0.11031496524810791
599,12,48,0.3381233215332031,-0.7327613234519958,-0.6383017301559448,0.11003214120864868
600,12,49,-0.1595722734928131,-0.15099985897541046,-0.6334231495857239,0.10999008268117905
601,13,0,0.1751381754875183,-0.12123505771160126,-0.656174898147583,0.12657737731933594
602,13,1,-0.21485653519630432,-0.8864597678184509,-0.6494904160499573,0.12631438672542572
603,13,2,-0.025664053857326508,-0.3351648151874542,-0.6517888903617859,0.12614940106868744
604,13,3,0.1443125605583191,-0.6478894352912903,-0.644119918346405,0.1255635917186737
605,13,4,-0.005604850593954325,-0.8878222107887268,-0.6506262421607971,0.12634457647800446
606,13,5,-0.37914493680000305,-0.9002879858016968,-0.6535929441452026,0.12670402228832245
607,13,6,0.020968010649085045,-0.010617162100970745,-0.6512209177017212,0.12601694464683533
608,13,7,0.36362624168395996,-0.5181413292884827,-0.6480069160461426,0.126205712556839
609,13,8,0.4272489845752716,-0.5365907549858093,-0.650170087814331,0.1265948861837387
610,13,9,0.4426089823246002,-0.5216590762138367,-0.6542865037918091,0.12683729827404022
611,13,10,0.25127238035202026,-0.966077983379364,-0.6537412405014038,0.12705416977405548
612,13,11,-0.0011939943069592118,-0.8685309290885925,-0.6523565053939819,0.12713289260864258
613,13,12,0.37297824025154114,-0.04478037357330322,-0.6495925188064575,0.1264319121837616
614,13,13,0.17509588599205017,-0.6101385354995728,-0.6446759700775146,0.126003697514534
615,13,14,0.2863529920578003,-0.912503719329834,-0.6491960883140564,0.1263667494058609
616,13,15,-0.31852293014526367,-0.8703886866569519,-0.6524712443351746,0.1265915483236313
617,13,16,-0.1430685669183731,-0.6705223917961121,-0.6516334414482117,0.12611772119998932
618,13,17,-0.016267899423837662,-0.32663753628730774,-0.652154803276062,0.1264142245054245
619,13,18,-0.16371048986911774,-0.9862043857574463,-0.6506180763244629,0.12575624883174896
620,13,19,-0.12694944441318512,-0.34953922033309937,-0.6467844843864441,0.12577961385250092
621,13,20,0.27121323347091675,-0.6020027995109558,-0.6519046425819397,0.1263720542192459
622,13,21,0.34928619861602783,-0.8845891952514648,-0.6424342393875122,0.12570632994174957
623,13,22,-0.4489823579788208,-0.8955370783805847,-0.6538514494895935,0.1267312467098236
624,13,23,-0.19677700102329254,-1.0,-0.6525965332984924,0.12613153457641602
625,13,24,0.24469760060310364,-1.0,-0.6533198356628418,0.12631119787693024
626,13,25,-0.10297699272632599,-0.3318186402320862,-0.6477680802345276,0.12647205591201782
627,13,26,0.5321557521820068,-1.0,-0.6463228464126587,0.12569016218185425
628,13,27,-0.046880319714546204,-0.21282747387886047,-0.6457310914993286,0.12628866732120514
629,13,28,0.1817825883626938,-0.7152819037437439,-0.6482605338096619,0.12612341344356537
630,13,29,0.07115105539560318,-1.0,-0.650608479976654,0.12661786377429962
631,13,30,0.22970254719257355,-0.28741455078125,-0.6546337008476257,0.12668906152248383
632,13,31,-0.23844294250011444,-0.16514848172664642,-0.6459608674049377,0.12565724551677704
633,13,32,0.07717979699373245,-0.827405571937561,-0.6481666564941406,0.1259327530860901
634,13,33,0.1785639375448227,-1.0,-0.6459334492683411,0.12551353871822357
635,13,34,-0.2578801214694977,-0.2323262244462967,-0.6507465243339539,0.1263193041086197
636,13,35,-0.11353504657745361,0.13158077001571655,-0.6468392610549927,0.1258622109889984
637,13,36,0.033270832151174545,-0.1549139767885208,-0.6495766043663025,0.1261408030986786
638,13,37,-0.09681784361600876,-0.19810277223587036,-0.6472657918930054,0.12600098550319672
639,13,38,-0.043248724192380905,-0.2506125867366791,-0.647131085395813,0.125772163271904
640,13,39,-0.19604769349098206,-0.5386084318161011,-0.6464439630508423,0.12585408985614777
641,13,40,0.6785051822662354,-0.5395343899726868,-0.6521590352058411,0.1262313574552536
642,13,41,0.6181353330612183,-0.8881582617759705,-0.650114119052887,0.1271296888589859
643,13,42,0.10780913382768631,-0.7086309194564819,-0.6474403738975525,0.12668287754058838
644,13,43,0.33248063921928406,-0.5024642944335938,-0.6508291959762573,0.12658795714378357
645,13,44,0.050579171627759933,-0.5745332837104797,-0.651948094367981,0.1268662065267563
646,13,45,-0.02404535748064518,-0.8117939233779907,-0.6476927995681763,0.12590382993221283
647,13,46,0.02821839042007923,-1.0,-0.6407913565635681,0.12467417120933533
648,13,47,0.033683065325021744,-0.6289066672325134,-0.6537166833877563,0.12616916000843048
649,13,48,0.08012731373310089,-0.11011258512735367,-0.6506690382957458,0.12645629048347473
650,13,49,0.015016047284007072,-0.548005223274231,-0.6515269875526428,0.12654398381710052
651,14,0,-0.32778412103652954,-0.37091001868247986,-0.5795735120773315,0.1358616054058075
652,14,1,-0.09042525291442871,-0.9319743514060974,-0.5893208980560303,0.13746556639671326
653,14,2,0.27398180961608887,-0.050482429563999176,-0.5855038166046143,0.13729673624038696
654,14,3,-0.19526204466819763,-0.7497656941413879,-0.5823531150817871,0.13717880845069885
655,14,4,0.04443604126572609,-1.0,-0.5830878019332886,0.1366541087627411
656,14,5,0.3294692039489746,-0.7351194024085999,-0.5933842658996582,0.13740208745002747
657,14,6,-0.37054744362831116,-0.4436133801937103,-0.5844327211380005,0.1374947726726532
658,14,7,0.18879668414592743,-0.3469832241535187,-0.5898135900497437,0.1376417577266693
659,14,8,-0.023348497226834297,-0.8533704876899719,-0.5855997800827026,0.13776351511478424
660,14,9,-0.3755316734313965,-0.9622212052345276,-0.5864530801773071,0.13760602474212646
661,14,10,-0.3669328987598419,-0.8508533239364624,-0.5897974967956543,0.13778921961784363
662,14,11,-0.0980510339140892,-0.536038875579834,-0.5888063907623291,0.1376175880432129
663,14,12,0.3670854866504669,-0.7007294297218323,-0.5887467861175537,0.13781246542930603
664,14,13,0.056214284151792526,-0.019005978479981422,-0.5882018804550171,0.1384836733341217
665,14,14,0.25473394989967346,-0.5811716318130493,-0.5877575874328613,0.1381041556596756
666,14,15,0.14458273351192474,-1.0,-0.5759445428848267,0.135957270860672
667,14,16,0.006418163888156414,0.020023366436362267,-0.5914713144302368,0.13801094889640808
668,14,17,-0.15096408128738403,-0.9683569073677063,-0.5879435539245605,0.13795897364616394
669,14,18,0.023485802114009857,-0.3933674693107605,-0.5911843776702881,0.13804683089256287
670,14,19,-0.19557735323905945,-0.1484716534614563,-0.5887836217880249,0.137776717543602
671,14,20,-0.05299268662929535,-0.5531561970710754,-0.5849997997283936,0.137203186750412
672,14,21,0.5442330837249756,-1.0,-0.5885381698608398,0.13782308995723724
673,14,22,-0.1288464218378067,-0.5391504168510437,-0.5867526531219482,0.13855795562267303
674,14,23,-0.11410245299339294,-0.16081659495830536,-0.5899546146392822,0.1378333866596222
675,14,24,0.06800754368305206,-0.44298794865608215,-0.5870156288146973,0.1377866417169571
676,14,25,-0.0712895467877388,-0.002768381265923381,-0.5864983797073364,0.13776278495788574
677,14,26,0.16282550990581512,-0.6465972065925598,-0.5887519121170044,0.1379086971282959
678,14,27,0.2624477446079254,-0.6028788089752197,-0.5870504379272461,0.1381431221961975
679,14,28,0.5203192234039307,-0.4997204840183258,-0.5893853902816772,0.13807795941829681
680,14,29,0.4923974275588989,-0.6936016082763672,-0.5888739824295044,0.1385725438594818
681,14,30,0.33737021684646606,-0.5211723446846008,-0.5878009796142578,0.13780084252357483
682,14,31,-0.35560181736946106,-0.7853512763977051,-0.5884208679199219,0.13846150040626526
683,14,32,0.09636200219392776,-0.6036016941070557,-0.5850769281387329,0.13587361574172974
684,14,33,0.17791420221328735,-0.83583003282547,-0.5871858596801758,0.13750186562538147
685,14,34,-0.45276713371276855,-0.41222503781318665,-0.5893979072570801,0.13817675411701202
686,14,35,0.5549849271774292,-0.7394765615463257,-0.5881049633026123,0.1370125263929367
687,14,36,-0.22520515322685242,-0.47134557366371155,-0.5807515382766724,0.13738539814949036
688,14,37,0.2661052942276001,-0.34355035424232483,-0.591050386428833,0.13790670037269592
689,14,38,-0.5096176266670227,-1.0,-0.5848675966262817,0.13759225606918335
690,14,39,0.11460627615451813,-0.2582234740257263,-0.590951681137085,0.13761219382286072
691,14,40,-0.012226082384586334,-0.9312156438827515,-0.5810050964355469,0.13688266277313232
692,14,41,-0.26622381806373596,0.2749995291233063,-0.58497154712677,0.13719984889030457
693,14,42,-0.02889825403690338,-0.14368169009685516,-0.5847375392913818,0.13688825070858002
694,14,43,-0.3543212413787842,-0.45553603768348694,-0.5827757120132446,0.13710230588912964
695,14,44,-0.01389033067971468,-0.5499839782714844,-0.5902407169342041,0.13751965761184692
696,14,45,0.34553542733192444,-0.47079840302467346,-0.5866854190826416,0.13792791962623596
697,14,46,-0.22681626677513123,-0.8092696666717529,-0.5890328884124756,0.13852165639400482
698,14,47,-0.08338994532823563,-0.7570883631706238,-0.5821713209152222,0.13597792387008667
699,14,48,-0.06932546943426132,-1.0,-0.5792198181152344,0.1363731026649475
700,14,49,-0.04894721135497093,0.011652366258203983,-0.5886578559875488,0.13781994581222534
701,15,0,-0.07954230159521103,-0.7073968648910522,-0.4878930151462555,0.1475479006767273
702,15,1,0.21028666198253632,-0.05299403518438339,-0.4900166392326355,0.14749351143836975
703,15,2,0.02371150255203247,-0.4986455738544464,-0.4873211085796356,0.14743195474147797
704,15,3,-0.00255510862916708,-0.8409164547920227,-0.48709791898727417,0.14710605144500732
705,15,4,-0.02358439192175865,-0.7042586207389832,-0.4878782033920288,0.14736756682395935
706,15,5,-0.40669065713882446,-0.869841456413269,-0.4896649718284607,0.14785334467887878
707,15,6,-0.046954721212387085,-0.8063557147979736,-0.491646409034729,0.14775210618972778
708,15,7,0.25606340169906616,-0.347619891166687,-0.4838216006755829,0.14583829045295715
709,15,8,-0.2581609785556793,-0.5423201322555542,-0.4903072416782379,0.14705565571784973
710,15,9,0.720378577709198,-0.6880381107330322,-0.4914553761482239,0.14745387434959412
711,15,10,-0.3776172995567322,-1.0,-0.4873543679714203,0.14847075939178467
712,15,11,0.09490900486707687,0.026564279571175575,-0.492532342672348,0.14795830845832825
713,15,12,0.3791344165802002,-0.5913068056106567,-0.48791494965553284,0.1474512815475464
714,15,13,0.29187101125717163,0.18393415212631226,-0.4791030287742615,0.1464267075061798
715,15,14,-0.3463630676269531,-0.4504251182079315,-0.48718202114105225,0.14763161540031433
716,15,15,-0.2058015912771225,0.2223518341779709,-0.4906952977180481,0.14763237535953522
717,15,16,0.08570834994316101,-0.5655664205551147,-0.4876854419708252,0.14710944890975952
718,15,17,0.1277872771024704,-0.06700936704874039,-0.4886733889579773,0.14698436856269836
719,15,18,0.41362839937210083,-0.5797048211097717,-0.48554691672325134,0.14697854220867157
720,15,19,0.17474955320358276,-0.9424771666526794,-0.4815812408924103,0.14606869220733643
721,15,20,-0.006437062751501799,-0.4834330677986145,-0.49326953291893005,0.14774569869041443
722,15,21,0.4639303386211395,-0.6611171364784241,-0.48644134402275085,0.14697390794754028
723,15,22,-0.29843929409980774,-0.20522350072860718,-0.4869917929172516,0.14789819717407227
724,15,23,-0.39469408988952637,-1.0,-0.49144303798675537,0.14758729934692383
725,15,24,0.02715126983821392,-0.48466968536376953,-0.48803555965423584,0.14708447456359863
726,15,25,-0.32899361848831177,-0.8176350593566895,-0.4874059855937958,0.14686116576194763
727,15,26,0.04124927893280983,-0.6736827492713928,-0.48588117957115173,0.14555470645427704
728,15,27,-0.24035969376564026,-0.3562217652797699,-0.49146005511283875,0.14727556705474854
729,15,28,-0.22471849620342255,-0.2690356969833374,-0.4906916320323944,0.14774955809116364
730,15,29,0.01933695748448372,-0.2024497091770172,-0.48339077830314636,0.1459904909133911
731,15,30,-0.2277461141347885,-0.3426181972026825,-0.4855750501155853,0.1470319777727127
732,15,31,-0.24659521877765656,-0.3142106235027313,-0.4855702221393585,0.14664772152900696
733,15,32,-0.27196040749549866,-0.7865301370620728,-0.48198989033699036,0.14613813161849976
734,15,33,-0.15602447092533112,-0.5922131538391113,-0.48619914054870605,0.1462480127811432
735,15,34,0.5228976011276245,-0.6786662936210632,-0.4861713647842407,0.14650705456733704
736,15,35,-0.1321282684803009,-0.6731800436973572,-0.4887896478176117,0.1484188735485077
737,15,36,-0.23156896233558655,-1.0,-0.4905330240726471,0.14802083373069763
738,15,37,0.23568132519721985,-0.01614261418581009,-0.4916633069515228,0.1479761004447937
739,15,38,0.25868141651153564,-0.6128383278846741,-0.4829154908657074,0.14710791409015656
740,15,39,0.13504771888256073,-0.3769254684448242,-0.4871963858604431,0.14769038558006287
741,15,40,-0.14937178790569305,-0.74992835521698,-0.4900229275226593,0.1482161283493042
742,15,41,-0.31747761368751526,-0.27258098125457764,-0.4853895604610443,0.14611119031906128
743,15,42,-0.17900459468364716,-0.1388474702835083,-0.4839816987514496,0.14625349640846252
744,15,43,0.07572993636131287,-0.14719387888908386,-0.48760664463043213,0.1470220386981964
745,15,44,-0.051167502999305725,0.02902023307979107,-0.4860970079898834,0.14731553196907043
746,15,45,-0.2717572748661041,-0.543721616268158,-0.4872649312019348,0.14740905165672302
747,15,46,0.7228389382362366,0.3488754332065582,-0.48937007784843445,0.1476447582244873
748,15,47,0.1611151546239853,-0.31620028614997864,-0.4850750267505646,0.14802950620651245
749,15,48,-0.019596362486481667,-0.15492217242717743,-0.4821031391620636,0.14680489897727966
750,15,49,-0.5505446791648865,-0.4552978277206421,-0.48615315556526184,0.1472594141960144
751,16,0,0.05273538455367088,-0.6127353310585022,-0.3787570595741272,0.13610057532787323
752,16,1,-0.001554301124997437,-0.1775585412979126,-0.3834376931190491,0.13736405968666077
753,16,2,0.2506380081176758,-0.216844379901886,-0.3837074339389801,0.13757199048995972
754,16,3,0.2217288762331009,0.0019093883456662297,-0.38003700971603394,0.13712438941001892
755,16,4,0.36425817012786865,-0.6070901155471802,-0.38191482424736023,0.13721975684165955
756,16,5,0.5527453422546387,-0.6297124624252319,-0.38103508949279785,0.13722459971904755
757,16,6,0.16397468745708466,-0.3263902962207794,-0.38139069080352783,0.13842539489269257
758,16,7,0.05734242871403694,0.3575926721096039,-0.3841588497161865,0.13688164949417114
759,16,8,0.2003989815711975,-0.7034981846809387,-0.38315215706825256,0.13692817091941833
760,16,9,-0.701873779296875,-0.7706799507141113,-0.38239359855651855,0.137466698884964
761,16,10,-0.0056849513202905655,-0.5760666728019714,-0.3872479200363159,0.13658024370670319
762,16,11,0.30245065689086914,-0.8864623308181763,-0.3793516159057617,0.13618957996368408
763,16,12,-0.005840518046170473,-0.33619067072868347,-0.3846334218978882,0.1375080943107605
764,16,13,-0.31332725286483765,0.14976409077644348,-0.38006508350372314,0.1363062560558319
765,16,14,0.2542911171913147,-0.03795802220702171,-0.38235557079315186,0.13655877113342285
766,16,15,-0.21536315977573395,-0.9357272982597351,-0.3808738589286804,0.13700143992900848
767,16,16,0.2843964695930481,-0.5124952793121338,-0.3827435076236725,0.13699772953987122
768,16,17,-0.07369135320186615,-0.27304160594940186,-0.38148361444473267,0.13715165853500366
769,16,18,-0.09647595137357712,0.3079987168312073,-0.38006773591041565,0.13646221160888672
770,16,19,0.06420989334583282,-0.28139981627464294,-0.3812859058380127,0.1366627961397171
771,16,20,-0.0892566666007042,-0.3976784646511078,-0.38166579604148865,0.13643226027488708
772,16,21,-0.2386343628168106,-0.3102860152721405,-0.38404399156570435,0.13702687621116638
773,16,22,-0.05586113780736923,-0.6048252582550049,-0.38095349073410034,0.1360706239938736
774,16,23,0.502119779586792,0.1369432657957077,-0.38241609930992126,0.13673067092895508
775,16,24,-0.09507603943347931,-0.945313036441803,-0.3837561309337616,0.13806582987308502
776,16,25,-0.2259848415851593,-0.46427321434020996,-0.38483917713165283,0.13765548169612885
777,16,26,0.2539823353290558,-0.16432660818099976,-0.38540804386138916,0.1374862790107727
778,16,27,-0.21772493422031403,-0.39184945821762085,-0.3816581964492798,0.1371719092130661
779,16,28,-0.09783128648996353,-0.6925510764122009,-0.3835304081439972,0.137125164270401
780,16,29,-0.2986343502998352,-0.1725466102361679,-0.38492828607559204,0.13756123185157776
781,16,30,0.25292086601257324,-0.5990727543830872,-0.38571345806121826,0.13706739246845245
782,16,31,0.2929418385028839,0.10948415845632553,-0.3792739510536194,0.13659121096134186
783,16,32,0.06792780756950378,-0.6566760540008545,-0.3846055567264557,0.13780584931373596
784,16,33,0.1391090303659439,-0.3926118314266205,-0.3842052221298218,0.13747116923332214
785,16,34,-0.2638687491416931,-0.374520868062973,-0.38454973697662354,0.1375409960746765
786,16,35,0.2371605932712555,-0.5268346071243286,-0.3833172023296356,0.13710007071495056
787,16,36,0.2093440145254135,-0.059818219393491745,-0.3824763000011444,0.13738682866096497
788,16,37,-0.6054995656013489,-0.7634942531585693,-0.38439399003982544,0.13696730136871338
789,16,38,0.09051654487848282,-0.31315430998802185,-0.3846556544303894,0.13640230894088745
790,16,39,-0.3305438458919525,-0.6328811645507812,-0.3812424838542938,0.13657279312610626
791,16,40,0.2821700870990753,-0.6211549639701843,-0.38539063930511475,0.13697773218154907
792,16,41,0.15205498039722443,-0.1144559383392334,-0.38362306356430054,0.13830113410949707
793,16,42,-0.5058473944664001,-0.4385879933834076,-0.38465332984924316,0.1377815306186676
794,16,43,-0.22877833247184753,-0.172586128115654,-0.38615232706069946,0.1370762288570404
795,16,44,-0.21860826015472412,-0.007592535577714443,-0.38223856687545776,0.1369684934616089
796,16,45,-0.1756754070520401,-0.33799660205841064,-0.38358837366104126,0.13704845309257507
797,16,46,-0.36966943740844727,-0.15275628864765167,-0.38181865215301514,0.13659600913524628
798,16,47,-0.35815832018852234,-0.8879711627960205,-0.38346850872039795,0.13672082126140594
799,16,48,0.02740313671529293,-0.4528024196624756,-0.38327643275260925,0.13694822788238525
800,16,49,-0.05148082226514816,-0.09964808076620102,-0.3839711844921112,0.1369197964668274
801,17,0,0.13405071198940277,0.19173000752925873,-0.30754899978637695,0.09633557498455048
802,17,1,-0.18627633154392242,-0.22001205384731293,-0.30822330713272095,0.0961451306939125
803,17,2,0.14172489941120148,-0.04980534687638283,-0.3083677887916565,0.09590758383274078
804,17,3,0.10970184206962585,0.11100733280181885,-0.3055761158466339,0.09587596356868744
805,17,4,0.23431381583213806,0.05438212677836418,-0.3057810664176941,0.09611551463603973
806,17,5,-0.20157144963741302,-0.378653883934021,-0.30766457319259644,0.09633952379226685
807,17,6,-0.3479546308517456,-0.4318108558654785,-0.30929815769195557,0.09622470289468765
808,17,7,-0.18895794451236725,0.37195679545402527,-0.31043148040771484,0.09606591612100601
809,17,8,-0.4714502692222595,-0.4024311900138855,-0.30973803997039795,0.09608224034309387
810,17,9,-0.015466987155377865,-0.6899545788764954,-0.31054961681365967,0.09589800238609314
811,17,10,-0.2067582607269287,-0.07643920183181763,-0.30862078070640564,0.09623061120510101
812,17,11,-0.2560243606567383,0.007099822163581848,-0.3088703751564026,0.09563753008842468
813,17,12,-0.27072495222091675,0.014478834345936775,-0.3096740245819092,0.09621831774711609
814,17,13,0.18312819302082062,-0.04768829047679901,-0.3107633590698242,0.09637890756130219
815,17,14,-0.14085841178894043,-0.42311108112335205,-0.3069026470184326,0.09592702984809875
816,17,15,-0.029927385970950127,-0.6934789419174194,-0.3095420002937317,0.09621323645114899
817,17,16,-0.3437565267086029,-0.2055184543132782,-0.31026771664619446,0.09634235501289368
818,17,17,-0.06218034029006958,0.014292566105723381,-0.30978912115097046,0.09594351798295975
819,17,18,0.2516237199306488,-0.5312210917472839,-0.3094097971916199,0.09624458849430084
820,17,19,0.13079357147216797,-0.09555821120738983,-0.30791938304901123,0.09656443446874619
821,17,20,-0.3412838578224182,-0.40045166015625,-0.3075433373451233,0.09617070853710175
822,17,21,0.03363512083888054,0.08293101191520691,-0.3107437491416931,0.09614534676074982
823,17,22,-0.24501939117908478,0.17160260677337646,-0.3084612488746643,0.09606046974658966
824,17,23,0.10841148346662521,-0.1952369064092636,-0.309600293636322,0.09620601683855057
825,17,24,-0.32391059398651123,-0.4366062581539154,-0.30628734827041626,0.09592542052268982
826,17,25,-0.1327061653137207,-0.3324740529060364,-0.30861014127731323,0.09600907564163208
827,17,26,-0.15192127227783203,0.16991020739078522,-0.3068571090698242,0.09563134610652924
828,17,27,0.09890393167734146,0.1621432900428772,-0.3084627389907837,0.09582513570785522
829,17,28,0.08734378218650818,-0.6343111395835876,-0.3080024719238281,0.0961533635854721
830,17,29,-0.13613294064998627,-0.43524280190467834,-0.30808693170547485,0.09631992876529694
831,17,30,0.08289874345064163,-0.7232957482337952,-0.3118974268436432,0.09638519585132599
832,17,31,-0.2764858901500702,-0.972399890422821,-0.30818238854408264,0.0959136039018631
833,17,32,-0.07611232250928879,0.18452705442905426,-0.309964120388031,0.09629559516906738
834,17,33,0.11493807286024094,-0.5106777548789978,-0.3079304099082947,0.0959969162940979
835,17,34,0.22026830911636353,-0.2913426160812378,-0.30894601345062256,0.09616690874099731
836,17,35,-0.26533424854278564,-0.2533835470676422,-0.3083511292934418,0.0955740362405777
837,17,36,0.41818711161613464,-0.7209409475326538,-0.3053024113178253,0.09559646993875504
838,17,37,-0.4437745213508606,-0.3677041232585907,-0.3071611523628235,0.09625519812107086
839,17,38,0.058443814516067505,-0.08021295815706253,-0.31141823530197144,0.09615764021873474
840,17,39,-0.20967362821102142,-0.9905304908752441,-0.30464375019073486,0.09575118124485016
841,17,40,-0.031133901327848434,-0.3191576600074768,-0.3109654486179352,0.09628981351852417
842,17,41,-0.08234187960624695,-0.46051132678985596,-0.3057970404624939,0.09557104855775833
843,17,42,0.09264175593852997,0.025814810767769814,-0.3102874159812927,0.09608718752861023
844,17,43,-0.25948870182037354,-0.07535721361637115,-0.3090585470199585,0.09650987386703491
845,17,44,-0.26785022020339966,-0.21631567180156708,-0.30664491653442383,0.0956140086054802
846,17,45,0.20080521702766418,-0.014019863680005074,-0.3080281615257263,0.09586691111326218
847,17,46,-0.15621551871299744,-0.2943061888217926,-0.3070279657840729,0.09599839150905609
848,17,47,-0.1815243363380432,-0.4057055115699768,-0.3063110113143921,0.09558089077472687
849,17,48,-0.10224896669387817,-0.41637668013572693,-0.31002795696258545,0.09606479853391647
850,17,49,-0.5690516829490662,-0.7950621843338013,-0.30791065096855164,0.09610018134117126
851,18,0,0.1189763993024826,-0.3089520037174225,-0.24122658371925354,0.04907172918319702
852,18,1,0.020727775990962982,-1.0,-0.2417752593755722,0.04898134618997574
853,18,2,-0.15305234491825104,-0.22011500597000122,-0.2454032003879547,0.049180034548044205
854,18,3,-0.27612364292144775,-0.3861621916294098,-0.2450500875711441,0.04901871085166931
855,18,4,-0.33671626448631287,-0.33696117997169495,-0.24682709574699402,0.04911922663450241
856,18,5,-0.40519723296165466,-0.9259479641914368,-0.2464812994003296,0.0490083247423172
857,18,6,-0.41802555322647095,0.31715548038482666,-0.2458438128232956,0.04900651425123215
858,18,7,-0.4260920584201813,-0.4129537045955658,-0.24653634428977966,0.0490071177482605
859,18,8,-0.6083046793937683,0.16674178838729858,-0.24634017050266266,0.04904654622077942
860,18,9,-0.21900257468223572,-0.11203140765428543,-0.24731995165348053,0.049067046493291855
861,18,10,-0.09932878613471985,0.06220465898513794,-0.24584552645683289,0.049103230237960815
862,18,11,-0.20566923916339874,-0.08940554410219193,-0.24588555097579956,0.04913065582513809
863,18,12,0.15031073987483978,-0.4908110201358795,-0.2451387494802475,0.049047209322452545
864,18,13,-0.21558178961277008,-0.3141867220401764,-0.2446635514497757,0.049122802913188934
865,18,14,0.5326350927352905,-0.8651610016822815,-0.24334628880023956,0.04897564649581909
866,18,15,0.3706758916378021,-0.029293717816472054,-0.2431265264749527,0.049180056899785995
867,18,16,0.09746719151735306,-0.3648169934749603,-0.24147364497184753,0.04912850260734558
868,18,17,-0.22261212766170502,0.3215394914150238,-0.24451114237308502,0.049165453761816025
869,18,18,-0.06452605873346329,-0.8819231986999512,-0.2445039302110672,0.04908650740981102
870,18,19,0.24024257063865662,-0.03263971582055092,-0.24459058046340942,0.049130797386169434
871,18,20,-0.18592819571495056,-0.29803717136383057,-0.24454675614833832,0.04908596724271774
872,18,21,-0.42163562774658203,-0.4257427752017975,-0.24330845475196838,0.04895537719130516
873,18,22,-0.15929089486598969,0.02622964419424534,-0.2473468780517578,0.04904380440711975
874,18,23,-0.11171311885118484,0.10758306086063385,-0.2455967217683792,0.0491674542427063
875,18,24,-0.11057309806346893,-0.17838378250598907,-0.24704720079898834,0.04915815591812134
876,18,25,-0.4146341383457184,-0.42088404297828674,-0.24464240670204163,0.049086421728134155
877,18,26,0.15061309933662415,-0.530457615852356,-0.24715369939804077,0.04905809462070465
878,18,27,0.21254749596118927,-0.41755685210227966,-0.24572667479515076,0.04922444000840187
879,18,28,-0.14369992911815643,-0.35449522733688354,-0.24450618028640747,0.04924134537577629
880,18,29,-0.16040627658367157,-0.4117468297481537,-0.24617958068847656,0.049132246524095535
881,18,30,-0.05866440385580063,-0.024893812835216522,-0.24378004670143127,0.04906928539276123
882,18,31,0.2913201153278351,-0.36137810349464417,-0.2457873672246933,0.04908962920308113
883,18,32,0.26227784156799316,-0.6909440159797668,-0.24289068579673767,0.04918892681598663
884,18,33,0.2555599510669708,-0.03532497212290764,-0.24527940154075623,0.049228839576244354
885,18,34,-0.13137763738632202,-0.3916275203227997,-0.24528323113918304,0.04919047653675079
886,18,35,0.03712295740842819,-0.13256441056728363,-0.24560683965682983,0.04914835840463638
887,18,36,-0.13738255202770233,-0.24722912907600403,-0.24465513229370117,0.049090899527072906
888,18,37,0.2941786050796509,-0.2626185119152069,-0.24433600902557373,0.04900772124528885
889,18,38,0.1596907526254654,-0.249933660030365,-0.24006463587284088,0.04900333285331726
890,18,39,0.24793381989002228,-0.15829682350158691,-0.24047599732875824,0.049005378037691116
891,18,40,0.20054343342781067,-0.5310396552085876,-0.2420511245727539,0.04910065606236458
892,18,41,0.4223475754261017,0.35474899411201477,-0.24462857842445374,0.04920788109302521
893,18,42,-0.21174800395965576,-0.4513586759567261,-0.24443261325359344,0.04922281205654144
894,18,43,-0.19645117223262787,-0.3740437924861908,-0.24730348587036133,0.0491335391998291
895,18,44,-0.20346198976039886,-0.9111889600753784,-0.24758678674697876,0.04916072636842728
896,18,45,0.22093519568443298,-0.6187267899513245,-0.2449205070734024,0.0490708127617836
897,18,46,0.1499958485364914,-0.2847650945186615,-0.24454262852668762,0.0491502583026886
898,18,47,-0.12006720155477524,-0.7132198214530945,-0.2458021193742752,0.049083419144153595
899,18,48,-0.21393314003944397,-0.47210004925727844,-0.24694281816482544,0.04914182424545288
900,18,49,0.020592981949448586,0.2524094581604004,-0.247070774435997,0.04917668178677559
901,19,0,-0.09458718448877335,0.2304915487766266,-0.23018716275691986,0.002608044072985649
902,19,1,-0.4810367822647095,0.13910548388957977,-0.2304665893316269,0.002442633733153343
903,19,2,-0.12327814102172852,0.028345275670289993,-0.23439176380634308,0.002323094755411148
904,19,3,-0.24253425002098083,0.3576522171497345,-0.23290643095970154,0.002188548445701599
905,19,4,0.003259228076785803,-0.0012128016678616405,-0.23227821290493011,0.0022933389991521835
906,19,5,-0.2434009611606598,0.1413770467042923,-0.2332143485546112,0.002292204648256302
907,19,6,0.20113861560821533,-0.6988810300827026,-0.23519925773143768,0.002250893972814083
908,19,7,-0.18846699595451355,-0.4209062457084656,-0.2314351499080658,0.0022119134664535522
909,19,8,0.33178162574768066,-0.21493998169898987,-0.23404593765735626,0.002196650952100754
910,19,9,-0.23518837988376617,-0.8460632562637329,-0.2305603325366974,0.002323400229215622
911,19,10,-0.23355066776275635,-0.473533034324646,-0.23349346220493317,0.002306360751390457
912,19,11,0.6211040019989014,-0.729169487953186,-0.23446917533874512,0.0022184662520885468
913,19,12,0.060289718210697174,-0.7434287667274475,-0.230094313621521,0.0022568795830011368
914,19,13,0.04346086084842682,-0.27224278450012207,-0.23322099447250366,0.0021131448447704315
915,19,14,-0.08512609452009201,-0.26436352729797363,-0.22963684797286987,0.0025486964732408524
916,19,15,-0.0780378058552742,-0.6919474601745605,-0.22871391475200653,0.0025783302262425423
917,19,16,-0.15071208775043488,0.034174904227256775,-0.23319771885871887,0.0022444408386945724
918,19,17,-0.014669422060251236,0.18463176488876343,-0.23467093706130981,0.002129204571247101
919,19,18,0.04076468572020531,-0.32027631998062134,-0.23170974850654602,0.002395208925008774
920,19,19,-0.3327658772468567,-0.05768515542149544,-0.22849640250205994,0.0026747696101665497
921,19,20,0.44084471464157104,-0.29683488607406616,-0.23194190859794617,0.0025054793804883957
922,19,21,-0.2059360146522522,-0.16560104489326477,-0.22812336683273315,0.0025786496698856354
923,19,22,0.25376319885253906,-0.5218119621276855,-0.23195697367191315,0.002401774749159813
924,19,23,-0.03287719935178757,-0.2311825007200241,-0.23148328065872192,0.0022585727274417877
925,19,24,-0.12745003402233124,-0.16603465378284454,-0.2315772920846939,0.002373281866312027
926,19,25,-0.0019003186607733369,-0.31352341175079346,-0.23195262253284454,0.002365780994296074
927,19,26,-0.1738821566104889,-0.7021393179893494,-0.2296382188796997,0.0026385094970464706
928,19,27,-0.27772676944732666,-0.44864916801452637,-0.23521026968955994,0.002245863899588585
929,19,28,-0.22863996028900146,0.20414391160011292,-0.23510289192199707,0.002113254740834236
930,19,29,0.0622684471309185,-0.5779069066047668,-0.23382891714572906,0.0023701395839452744
931,19,30,0.38092049956321716,0.16521765291690826,-0.23018983006477356,0.0026416368782520294
932,19,31,-0.43335211277008057,-0.4181690216064453,-0.23312298953533173,0.0022380826994776726
933,19,32,-0.6383891701698303,-0.7685095071792603,-0.2349926233291626,0.002275410108268261
934,19,33,-0.034250255674123764,-0.5359030365943909,-0.23507846891880035,0.0025038253515958786
935,19,34,0.23025718331336975,-0.7029191851615906,-0.23441708087921143,0.0022564753890037537
936,19,35,-0.13981853425502777,-0.19406558573246002,-0.23267212510108948,0.002054281532764435
937,19,36,-0.33584460616111755,0.13410116732120514,-0.233407124876976,0.002218727022409439
938,19,37,0.6528533697128296,-0.030971709638834,-0.23406516015529633,0.002283623442053795
939,19,38,-0.39447206258773804,-0.0813266932964325,-0.2297612875699997,0.0022465018555521965
940,19,39,-0.1000841036438942,0.09122483432292938,-0.23336505889892578,0.002369837835431099
941,19,40,-0.08652506023645401,-0.21379002928733826,-0.23342329263687134,0.0022279415279626846
942,19,41,0.13399837911128998,-0.5171130299568176,-0.2324928194284439,0.0023701023310422897
943,19,42,0.20008711516857147,-0.08787134289741516,-0.2333286553621292,0.0022631948813796043
944,19,43,0.31619152426719666,-0.6539762616157532,-0.23145858943462372,0.002399703487753868
945,19,44,0.2955215573310852,0.2752697467803955,-0.23211030662059784,0.0021603815257549286
946,19,45,0.044974759221076965,0.4923323094844818,-0.2336866557598114,0.002168053761124611
947,19,46,0.3898468017578125,-0.3005763292312622,-0.2320152074098587,0.002365776337683201
948,19,47,0.07000813633203506,-0.5028555393218994,-0.22928820550441742,0.0025427844375371933
949,19,48,0.24512623250484467,-0.1894664764404297,-0.23297013342380524,0.0024144239723682404
950,19,49,-0.023136282339692116,-0.6776125431060791,-0.23315393924713135,0.0023074597120285034
951,20,0,-0.13659173250198364,-0.6991321444511414,-0.2760482430458069,-0.026427602395415306
952,20,1,-0.18894119560718536,-0.157603457570076,-0.28050440549850464,-0.0265506599098444
953,20,2,0.08517152816057205,-0.5792800188064575,-0.2811964750289917,-0.026793520897626877
954,20,3,0.016455458477139473,-0.34511131048202515,-0.2774391174316406,-0.026300961151719093
955,20,4,-0.5275411605834961,-0.4223504066467285,-0.28073573112487793,-0.026362400501966476
956,20,5,-0.3655763864517212,-0.37194880843162537,-0.2810019254684448,-0.026162127032876015
957,20,6,0.3608424663543701,-0.03899216651916504,-0.28121328353881836,-0.026652859523892403
958,20,7,-0.1008971706032753,-0.11082032322883606,-0.27697837352752686,-0.026537330821156502
959,20,8,-0.1905699074268341,0.33364439010620117,-0.27829983830451965,-0.026420574635267258
960,20,9,0.06152717396616936,-0.00939236395061016,-0.27939996123313904,-0.026425594463944435
961,20,10,-0.30364322662353516,-0.5720121264457703,-0.2775438129901886,-0.026515429839491844
962,20,11,0.2592218220233917,0.2187054306268692,-0.2815752625465393,-0.025553854182362556
963,20,12,0.048699118196964264,-1.0,-0.279781699180603,-0.02568766660988331
964,20,13,0.026066038757562637,-0.702991247177124,-0.27937236428260803,-0.02665230818092823
965,20,14,-0.4710647463798523,-0.1719249039888382,-0.2791560888290405,-0.026837274432182312
966,20,15,-0.1262771338224411,-0.4334690272808075,-0.282694935798645,-0.02650636062026024
967,20,16,-0.2333114743232727,-0.840520441532135,-0.28053104877471924,-0.02663106471300125
968,20,17,-0.29016774892807007,-0.13263961672782898,-0.2799581289291382,-0.02635439857840538
969,20,18,0.09897907823324203,-0.27165013551712036,-0.2789789140224457,-0.02632385864853859
970,20,19,-0.21396569907665253,-0.10078010708093643,-0.27524805068969727,-0.02568737044930458
971,20,20,-0.18074114620685577,-0.1281299889087677,-0.27858778834342957,-0.026121731847524643
972,20,21,0.04838421568274498,-0.2931568920612335,-0.2794547975063324,-0.026420168578624725
973,20,22,0.21865379810333252,-0.2756040394306183,-0.2764977514743805,-0.02616743929684162
974,20,23,0.3390360176563263,-0.5387303233146667,-0.2760440707206726,-0.026341218501329422
975,20,24,0.14952439069747925,-0.39856797456741333,-0.279407799243927,-0.026898378506302834
976,20,25,0.1133238896727562,-0.008580496534705162,-0.2803928256034851,-0.027023931965231895
977,20,26,-0.32877033948898315,0.12234698235988617,-0.27848759293556213,-0.026674628257751465
978,20,27,0.1240532174706459,-0.6240696907043457,-0.28005993366241455,-0.026546400040388107
979,20,28,0.01352953165769577,0.05392828583717346,-0.2790221869945526,-0.026862815022468567
980,20,29,0.20490825176239014,0.28148090839385986,-0.2805691957473755,-0.027160411700606346
981,20,30,-0.38843607902526855,-0.4575295150279999,-0.2778948247432709,-0.026669198647141457
982,20,31,-0.04999866709113121,-0.482742577791214,-0.28161758184432983,-0.02646021731197834
983,20,32,-0.0589044913649559,-0.0003240033984184265,-0.28028440475463867,-0.02646794728934765
984,20,33,-0.3418838679790497,-0.4598870575428009,-0.27945905923843384,-0.026823431253433228
985,20,34,-0.029163993895053864,0.04758225381374359,-0.28167015314102173,-0.026794295758008957
986,20,35,-0.37571653723716736,-0.4188689887523651,-0.27962470054626465,-0.027034170925617218
987,20,36,0.204207181930542,-0.7301375269889832,-0.28044378757476807,-0.026503708213567734
988,20,37,-0.15930220484733582,-0.3303759694099426,-0.27845504879951477,-0.026644956320524216
989,20,38,0.16631384193897247,-0.07503759860992432,-0.28028926253318787,-0.025938067585229874
990,20,39,-0.07976134121417999,-0.16191941499710083,-0.27526938915252686,-0.026372430846095085
991,20,40,-0.35580897331237793,-0.3011596202850342,-0.2774459421634674,-0.02647596038877964
992,20,41,-0.07616983354091644,0.26985862851142883,-0.27826014161109924,-0.025836974382400513
993,20,42,0.06466491520404816,-0.6471668481826782,-0.27886638045310974,-0.02623191848397255
994,20,43,0.2257346212863922,-0.22277115285396576,-0.27884456515312195,-0.026756256818771362
995,20,44,-0.17537683248519897,-0.2700391113758087,-0.27903681993484497,-0.026714757084846497
996,20,45,-0.3550439476966858,-0.2987138628959656,-0.27580326795578003,-0.025919564068317413
997,20,46,-0.152503103017807,-0.20624031126499176,-0.27843955159187317,-0.025793438777327538
998,20,47,-0.015087449923157692,-0.5452128052711487,-0.276249498128891,-0.026073848828673363
999,20,48,0.23141111433506012,0.20034512877464294,-0.2792130708694458,-0.02675628662109375
1000,20,49,0.07101434469223022,-0.054355423897504807,-0.2791270613670349,-0.02640666253864765
1001,21,0,-0.27678442001342773,-0.4129105806350708,-0.2884577512741089,-0.0492062121629715
1002,21,1,-0.17307396233081818,-0.4372280538082123,-0.29102233052253723,-0.04884354770183563
1003,21,2,0.01823693886399269,0.035340700298547745,-0.2901904284954071,-0.048898473381996155
1004,21,3,0.45266348123550415,-0.13191574811935425,-0.29055678844451904,-0.04926314204931259
1005,21,4,-0.239092156291008,0.12748296558856964,-0.2856047451496124,-0.049280114471912384
1006,21,5,-0.4399367868900299,-1.0,-0.2902086079120636,-0.04896435886621475
1007,21,6,0.46734923124313354,-0.726639986038208,-0.2918325960636139,-0.04890862852334976
1008,21,7,0.014958454295992851,-0.5201612710952759,-0.2870274782180786,-0.04912765324115753
1009,21,8,0.002413239562883973,-0.44707098603248596,-0.29023459553718567,-0.04880834370851517
1010,21,9,0.0839792862534523,-0.11802928894758224,-0.291593998670578,-0.04920575022697449
1011,21,10,-0.2666968107223511,-0.45791923999786377,-0.28897711634635925,-0.04912171512842178
1012,21,11,0.3568776249885559,-0.35130882263183594,-0.29192736744880676,-0.048953160643577576
1013,21,12,0.008502171374857426,-0.5100762844085693,-0.28825563192367554,-0.049225904047489166
1014,21,13,0.22748655080795288,-0.03437291458249092,-0.2894965410232544,-0.04853653907775879
1015,21,14,-0.06780075281858444,-0.19594748318195343,-0.28781858086586,-0.04927468299865723
1016,21,15,-0.1318976730108261,-0.16676844656467438,-0.2867557406425476,-0.04848948121070862
1017,21,16,0.2577318251132965,-0.0321374274790287,-0.28925666213035583,-0.048594310879707336
1018,21,17,0.19237659871578217,-0.7396702170372009,-0.2870405614376068,-0.04894997179508209
1019,21,18,-0.2091764658689499,0.13721975684165955,-0.28720688819885254,-0.04829148203134537
1020,21,19,-0.10320881009101868,-0.6403586864471436,-0.2901572287082672,-0.04888181388378143
1021,21,20,0.0006295956554822624,-0.2899785339832306,-0.2911660969257355,-0.04905122518539429
1022,21,21,-0.06467198580503464,0.02466512843966484,-0.2896976172924042,-0.04840460419654846
1023,21,22,0.33566588163375854,-0.5113044381141663,-0.2884354889392853,-0.04876815527677536
1024,21,23,0.16561773419380188,0.18100380897521973,-0.2883569300174713,-0.048777393996715546
1025,21,24,0.002499312162399292,0.18393254280090332,-0.28957822918891907,-0.04879575967788696
1026,21,25,-0.1943437159061432,-0.5021897554397583,-0.2891862988471985,-0.048717521131038666
1027,21,26,-0.05594754219055176,0.7642853260040283,-0.2903134524822235,-0.04852873086929321
1028,21,27,-0.0899830088019371,-0.11923952400684357,-0.29058191180229187,-0.04877787083387375
1029,21,28,-0.18377859890460968,0.08643117547035217,-0.2897375524044037,-0.04897619038820267
1030,21,29,0.0937424972653389,-0.3446767330169678,-0.2908358871936798,-0.049245283007621765
1031,21,30,-0.30253732204437256,-0.12548518180847168,-0.28976231813430786,-0.04891006648540497
1032,21,31,-0.2711149752140045,-0.09860938787460327,-0.28991010785102844,-0.0484963059425354
1033,21,32,0.038368239998817444,-0.30379828810691833,-0.289079874753952,-0.04847949743270874
1034,21,33,0.18986129760742188,-0.06075237691402435,-0.285013347864151,-0.04816702753305435
1035,21,34,0.09843029081821442,-0.6548922061920166,-0.2856106162071228,-0.04850965738296509
1036,21,35,0.05628732219338417,-0.2582172453403473,-0.2904079854488373,-0.04901875555515289
1037,21,36,-0.16263119876384735,-0.2594551742076874,-0.2900484502315521,-0.04879279434680939
1038,21,37,-0.18633577227592468,-0.23147456347942352,-0.2877761423587799,-0.04847247898578644
1039,21,38,-0.5667645931243896,-0.8198587894439697,-0.28883203864097595,-0.048596836626529694
1040,21,39,0.10539558529853821,-0.590469241142273,-0.29072335362434387,-0.04774872958660126
1041,21,40,0.3039017617702484,0.46769794821739197,-0.28659912943840027,-0.047920241951942444
1042,21,41,0.12401852756738663,0.00981208123266697,-0.2899288833141327,-0.04916349798440933
1043,21,42,0.5626480579376221,-0.027834849432110786,-0.28746405243873596,-0.04908513277769089
1044,21,43,-0.07153666019439697,0.45071738958358765,-0.2860277593135834,-0.04889269918203354
1045,21,44,-0.1703566014766693,0.3659469187259674,-0.2885490953922272,-0.04887799173593521
1046,21,45,0.4303354024887085,0.06031320244073868,-0.28995564579963684,-0.04882148653268814
1047,21,46,0.6330235004425049,-0.7347663640975952,-0.2859027087688446,-0.049345701932907104
1048,21,47,-0.07233721017837524,-0.21443629264831543,-0.2876145839691162,-0.049482934176921844
1049,21,48,-0.04198360815644264,-0.32779189944267273,-0.28940659761428833,-0.04871067404747009
1050,21,49,-0.051613934338092804,-0.10534685105085373,-0.2854870557785034,-0.04792565107345581
1051,22,0,0.4938914179801941,-0.023031508550047874,-0.2528282701969147,-0.055375080555677414
1052,22,1,-0.22063538432121277,-0.07806852459907532,-0.25175827741622925,-0.05513784661889076
1053,22,2,-0.055143605917692184,-0.48566022515296936,-0.25314122438430786,-0.054723165929317474
1054,22,3,0.36040741205215454,-0.22858832776546478,-0.25429674983024597,-0.055127765983343124
1055,22,4,-0.3963102698326111,-0.995507538318634,-0.25120413303375244,-0.05516119301319122
1056,22,5,-0.2896689176559448,-0.44968411326408386,-0.25645288825035095,-0.055040307343006134
1057,22,6,-0.3433530032634735,-0.28434592485427856,-0.2559828758239746,-0.05526452511548996
1058,22,7,-0.2688295543193817,-0.14369508624076843,-0.2541113495826721,-0.05435947701334953
1059,22,8,0.18960104882717133,-0.5369625091552734,-0.25421446561813354,-0.0549880713224411
1060,22,9,0.0032314893323928118,-0.4309549927711487,-0.254008412361145,-0.05570119619369507
1061,22,10,-0.16505850851535797,0.010395921766757965,-0.25524234771728516,-0.05569984391331673
1062,22,11,-0.09693107008934021,-0.4044549763202667,-0.2554074227809906,-0.055319976061582565
1063,22,12,0.31222134828567505,-0.2621512711048126,-0.2541418671607971,-0.05528804659843445
1064,22,13,-0.33555349707603455,-0.4387723207473755,-0.24995972216129303,-0.05477572977542877
1065,22,14,-0.0700814351439476,-0.06363536417484283,-0.255992591381073,-0.055256880819797516
1066,22,15,-0.3948993980884552,-0.41402697563171387,-0.2531297504901886,-0.054620325565338135
1067,22,16,0.029225731268525124,0.45570868253707886,-0.2555481195449829,-0.054776858538389206
1068,22,17,-0.31442880630493164,-0.12356504052877426,-0.2543865442276001,-0.05513840168714523
1069,22,18,0.08314399421215057,-0.550724446773529,-0.255070298910141,-0.054989274591207504
1070,22,19,0.3661169707775116,-0.012032483704388142,-0.254402756690979,-0.05535301938652992
1071,22,20,-0.08553250879049301,0.24585717916488647,-0.2526251971721649,-0.05620848387479782
1072,22,21,-0.01866297610104084,0.1833048313856125,-0.25330936908721924,-0.05508807674050331
1073,22,22,-0.35282376408576965,-0.26235732436180115,-0.2522963583469391,-0.055144935846328735
1074,22,23,0.2124715894460678,-0.6480573415756226,-0.2533355951309204,-0.05437745898962021
1075,22,24,0.37714213132858276,-1.0,-0.2538869380950928,-0.055400069802999496
1076,22,25,-0.13444605469703674,-0.23078294098377228,-0.25474005937576294,-0.05593761056661606
1077,22,26,0.13850142061710358,-0.329239159822464,-0.25485920906066895,-0.054837316274642944
1078,22,27,0.06578749418258667,-0.514548122882843,-0.2535427212715149,-0.05425633117556572
1079,22,28,-0.31710323691368103,0.24157343804836273,-0.25367212295532227,-0.054908715188503265
1080,22,29,0.18839779496192932,-0.2963619530200958,-0.25493454933166504,-0.0547642856836319
1081,22,30,-0.35081779956817627,0.15262365341186523,-0.25120580196380615,-0.05484011396765709
1082,22,31,0.20521502196788788,-0.2447417974472046,-0.254650354385376,-0.05494241788983345
1083,22,32,-0.26806965470314026,-0.11708743870258331,-0.25204670429229736,-0.05501881241798401
1084,22,33,0.3858318626880646,-0.5139563083648682,-0.25437843799591064,-0.05491413548588753
1085,22,34,0.22342824935913086,0.063649982213974,-0.25302472710609436,-0.055124372243881226
1086,22,35,-0.009913229383528233,0.2999393343925476,-0.2532687485218048,-0.05578525364398956
1087,22,36,0.29799991846084595,-0.5943055152893066,-0.2523631751537323,-0.0551316998898983
1088,22,37,0.733572781085968,-0.6459848880767822,-0.25078389048576355,-0.0551302433013916
1089,22,38,0.460300087928772,-0.37724635004997253,-0.2513386011123657,-0.05639113485813141
1090,22,39,-0.08171772956848145,-0.33777979016304016,-0.2543392777442932,-0.056186120957136154
1091,22,40,-0.1239866241812706,-0.6255138516426086,-0.2542593777179718,-0.05411345139145851
1092,22,41,0.5017240643501282,-0.5824679136276245,-0.25438693165779114,-0.055074792355298996
1093,22,42,0.2381678819656372,-0.2992793917655945,-0.2511003613471985,-0.05440637469291687
1094,22,43,0.03658630698919296,0.00757239293307066,-0.2516728937625885,-0.054527267813682556
1095,22,44,0.3883682191371918,-0.5476544499397278,-0.25344470143318176,-0.05497954413294792
1096,22,45,0.38875812292099,-0.596159040927887,-0.253741979598999,-0.0553414411842823
1097,22,46,0.22952580451965332,-0.3765751123428345,-0.2533336579799652,-0.05544101819396019
1098,22,47,0.0006028037751093507,0.08689022064208984,-0.2548084259033203,-0.05604788288474083
1099,22,48,0.2577211856842041,-0.17694267630577087,-0.25309130549430847,-0.055567797273397446
1100,22,49,0.011682715266942978,-0.504646360874176,-0.2508254051208496,-0.05513080209493637
1101,23,0,0.4157473146915436,-0.5101664066314697,-0.2767314016819,-0.04312422499060631
1102,23,1,0.31902971863746643,-0.4984251856803894,-0.27550727128982544,-0.04356699436903
1103,23,2,0.21899153292179108,-0.3676183819770813,-0.27451181411743164,-0.042686544358730316
1104,23,3,0.1904767006635666,-0.19074566662311554,-0.27432844042778015,-0.04329146072268486
1105,23,4,0.24222300946712494,-0.5648821592330933,-0.2721472978591919,-0.04288351163268089
1106,23,5,-0.22547173500061035,-0.3224588930606842,-0.275912344455719,-0.04292312264442444
1107,23,6,0.09489979594945908,-0.45778945088386536,-0.2736368179321289,-0.04234221205115318
1108,23,7,0.3503764271736145,-0.5165384411811829,-0.27690884470939636,-0.04287205636501312
1109,23,8,0.1311158388853073,-0.46995845437049866,-0.2745341956615448,-0.043030090630054474
1110,23,9,-0.009346543811261654,-0.2605929672718048,-0.27675861120224,-0.0434119738638401
1111,23,10,-0.2827395498752594,-0.5778611898422241,-0.27459368109703064,-0.042830780148506165
1112,23,11,0.25782451033592224,-0.8682612180709839,-0.27372798323631287,-0.04192857816815376
1113,23,12,-0.2688767910003662,-0.3114742934703827,-0.2758272886276245,-0.04329310730099678
1114,23,13,-0.19646643102169037,-0.34094664454460144,-0.2714381814002991,-0.04232015460729599
1115,23,14,-0.30143240094184875,-0.9049389362335205,-0.27407050132751465,-0.042404547333717346
1116,23,15,-0.1926427036523819,-0.3360292911529541,-0.2748876214027405,-0.04261402785778046
1117,23,16,0.10395105183124542,-0.6134405136108398,-0.2729931175708771,-0.04245325177907944
1118,23,17,0.11868974566459656,-0.20852935314178467,-0.27472203969955444,-0.04295068234205246
1119,23,18,-0.3219228684902191,-0.4430159330368042,-0.2761862277984619,-0.04334884136915207
1120,23,19,-0.12514543533325195,-0.33997657895088196,-0.2781265676021576,-0.04305313900113106
1121,23,20,0.10220112651586533,-0.04373761638998985,-0.2746933102607727,-0.04252772778272629
1122,23,21,-0.3445243835449219,-0.44541341066360474,-0.27269506454467773,-0.04226125031709671
1123,23,22,-0.21025611460208893,-0.3598427474498749,-0.27653566002845764,-0.04284274950623512
1124,23,23,0.06273340433835983,-0.07085119187831879,-0.2771642208099365,-0.043088722974061966
1125,23,24,-0.17850914597511292,-0.4950362741947174,-0.27299803495407104,-0.04225765913724899
1126,23,25,0.42124634981155396,-0.35089632868766785,-0.27521467208862305,-0.04268408566713333
1127,23,26,-0.09694530069828033,-0.8968913555145264,-0.27360799908638,-0.0432402528822422
1128,23,27,-0.22154733538627625,-0.23792020976543427,-0.27413302659988403,-0.0429144948720932
1129,23,28,-0.4776771664619446,0.22911794483661652,-0.27501872181892395,-0.042674340307712555
1130,23,29,-0.07801011949777603,-0.0948323979973793,-0.2773648798465729,-0.042491696774959564
1131,23,30,-0.2760639488697052,0.2705167829990387,-0.27391886711120605,-0.04264522343873978
1132,23,31,-0.11385636031627655,-0.39733046293258667,-0.2744334042072296,-0.04264511168003082
1133,23,32,-0.04921426251530647,-0.07892733812332153,-0.2760652005672455,-0.04277174547314644
1134,23,33,-0.017652172595262527,-0.34837275743484497,-0.2736440896987915,-0.04251056909561157
1135,23,34,0.008473612368106842,-0.3467177152633667,-0.27258503437042236,-0.04278722405433655
1136,23,35,-0.04508260264992714,-0.07586932182312012,-0.27307620644569397,-0.04270076006650925
1137,23,36,-0.17186535894870758,-0.4960480034351349,-0.2718852758407593,-0.04243314638733864
1138,23,37,-0.29901933670043945,0.10995512455701828,-0.2755466401576996,-0.04280264303088188
1139,23,38,0.00788244977593422,0.024890724569559097,-0.2764548361301422,-0.04302603751420975
1140,23,39,0.2760973274707794,-0.5942187905311584,-0.2765520215034485,-0.04329512268304825
1141,23,40,0.4387597441673279,-1.0,-0.2746446430683136,-0.04269023984670639
1142,23,41,0.5254217386245728,-0.6338024139404297,-0.2744728624820709,-0.043912697583436966
1143,23,42,0.17288029193878174,-0.3717811107635498,-0.2725270390510559,-0.043748922646045685
1144,23,43,-0.00294084963388741,-0.08010300993919373,-0.27581116557121277,-0.043779484927654266
1145,23,44,0.029241684824228287,-0.2600409686565399,-0.2724800407886505,-0.042676232755184174
1146,23,45,0.34080684185028076,-0.5298760533332825,-0.2720412313938141,-0.04269067198038101
1147,23,46,0.36352595686912537,-0.7101243138313293,-0.27577921748161316,-0.04317694157361984
1148,23,47,-0.08946515619754791,-0.6707069277763367,-0.27409595251083374,-0.043985024094581604
1149,23,48,0.14537647366523743,-0.6884540915489197,-0.27552852034568787,-0.043384723365306854
1150,23,49,-0.1156453862786293,-0.4855303466320038,-0.2754858732223511,-0.04356424883008003
1151,24,0,0.03149617463350296,-0.0678463950753212,-0.33800315856933594,-0.02908918634057045
1152,24,1,-0.5234352350234985,-0.7838555574417114,-0.3347259759902954,-0.028869427740573883
1153,24,2,-0.08915074169635773,-0.24541544914245605,-0.3364505171775818,-0.028411904349923134
1154,24,3,-0.15255142748355865,-0.29478883743286133,-0.3373416066169739,-0.029201559722423553
1155,24,4,-0.023422205820679665,-0.35436663031578064,-0.33594202995300293,-0.0287625752389431
1156,24,5,-0.0027284184470772743,-0.5470073223114014,-0.33771759271621704,-0.02882261574268341
1157,24,6,-0.05410970002412796,-0.43999460339546204,-0.3389076888561249,-0.029401252046227455
1158,24,7,-0.2242908924818039,-0.8871914744377136,-0.33908796310424805,-0.029626958072185516
1159,24,8,-0.18103133141994476,-0.48700377345085144,-0.34019601345062256,-0.02923065610229969
1160,24,9,0.30414924025535583,-0.40466272830963135,-0.3373291790485382,-0.029070058837532997
1161,24,10,-0.14058394730091095,-0.9114431738853455,-0.33681243658065796,-0.029500029981136322
1162,24,11,0.3019261360168457,-0.5238384008407593,-0.33895331621170044,-0.029084570705890656
1163,24,12,0.1464398354291916,-0.5856432318687439,-0.3367573022842407,-0.02914675883948803
1164,24,13,0.49656739830970764,-0.09918943792581558,-0.33581650257110596,-0.028299128636717796
1165,24,14,-0.40789082646369934,-0.3680543005466461,-0.3373652696609497,-0.029425565153360367
1166,24,15,-0.40952205657958984,-0.3869739770889282,-0.33991187810897827,-0.02914373017847538
1167,24,16,-0.2336055040359497,-0.4250282049179077,-0.33901122212409973,-0.029180163517594337
1168,24,17,-0.3112657070159912,0.1535048484802246,-0.3401713967323303,-0.029198776930570602
1169,24,18,0.010830323211848736,-0.809219479560852,-0.33941370248794556,-0.02912374772131443
1170,24,19,-0.24433590471744537,-0.1592632383108139,-0.33240407705307007,-0.028274456039071083
1171,24,20,-0.34060409665107727,-0.38339167833328247,-0.33708301186561584,-0.028980394825339317
1172,24,21,0.403622567653656,-0.035031385719776154,-0.34049588441848755,-0.02913227491080761
1173,24,22,-0.2167508900165558,0.175844207406044,-0.335403174161911,-0.02901054546236992
1174,24,23,-0.06414493173360825,-0.5739362239837646,-0.3381553888320923,-0.029033560305833817
1175,24,24,-0.09533364325761795,-1.0,-0.3362119793891907,-0.02877185307443142
1176,24,25,-0.2198883593082428,-0.39181509613990784,-0.3481543958187103,-0.028525570407509804
1177,24,26,0.6458418369293213,-0.2169554978609085,-0.340313196182251,-0.02928738482296467
1178,24,27,0.3052482604980469,0.23721735179424286,-0.3323395252227783,-0.029501648619771004
1179,24,28,-0.0034002463798969984,-0.5415033102035522,-0.3346402049064636,-0.029356682673096657
1180,24,29,-0.12748579680919647,-0.33018991351127625,-0.3401517868041992,-0.029505915939807892
1181,24,30,-0.16437876224517822,0.3670519292354584,-0.3386990427970886,-0.028766080737113953
1182,24,31,0.019307097420096397,-0.2638365924358368,-0.33889955282211304,-0.028908725827932358
1183,24,32,-0.49646490812301636,-0.775810718536377,-0.3340948522090912,-0.028858980163931847
1184,24,33,-0.23226700723171234,-0.09231843799352646,-0.3369201719760895,-0.02816879376769066
1185,24,34,-0.40921783447265625,-0.42929279804229736,-0.3365064859390259,-0.02886132523417473
1186,24,35,-0.06607362627983093,-0.3992798924446106,-0.3401256203651428,-0.029121747240424156
1187,24,36,-0.16684959828853607,0.0843188613653183,-0.3402960002422333,-0.02937784232199192
1188,24,37,-0.20019418001174927,-0.09765438735485077,-0.3393101990222931,-0.02929595857858658
1189,24,38,-0.04926254227757454,-0.6903364062309265,-0.3375771939754486,-0.029112251475453377
1190,24,39,0.10462482273578644,-0.5002395510673523,-0.34070467948913574,-0.029214270412921906
1191,24,40,0.5536965131759644,-0.6253644824028015,-0.3395792543888092,-0.029405873268842697
1192,24,41,0.0038576358929276466,0.06742283701896667,-0.33802932500839233,-0.02969692088663578
1193,24,42,0.06882191449403763,-0.10322339087724686,-0.3405126929283142,-0.029635507613420486
1194,24,43,0.1091790571808815,-0.8332927227020264,-0.33665138483047485,-0.029208941385149956
1195,24,44,-0.05707152560353279,-0.49024295806884766,-0.33502396941185,-0.02911515347659588
1196,24,45,0.23766495287418365,-0.1628347486257553,-0.33735722303390503,-0.029146885499358177
1197,24,46,0.5269390344619751,-0.5858257412910461,-0.33582359552383423,-0.029230354353785515
1198,24,47,0.6946737170219421,-0.6257233619689941,-0.3300093412399292,-0.02863193117082119
1199,24,48,0.3197832405567169,-0.26502928137779236,-0.3376324474811554,-0.029738858342170715
1200,24,49,-0.2502337396144867,-0.32876670360565186,-0.3356980085372925,-0.029135094955563545
1201,25,0,-0.21993578970432281,-0.422024130821228,-0.4095938801765442,-0.020152688026428223
1202,25,1,0.0034070711117237806,-0.34821945428848267,-0.4093819856643677,-0.020630422979593277
1203,25,2,0.4024057388305664,-0.03273111581802368,-0.40685009956359863,-0.02067287638783455
1204,25,3,-0.2453409731388092,-0.2958618104457855,-0.4020926356315613,-0.02098436839878559
1205,25,4,-0.06088293716311455,-0.8583630323410034,-0.40551263093948364,-0.020525135099887848
1206,25,5,-0.23003257811069489,0.1879393458366394,-0.4087810516357422,-0.0208168625831604
1207,25,6,-0.07447279244661331,-0.37414640188217163,-0.4060642123222351,-0.020575357601046562
1208,25,7,0.4241877496242523,-0.5945961475372314,-0.4083858132362366,-0.02098342776298523
1209,25,8,0.5295484066009521,-0.7402480244636536,-0.403963565826416,-0.020901065319776535
1210,25,9,0.0539512075483799,-0.4677216410636902,-0.4025685489177704,-0.021097686141729355
1211,25,10,-0.08753830194473267,-0.40572160482406616,-0.40800005197525024,-0.02133048325777054
1212,25,11,-0.52077716588974,-0.4296776354312897,-0.4083367586135864,-0.021167848259210587
1213,25,12,-0.12045633047819138,-0.44677290320396423,-0.40889859199523926,-0.020765382796525955
1214,25,13,-0.15167976915836334,-0.7558837532997131,-0.4099619388580322,-0.02121281810104847
1215,25,14,-0.2762911021709442,-0.19899475574493408,-0.40947943925857544,-0.02050364390015602
1216,25,15,-0.22692391276359558,-0.38789743185043335,-0.4063917398452759,-0.020735546946525574
1217,25,16,-0.20460860431194305,-0.7019175887107849,-0.4085269272327423,-0.020855765789747238
1218,25,17,0.1666705459356308,-0.26597902178764343,-0.40939098596572876,-0.021028738468885422
1219,25,18,0.15469780564308167,-0.5863114595413208,-0.40584689378738403,-0.020685838535428047
1220,25,19,0.5811765789985657,-0.5122881531715393,-0.4004059433937073,-0.020413320511579514
1221,25,20,-0.28113022446632385,-0.9199690222740173,-0.4102373421192169,-0.02135256491601467
1222,25,21,-0.14062568545341492,-0.846889078617096,-0.4081088900566101,-0.020714808255434036
1223,25,22,-0.28724178671836853,0.07995351403951645,-0.40813636779785156,-0.020825807005167007
1224,25,23,-0.029298577457666397,-0.4034998416900635,-0.4082750678062439,-0.020976586267352104
1225,25,24,0.1177639588713646,-0.10248719900846481,-0.4065324068069458,-0.021098822355270386
1226,25,25,-0.2521544396877289,-0.26901453733444214,-0.40467369556427,-0.021021749824285507
1227,25,26,0.25473928451538086,-0.35950154066085815,-0.4050755500793457,-0.020712876692414284
1228,25,27,0.2554328739643097,-0.3823235034942627,-0.4044684171676636,-0.020937399938702583
1229,25,28,-0.004788614343851805,-0.503733217716217,-0.40558871626853943,-0.021145107224583626
1230,25,29,0.43999403715133667,-0.6769851446151733,-0.40762418508529663,-0.021018575876951218
1231,25,30,-0.019124554470181465,-0.23419968783855438,-0.40695658326148987,-0.02129073441028595
1232,25,31,0.15859323740005493,-0.5832394957542419,-0.4074625074863434,-0.02079799771308899
1233,25,32,0.6146712303161621,-0.6316620707511902,-0.3996374309062958,-0.02032146044075489
1234,25,33,0.2564011812210083,0.030479952692985535,-0.4076389670372009,-0.021355407312512398
1235,25,34,0.21615533530712128,-0.04678577557206154,-0.4096173644065857,-0.021473925560712814
1236,25,35,0.010171019472181797,-0.30321475863456726,-0.40522119402885437,-0.02078324370086193
1237,25,36,-0.06443337351083755,-0.6941376328468323,-0.4003244638442993,-0.02050759457051754
1238,25,37,0.06353800743818283,-0.687139093875885,-0.4078083038330078,-0.020906472578644753
1239,25,38,0.19959524273872375,-0.034725651144981384,-0.4082692563533783,-0.02134808897972107
1240,25,39,0.296455979347229,0.1474745273590088,-0.4065985083580017,-0.02126418612897396
1241,25,40,0.27088576555252075,-0.6194121241569519,-0.40581023693084717,-0.021409297361969948
1242,25,41,0.2717389464378357,-0.391527384519577,-0.40689975023269653,-0.021176297217607498
1243,25,42,0.011620841920375824,-0.5374179482460022,-0.4095120131969452,-0.021277250722050667
1244,25,43,0.4104580283164978,-0.6724852919578552,-0.40774887800216675,-0.021111877635121346
1245,25,44,-0.2717817723751068,-1.0,-0.4078060984611511,-0.021505579352378845
1246,25,45,-0.1926697939634323,0.09306808561086655,-0.4106292128562927,-0.02124560996890068
1247,25,46,0.1590138077735901,-0.5213874578475952,-0.40724632143974304,-0.02099493332207203
1248,25,47,-0.718092679977417,-0.754322350025177,-0.4077901542186737,-0.02113901637494564
1249,25,48,0.0033205982763320208,-0.4745531380176544,-0.4100356101989746,-0.020100217312574387
1250,25,49,0.4814963936805725,-0.01891917921602726,-0.4092450737953186,-0.020790347829461098
1251,26,0,0.2731854021549225,-0.12726891040802002,-0.40891212224960327,-0.013692148961126804
1252,26,1,0.10503557324409485,-0.4429357349872589,-0.41430944204330444,-0.013854190707206726
1253,26,2,-0.09916866570711136,0.12230950593948364,-0.41109007596969604,-0.014294682070612907
1254,26,3,-0.21570174396038055,0.5194709897041321,-0.4129070043563843,-0.014176608063280582
1255,26,4,-0.23629829287528992,-0.2512972056865692,-0.41131192445755005,-0.014226684346795082
1256,26,5,-0.2878388464450836,0.4367713928222656,-0.4107285737991333,-0.013872386887669563
1257,26,6,0.2761971950531006,-0.5992845892906189,-0.4085994362831116,-0.013916414231061935
1258,26,7,0.44137337803840637,-0.08535472303628922,-0.40752869844436646,-0.014215904287993908
1259,26,8,0.6318405866622925,-0.4910009205341339,-0.40732771158218384,-0.014508071355521679
1260,26,9,0.049502987414598465,-0.4656294286251068,-0.4068446755409241,-0.014656663872301579
1261,26,10,-0.24734114110469818,-0.3033943176269531,-0.41261518001556396,-0.014332329854369164
1262,26,11,0.3339155614376068,-0.2552836835384369,-0.4098573327064514,-0.013592279516160488
1263,26,12,-0.04748684540390968,2.755592140601948e-05,-0.4036939740180969,-0.013871932402253151
1264,26,13,-0.1303732842206955,-0.19675606489181519,-0.4103086590766907,-0.014108845964074135
1265,26,14,0.32788199186325073,-0.25316286087036133,-0.4094775319099426,-0.014017726294696331
1266,26,15,0.08836616575717926,-0.031269606202840805,-0.4072519540786743,-0.014212383888661861
1267,26,16,0.0668211579322815,-0.25718626379966736,-0.40774744749069214,-0.014200192876160145
1268,26,17,0.0006886455230414867,-0.10027856379747391,-0.4071758985519409,-0.01398844737559557
1269,26,18,-0.9969570636749268,-0.7962538003921509,-0.4079326391220093,-0.014042611233890057
1270,26,19,-0.013185215182602406,-0.6519746780395508,-0.4118693470954895,-0.013369740918278694
1271,26,20,-0.2298446148633957,-0.15853716433048248,-0.4130060076713562,-0.013947783038020134
1272,26,21,-0.32473769783973694,-0.8265945315361023,-0.41061413288116455,-0.014178221113979816
1273,26,22,0.09195181727409363,-0.7461099624633789,-0.4091821312904358,-0.013550445437431335
1274,26,23,0.31677737832069397,-0.9566401839256287,-0.4077426791191101,-0.013726073317229748
1275,26,24,-0.08927001804113388,-0.5545653104782104,-0.40963214635849,-0.014317704364657402
1276,26,25,0.5556231141090393,-0.23922611773014069,-0.4114565849304199,-0.01437461283057928
1277,26,26,0.09936186671257019,-0.689593493938446,-0.4074566960334778,-0.01419705618172884
1278,26,27,-0.6181363463401794,-0.7554633021354675,-0.410195529460907,-0.014127020724117756
1279,26,28,0.049422066658735275,-0.6541286706924438,-0.4111224412918091,-0.013557062484323978
1280,26,29,0.07971891760826111,-0.3086962401866913,-0.4116726517677307,-0.014036852866411209
1281,26,30,-0.20809005200862885,-0.47610506415367126,-0.41017860174179077,-0.013692694716155529
1282,26,31,0.07457157969474792,-0.41593876481056213,-0.41105562448501587,-0.013865985907614231
1283,26,32,-0.17557604610919952,-0.3811035454273224,-0.410999059677124,-0.014361766166985035
1284,26,33,-0.16125349700450897,-0.31436997652053833,-0.4126778841018677,-0.014227756299078465
1285,26,34,-0.35303524136543274,-0.7800134420394897,-0.40822410583496094,-0.013787087984383106
1286,26,35,-0.27302154898643494,-0.5363054871559143,-0.4055408835411072,-0.013497374951839447
1287,26,36,0.22034449875354767,-0.3381650149822235,-0.4155395030975342,-0.013847640715539455
1288,26,37,-0.18575038015842438,0.21042346954345703,-0.41155022382736206,-0.014169203117489815
1289,26,38,0.06232054904103279,-0.543458878993988,-0.407490611076355,-0.013731751590967178
1290,26,39,0.4406173527240753,-0.5473992228507996,-0.41203755140304565,-0.01407395675778389
1291,26,40,0.18217819929122925,-0.06009102612733841,-0.41214001178741455,-0.014583611860871315
1292,26,41,0.1086931899189949,-0.8343344330787659,-0.4105305075645447,-0.013802960515022278
1293,26,42,0.21384993195533752,-0.5625779032707214,-0.4077267646789551,-0.014055747538805008
1294,26,43,0.345346063375473,-0.5464015007019043,-0.41173505783081055,-0.014087491668760777
1295,26,44,0.7829189896583557,-0.6564911603927612,-0.41116082668304443,-0.01474627386778593
1296,26,45,-0.16787280142307281,0.08273039013147354,-0.4099356532096863,-0.014789803884923458
1297,26,46,0.027095017954707146,-0.18638351559638977,-0.4136838912963867,-0.014434481970965862
1298,26,47,-0.3796926736831665,-0.48113346099853516,-0.40809130668640137,-0.014152955263853073
1299,26,48,-0.1629667729139328,-0.28329339623451233,-0.41285985708236694,-0.014003570191562176
1300,26,49,0.010963525623083115,-0.30492258071899414,-0.407501757144928,-0.013763684779405594
1301,27,0,-0.1833755075931549,-0.16182434558868408,-0.4247545599937439,-0.005893320310860872
1302,27,1,-0.07475349307060242,-0.4722540080547333,-0.4268699288368225,-0.006143315229564905
1303,27,2,0.0008926012087613344,-0.3004828691482544,-0.4288218021392822,-0.006393181625753641
1304,27,3,0.15768831968307495,-0.029979094862937927,-0.42767423391342163,-0.006044066045433283
1305,27,4,0.018410980701446533,-0.8876729607582092,-0.4237537384033203,-0.00619980925694108
1306,27,5,-0.4190848767757416,-0.45004117488861084,-0.4263998866081238,-0.00628754822537303
1307,27,6,-0.03691556677222252,-0.6767655611038208,-0.4284479022026062,-0.006179173942655325
1308,27,7,-0.35802143812179565,-0.3709196448326111,-0.42852598428726196,-0.00643586041405797
1309,27,8,0.3429192304611206,-0.34433406591415405,-0.4297671318054199,-0.00628349045291543
1310,27,9,-0.5099676251411438,-0.41059744358062744,-0.42232561111450195,-0.006201275158673525
1311,27,10,-0.532396137714386,-0.42852312326431274,-0.4290873408317566,-0.006095123942941427
1312,27,11,-0.089032381772995,-0.3115173876285553,-0.43126344680786133,-0.006093574222177267
1313,27,12,0.2886005938053131,-0.025073381140828133,-0.42566072940826416,-0.005817485507577658
1314,27,13,-0.2944400906562805,-0.3962341845035553,-0.4246894121170044,-0.00621813116595149
1315,27,14,-0.3621665835380554,-0.8642497062683105,-0.42954331636428833,-0.006234813015908003
1316,27,15,-0.2140454202890396,-0.8521145582199097,-0.4302482604980469,-0.006268748547881842
1317,27,16,0.1570095270872116,-0.6167322993278503,-0.4298595190048218,-0.00635377736762166
1318,27,17,0.570213258266449,-0.7209486961364746,-0.42745786905288696,-0.006474457215517759
1319,27,18,0.5892529487609863,-0.7294045090675354,-0.42709535360336304,-0.006766125094145536
1320,27,19,-0.28028956055641174,-0.4494234323501587,-0.42301803827285767,-0.0064759510569274426
1321,27,20,0.0912579745054245,-0.3000307083129883,-0.43154376745224,-0.006267443764954805
1322,27,21,-0.512403130531311,-0.8166910409927368,-0.42623597383499146,-0.005890813190490007
1323,27,22,0.016064856201410294,-0.1256774365901947,-0.42420095205307007,-0.005697790998965502
1324,27,23,-0.19570951163768768,0.41885653138160706,-0.4288850426673889,-0.006099749822169542
1325,27,24,-0.3065316379070282,-0.4594859182834625,-0.42763978242874146,-0.0062423511408269405
1326,27,25,0.33119019865989685,-0.01825004629790783,-0.4310101866722107,-0.0062642632983624935
1327,27,26,-0.08251366764307022,-0.48314759135246277,-0.42735612392425537,-0.006573760416358709
1328,27,27,0.06750773638486862,-0.2008139193058014,-0.42759478092193604,-0.006264138501137495
1329,27,28,0.02696954272687435,-0.49662381410598755,-0.4260213375091553,-0.006265971343964338
1330,27,29,-0.0058135949075222015,-0.24050666391849518,-0.42888790369033813,-0.006229280028492212
1331,27,30,-0.09426166862249374,-0.3366272747516632,-0.4253080487251282,-0.006154039409011602
1332,27,31,0.2594432830810547,-0.2376706302165985,-0.42560696601867676,-0.006026031915098429
1333,27,32,-0.12511686980724335,-0.22968104481697083,-0.42380815744400024,-0.006137507501989603
1334,27,33,-0.01910683698952198,-0.007660639472305775,-0.4256170988082886,-0.006158733274787664
1335,27,34,0.15137459337711334,-0.540691614151001,-0.427961528301239,-0.006261864211410284
1336,27,35,0.6232550740242004,-0.5647242665290833,-0.4279683232307434,-0.006477807182818651
1337,27,36,0.6865728497505188,-0.5656515955924988,-0.4257667064666748,-0.006882358808070421
1338,27,37,0.3175306022167206,0.02242932841181755,-0.42425739765167236,-0.006756288465112448
1339,27,38,0.08372020721435547,-0.5892900228500366,-0.428997278213501,-0.006579028908163309
1340,27,39,0.3327527940273285,-1.0,-0.42481815814971924,-0.006112602073699236
1341,27,40,0.10108524560928345,-0.5100235939025879,-0.4292997717857361,-0.006713723298162222
1342,27,41,-0.022178374230861664,-0.34675464034080505,-0.42727863788604736,-0.006218808237463236
1343,27,42,0.012236910872161388,-0.7617620229721069,-0.4271578788757324,-0.006200704257935286
1344,27,43,-0.45139753818511963,-0.3212395906448364,-0.4236326813697815,-0.005798031110316515
1345,27,44,0.01955048181116581,-0.3486115634441376,-0.42821425199508667,-0.006013778503984213
1346,27,45,-0.09821080416440964,0.029489388689398766,-0.42577725648880005,-0.006245818454772234
1347,27,46,0.06081086024641991,-0.35007187724113464,-0.4276342988014221,-0.006211360450834036
1348,27,47,0.10234815627336502,-0.028913389891386032,-0.4276382327079773,-0.006331601645797491
1349,27,48,-0.1830742061138153,-0.0763113722205162,-0.4251660108566284,-0.006213329266756773
1350,27,49,0.298115074634552,-0.3191673159599304,-0.42693716287612915,-0.006123124156147242
1351,28,0,0.024313291534781456,-0.29839566349983215,-0.44692546129226685,0.0017584720626473427
1352,28,1,0.2854578495025635,-0.5069741606712341,-0.44711512327194214,0.001920115202665329
1353,28,2,0.1715669333934784,-0.8822007179260254,-0.4484059810638428,0.001606149598956108
1354,28,3,0.10002098977565765,-0.11964867264032364,-0.4489101767539978,0.0013634935021400452
1355,28,4,-0.23559345304965973,-0.48700597882270813,-0.44841885566711426,0.0015325909480452538
1356,28,5,-0.24594257771968842,-0.45037537813186646,-0.45013856887817383,0.0014329589903354645
1357,28,6,0.06225750967860222,-0.6879003643989563,-0.45441585779190063,0.0015110485255718231
1358,28,7,-0.2216779887676239,-1.0,-0.45220646262168884,0.0013614287599921227
1359,28,8,-0.17050668597221375,-0.8591515421867371,-0.45402976870536804,0.0013568596914410591
1360,28,9,-0.06119910627603531,-0.2524709701538086,-0.45243892073631287,0.001398603431880474
1361,28,10,-0.1494513750076294,-0.26218876242637634,-0.4472315311431885,0.001540878787636757
1362,28,11,-0.2919512093067169,-0.7759065628051758,-0.44572919607162476,0.0017145965248346329
1363,28,12,0.01892261579632759,-0.5870778560638428,-0.44665032625198364,0.0019025448709726334
1364,28,13,-0.2452617585659027,-0.7684974670410156,-0.441213458776474,0.0018321331590414047
1365,28,14,-0.3346076011657715,-0.21774426102638245,-0.4485170841217041,0.0018956055864691734
1366,28,15,-0.07255221903324127,-0.3599962592124939,-0.4503551721572876,0.0017051724717020988
1367,28,16,-0.3543274700641632,-0.21773245930671692,-0.4505390524864197,0.001542271114885807
1368,28,17,0.3579661548137665,-0.5722068548202515,-0.44873982667922974,0.0016392255201935768
1369,28,18,0.22326338291168213,-0.33445245027542114,-0.44984129071235657,0.001447560265660286
1370,28,19,0.5538842678070068,0.05095754191279411,-0.4498470425605774,0.001474308781325817
1371,28,20,0.03415985777974129,-0.17142894864082336,-0.44660916924476624,0.0012769829481840134
1372,28,21,-0.11976543813943863,-0.13404491543769836,-0.4485095143318176,0.0015426790341734886
1373,28,22,-0.16915148496627808,-0.46689897775650024,-0.44838085770606995,0.0015127705410122871
1374,28,23,0.10357391834259033,-0.43909215927124023,-0.4520610570907593,0.0013699578121304512
1375,28,24,-0.3148285448551178,-0.3718049228191376,-0.45130056142807007,0.0012389365583658218
1376,28,25,-0.15491867065429688,-0.8595343232154846,-0.4537365436553955,0.0015012621879577637
1377,28,26,-0.03891035169363022,0.06970804929733276,-0.45031312108039856,0.0014927899464964867
1378,28,27,0.2632289528846741,-0.6175522804260254,-0.45053595304489136,0.0014947867020964622
1379,28,28,-0.07759512215852737,-0.31225988268852234,-0.44961172342300415,0.001399247907102108
1380,28,29,-0.26260194182395935,-0.42306387424468994,-0.4498648941516876,0.0018311841413378716
1381,28,30,-0.36307695508003235,-0.16019724309444427,-0.45058414340019226,0.0016526207327842712
1382,28,31,0.09888453781604767,-0.697822630405426,-0.4506836533546448,0.0016047311946749687
1383,28,32,-0.32185596227645874,-0.40282130241394043,-0.45067286491394043,0.0014545861631631851
1384,28,33,-0.2078464925289154,-0.42317521572113037,-0.4539158344268799,0.0014581196010112762
1385,28,34,0.07924969494342804,-0.8178925514221191,-0.45004111528396606,0.0015520751476287842
1386,28,35,-0.26786673069000244,-0.8235849738121033,-0.44067835807800293,0.0020203115418553352
1387,28,36,0.5141398906707764,-0.5920249223709106,-0.4447789192199707,0.0020358217880129814
1388,28,37,-0.049868468195199966,-0.9203852415084839,-0.4397898018360138,0.0017021847888827324
1389,28,38,0.21466198563575745,-0.2743319571018219,-0.45162832736968994,0.0015146546065807343
1390,28,39,-0.21564248204231262,-0.3944932520389557,-0.4430101215839386,0.0017218319699168205
1391,28,40,-0.09087435901165009,-0.004721295088529587,-0.45282095670700073,0.0017333272844552994
1392,28,41,0.37481194734573364,-0.6930533051490784,-0.4507754445075989,0.001496543176472187
1393,28,42,0.03519663214683533,-0.7193901538848877,-0.44954395294189453,0.0013009710237383842
1394,28,43,-0.07236023247241974,-0.4556480050086975,-0.4512283205986023,0.0012674489989876747
1395,28,44,-0.24573878943920135,-0.42398321628570557,-0.4531823396682739,0.0013243891298770905
1396,28,45,0.04249802604317665,-0.7982381582260132,-0.4537230134010315,0.0014456743374466896
1397,28,46,0.12098788470029831,-0.34814709424972534,-0.4477759599685669,0.0019762469455599785
1398,28,47,-0.2235657423734665,-0.22282774746418,-0.4491792619228363,0.0015275729820132256
1399,28,48,0.1578851193189621,-0.507573127746582,-0.449227511882782,0.0016086827963590622
1400,28,49,0.392363578081131,-0.7260351777076721,-0.45078665018081665,0.0014711692929267883
1401,29,0,0.05969228968024254,-0.6654852628707886,-0.4531858265399933,0.0012624096125364304
1402,29,1,-0.22458606958389282,-0.3136838376522064,-0.4487851560115814,0.0010232403874397278
1403,29,2,-0.3474797308444977,-1.0,-0.44651585817337036,0.0013992097228765488
1404,29,3,-0.5177300572395325,-0.4354393780231476,-0.4497082233428955,0.001097625121474266
1405,29,4,-0.06380939483642578,-0.8459725379943848,-0.45171576738357544,0.0012292545288801193
1406,29,5,-0.13156306743621826,-0.4445023238658905,-0.4490620195865631,0.0009741336107254028
1407,29,6,0.12838220596313477,-0.6168422102928162,-0.44783830642700195,0.0010514818131923676
1408,29,7,0.08011918514966965,-0.3382660746574402,-0.44702205061912537,0.0009588981047272682
1409,29,8,-0.20905616879463196,-0.22429996728897095,-0.45070964097976685,0.0012091705575585365
1410,29,9,-0.17774996161460876,-0.39864498376846313,-0.4462321698665619,0.0012899534776806831
1411,29,10,0.27914392948150635,-0.5189642310142517,-0.44993501901626587,0.0010498268529772758
1412,29,11,0.29916054010391235,0.049075957387685776,-0.4488338530063629,0.0010051541030406952
1413,29,12,0.13609319925308228,-0.2997157871723175,-0.4477115571498871,0.0007383599877357483
1414,29,13,-0.22085733711719513,-0.2001429945230484,-0.4410818815231323,0.0014519477263092995
1415,29,14,-0.24031366407871246,-0.2671453356742859,-0.44714125990867615,0.0012556323781609535
1416,29,15,-0.3505646884441376,-1.0,-0.44659945368766785,0.0012692324817180634
1417,29,16,0.04512995481491089,-0.11837232112884521,-0.45051729679107666,0.0011437004432082176
1418,29,17,0.019567957147955894,0.08547497540712357,-0.4464796185493469,0.0010191751644015312
1419,29,18,-0.01950123906135559,-0.06465154141187668,-0.4470898509025574,0.0009789243340492249
1420,29,19,-0.11002615839242935,-1.0,-0.4460708498954773,0.0011276546865701675
1421,29,20,-0.3075149655342102,-0.7582094669342041,-0.4515560567378998,0.0009336331859230995
1422,29,21,-0.4843719005584717,-0.4501607120037079,-0.44649049639701843,0.0014748210087418556
1423,29,22,0.6380918622016907,-0.5658658146858215,-0.45243361592292786,0.0011859452351927757
1424,29,23,0.24773801863193512,-0.2587812840938568,-0.44733917713165283,0.0009254533797502518
1425,29,24,-0.18339674174785614,-0.44907134771347046,-0.44462519884109497,0.001021415926516056
1426,29,25,0.21518248319625854,-0.3464103639125824,-0.4507937729358673,0.001202670857310295
1427,29,26,-0.14296719431877136,-0.1035013422369957,-0.4490119516849518,0.0011588884517550468
1428,29,27,-0.2591310739517212,-0.7940561771392822,-0.44564545154571533,0.001256377436220646
1429,29,28,0.04126104339957237,-0.635109007358551,-0.44625699520111084,0.0016212593764066696
1430,29,29,0.2347216159105301,-0.42434564232826233,-0.4506396949291229,0.0011608237400650978
1431,29,30,-0.050791699439287186,-0.32246485352516174,-0.4498139023780823,0.0008497145026922226
1432,29,31,0.27975186705589294,-0.011755426414310932,-0.4449509382247925,0.0014450214803218842
1433,29,32,-0.09913543611764908,-0.2033034712076187,-0.446561336517334,0.0009906832128763199
1434,29,33,-0.05534156784415245,0.06857850402593613,-0.4480791687965393,0.0011056242510676384
1435,29,34,-0.06248531490564346,-0.4768369495868683,-0.44829079508781433,0.0010967487469315529
1436,29,35,0.12826573848724365,-0.23322665691375732,-0.450770765542984,0.000963255763053894
1437,29,36,-0.18536995351314545,-0.4234354794025421,-0.4469238519668579,0.0010623391717672348
1438,29,37,-0.21929901838302612,-0.33483535051345825,-0.44983208179473877,0.0011375248432159424
1439,29,38,-0.22279295325279236,-0.40880993008613586,-0.4483347535133362,0.0013755522668361664
1440,29,39,-0.11757533252239227,-0.3858531415462494,-0.4494479298591614,0.0012481333687901497
1441,29,40,-0.01175505667924881,-0.5666456818580627,-0.45028960704803467,0.0010969582945108414
1442,29,41,0.14970284700393677,-0.8095970153808594,-0.4483678340911865,0.0010108500719070435
1443,29,42,-0.264721542596817,-0.43695464730262756,-0.4414517283439636,0.001774993259459734
1444,29,43,0.013104301877319813,-1.0,-0.4516170024871826,0.0011341255158185959
1445,29,44,0.3277812898159027,-0.7206524610519409,-0.44972163438796997,0.0009801490232348442
1446,29,45,0.061625462025403976,-0.4855514168739319,-0.4474674165248871,0.0009032199159264565
1447,29,46,0.5101529955863953,-0.6761170625686646,-0.45033976435661316,0.0009678192436695099
1448,29,47,-0.3203231394290924,-0.27171748876571655,-0.4464051127433777,0.0008126124739646912
1449,29,48,0.10030459612607956,-0.45949774980545044,-0.44932472705841064,0.0013325661420822144
1450,29,49,0.3087165951728821,-0.5026671886444092,-0.44882553815841675,0.0009344909340143204
1451,30,0,-0.37846440076828003,0.14191634953022003,-0.40760987997055054,-0.002714404370635748
1452,30,1,0.03682800009846687,-0.5074869990348816,-0.40785354375839233,-0.0026489892043173313
1453,30,2,0.2592605650424957,-1.0,-0.40844976902008057,-0.0026930109597742558
1454,30,3,0.24342919886112213,-0.6163339018821716,-0.40951210260391235,-0.0029651797376573086
1455,30,4,-0.22057820856571198,-0.8113583922386169,-0.40608274936676025,-0.00297212740406394
1456,30,5,0.26040536165237427,-0.5799170136451721,-0.4046245813369751,-0.002082927618175745
1457,30,6,-0.027981892228126526,-0.357454776763916,-0.40479177236557007,-0.0024971780367195606
1458,30,7,-0.03637619689106941,-0.19913190603256226,-0.4113939702510834,-0.0025150752626359463
1459,30,8,-0.3066022992134094,-0.4350612759590149,-0.40399035811424255,-0.0026552951894700527
1460,30,9,-0.4015754163265228,0.0920848622918129,-0.40875372290611267,-0.0026032724417746067
1461,30,10,-0.1132136732339859,-0.15844731032848358,-0.41070082783699036,-0.0028228959999978542
1462,30,11,-0.14839059114456177,0.3686544895172119,-0.40664994716644287,-0.0027692164294421673
1463,30,12,-0.10695258527994156,-0.1506846398115158,-0.4074402451515198,-0.002639655489474535
1464,30,13,-0.07819979637861252,-0.7754004597663879,-0.4060312509536743,-0.002679846715182066
1465,30,14,0.03188278526067734,-0.4962714612483978,-0.40399253368377686,-0.0022613187320530415
1466,30,15,0.11952953040599823,-0.8629292249679565,-0.40812334418296814,-0.002773639280349016
1467,30,16,0.13831140100955963,0.09542325884103775,-0.4091222584247589,-0.0029503093101084232
1468,30,17,0.1690465807914734,0.450074702501297,-0.4055440425872803,-0.0028413725085556507
1469,30,18,0.1081271544098854,-0.5085460543632507,-0.40590617060661316,-0.002836416009813547
1470,30,19,-0.028195515275001526,-0.12344632297754288,-0.40651074051856995,-0.0027280249632894993
1471,30,20,0.05290151387453079,-0.6257108449935913,-0.40971237421035767,-0.0026787961833178997
1472,30,21,0.43353575468063354,0.05200086906552315,-0.40838542580604553,-0.0028659324161708355
1473,30,22,0.2825104892253876,-0.12983763217926025,-0.40824055671691895,-0.0032681808806955814
1474,30,23,0.22866760194301605,-0.622532308101654,-0.40570947527885437,-0.002952264156192541
1475,30,24,0.6604897975921631,-0.6397852301597595,-0.40715670585632324,-0.002925605047494173
1476,30,25,0.25659361481666565,-0.01720670610666275,-0.4057590365409851,-0.0034097726456820965
1477,30,26,-0.27603679895401,-0.43050137162208557,-0.4091547727584839,-0.0031611653976142406
1478,30,27,-0.23526425659656525,-0.11382985860109329,-0.40942472219467163,-0.0028437641449272633
1479,30,28,-0.24845103919506073,-0.41516539454460144,-0.409051775932312,-0.0027887881733477116
1480,30,29,0.22240662574768066,-0.21002526581287384,-0.4107290208339691,-0.002823964226990938
1481,30,30,0.004946230910718441,-0.3202607333660126,-0.40454918146133423,-0.0027519050054252148
1482,30,31,0.44431638717651367,-0.7251164317131042,-0.40449172258377075,-0.0024771862663328648
1483,30,32,-0.12382926046848297,-0.3544626832008362,-0.4042585492134094,-0.002682796213775873
1484,30,33,0.17170743644237518,-0.8492103219032288,-0.4097137153148651,-0.0028492682613432407
1485,30,34,0.35372018814086914,0.6013126373291016,-0.4070080518722534,-0.002924411091953516
1486,30,35,0.25859320163726807,-0.6562873125076294,-0.4047107696533203,-0.003045466262847185
1487,30,36,0.07266196608543396,-0.4526282250881195,-0.4076109826564789,-0.0030688424594700336
1488,30,37,-0.27335259318351746,-0.3885191082954407,-0.4111543893814087,-0.0030997195281088352
1489,30,38,-0.4093029499053955,-0.8540465235710144,-0.41108429431915283,-0.0028472072444856167
1490,30,39,0.3165895640850067,-0.08764547109603882,-0.4094071388244629,-0.002715772483497858
1491,30,40,0.3971778154373169,-0.9829381108283997,-0.4024946689605713,-0.0026214714162051678
1492,30,41,-0.17160505056381226,-0.5746225714683533,-0.40439659357070923,-0.002984092105180025
1493,30,42,0.6374520659446716,-0.24860653281211853,-0.4073755145072937,-0.0024820263497531414
1494,30,43,0.4465484023094177,-0.3116872310638428,-0.401785284280777,-0.002996447030454874
1495,30,44,0.35850122570991516,0.5031294226646423,-0.4027768075466156,-0.0029035904444754124
1496,30,45,-0.28105536103248596,-0.6444091796875,-0.4044165313243866,-0.0029368712566792965
1497,30,46,0.5990149974822998,-0.7175993919372559,-0.40987628698349,-0.002785807941108942
1498,30,47,-0.18169647455215454,-0.33298760652542114,-0.40739381313323975,-0.003259031567722559
1499,30,48,0.538188636302948,-0.0766306221485138,-0.4093491733074188,-0.0026609920896589756
1500,30,49,0.4960491955280304,-0.7308127880096436,-0.4023016095161438,-0.002687533851712942
1501,31,0,0.20778197050094604,-0.6260684132575989,-0.39678844809532166,0.00574460020288825
1502,31,1,0.08245480805635452,-0.38479626178741455,-0.39699119329452515,0.0056940708309412
1503,31,2,-0.06483367085456848,-0.3146829307079315,-0.39942318201065063,0.005663094576448202
1504,31,3,-0.1892387866973877,-0.24970762431621552,-0.39712077379226685,0.006058918312191963
1505,31,4,0.4358541667461395,-0.37019968032836914,-0.39575982093811035,0.0059472378343343735
1506,31,5,-0.1080549955368042,-0.4188866913318634,-0.39387738704681396,0.005715006962418556
1507,31,6,-0.10869879275560379,0.09640992432832718,-0.3974352180957794,0.0057935332879424095
1508,31,7,-0.05411821976304054,-0.29855403304100037,-0.3990177810192108,0.005731179844588041
1509,31,8,0.1431722491979599,0.20919668674468994,-0.396458238363266,0.0060758888721466064
1510,31,9,-0.1107524111866951,-0.24948476254940033,-0.3956371545791626,0.005880964454263449
1511,31,10,-0.11356370896100998,-0.41001904010772705,-0.39771363139152527,0.005858545657247305
1512,31,11,-0.31048083305358887,-0.3723062574863434,-0.3983352482318878,0.005826134700328112
1513,31,12,0.31732267141342163,-0.7393961548805237,-0.4002893269062042,0.005835812073200941
1514,31,13,-0.10814917087554932,-0.23465964198112488,-0.3957354724407196,0.005740305408835411
1515,31,14,-0.2918013632297516,0.13823381066322327,-0.3990488350391388,0.005940244533121586
1516,31,15,-0.26433366537094116,-0.37570324540138245,-0.39772483706474304,0.005892549175769091
1517,31,16,-0.363219290971756,-0.07989262789487839,-0.39945468306541443,0.005778698716312647
1518,31,17,0.11683553457260132,-0.2970172166824341,-0.39607855677604675,0.00605849688872695
1519,31,18,-0.3426564931869507,-0.8899539113044739,-0.3894844353199005,0.005988307762891054
1520,31,19,-0.4284205734729767,-0.4378417730331421,-0.398553729057312,0.0059845102950930595
1521,31,20,0.208942711353302,-0.6761622428894043,-0.4000963568687439,0.005898435600101948
1522,31,21,0.24216100573539734,-0.07042662799358368,-0.3986159861087799,0.0055939373560249805
1523,31,22,-0.083958700299263,-1.0,-0.39741256833076477,0.005840558558702469
1524,31,23,0.31249892711639404,-0.07559938728809357,-0.39861300587654114,0.005796158220618963
1525,31,24,0.22671307623386383,-0.643195390701294,-0.39225849509239197,0.005934837274253368
1526,31,25,0.4096711575984955,-0.5747701525688171,-0.397447407245636,0.005679668392986059
1527,31,26,0.2770588994026184,-0.1688559204339981,-0.39690905809402466,0.005669974721968174
1528,31,27,0.31022724509239197,-0.6390628218650818,-0.39687076210975647,0.005607054103165865
1529,31,28,0.5753238797187805,-0.5811086893081665,-0.39775317907333374,0.005655709654092789
1530,31,29,0.3843657970428467,-0.4994308054447174,-0.3929612934589386,0.0058544534258544445
1531,31,30,0.2765009105205536,-0.8533462285995483,-0.3975631296634674,0.005646787118166685
1532,31,31,0.2748299241065979,-0.5202926397323608,-0.3972746431827545,0.005619090516120195
1533,31,32,0.20623639225959778,-0.2705138325691223,-0.39568760991096497,0.005728859920054674
1534,31,33,-0.2969267666339874,-0.7159425616264343,-0.39391764998435974,0.006075622513890266
1535,31,34,-0.07500817626714706,-0.5470303297042847,-0.40026143193244934,0.005894830450415611
1536,31,35,0.40317103266716003,-0.4722559154033661,-0.4000720679759979,0.0057009197771549225
1537,31,36,0.12253126502037048,-0.3740226626396179,-0.3995404541492462,0.0054056537337601185
1538,31,37,0.003820958314463496,-0.6973533034324646,-0.39765599370002747,0.005559572484344244
1539,31,38,0.30706676840782166,-0.6164735555648804,-0.3990790843963623,0.005703517235815525
1540,31,39,0.17817522585391998,-0.3774782419204712,-0.39787575602531433,0.005509397014975548
1541,31,40,-0.05368847772479057,-0.4620789885520935,-0.40071651339530945,0.0056039029732346535
1542,31,41,0.1709960699081421,-0.6179082989692688,-0.39800089597702026,0.00574524188414216
1543,31,42,0.4810633659362793,-0.643222451210022,-0.3979271352291107,0.005585739389061928
1544,31,43,0.008616404607892036,-0.21275447309017181,-0.3964008390903473,0.00532500958070159
1545,31,44,-0.11295873671770096,-0.023126715794205666,-0.3990403413772583,0.00578820426017046
1546,31,45,0.5188853144645691,-0.6396299004554749,-0.39814481139183044,0.005762772168964148
1547,31,46,0.052368614822626114,-0.18596550822257996,-0.39653918147087097,0.005504254251718521
1548,31,47,0.05613869056105614,-0.06240632012486458,-0.3992917239665985,0.005685762967914343
1549,31,48,0.17636193335056305,-0.5875537395477295,-0.3958589434623718,0.00601588562130928
1550,31,49,0.16503290832042694,-0.27724823355674744,-0.39242908358573914,0.006163628771901131
1551,32,0,0.36740127205848694,-0.522294282913208,-0.44656839966773987,0.019357681274414062
1552,32,1,0.3233754336833954,-0.07581628859043121,-0.44250693917274475,0.019389044493436813
1553,32,2,-0.19803187251091003,0.2741672694683075,-0.44460901618003845,0.019645076245069504
1554,32,3,0.07934965193271637,-0.6222494840621948,-0.4468587040901184,0.019549306482076645
1555,32,4,0.07708153873682022,-0.17149928212165833,-0.4459654688835144,0.01951817236840725
1556,32,5,-0.32463446259498596,-0.20017045736312866,-0.44706282019615173,0.019399244338274002
1557,32,6,0.09504744410514832,-0.6620294451713562,-0.4442553222179413,0.019598381593823433
1558,32,7,0.23477907478809357,-0.7391402721405029,-0.4458658993244171,0.01939362846314907
1559,32,8,-0.19440510869026184,-0.7641913294792175,-0.4433339834213257,0.019399046897888184
1560,32,9,-0.09099961072206497,-0.9029859304428101,-0.4408421814441681,0.019751211628317833
1561,32,10,0.12172465771436691,-0.2473125457763672,-0.4461488127708435,0.019502684473991394
1562,32,11,0.10308385640382767,-0.33705639839172363,-0.44424405694007874,0.019477397203445435
1563,32,12,0.23610645532608032,-0.5884550213813782,-0.4408290684223175,0.019737007096409798
1564,32,13,0.6481574773788452,-0.6402348279953003,-0.4366680085659027,0.019707275554537773
1565,32,14,0.10364506393671036,-0.2967016398906708,-0.44760048389434814,0.01934407651424408
1566,32,15,-0.14368610084056854,-0.012316842563450336,-0.44740116596221924,0.01963755488395691
1567,32,16,0.0982767790555954,-0.13110314309597015,-0.4469671845436096,0.019514847546815872
1568,32,17,-0.7508245706558228,-0.7621946930885315,-0.4459649324417114,0.019361892715096474
1569,32,18,0.23866939544677734,-0.6609461307525635,-0.4471011161804199,0.019805993884801865
1570,32,19,-0.01077219657599926,-0.13529525697231293,-0.44629916548728943,0.019282126799225807
1571,32,20,-0.25649261474609375,-0.43090134859085083,-0.4469960033893585,0.019381415098905563
1572,32,21,0.3282490074634552,-0.18850834667682648,-0.4471837282180786,0.019561871886253357
1573,32,22,0.03300711140036583,-0.24816422164440155,-0.44266435503959656,0.019397351890802383
1574,32,23,0.3356334865093231,-0.7744110822677612,-0.4396606385707855,0.019475722685456276
1575,32,24,-0.47644883394241333,-0.1664237231016159,-0.43805596232414246,0.01966807059943676
1576,32,25,0.05550312250852585,-0.28851252794265747,-0.4454425871372223,0.019571170210838318
1577,32,26,-0.0318862721323967,-0.35769540071487427,-0.44120001792907715,0.019694646820425987
1578,32,27,-0.03454182669520378,0.12702344357967377,-0.44468197226524353,0.019465090706944466
1579,32,28,-0.23576129972934723,0.023306021466851234,-0.44402554631233215,0.01944289728999138
1580,32,29,0.02550567127764225,-0.3084704875946045,-0.4483449459075928,0.01942666433751583
1581,32,30,-0.05763363465666771,-0.0951799675822258,-0.4419148862361908,0.019611980766057968
1582,32,31,-0.1704418957233429,0.01698397845029831,-0.44431978464126587,0.0196213535964489
1583,32,32,-0.05472007393836975,-0.2341860979795456,-0.44858479499816895,0.019430989399552345
1584,32,33,0.18441438674926758,-0.08166450262069702,-0.445179283618927,0.019402582198381424
1585,32,34,-0.08048193156719208,-0.42230159044265747,-0.4414929449558258,0.01957295648753643
1586,32,35,-0.4269239008426666,-0.4034048914909363,-0.4472561180591583,0.019488180056214333
1587,32,36,0.07795951515436172,-0.7827375531196594,-0.4485313892364502,0.019525865092873573
1588,32,37,-0.16102765500545502,-0.5458139181137085,-0.4391396939754486,0.019743625074625015
1589,32,38,0.29767367243766785,-0.5841509103775024,-0.4486665725708008,0.019422074779868126
1590,32,39,0.13370423018932343,-0.2691141366958618,-0.4402104914188385,0.019654832780361176
1591,32,40,0.08231725543737411,-0.010065805166959763,-0.4399781823158264,0.019587362185120583
1592,32,41,-0.1604614555835724,-0.16496975719928741,-0.4447660744190216,0.01945033296942711
1593,32,42,-0.12328222393989563,-0.4684374928474426,-0.44656893610954285,0.01950668729841709
1594,32,43,-0.06879840046167374,-0.21632924675941467,-0.4489963948726654,0.01951112598180771
1595,32,44,-0.21624910831451416,-0.22858667373657227,-0.4460119307041168,0.019493907690048218
1596,32,45,-0.19305814802646637,-0.8729537725448608,-0.44570788741111755,0.01962672919034958
1597,32,46,-0.47819986939430237,-0.21872065961360931,-0.44670262932777405,0.019481517374515533
1598,32,47,0.13826100528240204,-0.6814562082290649,-0.44542190432548523,0.01959950476884842
1599,32,48,-0.04924359917640686,-0.3461438715457916,-0.4467771649360657,0.01941443234682083
1600,32,49,0.00533841410651803,-0.2835650146007538,-0.4480116367340088,0.019468316808342934
1601,33,0,0.08332058042287827,-0.9505772590637207,-0.5250545144081116,0.027644651010632515
1602,33,1,-0.01633348874747753,-0.2410234808921814,-0.5273049473762512,0.02753770537674427
1603,33,2,-0.24965758621692657,-0.48970872163772583,-0.5240508317947388,0.027626490220427513
1604,33,3,-0.4032285511493683,-0.8147002458572388,-0.5245157480239868,0.027674315497279167
1605,33,4,-0.5494120121002197,-0.7771191000938416,-0.5233725309371948,0.02793656475841999
1606,33,5,0.0777335837483406,-0.5365831255912781,-0.5207753777503967,0.02791244350373745
1607,33,6,0.08838527649641037,-0.4704001247882843,-0.5308867692947388,0.02754819765686989
1608,33,7,0.38141873478889465,-0.24592220783233643,-0.5309852957725525,0.027452753856778145
1609,33,8,-0.22326955199241638,-0.46200791001319885,-0.5228782296180725,0.027560828253626823
1610,33,9,0.10548190772533417,-0.1740439087152481,-0.5281466841697693,0.027631431818008423
1611,33,10,-0.30710384249687195,-0.9660977125167847,-0.5241934061050415,0.027511874213814735
1612,33,11,0.28192591667175293,-0.7182751297950745,-0.5277288556098938,0.027601374313235283
1613,33,12,-0.027189357206225395,-0.32528263330459595,-0.5262572765350342,0.027527108788490295
1614,33,13,-0.13763408362865448,-0.865886926651001,-0.5234097838401794,0.027790701016783714
1615,33,14,0.3095492720603943,-0.7197284698486328,-0.5286219716072083,0.027710767462849617
1616,33,15,-0.07697167992591858,-0.2595888674259186,-0.5252252817153931,0.02751515805721283
1617,33,16,-0.06485746800899506,-0.933192789554596,-0.5248392224311829,0.02764950320124626
1618,33,17,0.10571669042110443,-0.6319910287857056,-0.5258609652519226,0.027569342404603958
1619,33,18,0.6337849497795105,-0.4668266773223877,-0.5281798839569092,0.027529669925570488
1620,33,19,0.4376090168952942,-0.04090302065014839,-0.5277976989746094,0.027187269181013107
1621,33,20,0.03552325442433357,-0.03754177689552307,-0.5268093347549438,0.027422886341810226
1622,33,21,0.06435910612344742,-1.0,-0.5263586044311523,0.02752751298248768
1623,33,22,-0.21119441092014313,-0.8254755735397339,-0.5289430022239685,0.0275043286383152
1624,33,23,-0.21953152120113373,-1.0,-0.5287846922874451,0.02777223289012909
1625,33,24,-0.03087918646633625,-0.31135624647140503,-0.5294137001037598,0.02761898562312126
1626,33,25,-0.026192350313067436,-0.6689516305923462,-0.5225080251693726,0.02779942937195301
1627,33,26,0.21066515147686005,-0.6777975559234619,-0.5265656113624573,0.02756967768073082
1628,33,27,-0.19141939282417297,-0.41743940114974976,-0.5275646448135376,0.027345145121216774
1629,33,28,0.0820709839463234,-0.23183777928352356,-0.5311887860298157,0.027551263570785522
1630,33,29,-0.13622033596038818,-0.46786847710609436,-0.5251947641372681,0.027603857219219208
1631,33,30,0.5057306289672852,-0.7283856272697449,-0.5292349457740784,0.027600396424531937
1632,33,31,-0.0906665101647377,-0.499519020318985,-0.5241235494613647,0.027478205040097237
1633,33,32,0.3048330545425415,-0.3939897119998932,-0.5291543006896973,0.027606230229139328
1634,33,33,-0.2586333453655243,-0.9718883633613586,-0.528957724571228,0.027567462995648384
1635,33,34,0.13746312260627747,-0.9722446799278259,-0.5297495126724243,0.027540484443306923
1636,33,35,0.0011813095770776272,-0.9036989808082581,-0.5266791582107544,0.027454111725091934
1637,33,36,-0.1262505054473877,-0.05578269436955452,-0.525955080986023,0.02755284309387207
1638,33,37,-0.13734211027622223,-0.9696380496025085,-0.525269627571106,0.027648402377963066
1639,33,38,0.15186099708080292,-0.687915563583374,-0.5309922695159912,0.027497373521327972
1640,33,39,-0.05700528249144554,-0.1520540416240692,-0.5281566381454468,0.027463778853416443
1641,33,40,-0.35749945044517517,-0.43961647152900696,-0.528413712978363,0.027478747069835663
1642,33,41,0.1107744351029396,-0.3107076585292816,-0.5289435982704163,0.02758888527750969
1643,33,42,0.12393137812614441,-0.5303827524185181,-0.5253258943557739,0.027699558064341545
1644,33,43,-0.015775034204125404,-0.9313430786132812,-0.529658317565918,0.027613045647740364
1645,33,44,-0.34985268115997314,-0.773611843585968,-0.5277218818664551,0.027577582746744156
1646,33,45,0.2758564352989197,-0.5882883667945862,-0.5275575518608093,0.027932951226830482
1647,33,46,0.5019340515136719,-0.8485298752784729,-0.5175256133079529,0.027652090415358543
1648,33,47,-0.4822285771369934,-0.8513678908348083,-0.5308008790016174,0.027427440509200096
1649,33,48,0.07816960662603378,-0.6369579434394836,-0.5296728014945984,0.02762763760983944
1650,33,49,-0.04481963813304901,-0.40055185556411743,-0.5282769799232483,0.02747923508286476
1651,34,0,0.11498945951461792,-0.8403728008270264,-0.5516793727874756,0.030853306874632835
1652,34,1,0.23770734667778015,-1.0,-0.5498742461204529,0.0307819452136755
1653,34,2,-0.003988262731581926,0.002232995815575123,-0.5465527176856995,0.03071526065468788
1654,34,3,-0.3645471930503845,-0.32469770312309265,-0.549141526222229,0.030832070857286453
1655,34,4,0.20312301814556122,-0.5669439435005188,-0.5485038161277771,0.031011981889605522
1656,34,5,0.5073128342628479,-0.385142058134079,-0.5475200414657593,0.030958980321884155
1657,34,6,0.19094300270080566,-0.6345211863517761,-0.5516782402992249,0.030662957578897476
1658,34,7,0.417125403881073,-0.42299380898475647,-0.5506916046142578,0.030680378898978233
1659,34,8,-0.1563168317079544,0.26872268319129944,-0.5510179996490479,0.030642608180642128
1660,34,9,-0.33314642310142517,-1.0,-0.5499107241630554,0.030853955075144768
1661,34,10,-0.13927240669727325,-0.8018525838851929,-0.5539482235908508,0.0308616291731596
1662,34,11,-0.08991625905036926,-0.37598735094070435,-0.5452079772949219,0.031048856675624847
1663,34,12,-0.42565950751304626,-0.4757620096206665,-0.5536000728607178,0.031001992523670197
1664,34,13,0.48256564140319824,-0.5537450909614563,-0.5518255233764648,0.030886737629771233
1665,34,14,0.14002735912799835,-0.18315817415714264,-0.54879230260849,0.03063632920384407
1666,34,15,-0.4475650191307068,-0.4016367495059967,-0.5495332479476929,0.030763400718569756
1667,34,16,0.3408704400062561,-0.7385547161102295,-0.5537286996841431,0.03094472736120224
1668,34,17,-0.12103912234306335,-0.9560338854789734,-0.5453927516937256,0.030851084738969803
1669,34,18,-0.5150435566902161,-0.7513947486877441,-0.5528563261032104,0.03080146387219429
1670,34,19,-0.18056116998195648,0.24331636726856232,-0.5498587489128113,0.03105860948562622
1671,34,20,-0.15230362117290497,-0.8516140580177307,-0.5447055697441101,0.03088328242301941
1672,34,21,-0.3457203209400177,-0.7874838709831238,-0.5521299242973328,0.030884992331266403
1673,34,22,0.015942532569169998,-0.3489314019680023,-0.546038031578064,0.031163668259978294
1674,34,23,-0.48827478289604187,-0.7945895791053772,-0.5505404472351074,0.03089645691215992
1675,34,24,0.37716439366340637,-0.7301105260848999,-0.550229549407959,0.03101511485874653
1676,34,25,-0.10764285176992416,-0.6601572036743164,-0.5470426082611084,0.030823390930891037
1677,34,26,0.4147107005119324,-0.6388986706733704,-0.5512897968292236,0.030788550153374672
1678,34,27,0.2405751347541809,-0.6825879812240601,-0.5508739352226257,0.03062664158642292
1679,34,28,0.11712105572223663,-0.19901172816753387,-0.5521170496940613,0.030622398480772972
1680,34,29,0.02211630716919899,-0.3437823951244354,-0.5503489375114441,0.03074118122458458
1681,34,30,-0.08467857539653778,-0.25659698247909546,-0.5479499697685242,0.030809186398983
1682,34,31,0.05434947460889816,-0.4529361426830292,-0.5467643141746521,0.030904633924365044
1683,34,32,-0.13449454307556152,-0.31543776392936707,-0.5505710244178772,0.03080088458955288
1684,34,33,-0.5102899074554443,-0.938788890838623,-0.5476865768432617,0.031087379902601242
1685,34,34,-0.14360085129737854,0.01394019927829504,-0.5518009662628174,0.030944745987653732
1686,34,35,0.23510251939296722,-0.509365975856781,-0.5498042106628418,0.030777180567383766
1687,34,36,0.2519700825214386,-0.7465101480484009,-0.5465377569198608,0.030823178589344025
1688,34,37,-0.36371928453445435,-0.5413616895675659,-0.5459050536155701,0.030941404402256012
1689,34,38,0.05613549053668976,-0.08605311065912247,-0.5524556636810303,0.030844883993268013
1690,34,39,-0.9582298994064331,-0.8027406334877014,-0.5484878420829773,0.030844198539853096
1691,34,40,-0.08512312918901443,-0.6730555891990662,-0.551563024520874,0.03119009919464588
1692,34,41,-0.37882986664772034,-0.18326660990715027,-0.5539180040359497,0.030948087573051453
1693,34,42,-0.12692305445671082,-0.10307939350605011,-0.5525538921356201,0.030871152877807617
1694,34,43,-0.16296741366386414,-0.9888443946838379,-0.5483816266059875,0.030919866636395454
1695,34,44,0.16506749391555786,-0.5064979791641235,-0.5529881715774536,0.030828535556793213
1696,34,45,-0.07728192210197449,-0.7971176505088806,-0.5476840138435364,0.03080301731824875
1697,34,46,-0.3735877573490143,-0.14232675731182098,-0.5474188923835754,0.031092479825019836
1698,34,47,0.5477946400642395,-1.0,-0.550201416015625,0.03097163327038288
1699,34,48,-0.07375822216272354,-0.2956295609474182,-0.5436427593231201,0.030671728774905205
1700,34,49,-0.19900979101657867,-0.3361073434352875,-0.5465743541717529,0.030966151505708694
1701,35,0,-0.25331318378448486,-0.33358317613601685,-0.54817795753479,0.023774143308401108
1702,35,1,-0.00040467860526405275,-0.4701397716999054,-0.5482282042503357,0.023689741268754005
1703,35,2,0.2971075475215912,-0.06549187004566193,-0.5505776405334473,0.023472893983125687
1704,35,3,0.055046599358320236,-0.9871891736984253,-0.545963704586029,0.023518407717347145
1705,35,4,0.16637538373470306,-0.7440595626831055,-0.5479671955108643,0.02337506413459778
1706,35,5,-0.47230494022369385,-0.8226713538169861,-0.5494382381439209,0.023529211059212685
1707,35,6,-0.06371381133794785,-1.0,-0.5454281568527222,0.023737631738185883
1708,35,7,-0.31325551867485046,-0.42401525378227234,-0.5529401302337646,0.023568734526634216
1709,35,8,-0.0731804296374321,-1.0,-0.5520417094230652,0.023518197238445282
1710,35,9,-0.03984983265399933,-0.46644124388694763,-0.5502752661705017,0.023434851318597794
1711,35,10,0.07873643189668655,-0.5213268399238586,-0.5525062084197998,0.023385146632790565
1712,35,11,-0.9237933158874512,-0.7769812345504761,-0.5522465109825134,0.023403875529766083
1713,35,12,-0.7959782481193542,-0.8236501216888428,-0.5532471537590027,0.02392733469605446
1714,35,13,-0.35084447264671326,-0.741234540939331,-0.5524688959121704,0.023925945162773132
1715,35,14,-0.40495508909225464,-0.36377573013305664,-0.5497890114784241,0.02376101166009903
1716,35,15,0.21926003694534302,-0.22284381091594696,-0.5511418581008911,0.02353142574429512
1717,35,16,-0.017259402200579643,-1.0,-0.5429413318634033,0.023454489186406136
1718,35,17,0.004250945057719946,-1.0,-0.5510295033454895,0.023448249325156212
1719,35,18,0.1403690129518509,-1.0,-0.5480116605758667,0.023404167965054512
1720,35,19,0.06785962730646133,-0.5936742424964905,-0.5488288402557373,0.023354902863502502
1721,35,20,0.6436086297035217,-0.0012307995930314064,-0.5470201373100281,0.023502938449382782
1722,35,21,-0.16700099408626556,-0.10173787921667099,-0.5505300760269165,0.02323087863624096
1723,35,22,-0.4032156467437744,-0.35309988260269165,-0.5495625734329224,0.023506108671426773
1724,35,23,0.04343939572572708,-0.659302294254303,-0.5511729121208191,0.023548610508441925
1725,35,24,-0.28951048851013184,-0.9435804486274719,-0.5493356585502625,0.02345357835292816
1726,35,25,-0.0747518241405487,-0.7573645710945129,-0.5539255142211914,0.023414496332406998
1727,35,26,-0.22943168878555298,-0.322183221578598,-0.5450358986854553,0.023792220279574394
1728,35,27,-0.105040043592453,0.09774601459503174,-0.5502973794937134,0.023644275963306427
1729,35,28,0.13172045350074768,-0.6588829159736633,-0.5498307943344116,0.023548021912574768
1730,35,29,-0.0368732288479805,-0.2191932499408722,-0.5504477620124817,0.023358061909675598
1731,35,30,0.03697122633457184,0.22693689167499542,-0.5502753853797913,0.023496726527810097
1732,35,31,-0.36575406789779663,-0.4305281639099121,-0.5434381365776062,0.023578215390443802
1733,35,32,-0.0766855999827385,-0.28540295362472534,-0.5526250004768372,0.023558402433991432
1734,35,33,-0.12489702552556992,-0.4748796820640564,-0.5493530035018921,0.023734334856271744
1735,35,34,-0.13272304832935333,-0.32452163100242615,-0.5467869639396667,0.02352895401418209
1736,35,35,0.06064622104167938,-0.566067636013031,-0.5496565103530884,0.02358701452612877
1737,35,36,0.2752382457256317,-0.46073535084724426,-0.5479674339294434,0.02349938452243805
1738,35,37,0.3953460156917572,-0.5003385543823242,-0.5510908961296082,0.023257451131939888
1739,35,38,0.013324901461601257,-0.6135851740837097,-0.5501700043678284,0.023415235802531242
1740,35,39,0.34975752234458923,-0.8372539281845093,-0.5531419515609741,0.0235408004373312
1741,35,40,-0.2580849528312683,-0.917488694190979,-0.551598310470581,0.023323409259319305
1742,35,41,0.08760330080986023,-0.5493554472923279,-0.5508542656898499,0.02353581041097641
1743,35,42,0.10118786990642548,-0.43287259340286255,-0.5506179332733154,0.023514848202466965
1744,35,43,0.30393365025520325,-0.6154734492301941,-0.5504624247550964,0.023420874029397964
1745,35,44,0.46915167570114136,-0.7296246290206909,-0.5510074496269226,0.023361902683973312
1746,35,45,-0.1700877696275711,-1.0,-0.5485377311706543,0.023357437923550606
1747,35,46,0.10897928476333618,-0.6444993019104004,-0.5535536408424377,0.023426901549100876
1748,35,47,0.07898486405611038,-0.7484028339385986,-0.548838198184967,0.02339521236717701
1749,35,48,-0.11425697058439255,-1.0,-0.5523640513420105,0.02348734438419342
1750,35,49,0.022763120010495186,-0.6120375394821167,-0.5528073310852051,0.02351268380880356
1751,36,0,-0.15759125351905823,-0.21346239745616913,-0.516910195350647,0.01269708015024662
1752,36,1,-0.025490373373031616,0.127349391579628,-0.5183558464050293,0.013118100352585316
1753,36,2,-0.0248192697763443,-0.6898287534713745,-0.5162467360496521,0.012959147803485394
1754,36,3,0.24648186564445496,-0.5597476959228516,-0.5181949138641357,0.012931320816278458
1755,36,4,0.5333207845687866,-0.6698431968688965,-0.5185856223106384,0.01286037266254425
1756,36,5,0.06916244328022003,-0.46925097703933716,-0.5176657438278198,0.01278102770447731
1757,36,6,0.10155174136161804,-0.6634451746940613,-0.5203536152839661,0.01289084367454052
1758,36,7,-0.3921738862991333,-1.0,-0.5173110961914062,0.012905587442219257
1759,36,8,0.5598496198654175,-0.7226592898368835,-0.5209404230117798,0.012992368079721928
1760,36,9,0.48777449131011963,-0.7303146719932556,-0.5096824765205383,0.012951148673892021
1761,36,10,0.008885419927537441,-0.5222063660621643,-0.5102022290229797,0.012961150147020817
1762,36,11,0.34506264328956604,-0.568514347076416,-0.5171560645103455,0.012931384146213531
1763,36,12,0.5546830892562866,-0.37520942091941833,-0.5186505317687988,0.01299227774143219
1764,36,13,-0.03443596884608269,-0.15129564702510834,-0.5162222385406494,0.012734021991491318
1765,36,14,0.013596792705357075,-0.6218712329864502,-0.5150139927864075,0.01302357017993927
1766,36,15,-0.09771136939525604,-0.196457639336586,-0.5166652798652649,0.0129924938082695
1767,36,16,0.47259899973869324,-0.5218460559844971,-0.5192177295684814,0.013021092861890793
1768,36,17,0.14874060451984406,-0.21083451807498932,-0.5187931060791016,0.012936808168888092
1769,36,18,0.1765885204076767,-0.6498175263404846,-0.51699298620224,0.012952332384884357
1770,36,19,0.16636309027671814,-0.5803744792938232,-0.5185489058494568,0.013014503754675388
1771,36,20,0.5937579274177551,-0.5646175742149353,-0.5131600499153137,0.01315999124199152
1772,36,21,0.34315693378448486,-0.9547962546348572,-0.5170606970787048,0.012852936051785946
1773,36,22,0.008572394028306007,-0.5778605341911316,-0.5205531120300293,0.012819171883165836
1774,36,23,-0.6466521620750427,-0.7567511796951294,-0.5088356137275696,0.013283972628414631
1775,36,24,-0.0041686599142849445,-0.9209899306297302,-0.5148994326591492,0.01348424144089222
1776,36,25,-0.3572084605693817,-0.8124938011169434,-0.516674816608429,0.01302765030413866
1777,36,26,0.2960977852344513,-0.6666960716247559,-0.5123171210289001,0.013323741964995861
1778,36,27,0.014400563202798367,-0.6606117486953735,-0.5185877680778503,0.013049690052866936
1779,36,28,0.09013699740171432,-0.6460192203521729,-0.518324613571167,0.012924686074256897
1780,36,29,0.27779528498649597,-0.34746792912483215,-0.5199096202850342,0.012872770428657532
1781,36,30,0.10502272099256516,-0.326604962348938,-0.519103467464447,0.012994024902582169
1782,36,31,-0.05220487341284752,-0.26114609837532043,-0.5110118389129639,0.013286907225847244
1783,36,32,-0.18058988451957703,-0.9213064312934875,-0.5108087062835693,0.013179251924157143
1784,36,33,-0.25365543365478516,-0.3600560128688812,-0.5142182111740112,0.013125015422701836
1785,36,34,0.3122815191745758,-0.6523593664169312,-0.5173091292381287,0.013059545308351517
1786,36,35,0.5555333495140076,-0.5662765502929688,-0.5157120823860168,0.012931780889630318
1787,36,36,0.6998271942138672,-0.1418943852186203,-0.5153922438621521,0.012841342017054558
1788,36,37,-0.09233596920967102,0.19311484694480896,-0.5130919218063354,0.012766997329890728
1789,36,38,-0.05581020191311836,-0.5590457916259766,-0.5165886282920837,0.01301817037165165
1790,36,39,0.7344570159912109,-0.5601286292076111,-0.5196365118026733,0.013022590428590775
1791,36,40,0.524530291557312,-0.7258443236351013,-0.5151578187942505,0.012672451324760914
1792,36,41,-0.13337856531143188,-0.292629212141037,-0.5138648748397827,0.012892857193946838
1793,36,42,-0.17103265225887299,-0.0584225095808506,-0.5179040431976318,0.013146603479981422
1794,36,43,-0.08269733190536499,-0.2519434094429016,-0.512347936630249,0.013196485117077827
1795,36,44,0.3173723518848419,-0.7260885834693909,-0.509796679019928,0.013145430944859982
1796,36,45,0.06733211874961853,-0.5084514617919922,-0.5113877654075623,0.012982640415430069
1797,36,46,0.49381449818611145,-0.5573078393936157,-0.5159773826599121,0.013111716136336327
1798,36,47,0.5465555191040039,-0.4911324977874756,-0.5170262455940247,0.0128944618627429
1799,36,48,0.17130151391029358,-0.9343456625938416,-0.5171521902084351,0.012834436260163784
1800,36,49,-0.06498740613460541,-0.5699494481086731,-0.5166289806365967,0.012990543618798256
1801,37,0,0.04708801954984665,-0.45437684655189514,-0.4439410865306854,0.006774723529815674
1802,37,1,0.21851162612438202,-0.657902181148529,-0.44438478350639343,0.006670595146715641
1803,37,2,-0.22375136613845825,-0.12302549183368683,-0.4428159296512604,0.006563962437212467
1804,37,3,0.36166489124298096,-0.7226332426071167,-0.44490399956703186,0.006683818995952606
1805,37,4,-0.2615903615951538,-1.0,-0.4409925639629364,0.006738218013197184
1806,37,5,-0.2784232795238495,-0.3678184151649475,-0.4463536739349365,0.006649205926805735
1807,37,6,0.2456287294626236,-0.5632023215293884,-0.4453301727771759,0.006762651726603508
1808,37,7,0.4815741181373596,-0.5229493379592896,-0.44198986887931824,0.006669180002063513
1809,37,8,0.017277440056204796,-0.4507487714290619,-0.44382232427597046,0.006402861792594194
1810,37,9,0.2982003390789032,-0.6517452001571655,-0.44619521498680115,0.006526538170874119
1811,37,10,0.2545057237148285,-0.12177040427923203,-0.44324013590812683,0.006494785193353891
1812,37,11,-0.832033634185791,-0.7778889536857605,-0.4450468122959137,0.006529550533741713
1813,37,12,0.4113847315311432,-0.6233687400817871,-0.4456043839454651,0.00698830746114254
1814,37,13,0.5505458116531372,-0.6146674752235413,-0.4464811682701111,0.006615155376493931
1815,37,14,0.677717924118042,-0.5432873368263245,-0.44211453199386597,0.006325027905404568
1816,37,15,0.45691871643066406,-0.22354234755039215,-0.4423346221446991,0.006391001865267754
1817,37,16,0.2133602499961853,-0.008024618960916996,-0.44048914313316345,0.006676895543932915
1818,37,17,0.0052217235788702965,-0.8321309685707092,-0.44065895676612854,0.006689600646495819
1819,37,18,0.2063729465007782,-0.5511845350265503,-0.4414086639881134,0.0067435372620821
1820,37,19,0.046690162271261215,-1.0,-0.44387903809547424,0.006753174588084221
1821,37,20,0.15621766448020935,-0.09504985809326172,-0.4459839463233948,0.006557288579642773
1822,37,21,-0.2725834846496582,-0.899864673614502,-0.4407518208026886,0.006702757440507412
1823,37,22,0.2545054256916046,-0.739448606967926,-0.44381749629974365,0.006758436560630798
1824,37,23,-0.1314951777458191,-0.4571019411087036,-0.4414820969104767,0.006782966665923595
1825,37,24,0.18079730868339539,-0.482224702835083,-0.4475688636302948,0.006661637686192989
1826,37,25,0.2426748424768448,-0.22016054391860962,-0.44259488582611084,0.006706538610160351
1827,37,26,-0.5177567601203918,-0.4148181080818176,-0.4413640797138214,0.006717954762279987
1828,37,27,-0.5254319310188293,-0.43338435888290405,-0.4452568292617798,0.006830471567809582
1829,37,28,-0.519588053226471,-0.3045804798603058,-0.44631731510162354,0.006819454021751881
1830,37,29,-0.0005093219806440175,-0.22337354719638824,-0.44346171617507935,0.006942390464246273
1831,37,30,0.066167913377285,-0.5622128248214722,-0.44033190608024597,0.006818957161158323
1832,37,31,0.5079125165939331,-0.5512669086456299,-0.44296085834503174,0.006675879471004009
1833,37,32,0.5095418095588684,-0.40253880620002747,-0.4414334297180176,0.006421197205781937
1834,37,33,-0.120394766330719,-0.5229936838150024,-0.44420018792152405,0.006523736286908388
1835,37,34,0.2382100373506546,-0.8954070210456848,-0.4451696574687958,0.006662486121058464
1836,37,35,0.09176542609930038,-0.22341635823249817,-0.44351235032081604,0.0065961903892457485
1837,37,36,-0.02621055580675602,-0.7147848010063171,-0.43864649534225464,0.006751741282641888
1838,37,37,-0.39748382568359375,-0.4237790107727051,-0.44402363896369934,0.006690628826618195
1839,37,38,0.3774440884590149,-0.5952387452125549,-0.4465031027793884,0.006722713820636272
1840,37,39,0.10059136152267456,-0.41161325573921204,-0.4405493438243866,0.00671794917434454
1841,37,40,-0.15903541445732117,-0.12975695729255676,-0.445385605096817,0.0066513968631625175
1842,37,41,-0.11522071808576584,-0.17310822010040283,-0.44419705867767334,0.0066818492487072945
1843,37,42,-0.4433303475379944,-0.4548526704311371,-0.44157159328460693,0.006728084292262793
1844,37,43,0.049647483974695206,-0.34308695793151855,-0.44555220007896423,0.006746931932866573
1845,37,44,-0.009832607582211494,-0.35099107027053833,-0.44493404030799866,0.006847945041954517
1846,37,45,0.21937337517738342,-0.24468401074409485,-0.44044801592826843,0.006755384150892496
1847,37,46,-0.2970355451107025,-0.2167012244462967,-0.4388771951198578,0.006768680177628994
1848,37,47,0.1204652190208435,-0.5105159878730774,-0.4425638020038605,0.006807499565184116
1849,37,48,0.10139825195074081,-0.1663159728050232,-0.4411051571369171,0.006821358576416969
1850,37,49,0.15960989892482758,-0.31114718317985535,-0.4410514533519745,0.006712630391120911
1851,38,0,-0.24566009640693665,0.012448886409401894,-0.4086259603500366,0.010826737619936466
1852,38,1,0.23915547132492065,-0.623883843421936,-0.411003977060318,0.010830857791006565
1853,38,2,0.4155132472515106,-0.02306659333407879,-0.4082358181476593,0.010674044489860535
1854,38,3,0.5732694864273071,-0.7220942378044128,-0.4076941907405853,0.010574081912636757
1855,38,4,0.24161602556705475,-0.5687548518180847,-0.4029330015182495,0.010680033825337887
1856,38,5,0.26118534803390503,-0.4615916311740875,-0.40849626064300537,0.010846431367099285
1857,38,6,0.1959104835987091,-0.5831835269927979,-0.4097830057144165,0.010685269720852375
1858,38,7,0.3026062250137329,0.04249197989702225,-0.4030960500240326,0.011046651750802994
1859,38,8,-0.17072950303554535,-0.5461785197257996,-0.4105251133441925,0.010693956166505814
1860,38,9,0.5039936900138855,-0.684572696685791,-0.4093566834926605,0.010750655084848404
1861,38,10,-0.3657015264034271,-0.21213307976722717,-0.40853798389434814,0.010580633766949177
1862,38,11,-0.3887838125228882,-0.4622527062892914,-0.4110622704029083,0.010846659541130066
1863,38,12,0.36025500297546387,-0.538116991519928,-0.4118605852127075,0.010901287198066711
1864,38,13,0.5305196642875671,-0.567570686340332,-0.40967386960983276,0.010694148950278759
1865,38,14,0.4909065067768097,-0.7343491315841675,-0.4066029191017151,0.010694391094148159
1866,38,15,-0.25743964314460754,0.043202050030231476,-0.4038553237915039,0.010701286606490612
1867,38,16,-0.2623531222343445,-0.38237497210502625,-0.4103945195674896,0.010800769552588463
1868,38,17,-0.09664356708526611,-0.7898610830307007,-0.4085388779640198,0.010793957859277725
1869,38,18,-0.1241576075553894,-0.2783654034137726,-0.406662255525589,0.01108400896191597
1870,38,19,0.14092352986335754,-0.38241761922836304,-0.4057636559009552,0.011034620925784111
1871,38,20,-0.7616825103759766,-0.7974085807800293,-0.4040844440460205,0.010768319480121136
1872,38,21,-0.06795297563076019,-0.66929030418396,-0.40805014967918396,0.011063402518630028
1873,38,22,-0.17349551618099213,-0.41019073128700256,-0.4104566276073456,0.010754977352917194
1874,38,23,-0.031639330089092255,-0.07493197917938232,-0.4106568992137909,0.010818122886121273
1875,38,24,-0.046687424182891846,-0.8390771746635437,-0.4039347171783447,0.01092403195798397
1876,38,25,0.1083378717303276,-0.5857609510421753,-0.4076898992061615,0.010807309299707413
1877,38,26,0.38874319195747375,-0.6257875561714172,-0.40160277485847473,0.011011844500899315
1878,38,27,-0.20647409558296204,-0.2900926470756531,-0.4092557728290558,0.010684266686439514
1879,38,28,0.20207750797271729,-0.5646025538444519,-0.40940868854522705,0.01089375838637352
1880,38,29,0.3735503852367401,-0.2572643458843231,-0.40883731842041016,0.01085604541003704
1881,38,30,-0.23947136104106903,-0.30458787083625793,-0.4057054817676544,0.010777988471090794
1882,38,31,0.13247665762901306,-0.5781869888305664,-0.40645912289619446,0.010966146364808083
1883,38,32,0.6356108784675598,-0.5847141146659851,-0.39749810099601746,0.011002300307154655
1884,38,33,0.39048078656196594,-0.49049222469329834,-0.3972357213497162,0.010738614946603775
1885,38,34,0.20043520629405975,-0.26200076937675476,-0.40884166955947876,0.010691049508750439
1886,38,35,-0.09575093537569046,-0.6808033585548401,-0.40391674637794495,0.010909849777817726
1887,38,36,0.002104624407365918,-0.3459935188293457,-0.409427285194397,0.010821307078003883
1888,38,37,-0.2508828341960907,-0.3663836121559143,-0.409647673368454,0.010851477272808552
1889,38,38,-0.10576684027910233,-0.2733166813850403,-0.4085274636745453,0.010874006897211075
1890,38,39,-0.053300440311431885,-1.0,-0.40239056944847107,0.010924688540399075
1891,38,40,-0.15890341997146606,0.16151434183120728,-0.40976303815841675,0.010821003466844559
1892,38,41,-0.28630685806274414,-0.269868403673172,-0.40848687291145325,0.010764685459434986
1893,38,42,0.501959502696991,-0.5320866703987122,-0.4041959345340729,0.011064494028687477
1894,38,43,0.12073244154453278,-0.21459026634693146,-0.40992972254753113,0.010782932862639427
1895,38,44,-0.12365225702524185,-0.5528070330619812,-0.4079837501049042,0.010771574452519417
1896,38,45,0.43757474422454834,-0.0060377949848771095,-0.40893352031707764,0.010801473632454872
1897,38,46,0.06346395611763,-0.6454154849052429,-0.40702491998672485,0.010604288429021835
1898,38,47,0.16517376899719238,-0.3789014220237732,-0.4094996154308319,0.010748789645731449
1899,38,48,-0.4196421504020691,-0.3002401292324066,-0.40996500849723816,0.010645255446434021
1900,38,49,0.19119302928447723,-0.35343027114868164,-0.40522685647010803,0.010966816917061806
1901,39,0,0.37869662046432495,-0.5950602293014526,-0.4348319172859192,0.024440918117761612
1902,39,1,0.5543180108070374,-0.5229910016059875,-0.4354923665523529,0.024158628657460213
1903,39,2,0.3039061725139618,-0.39623016119003296,-0.43828651309013367,0.023975137621164322
1904,39,3,-0.5132525563240051,-0.8752101063728333,-0.4385249614715576,0.02406892739236355
1905,39,4,-0.22967205941677094,-0.4044599235057831,-0.44146528840065,0.024228543043136597
1906,39,5,-0.3067754805088043,-0.47714462876319885,-0.4401110112667084,0.02420016936957836
1907,39,6,0.0932547077536583,-0.3965262770652771,-0.44076207280158997,0.024212032556533813
1908,39,7,-0.40399467945098877,-0.8019941449165344,-0.4377457797527313,0.024118635803461075
1909,39,8,-0.26039043068885803,-0.2105819433927536,-0.43959906697273254,0.02443847246468067
1910,39,9,-0.10482417792081833,-0.7901615500450134,-0.4399385452270508,0.02434099279344082
1911,39,10,-0.3445657193660736,-0.8817262053489685,-0.4357369840145111,0.02447042614221573
1912,39,11,-0.1696510910987854,-0.5467871427536011,-0.44189515709877014,0.024353357031941414
1913,39,12,0.4363708198070526,-0.4797484576702118,-0.44049665331840515,0.024223096668720245
1914,39,13,-0.8669145703315735,-0.8215932846069336,-0.43778008222579956,0.024073997512459755
1915,39,14,0.06938353925943375,-0.5641416311264038,-0.4397311210632324,0.024539543315768242
1916,39,15,0.26415902376174927,-0.38960927724838257,-0.4394744336605072,0.024348223581910133
1917,39,16,-0.07106386125087738,-0.19611860811710358,-0.439618319272995,0.02408742532134056
1918,39,17,-0.3258651793003082,-0.234780952334404,-0.4365719258785248,0.024198822677135468
1919,39,18,-0.30999621748924255,-0.22182698547840118,-0.43821805715560913,0.02431247942149639
1920,39,19,0.09866046905517578,-0.3456251919269562,-0.4367620348930359,0.02428128570318222
1921,39,20,0.09042324125766754,-0.6184065341949463,-0.4364132881164551,0.024203915148973465
1922,39,21,0.14601349830627441,-0.4644331932067871,-0.438310831785202,0.0241687148809433
1923,39,22,-0.05171547085046768,0.05975945666432381,-0.4408803880214691,0.024059217423200607
1924,39,23,0.30393072962760925,-0.3503149449825287,-0.4410892128944397,0.024109158664941788
1925,39,24,0.20854449272155762,-0.6943913698196411,-0.4359416663646698,0.024124737828969955
1926,39,25,-0.5441752672195435,-0.7606969475746155,-0.4395239055156708,0.02412484586238861
1927,39,26,-0.07594743371009827,-0.8922299146652222,-0.44008949398994446,0.02427786774933338
1928,39,27,0.31679144501686096,-0.5149260759353638,-0.4381885826587677,0.024202516302466393
1929,39,28,0.5363098382949829,-0.6208992004394531,-0.4377065896987915,0.024182423949241638
1930,39,29,-0.2002769559621811,-0.22329743206501007,-0.43819794058799744,0.02407969906926155
1931,39,30,-0.24466729164123535,-0.9258817434310913,-0.4419645667076111,0.024202950298786163
1932,39,31,-0.32087448239326477,-0.3800661265850067,-0.43874093890190125,0.02429404854774475
1933,39,32,-0.19724515080451965,-0.42179352045059204,-0.4402118921279907,0.024264004081487656
1934,39,33,0.13933858275413513,-0.5620955228805542,-0.4394712448120117,0.024175532162189484
1935,39,34,0.10593753308057785,-0.2792779803276062,-0.44085633754730225,0.024156130850315094
1936,39,35,0.10652938485145569,-0.3653269410133362,-0.43650487065315247,0.024291817098855972
1937,39,36,0.6294223666191101,-0.8841729164123535,-0.4386725127696991,0.024199269711971283
1938,39,37,0.3469254672527313,-0.5195966362953186,-0.4333619177341461,0.02407516911625862
1939,39,38,0.18653450906276703,-0.24391913414001465,-0.4360906183719635,0.0241196658462286
1940,39,39,0.13693684339523315,-0.6389364004135132,-0.4373665153980255,0.024187959730625153
1941,39,40,0.3947494924068451,-0.7431837320327759,-0.4399666488170624,0.02418854832649231
1942,39,41,0.5723701119422913,-0.7362644076347351,-0.43514445424079895,0.024130791425704956
1943,39,42,-0.09564389288425446,-0.47662755846977234,-0.4332335889339447,0.024143924936652184
1944,39,43,-0.31371626257896423,-0.302242636680603,-0.4400527775287628,0.02414345182478428
1945,39,44,0.26467907428741455,-0.4912312924861908,-0.4383048117160797,0.024333816021680832
1946,39,45,-0.2732834815979004,-0.9153189659118652,-0.43698909878730774,0.02423137053847313
1947,39,46,0.03507857769727707,-0.6823065876960754,-0.4388704001903534,0.024265697225928307
1948,39,47,0.08727651089429855,-0.5372697114944458,-0.4402783215045929,0.024166695773601532
1949,39,48,0.16107836365699768,-0.8699897527694702,-0.4391631782054901,0.024104448035359383
1950,39,49,0.11333011090755463,-0.7105965614318848,-0.4414685070514679,0.02410782314836979
1951,40,0,0.11651347577571869,-0.5244563221931458,-0.4512346088886261,0.03604951128363609
1952,40,1,-0.012990696355700493,-0.30834734439849854,-0.45562800765037537,0.03605607524514198
1953,40,2,-0.44481635093688965,-0.3751065731048584,-0.45196765661239624,0.03612907975912094
1954,40,3,0.12434587627649307,-0.2773587107658386,-0.45749881863594055,0.03612907975912094
1955,40,4,-0.15693049132823944,-0.8788554072380066,-0.4486941695213318,0.03612907975912094
1956,40,5,0.3037749230861664,-0.5665000677108765,-0.4566584527492523,0.03612907975912094
1957,40,6,0.5755772590637207,-0.4090830385684967,-0.4539933502674103,0.036105044186115265
1958,40,7,0.4594825506210327,-0.15463007986545563,-0.45384612679481506,0.03596469387412071
1959,40,8,-0.17884184420108795,-0.9489377737045288,-0.4496404826641083,0.03599023073911667
1960,40,9,-0.3421276807785034,-0.4043389558792114,-0.4583224058151245,0.03607139736413956
1961,40,10,0.13687963783740997,-0.9600594639778137,-0.45653361082077026,0.03612907975912094
1962,40,11,-0.049387555569410324,-0.39880064129829407,-0.45697811245918274,0.036042023450136185
1963,40,12,0.4796968102455139,-0.4869074821472168,-0.4575568735599518,0.03609247878193855
1964,40,13,0.22730153799057007,-0.3638273775577545,-0.45380815863609314,0.03608471900224686
1965,40,14,0.23585373163223267,-0.7368624210357666,-0.45586705207824707,0.03606952726840973
1966,40,15,-0.3760482966899872,-0.5733466148376465,-0.4556855857372284,0.03612907975912094
1967,40,16,0.3256881833076477,-0.24457354843616486,-0.4544617533683777,0.03612907975912094
1968,40,17,-0.4248949885368347,-0.17620331048965454,-0.45439955592155457,0.03612907975912094
1969,40,18,-0.1528932750225067,-0.09264490753412247,-0.4544920325279236,0.03612907975912094
1970,40,19,0.10373183339834213,-0.35163888335227966,-0.4516926109790802,0.03612907975912094
1971,40,20,0.01608261466026306,-0.061180561780929565,-0.454093337059021,0.036084532737731934
1972,40,21,0.23843622207641602,-0.5873367190361023,-0.45063549280166626,0.03612907975912094
1973,40,22,0.5997861623764038,-0.1628972440958023,-0.4501182734966278,0.03609904274344444
1974,40,23,-0.13564056158065796,-0.10538629442453384,-0.4536050260066986,0.03600548207759857
1975,40,24,-0.24147167801856995,-0.7404065132141113,-0.4537983238697052,0.036097705364227295
1976,40,25,0.09154960513114929,0.10009054094552994,-0.45549970865249634,0.03612907975912094
1977,40,26,0.41565072536468506,-0.5636661052703857,-0.45498135685920715,0.036058079451322556
1978,40,27,0.4647670090198517,-0.5371212959289551,-0.4541284739971161,0.03604218736290932
1979,40,28,0.03562172129750252,-0.2173980474472046,-0.45547130703926086,0.035949621349573135
1980,40,29,-0.5358994603157043,-0.5753622651100159,-0.456026166677475,0.036094967275857925
1981,40,30,0.28778475522994995,-0.40025433897972107,-0.4533837139606476,0.03612907975912094
1982,40,31,-0.35891464352607727,-0.944727897644043,-0.46050190925598145,0.03612907975912094
1983,40,32,0.21164251863956451,-0.35186171531677246,-0.4576718807220459,0.036122411489486694
1984,40,33,0.29685384035110474,-0.2713479697704315,-0.45197978615760803,0.03604413568973541
1985,40,34,-0.19936075806617737,-0.37411585450172424,-0.44774454832077026,0.03612907975912094
1986,40,35,-0.1470526158809662,-0.3230477571487427,-0.45465436577796936,0.03612830862402916
1987,40,36,-0.017800115048885345,-0.4715461730957031,-0.4526912271976471,0.03612907975912094
1988,40,37,0.533552348613739,-0.5114254355430603,-0.4555271565914154,0.03612907975912094
1989,40,38,0.5914695858955383,-0.5509459972381592,-0.4547109603881836,0.03604160249233246
1990,40,39,0.5330185294151306,-0.6013602018356323,-0.4545043408870697,0.03598874434828758
1991,40,40,0.38946086168289185,-0.3748529851436615,-0.4544215798377991,0.03600091487169266
1992,40,41,-0.09603793174028397,-0.10854163765907288,-0.4562584161758423,0.03596046194434166
1993,40,42,-0.14902423322200775,-0.5076054930686951,-0.4541279971599579,0.03609352186322212
1994,40,43,0.5597715973854065,-0.7242105603218079,-0.45561930537223816,0.03612907975912094
1995,40,44,-0.13779789209365845,-0.4461996853351593,-0.4513295292854309,0.03603256121277809
1996,40,45,0.22178275883197784,-0.4912315309047699,-0.4574955999851227,0.036094777286052704
1997,40,46,-0.05563358590006828,-0.321382999420166,-0.45586836338043213,0.03610176593065262
1998,40,47,-0.03115142323076725,-0.35682082176208496,-0.4547520577907562,0.03612907975912094
1999,40,48,-0.2820015847682953,-0.4073023498058319,-0.4555469751358032,0.03612907975912094
2000,40,49,-0.0899752825498581,-0.8756190538406372,-0.45682770013809204,0.036099862307310104
2001,41,0,0.364998459815979,-0.4973781704902649,-0.47452157735824585,0.05083472654223442
2002,41,1,-0.1417919397354126,-0.7622689604759216,-0.4760490357875824,0.05083472654223442
2003,41,2,-0.09279794245958328,-0.2257450520992279,-0.47181493043899536,0.05083472654223442
2004,41,3,-0.18240340054035187,-0.3868236839771271,-0.4697688817977905,0.05083472654223442
2005,41,4,-0.20264451205730438,-0.4151221215724945,-0.472542405128479,0.05083472654223442
2006,41,5,0.2382475733757019,-0.6031468510627747,-0.4743361473083496,0.05083472654223442
2007,41,6,0.37262359261512756,-0.6223391890525818,-0.4744510054588318,0.05083472654223442
2008,41,7,-0.20989830791950226,-0.4064876437187195,-0.4731513261795044,0.05083472654223442
2009,41,8,-0.33380773663520813,-0.12954644858837128,-0.47808775305747986,0.05083472654223442
2010,41,9,-0.1239916980266571,-0.32430577278137207,-0.4733958840370178,0.05083472654223442
2011,41,10,0.3461090624332428,-0.9772363305091858,-0.4703308343887329,0.05083472654223442
2012,41,11,0.2940625250339508,-0.6691926717758179,-0.4708672761917114,0.05083472654223442
2013,41,12,-0.3312324583530426,-0.8237065672874451,-0.47402423620224,0.05083472654223442
2014,41,13,0.11402372270822525,-0.6956202387809753,-0.4763370454311371,0.05083472654223442
2015,41,14,-0.12402408570051193,-0.1816098690032959,-0.4761381149291992,0.05083472654223442
2016,41,15,-0.33709990978240967,0.032354485243558884,-0.4736253321170807,0.05083472654223442
2017,41,16,-0.14999033510684967,-0.22757263481616974,-0.4750269949436188,0.05083472654223442
2018,41,17,-0.18395854532718658,-0.4077354967594147,-0.4708731770515442,0.05083472654223442
2019,41,18,-0.22937966883182526,-0.22651000320911407,-0.47467947006225586,0.05083472654223442
2020,41,19,-0.18733246624469757,-0.20450051128864288,-0.47359585762023926,0.05083472654223442
2021,41,20,-0.3560415804386139,0.29057931900024414,-0.47178956866264343,0.05083472654223442
2022,41,21,-0.37024495005607605,-0.7835047245025635,-0.47319841384887695,0.05083472654223442
2023,41,22,-0.17848488688468933,0.1839187741279602,-0.4708636701107025,0.05083472654223442
2024,41,23,-0.14262449741363525,-0.4055652618408203,-0.474702388048172,0.05083472654223442
2025,41,24,0.15167729556560516,-0.18181011080741882,-0.4756207764148712,0.05083472654223442
2026,41,25,0.16070868074893951,-0.7492875456809998,-0.46940332651138306,0.05083472654223442
2027,41,26,-0.057977885007858276,-0.5639610290527344,-0.46822819113731384,0.05083472654223442
2028,41,27,0.19467677175998688,-0.13850197196006775,-0.47413748502731323,0.05083472654223442
2029,41,28,-0.0757279172539711,-0.1881347894668579,-0.4734719395637512,0.05083472654223442
2030,41,29,0.06449302285909653,-0.5537795424461365,-0.47201454639434814,0.05083472654223442
2031,41,30,0.2216091752052307,-0.195145383477211,-0.4743501842021942,0.05083472654223442
2032,41,31,-0.5480156540870667,-0.4056565463542938,-0.47116073966026306,0.05083472654223442
2033,41,32,-0.14362867176532745,-0.2840093970298767,-0.47567829489707947,0.05083472654223442
2034,41,33,-0.10811387002468109,-0.7930014729499817,-0.4702349603176117,0.05083472654223442
2035,41,34,0.15353287756443024,-0.7098867297172546,-0.4661644995212555,0.05083472654223442
2036,41,35,0.11302760243415833,-0.18755373358726501,-0.47646769881248474,0.05083472654223442
2037,41,36,-0.1435384303331375,-0.4356464445590973,-0.47514939308166504,0.05083472654223442
2038,41,37,-0.0672498345375061,-0.1227397620677948,-0.47633135318756104,0.05083472654223442
2039,41,38,-0.2624170780181885,-0.3834477365016937,-0.47521182894706726,0.05083472654223442
2040,41,39,-0.38351285457611084,-0.435310959815979,-0.4761662483215332,0.05083472654223442
2041,41,40,-0.3923807740211487,-0.4385738670825958,-0.47598451375961304,0.05083472654223442
2042,41,41,0.3036147654056549,-0.6600478887557983,-0.47649699449539185,0.05083472654223442
2043,41,42,0.1730942577123642,-0.5906174182891846,-0.4729255437850952,0.05083472654223442
2044,41,43,0.5943664908409119,-0.6200129985809326,-0.4725063443183899,0.05083472654223442
2045,41,44,0.0944506898522377,-0.9584640860557556,-0.4730064272880554,0.05083472654223442
2046,41,45,-0.3058784306049347,-1.0,-0.47710973024368286,0.05083472654223442
2047,41,46,-0.22694464027881622,-0.4834895730018616,-0.4777410626411438,0.05083472654223442
2048,41,47,0.27244460582733154,-0.7339145541191101,-0.4747846722602844,0.05083472654223442
2049,41,48,0.11792899668216705,-0.6399903893470764,-0.47199302911758423,0.05083472654223442
2050,41,49,0.2612093985080719,-0.35387665033340454,-0.47496363520622253,0.05083472654223442
2051,42,0,-0.21085214614868164,-0.8092427253723145,-0.5285794734954834,0.06281831115484238
2052,42,1,0.30546340346336365,-0.5289611220359802,-0.5289115905761719,0.06281831115484238
2053,42,2,0.5460710525512695,-0.6827386021614075,-0.5353245139122009,0.06281831115484238
2054,42,3,0.06317424774169922,-0.45979106426239014,-0.5311626195907593,0.06281831115484238
2055,42,4,0.08906853944063187,-0.3177933394908905,-0.5361003279685974,0.06281831115484238
2056,42,5,-0.4234546720981598,-0.4579448401927948,-0.5305428504943848,0.06281831115484238
2057,42,6,0.30675938725471497,-0.6878672242164612,-0.5346274971961975,0.06281831115484238
2058,42,7,-0.6491307020187378,-0.8167014122009277,-0.5334146618843079,0.06281831115484238
2059,42,8,-0.08607649803161621,-0.8055059313774109,-0.5315053462982178,0.06281831115484238
2060,42,9,0.3049715757369995,-0.7157742977142334,-0.5230701565742493,0.06281831115484238
2061,42,10,0.012640576809644699,-1.0,-0.534665048122406,0.06281831115484238
2062,42,11,0.04086514934897423,-0.5917938947677612,-0.5334271788597107,0.06281831115484238
2063,42,12,0.4074564278125763,-0.6931083798408508,-0.5265885591506958,0.06281831115484238
2064,42,13,-0.08910650759935379,-0.8352874517440796,-0.5343406796455383,0.06281831115484238
2065,42,14,0.1537618339061737,-0.7384131550788879,-0.5338594317436218,0.06281831115484238
2066,42,15,-0.24591392278671265,-0.2890179753303528,-0.5258748531341553,0.06281831115484238
2067,42,16,0.039089202880859375,-0.3383204936981201,-0.5332213044166565,0.06281831115484238
2068,42,17,-0.39441046118736267,-0.42444515228271484,-0.5286833643913269,0.06281831115484238
2069,42,18,0.11496778577566147,-0.14826421439647675,-0.532385528087616,0.06281831115484238
2070,42,19,-0.05080580711364746,-0.33941423892974854,-0.5316298604011536,0.06281831115484238
2071,42,20,0.25347161293029785,-0.6162864565849304,-0.5303359031677246,0.06281831115484238
2072,42,21,0.5373812913894653,-0.515410304069519,-0.5332726240158081,0.06281831115484238
2073,42,22,0.3518827557563782,-0.5183740258216858,-0.5325778722763062,0.06281831115484238
2074,42,23,0.3341113328933716,-0.3884066641330719,-0.533564567565918,0.06281831115484238
2075,42,24,-0.07567892223596573,-0.5702072978019714,-0.533226728439331,0.06281831115484238
2076,42,25,0.4933016300201416,-0.4728955626487732,-0.5328782796859741,0.06281831115484238
2077,42,26,0.3769046664237976,-0.6032209992408752,-0.5342839956283569,0.06281831115484238
2078,42,27,-0.054223574697971344,-0.41664454340934753,-0.531049907207489,0.06281831115484238
2079,42,28,-0.29450953006744385,-0.27374929189682007,-0.5376794338226318,0.06281831115484238
2080,42,29,0.14631476998329163,-0.6288273930549622,-0.5281570553779602,0.06281831115484238
2081,42,30,0.10431884229183197,-0.6249486804008484,-0.5324684977531433,0.06281831115484238
2082,42,31,-0.10968320071697235,-1.0,-0.5341861844062805,0.06281831115484238
2083,42,32,0.14323070645332336,-0.7739121913909912,-0.538059651851654,0.06281831115484238
2084,42,33,-0.10193097591400146,-0.5179877281188965,-0.5259907245635986,0.06281831115484238
2085,42,34,-0.017348920926451683,-0.19554899632930756,-0.5353150963783264,0.06281831115484238
2086,42,35,0.0994417667388916,-0.5539660453796387,-0.5325206518173218,0.06281831115484238
2087,42,36,0.49882519245147705,-0.6336545348167419,-0.5330492258071899,0.06281831115484238
2088,42,37,-0.04832904785871506,-0.051531244069337845,-0.5323293209075928,0.06281831115484238
2089,42,38,-0.1819210797548294,-0.37957605719566345,-0.5336335897445679,0.06281831115484238
2090,42,39,-0.21521015465259552,-0.3745892643928528,-0.5336821675300598,0.06281831115484238
2091,42,40,0.061282116919755936,0.07353392988443375,-0.5343499183654785,0.06281831115484238
2092,42,41,-0.41837555170059204,-0.28113213181495667,-0.5309848785400391,0.06281831115484238
2093,42,42,-0.11883929371833801,-0.33501556515693665,-0.5315086245536804,0.06281831115484238
2094,42,43,0.1285986304283142,-0.5048038363456726,-0.5284727811813354,0.06281831115484238
2095,42,44,0.3380209505558014,-0.16735629737377167,-0.5312667489051819,0.06281831115484238
2096,42,45,-0.0687946230173111,-0.7109267711639404,-0.5313801169395447,0.06281831115484238
2097,42,46,0.16318564116954803,-0.24914002418518066,-0.5346078276634216,0.06281831115484238
2098,42,47,-0.02897891029715538,-0.6935464143753052,-0.5298622250556946,0.06281831115484238
2099,42,48,-0.051967255771160126,-0.9861593842506409,-0.5344536304473877,0.06281831115484238
2100,42,49,-0.14427323639392853,-0.4566918611526489,-0.535899817943573,0.06281831115484238
2101,43,0,0.21598374843597412,-0.5537943840026855,-0.5960318446159363,0.07090821862220764
2102,43,1,0.4797220826148987,-0.670646071434021,-0.595295250415802,0.07090821862220764
2103,43,2,-0.06984034925699234,-0.6984912157058716,-0.5959445834159851,0.07090821862220764
2104,43,3,0.29361027479171753,-0.6412563323974609,-0.5983316898345947,0.07090821862220764
2105,43,4,0.3130488693714142,-0.6080114245414734,-0.595865786075592,0.07090821862220764
2106,43,5,0.31885120272636414,-0.5337750911712646,-0.5968319773674011,0.07090821862220764
2107,43,6,0.066092848777771,-0.8628300428390503,-0.5981982350349426,0.07090821862220764
2108,43,7,0.08033591508865356,-0.6615312695503235,-0.5967722535133362,0.07090821862220764
2109,43,8,0.3184928297996521,-0.6108619570732117,-0.5932848453521729,0.07090821862220764
2110,43,9,-0.7861107587814331,-0.8050086498260498,-0.5970374941825867,0.07090821862220764
2111,43,10,0.1480879932641983,-0.5068853497505188,-0.5939726829528809,0.07090821862220764
2112,43,11,0.5503526926040649,-0.6964682340621948,-0.5964738726615906,0.07090821862220764
2113,43,12,-0.08088613301515579,-0.9149304628372192,-0.5974524021148682,0.07090821862220764
2114,43,13,-0.15167151391506195,-1.0,-0.598310649394989,0.07090821862220764
2115,43,14,0.16194215416908264,-0.6493513584136963,-0.5960527658462524,0.07090821862220764
2116,43,15,0.01888352446258068,-0.3806295692920685,-0.5959125757217407,0.07090821862220764
2117,43,16,-0.1540835201740265,-0.05166197940707207,-0.5986738204956055,0.07090821862220764
2118,43,17,-0.36126241087913513,-0.4507909119129181,-0.5898321270942688,0.07090821862220764
2119,43,18,0.045922599732875824,-0.47689056396484375,-0.5972235798835754,0.07090821862220764
2120,43,19,-0.03417426347732544,-0.4623391628265381,-0.5948283672332764,0.07090821862220764
2121,43,20,-0.0353088453412056,-0.6921679377555847,-0.5977028012275696,0.07090821862220764
2122,43,21,0.493699848651886,-0.7170958518981934,-0.599049985408783,0.07090821862220764
2123,43,22,0.035688579082489014,-0.7053228616714478,-0.5931599140167236,0.07090821862220764
2124,43,23,0.49905410408973694,-0.7266932129859924,-0.5973777174949646,0.07090821862220764
2125,43,24,-0.2857481837272644,-0.8868646025657654,-0.5919122695922852,0.07090821862220764
2126,43,25,-0.5458478927612305,-0.8047332167625427,-0.59738689661026,0.07090821862220764
2127,43,26,0.12524016201496124,-0.6447590589523315,-0.5935076475143433,0.07090821862220764
2128,43,27,0.03315155953168869,-0.4745536148548126,-0.5984086990356445,0.07090821862220764
2129,43,28,0.17959576845169067,-0.540877103805542,-0.5985929369926453,0.07090821862220764
2130,43,29,0.6198643445968628,-0.621480405330658,-0.5991730093955994,0.07090821862220764
2131,43,30,0.06404625624418259,-0.8465954661369324,-0.5952380299568176,0.07090821862220764
2132,43,31,-0.234216570854187,-0.43684765696525574,-0.6000894904136658,0.07090821862220764
2133,43,32,0.400675505399704,-0.5953659415245056,-0.5980848670005798,0.07090821862220764
2134,43,33,0.45377615094184875,-0.6515336632728577,-0.5910794138908386,0.07090821862220764
2135,43,34,-0.3166182339191437,-0.26061204075813293,-0.5963292717933655,0.07090821862220764
2136,43,35,-0.14680059254169464,-0.051918741315603256,-0.5947548151016235,0.07090821862220764
2137,43,36,-0.113164983689785,-0.5391451716423035,-0.5889851450920105,0.07090821862220764
2138,43,37,0.473226934671402,-0.7342457175254822,-0.5971800684928894,0.07090821862220764
2139,43,38,0.05191683769226074,-0.5352061986923218,-0.5901723504066467,0.07090821862220764
2140,43,39,0.5428043603897095,-0.4742456376552582,-0.595920979976654,0.07090821862220764
2141,43,40,0.2118755578994751,-0.33522045612335205,-0.5947168469429016,0.07090821862220764
2142,43,41,0.022200068458914757,-0.686375617980957,-0.5919962525367737,0.07090821862220764
2143,43,42,-0.4216921329498291,-0.8009719848632812,-0.5973066091537476,0.07090821862220764
2144,43,43,-0.2242567241191864,-0.41520416736602783,-0.5972671508789062,0.07090821862220764
2145,43,44,-0.0034295557998120785,-0.2574068307876587,-0.596438467502594,0.07090821862220764
2146,43,45,0.11857777833938599,-0.3820277750492096,-0.5906727910041809,0.07090821862220764
2147,43,46,0.290495365858078,-0.5341593623161316,-0.595398485660553,0.07090821862220764
2148,43,47,-0.37678682804107666,-0.8012449145317078,-0.595387876033783,0.07090821862220764
2149,43,48,-0.08325833827257156,-0.7435410022735596,-0.5953662395477295,0.07090821862220764
2150,43,49,-0.14980483055114746,-0.48887449502944946,-0.5896767377853394,0.07090821862220764
2151,44,0,0.11338978260755539,-0.9734328389167786,-0.5892832279205322,0.07863729447126389
2152,44,1,0.31503963470458984,-0.5518870949745178,-0.5889584422111511,0.07863729447126389
2153,44,2,0.12105641514062881,-0.6794734597206116,-0.5856927037239075,0.07863729447126389
2154,44,3,0.3775850236415863,-0.7231967449188232,-0.5863216519355774,0.07863729447126389
2155,44,4,-0.16852428019046783,-0.7121137380599976,-0.5814729928970337,0.07863729447126389
2156,44,5,-0.045206137001514435,-0.41771629452705383,-0.5856698155403137,0.07863729447126389
2157,44,6,-0.3493526577949524,-0.4279747009277344,-0.5874572396278381,0.07863729447126389
2158,44,7,-0.01482886727899313,-0.44751402735710144,-0.5888620018959045,0.07863729447126389
2159,44,8,-0.12652722001075745,-0.5207866430282593,-0.5878751873970032,0.07863729447126389
2160,44,9,0.24888770282268524,-0.4862269461154938,-0.5880417227745056,0.07863729447126389
2161,44,10,0.021661555394530296,-0.6358026266098022,-0.586487352848053,0.07863729447126389
2162,44,11,0.47550973296165466,-0.6037200093269348,-0.5858222246170044,0.07863729447126389
2163,44,12,-0.2216399908065796,-0.822415292263031,-0.5836961269378662,0.07863729447126389
2164,44,13,0.25942903757095337,-0.6617723107337952,-0.5885424017906189,0.07863729447126389
2165,44,14,0.03318183124065399,-0.4682450294494629,-0.5851351618766785,0.07863729447126389
2166,44,15,0.41968709230422974,-0.5070269703865051,-0.5859965085983276,0.07863729447126389
2167,44,16,0.32107412815093994,-0.4552049934864044,-0.583057165145874,0.07863729447126389
2168,44,17,0.2995920181274414,-0.7072603702545166,-0.5864120125770569,0.07863729447126389
2169,44,18,-0.3265167474746704,-0.869134247303009,-0.5859408378601074,0.07863729447126389
2170,44,19,-0.03762819990515709,-0.4889651834964752,-0.5877203941345215,0.07863729447126389
2171,44,20,-0.19930382072925568,-0.4056466221809387,-0.5843955874443054,0.07863729447126389
2172,44,21,-0.06438729912042618,-0.249386727809906,-0.5879220366477966,0.07863729447126389
2173,44,22,-0.4568418264389038,-0.786623477935791,-0.5827091932296753,0.07863729447126389
2174,44,23,-0.16539782285690308,-0.38629475235939026,-0.5823418498039246,0.07863729447126389
2175,44,24,0.025731703266501427,-1.0,-0.5869736671447754,0.07863729447126389
2176,44,25,-0.1601598858833313,-0.47179320454597473,-0.5873672962188721,0.07863729447126389
2177,44,26,0.40175747871398926,-0.5924249291419983,-0.5856091976165771,0.07863729447126389
2178,44,27,0.7196882367134094,-0.6424681544303894,-0.5848214030265808,0.07863729447126389
2179,44,28,-0.38754138350486755,-0.7969463467597961,-0.5840316414833069,0.07863729447126389
2180,44,29,-0.2082734853029251,-0.1762937605381012,-0.5899761915206909,0.07863729447126389
2181,44,30,0.32306089997291565,-0.5843557119369507,-0.5845951437950134,0.07863729447126389
2182,44,31,0.21898414194583893,-0.2982420027256012,-0.5749683380126953,0.07863729447126389
2183,44,32,0.22593343257904053,-1.0,-0.5811648368835449,0.07863729447126389
2184,44,33,0.25844186544418335,-0.6822685599327087,-0.5808937549591064,0.07863729447126389
2185,44,34,-0.19855369627475739,-0.41364848613739014,-0.5830059051513672,0.07863729447126389
2186,44,35,-0.12153623253107071,-0.3476157486438751,-0.587917685508728,0.07863729447126389
2187,44,36,0.10485579818487167,-0.3038302958011627,-0.5866442322731018,0.07863729447126389
2188,44,37,0.1310187727212906,-0.33866769075393677,-0.5814462900161743,0.07863729447126389
2189,44,38,0.1767568439245224,-0.7684940099716187,-0.5811113715171814,0.07863729447126389
2190,44,39,0.2178989052772522,-0.6417856216430664,-0.5766690373420715,0.07863729447126389
2191,44,40,0.11766868084669113,-0.6071038246154785,-0.5863116979598999,0.07863729447126389
2192,44,41,0.59531170129776,-0.6782901287078857,-0.5864312052726746,0.07863729447126389
2193,44,42,-1.14948570728302,-0.811729907989502,-0.5862608551979065,0.07863729447126389
2194,44,43,-0.08783932030200958,-1.0,-0.5914567112922668,0.07863729447126389
2195,44,44,0.10516393184661865,-0.5323367714881897,-0.5849440097808838,0.07863729447126389
2196,44,45,0.46229419112205505,-0.648743212223053,-0.5862350463867188,0.07863729447126389
2197,44,46,-0.5408791303634644,-1.0,-0.5857198238372803,0.07863729447126389
2198,44,47,0.35611313581466675,-0.539750874042511,-0.5915942192077637,0.07863729447126389
2199,44,48,-0.07474128156900406,-0.2561940550804138,-0.5838685631752014,0.07863729447126389
2200,44,49,0.057465314865112305,-0.2820892035961151,-0.583392858505249,0.07863729447126389
2201,45,0,0.51951664686203,-0.7305598855018616,-0.5264275670051575,0.08536167442798615
2202,45,1,-0.28012529015541077,-0.7859130501747131,-0.5210192203521729,0.08536167442798615
2203,45,2,0.3108427822589874,-1.0,-0.5230767726898193,0.08536167442798615
2204,45,3,0.07075635343790054,-0.3361716568470001,-0.531592845916748,0.08536167442798615
2205,45,4,0.29278433322906494,-0.22935444116592407,-0.5256796479225159,0.08536167442798615
2206,45,5,0.5168629288673401,-0.25892338156700134,-0.5248926877975464,0.08536167442798615
2207,45,6,0.27063822746276855,-0.6916049122810364,-0.5193436145782471,0.08536167442798615
2208,45,7,-0.1684395968914032,-0.37903663516044617,-0.5288660526275635,0.08536167442798615
2209,45,8,-0.06591107696294785,-0.3911029100418091,-0.5306109189987183,0.08536167442798615
2210,45,9,-0.14070077240467072,-0.3764168918132782,-0.5284621715545654,0.08536167442798615
2211,45,10,0.30610111355781555,-0.514109194278717,-0.5272530317306519,0.08536167442798615
2212,45,11,0.5378803610801697,-0.6240234971046448,-0.5262888669967651,0.08536167442798615
2213,45,12,0.25474515557289124,-0.2131732553243637,-0.5291385054588318,0.08536167442798615
2214,45,13,-0.29550832509994507,-0.3740263283252716,-0.5293647646903992,0.08536167442798615
2215,45,14,0.374016672372818,-0.5852062106132507,-0.5305200815200806,0.08536167442798615
2216,45,15,0.5235376954078674,-0.6020691394805908,-0.5193696618080139,0.08536167442798615
2217,45,16,-0.14722153544425964,-0.274588018655777,-0.5289350748062134,0.08536167442798615
2218,45,17,-0.2931267321109772,-0.7811025977134705,-0.5264990329742432,0.08536167442798615
2219,45,18,-0.5681681632995605,-0.7548257112503052,-0.5255336761474609,0.08536167442798615
2220,45,19,-0.5493354797363281,-0.8008269667625427,-0.5245030522346497,0.08536167442798615
2221,45,20,-0.3471366763114929,-0.9215689301490784,-0.5276385545730591,0.08536167442798615
2222,45,21,0.6052224636077881,-1.0,-0.5304794311523438,0.08536167442798615
2223,45,22,-0.1348198801279068,-0.26740550994873047,-0.5225024223327637,0.08536167442798615
2224,45,23,0.23547013103961945,-0.5246694087982178,-0.5236319303512573,0.08536167442798615
2225,45,24,0.07864537835121155,-1.0,-0.5309095978736877,0.08536167442798615
2226,45,25,-0.29405882954597473,-0.9165052771568298,-0.5289353132247925,0.08536167442798615
2227,45,26,-0.23168112337589264,-0.322110652923584,-0.5271321535110474,0.08536167442798615
2228,45,27,0.23945000767707825,-0.5889692306518555,-0.5238766670227051,0.08536167442798615
2229,45,28,0.43459761142730713,-1.0,-0.5247805714607239,0.08536167442798615
2230,45,29,0.4256684482097626,-0.34681642055511475,-0.530616819858551,0.08536167442798615
2231,45,30,-0.031207462772727013,-0.25769221782684326,-0.5256072878837585,0.08536167442798615
2232,45,31,-0.0033222627826035023,-0.6158571243286133,-0.5208656191825867,0.08536167442798615
2233,45,32,0.0981265977025032,-0.2915034890174866,-0.5302779674530029,0.08536167442798615
2234,45,33,-0.04716707393527031,-0.14141793549060822,-0.5305039882659912,0.08536167442798615
2235,45,34,0.32432425022125244,-0.5868712067604065,-0.5253548622131348,0.08536167442798615
2236,45,35,0.4370284676551819,-0.703175961971283,-0.526602029800415,0.08536167442798615
2237,45,36,-0.7200697064399719,-0.7501159906387329,-0.5307692289352417,0.08536167442798615
2238,45,37,-0.07759500294923782,-0.857193648815155,-0.5321944952011108,0.08536167442798615
2239,45,38,-0.20912659168243408,-0.19932407140731812,-0.5301406383514404,0.08536167442798615
2240,45,39,-0.21487794816493988,-0.42560771107673645,-0.5250654220581055,0.08536167442798615
2241,45,40,0.2109825611114502,-0.7066563367843628,-0.5286396741867065,0.08536167442798615
2242,45,41,-0.0070005920715630054,-0.5691770911216736,-0.530574381351471,0.08536167442798615
2243,45,42,0.45086199045181274,-0.8861231803894043,-0.5282800793647766,0.08536167442798615
2244,45,43,0.43690115213394165,-0.7042211890220642,-0.5273560285568237,0.08536167442798615
2245,45,44,-0.14848819375038147,-0.5142524242401123,-0.5257172584533691,0.08536167442798615
2246,45,45,0.27849841117858887,-0.040321700274944305,-0.532295823097229,0.08536167442798615
2247,45,46,0.12218194454908371,-0.6867756247520447,-0.5278833508491516,0.08536167442798615
2248,45,47,0.01713668555021286,-0.6810699701309204,-0.5281345844268799,0.08536167442798615
2249,45,48,-0.233735129237175,-0.35102787613868713,-0.531200110912323,0.08536167442798615
2250,45,49,0.03770375996828079,-0.6335312128067017,-0.531213104724884,0.08536167442798615
2251,46,0,-0.05994249880313873,-0.5977018475532532,-0.4673455059528351,0.09245621412992477
2252,46,1,0.648522138595581,-0.5056000351905823,-0.4669387638568878,0.09245621412992477
2253,46,2,0.2914142608642578,-0.6589323878288269,-0.46751171350479126,0.09245621412992477
2254,46,3,-0.18793360888957977,-0.4249820113182068,-0.46763360500335693,0.09245621412992477
2255,46,4,-1.0064846277236938,-0.7601137161254883,-0.47035735845565796,0.09245621412992477
2256,46,5,-0.36687830090522766,-0.8953954577445984,-0.47071295976638794,0.09245621412992477
2257,46,6,0.4599452018737793,-0.7242326736450195,-0.46929317712783813,0.09245621412992477
2258,46,7,-0.52567458152771,-0.35345351696014404,-0.46453821659088135,0.09245621412992477
2259,46,8,-0.20055902004241943,-0.8413666486740112,-0.4718489944934845,0.09245621412992477
2260,46,9,0.1878778487443924,-0.6651430130004883,-0.4703848659992218,0.09245621412992477
2261,46,10,-0.354859858751297,-0.38287603855133057,-0.46934589743614197,0.09245621412992477
2262,46,11,0.2884659469127655,-0.3480421006679535,-0.47189611196517944,0.09245621412992477
2263,46,12,0.1487351506948471,-0.6216831803321838,-0.46407923102378845,0.09245621412992477
2264,46,13,0.07962317764759064,-0.5897278189659119,-0.46860161423683167,0.09245621412992477
2265,46,14,0.6276483535766602,-0.6434353590011597,-0.4685612916946411,0.09245621412992477
2266,46,15,0.3296036720275879,-0.014930490404367447,-0.4668888449668884,0.09245621412992477
2267,46,16,-0.30622994899749756,-1.0,-0.4692319929599762,0.09245621412992477
2268,46,17,0.25776150822639465,-0.7251626253128052,-0.47251471877098083,0.09245621412992477
2269,46,18,-0.21237392723560333,-0.2511473596096039,-0.4648338854312897,0.09245621412992477
2270,46,19,0.49470254778862,-0.26029762625694275,-0.46667635440826416,0.09245621412992477
2271,46,20,-0.23685400187969208,-0.247329980134964,-0.46133482456207275,0.09245621412992477
2272,46,21,-0.22750015556812286,-0.442930668592453,-0.4642094373703003,0.09245621412992477
2273,46,22,-0.058702219277620316,0.14109060168266296,-0.4693262279033661,0.09245621412992477
2274,46,23,0.41670599579811096,-0.6494811177253723,-0.470297634601593,0.09245621412992477
2275,46,24,-0.180788055062294,-0.8788868188858032,-0.46890440583229065,0.09245621412992477
2276,46,25,-0.06088843196630478,-0.40359145402908325,-0.47155705094337463,0.09245621412992477
2277,46,26,-0.2487783581018448,-0.5748677849769592,-0.46859022974967957,0.09245621412992477
2278,46,27,0.22064468264579773,-0.48016735911369324,-0.4633631408214569,0.09245621412992477
2279,46,28,0.19314657151699066,-0.14939077198505402,-0.4681045413017273,0.09245621412992477
2280,46,29,-0.26376521587371826,-0.4527018368244171,-0.4653926193714142,0.09245621412992477
2281,46,30,0.19790664315223694,-0.44727829098701477,-0.47080114483833313,0.09245621412992477
2282,46,31,0.008098923601210117,-0.7943527698516846,-0.4709344804286957,0.09245621412992477
2283,46,32,-0.22721214592456818,-0.33729830384254456,-0.4690990149974823,0.09245621412992477
2284,46,33,-0.11225005984306335,-0.18366657197475433,-0.4696965515613556,0.09245621412992477
2285,46,34,-0.26599863171577454,-0.4869317412376404,-0.46522799134254456,0.09245621412992477
2286,46,35,0.12064532190561295,-0.7051925659179688,-0.4678894579410553,0.09245621412992477
2287,46,36,-0.15578718483448029,-0.44296395778656006,-0.4706870913505554,0.09245621412992477
2288,46,37,0.23413319885730743,-0.42016881704330444,-0.4726623296737671,0.09245621412992477
2289,46,38,0.11758241802453995,-0.24959544837474823,-0.46927398443222046,0.09245621412992477
2290,46,39,-0.42036357522010803,-1.0,-0.46286502480506897,0.09245621412992477
2291,46,40,0.08739438652992249,-0.6553057432174683,-0.4712805151939392,0.09245621412992477
2292,46,41,-0.33313584327697754,-0.36070334911346436,-0.46900126338005066,0.09245621412992477
2293,46,42,-0.07941512763500214,-0.48303860425949097,-0.4724377691745758,0.09245621412992477
2294,46,43,0.15230032801628113,0.11966637521982193,-0.4674054980278015,0.09245621412992477
2295,46,44,0.3747761845588684,-0.6048412919044495,-0.4683400094509125,0.09245621412992477
2296,46,45,-0.9500141739845276,-0.7670724391937256,-0.4662475883960724,0.09245621412992477
2297,46,46,0.13481587171554565,-0.5969498157501221,-0.4713055193424225,0.09245621412992477
2298,46,47,0.28657567501068115,-0.34042710065841675,-0.4681004583835602,0.09245621412992477
2299,46,48,-0.9272182583808899,-0.7775614261627197,-0.46899351477622986,0.09245621412992477
2300,46,49,0.464192658662796,-0.7171486020088196,-0.46910014748573303,0.09245621412992477
2301,47,0,-0.20578478276729584,-0.2883371412754059,-0.41159918904304504,0.09634394943714142
2302,47,1,-0.07589288800954819,-0.36919689178466797,-0.40848565101623535,0.09634394943714142
2303,47,2,0.21533364057540894,-0.2429194301366806,-0.4117361009120941,0.09634394943714142
2304,47,3,-0.5117871761322021,-0.4023169279098511,-0.4051227867603302,0.09634394943714142
2305,47,4,-0.04019071161746979,-0.452773779630661,-0.41267815232276917,0.09634394943714142
2306,47,5,0.3558664619922638,-0.4920942187309265,-0.41205334663391113,0.09634394943714142
2307,47,6,0.26236042380332947,-0.31580695509910583,-0.410054475069046,0.09634394943714142
2308,47,7,0.08440160751342773,-0.6499685049057007,-0.40447038412094116,0.09634394943714142
2309,47,8,0.2041679322719574,-0.5836001038551331,-0.4109151065349579,0.09634394943714142
2310,47,9,0.19809536635875702,-0.43834730982780457,-0.40633803606033325,0.09634394943714142
2311,47,10,-0.22130036354064941,-0.34876176714897156,-0.40968677401542664,0.09634394943714142
2312,47,11,-0.03535330668091774,-0.46375441551208496,-0.40980103611946106,0.09634394943714142
2313,47,12,0.08741375058889389,-0.42992615699768066,-0.41022512316703796,0.09634394943714142
2314,47,13,-0.30067580938339233,-0.3041806221008301,-0.41149666905403137,0.09634394943714142
2315,47,14,-0.224228635430336,-0.4411683976650238,-0.4095974266529083,0.09634394943714142
2316,47,15,-0.05970359221100807,-0.2794469892978668,-0.411391943693161,0.09634394943714142
2317,47,16,-0.003914870321750641,-0.27502548694610596,-0.4077872931957245,0.09634394943714142
2318,47,17,-0.22041328251361847,-0.39781448245048523,-0.40200477838516235,0.09634394943714142
2319,47,18,-0.2860429883003235,-0.14990639686584473,-0.4122287333011627,0.09634394943714142
2320,47,19,-0.09006467461585999,-0.20887699723243713,-0.4097340404987335,0.09634394943714142
2321,47,20,-0.13997608423233032,-0.39059022068977356,-0.4070151746273041,0.09634394943714142
2322,47,21,0.25256988406181335,-0.5595695376396179,-0.4108126759529114,0.09634394943714142
2323,47,22,0.4909850060939789,-0.5898056626319885,-0.4103069007396698,0.09634394943714142
2324,47,23,0.43331488966941833,-0.14158999919891357,-0.40871289372444153,0.09634394943714142
2325,47,24,0.006693343631923199,-0.039977461099624634,-0.40946489572525024,0.09634394943714142
2326,47,25,0.29048189520835876,-0.5595053434371948,-0.40642353892326355,0.09634394943714142
2327,47,26,0.08014839142560959,-0.7959150075912476,-0.409938246011734,0.09634394943714142
2328,47,27,-0.22034889459609985,-0.4183546006679535,-0.41069552302360535,0.09634394943714142
2329,47,28,0.08272532373666763,-0.49590641260147095,-0.41248467564582825,0.09634394943714142
2330,47,29,-0.016063285991549492,-0.2582044005393982,-0.41034188866615295,0.09634394943714142
2331,47,30,-0.13951842486858368,-0.18082194030284882,-0.4067677855491638,0.09634394943714142
2332,47,31,0.0003323268028907478,-0.09640131890773773,-0.40745222568511963,0.09634394943714142
2333,47,32,-0.2747117280960083,-0.3282557725906372,-0.4084871709346771,0.09634394943714142
2334,47,33,0.00777007220312953,-0.5596359372138977,-0.4069816470146179,0.09634394943714142
2335,47,34,0.34131038188934326,0.047490932047367096,-0.40891531109809875,0.09634394943714142
2336,47,35,-0.13151495158672333,0.15613019466400146,-0.4106171727180481,0.09634394943714142
2337,47,36,-0.17901046574115753,-0.404847115278244,-0.4101441204547882,0.09634394943714142
2338,47,37,0.00021613544959109277,-0.30046916007995605,-0.41211238503456116,0.09634394943714142
2339,47,38,-0.4519006609916687,-0.8115778565406799,-0.40765175223350525,0.09634394943714142
2340,47,39,-0.1116291880607605,-0.2557292878627777,-0.4052596390247345,0.09634394943714142
2341,47,40,-0.5036503672599792,-0.37850773334503174,-0.40980061888694763,0.09634394943714142
2342,47,41,-0.31277164816856384,-0.13328686356544495,-0.41357260942459106,0.09634394943714142
2343,47,42,-0.3827552795410156,-0.3255906403064728,-0.40993165969848633,0.09634394943714142
2344,47,43,-0.22908128798007965,-1.0,-0.41037529706954956,0.09634394943714142
2345,47,44,-0.13434118032455444,-0.6650475263595581,-0.41052353382110596,0.09634394943714142
2346,47,45,0.03402000665664673,-0.5890653729438782,-0.4116029739379883,0.09634394943714142
2347,47,46,-0.20728427171707153,-0.3148789405822754,-0.4100508391857147,0.09634394943714142
2348,47,47,0.10421918332576752,-0.1578400433063507,-0.41254687309265137,0.09634394943714142
2349,47,48,-0.5887055397033691,-0.4406694769859314,-0.408102810382843,0.09634394943714142
2350,47,49,-0.8757407069206238,-0.7885017991065979,-0.4127625524997711,0.09634394943714142
2351,48,0,-0.3590739071369171,-0.21640661358833313,-0.3589739203453064,0.08956328779459
2352,48,1,-0.2545892596244812,-0.4173887073993683,-0.36021095514297485,0.08956328779459
2353,48,2,-0.2289322465658188,-0.11638583987951279,-0.3608531355857849,0.08956328779459
2354,48,3,-0.16701999306678772,-0.18525022268295288,-0.36059486865997314,0.08956328779459
2355,48,4,0.31941545009613037,-0.5165194272994995,-0.36135542392730713,0.08956328779459
2356,48,5,0.2327585220336914,-0.45528480410575867,-0.3589664697647095,0.08956328779459
2357,48,6,-0.14536423981189728,-0.42834901809692383,-0.3608754277229309,0.08956328779459
2358,48,7,-0.02233622595667839,-0.156280979514122,-0.36405497789382935,0.08956328779459
2359,48,8,-0.20640698075294495,-0.23066508769989014,-0.36015933752059937,0.08956328779459
2360,48,9,-0.30908897519111633,-0.28624430298805237,-0.3581891655921936,0.08956328779459
2361,48,10,-0.050864897668361664,-0.13256610929965973,-0.35776668787002563,0.08956328779459
2362,48,11,-0.2978496253490448,0.22636465728282928,-0.3588525652885437,0.08956328779459
2363,48,12,-0.22874537110328674,-0.3554782271385193,-0.35936063528060913,0.08956328779459
2364,48,13,-0.3055553138256073,-0.41860881447792053,-0.36011624336242676,0.08956328779459
2365,48,14,-0.13801038265228271,-0.4630018472671509,-0.36201924085617065,0.08956328779459
2366,48,15,0.0010492784203961492,0.024534977972507477,-0.3625693917274475,0.08956328779459
2367,48,16,0.3008227050304413,-0.5970491766929626,-0.36230283975601196,0.08956328779459
2368,48,17,0.27330097556114197,-0.34171587228775024,-0.3582153916358948,0.08956328779459
2369,48,18,-0.21351176500320435,-0.4694807529449463,-0.3619229793548584,0.08956328779459
2370,48,19,-0.14434710144996643,-0.2976577579975128,-0.3616894483566284,0.08956328779459
2371,48,20,-0.2509920597076416,-0.23130063712596893,-0.3597754240036011,0.08956328779459
2372,48,21,-0.030364777892827988,-0.2797245383262634,-0.36132723093032837,0.08956328779459
2373,48,22,-0.05229600518941879,0.13511916995048523,-0.3567178249359131,0.08956328779459
2374,48,23,-0.1748635172843933,-0.12805449962615967,-0.3600617051124573,0.08956328779459
2375,48,24,-0.47328710556030273,-0.15763550996780396,-0.36075925827026367,0.08956328779459
2376,48,25,0.3951091468334198,-0.2617982029914856,-0.3618508577346802,0.08956328779459
2377,48,26,-0.2580079138278961,-0.32366621494293213,-0.3541333079338074,0.08956328779459
2378,48,27,0.0292762890458107,0.012980382889509201,-0.3585861325263977,0.08956328779459
2379,48,28,-0.06432346999645233,-0.2075078934431076,-0.3588833808898926,0.08956328779459
2380,48,29,-0.013002840802073479,-0.27558672428131104,-0.3568163514137268,0.08956328779459
2381,48,30,-0.15058773756027222,-0.2244342863559723,-0.35773468017578125,0.08956328779459
2382,48,31,-0.4423879086971283,-0.39077186584472656,-0.3596547842025757,0.08956328779459
2383,48,32,0.15652908384799957,-1.0,-0.3631039261817932,0.08956328779459
2384,48,33,0.103117935359478,0.004933064803481102,-0.35940682888031006,0.08956328779459
2385,48,34,-0.042964037507772446,-0.6391476988792419,-0.3591548800468445,0.08956328779459
2386,48,35,0.24786436557769775,-0.6699711084365845,-0.3604947328567505,0.08956328779459
2387,48,36,-0.09108194708824158,-0.4072399437427521,-0.36025553941726685,0.08956328779459
2388,48,37,0.39476051926612854,-0.2306094467639923,-0.3610159158706665,0.08956328779459
2389,48,38,0.04686222970485687,-0.2689042389392853,-0.35840553045272827,0.08956328779459
2390,48,39,0.07983247190713882,0.06860753893852234,-0.35368847846984863,0.08956328779459
2391,48,40,-0.26255056262016296,0.15842552483081818,-0.3607395887374878,0.08956328779459
2392,48,41,-0.12541233003139496,-0.39192646741867065,-0.36016595363616943,0.08956328779459
2393,48,42,-0.045778416097164154,-0.0945214331150055,-0.360584020614624,0.08956328779459
2394,48,43,-0.28560057282447815,-0.4194011390209198,-0.3588724136352539,0.08956328779459
2395,48,44,-0.43876540660858154,-0.08247935026884079,-0.36102479696273804,0.08956328779459
2396,48,45,-0.03678080439567566,-0.3271476626396179,-0.36029356718063354,0.08956328779459
2397,48,46,-0.01715252362191677,-0.2673926055431366,-0.359944224357605,0.08956328779459
2398,48,47,-0.34499162435531616,-0.44870224595069885,-0.3537253141403198,0.08956328779459
2399,48,48,0.41321852803230286,-0.21632073819637299,-0.3636552691459656,0.08956328779459
2400,48,49,-0.2647567391395569,-0.25517091155052185,-0.3582916855812073,0.08956328779459
2401,49,0,-0.09925149381160736,-0.2835664451122284,-0.37284111976623535,0.08111738413572311
2402,49,1,0.09410129487514496,-0.663354754447937,-0.37719497084617615,0.08111738413572311
2403,49,2,-0.22157080471515656,-0.8691693544387817,-0.3789270222187042,0.08111738413572311
2404,49,3,0.12920090556144714,-0.22112224996089935,-0.38069096207618713,0.08111738413572311
2405,49,4,-0.2316686511039734,-0.448440283536911,-0.3749358654022217,0.08111738413572311
2406,49,5,0.36657097935676575,-0.13759516179561615,-0.3810102045536041,0.08111738413572311
2407,49,6,-0.0477900505065918,-0.26275309920310974,-0.37775719165802,0.08111738413572311
2408,49,7,-0.2769458591938019,-0.43299809098243713,-0.3741217255592346,0.08111738413572311
2409,49,8,-0.2774176597595215,-0.4093966484069824,-0.378982812166214,0.08111738413572311
2410,49,9,0.1953042596578598,-0.6124153137207031,-0.3802904188632965,0.08111738413572311
2411,49,10,0.7775719165802002,-0.6295098662376404,-0.37905052304267883,0.08111738413572311
2412,49,11,0.17592039704322815,-0.14470116794109344,-0.37650787830352783,0.08111738413572311
2413,49,12,0.2141963392496109,-0.6669459342956543,-0.3799591362476349,0.08111738413572311
2414,49,13,0.29217374324798584,-0.2466581016778946,-0.3776087462902069,0.08111738413572311
2415,49,14,0.1591900885105133,0.04253807291388512,-0.3776329755783081,0.08111738413572311
2416,49,15,0.013311516493558884,-0.38339847326278687,-0.37668970227241516,0.08111738413572311
2417,49,16,-0.2898741662502289,0.1514759063720703,-0.3796786963939667,0.08111738413572311
2418,49,17,-0.22765688598155975,-0.37560874223709106,-0.38044795393943787,0.08111738413572311
2419,49,18,0.2838624119758606,-0.6543481945991516,-0.3810841143131256,0.08111738413572311
2420,49,19,0.1969921588897705,-0.34331998229026794,-0.37751224637031555,0.08111738413572311
2421,49,20,-0.23324838280677795,-0.2045232057571411,-0.3797719180583954,0.08111738413572311
2422,49,21,-0.2509099245071411,-0.42934319376945496,-0.3765232563018799,0.08111738413572311
2423,49,22,-0.12661989033222198,-0.16836750507354736,-0.379678338766098,0.08111738413572311
2424,49,23,-0.1319255232810974,-0.14713776111602783,-0.3779059946537018,0.08111738413572311
2425,49,24,-0.07708846032619476,-0.26271405816078186,-0.3770279884338379,0.08111738413572311
2426,49,25,-0.3097975552082062,-0.2683960199356079,-0.3760016858577728,0.08111738413572311
2427,49,26,0.09603290259838104,-0.6172893643379211,-0.37479475140571594,0.08111738413572311
2428,49,27,0.10981350392103195,-0.310528427362442,-0.3813341557979584,0.08111738413572311
2429,49,28,0.10288830101490021,-0.38117721676826477,-0.3775605261325836,0.08111738413572311
2430,49,29,0.10239380598068237,-0.16859233379364014,-0.37708964943885803,0.08111738413572311
2431,49,30,-0.06708230823278427,-0.5103809237480164,-0.374837189912796,0.08111738413572311
2432,49,31,0.3699634373188019,-0.4191775321960449,-0.3777146339416504,0.08111738413572311
2433,49,32,-0.22315920889377594,-0.1788155734539032,-0.3787655532360077,0.08111738413572311
2434,49,33,-0.21579335629940033,-0.18676795065402985,-0.3790452480316162,0.08111738413572311
2435,49,34,0.09597653150558472,-0.6251406073570251,-0.37605735659599304,0.08111738413572311
2436,49,35,0.5848372578620911,-0.6148593425750732,-0.38018304109573364,0.08111738413572311
2437,49,36,0.6804974675178528,-0.5961130261421204,-0.37745580077171326,0.08111738413572311
2438,49,37,0.34524863958358765,-0.47063302993774414,-0.3760997951030731,0.08111738413572311
2439,49,38,0.2915076017379761,-0.3425805866718292,-0.37956246733665466,0.08111738413572311
2440,49,39,0.003818521276116371,-0.19327105581760406,-0.37805014848709106,0.08111738413572311
2441,49,40,0.31229227781295776,-0.022002240642905235,-0.3747273087501526,0.08111738413572311
2442,49,41,-0.3126480281352997,-0.296924352645874,-0.37197810411453247,0.08111738413572311
2443,49,42,-0.16130246222019196,-0.4569700360298157,-0.3777197003364563,0.08111738413572311
2444,49,43,0.3005543649196625,-0.3498528003692627,-0.38007619976997375,0.08111738413572311
2445,49,44,-0.2248454988002777,-0.1642685979604721,-0.3775518536567688,0.08111738413572311
2446,49,45,-0.06836431473493576,-0.3907480537891388,-0.37629926204681396,0.08111738413572311
2447,49,46,0.10810450464487076,-0.2504201829433441,-0.3798981010913849,0.08111738413572311
2448,49,47,0.19492794573307037,-0.5275594592094421,-0.3740807771682739,0.08111738413572311
2449,49,48,0.3422606885433197,-0.3531849682331085,-0.3795844614505768,0.08111738413572311
2450,49,49,-0.15357975661754608,-0.351632684469223,-0.3780505955219269,0.08111738413572311
2451,50,0,0.010005597025156021,-0.34509560465812683,-0.4396447539329529,0.07587136328220367
2452,50,1,0.38460302352905273,-0.5103944540023804,-0.4364638924598694,0.07587136328220367
2453,50,2,0.07290849089622498,-0.09095331281423569,-0.4362809658050537,0.07587136328220367
2454,50,3,0.02603682316839695,-0.8625019788742065,-0.43696779012680054,0.07587136328220367
2455,50,4,0.189313605427742,-0.48387283086776733,-0.438701868057251,0.07587136328220367
2456,50,5,0.2982986271381378,-0.15839914977550507,-0.4372466206550598,0.07587136328220367
2457,50,6,-0.4772128760814667,-0.3637699782848358,-0.437280535697937,0.07587136328220367
2458,50,7,-0.010342063382267952,-0.06284572184085846,-0.4417879581451416,0.07587136328220367
2459,50,8,0.3824597895145416,-0.527202308177948,-0.4361986517906189,0.07587136328220367
2460,50,9,0.14212724566459656,-1.0,-0.4399494528770447,0.07587136328220367
2461,50,10,-0.03917130082845688,-0.3159983456134796,-0.44118696451187134,0.07587136328220367
2462,50,11,-0.1481059491634369,-0.5571690797805786,-0.4350930452346802,0.07587136328220367
2463,50,12,0.5382049083709717,-0.5927293300628662,-0.439079225063324,0.07587136328220367
2464,50,13,-0.34287574887275696,-0.7708303332328796,-0.4369620680809021,0.07587136328220367
2465,50,14,0.46956029534339905,-0.7400906682014465,-0.4406701922416687,0.07587136328220367
2466,50,15,-0.3407687544822693,-0.24190331995487213,-0.43219077587127686,0.07587136328220367
2467,50,16,-0.17191161215305328,-0.8680028915405273,-0.4399116039276123,0.07587136328220367
2468,50,17,0.08953947573900223,-0.6315058469772339,-0.4396081566810608,0.07587136328220367
2469,50,18,-0.15197789669036865,-0.4320010244846344,-0.43966007232666016,0.07587136328220367
2470,50,19,0.25022685527801514,-0.48663046956062317,-0.4428401589393616,0.07587136328220367
2471,50,20,0.22465664148330688,-0.486158549785614,-0.43915998935699463,0.07587136328220367
2472,50,21,0.213501438498497,-0.16300131380558014,-0.4392654299736023,0.07587136328220367
2473,50,22,-0.10464756935834885,-0.2696975767612457,-0.43639272451400757,0.07587136328220367
2474,50,23,-0.34884798526763916,-0.933175802230835,-0.43276965618133545,0.07587136328220367
2475,50,24,-0.054258767515420914,-0.31294021010398865,-0.43948423862457275,0.07587136328220367
2476,50,25,-0.5362526774406433,-0.3230794072151184,-0.43656307458877563,0.07587136328220367
2477,50,26,-0.2657147943973541,-0.33801838755607605,-0.43836814165115356,0.07587136328220367
2478,50,27,0.30161967873573303,-0.5705254673957825,-0.4392239451408386,0.07587136328220367
2479,50,28,0.3183528780937195,-0.3061698377132416,-0.4376395344734192,0.07587136328220367
2480,50,29,0.13949860632419586,-0.5604858994483948,-0.4359269142150879,0.07587136328220367
2481,50,30,0.23563146591186523,-0.35170978307724,-0.4402284026145935,0.07587136328220367
2482,50,31,0.11361399292945862,-0.5151239037513733,-0.4403066039085388,0.07587136328220367
2483,50,32,0.31198108196258545,-0.5038157105445862,-0.43772029876708984,0.07587136328220367
2484,50,33,0.4529302716255188,-0.4541553854942322,-0.43977582454681396,0.07587136328220367
2485,50,34,0.27281054854393005,-0.2927995026111603,-0.4410213232040405,0.07587136328220367
2486,50,35,0.29546085000038147,-0.2114807665348053,-0.43576687574386597,0.07587136328220367
2487,50,36,-0.05564665049314499,-0.5391828417778015,-0.4357043504714966,0.07587136328220367
2488,50,37,0.49139320850372314,-0.01846308819949627,-0.4401189088821411,0.07587136328220367
2489,50,38,0.1466008871793747,-0.6351848840713501,-0.43879687786102295,0.07587136328220367
2490,50,39,0.12184625118970871,-0.49402546882629395,-0.43938887119293213,0.07587136328220367
2491,50,40,0.18608641624450684,-0.3556632101535797,-0.4418736696243286,0.07587136328220367
2492,50,41,-0.08990985155105591,-0.4016885459423065,-0.43811315298080444,0.07587136328220367
2493,50,42,0.177386075258255,-0.10988197475671768,-0.43924856185913086,0.07587136328220367
2494,50,43,-0.21146145462989807,-0.44383925199508667,-0.43822258710861206,0.07587136328220367
2495,50,44,0.2107323259115219,-0.7090834379196167,-0.4414985179901123,0.07587136328220367
2496,50,45,-0.28663530945777893,-0.18870289623737335,-0.44248831272125244,0.07587136328220367
2497,50,46,-0.03459515795111656,-0.3047019839286804,-0.44043755531311035,0.07587136328220367
2498,50,47,-0.054509200155735016,-0.4010026156902313,-0.4353545904159546,0.07587136328220367
2499,50,48,0.27850818634033203,-0.5518081188201904,-0.4408111572265625,0.07587136328220367
2500,50,49,0.29090794920921326,-0.2716127336025238,-0.44048088788986206,0.07587136328220367
2501,51,0,0.33894652128219604,-0.5417426824569702,-0.4629473090171814,0.07795029133558273
2502,51,1,0.7754058241844177,-0.5546581745147705,-0.46089762449264526,0.07795029133558273
2503,51,2,0.05433483421802521,-0.43910953402519226,-0.45939087867736816,0.07795029133558273
2504,51,3,-0.6057718396186829,-0.4290638864040375,-0.4645112156867981,0.07795029133558273
2505,51,4,0.07336203008890152,-0.7407923936843872,-0.46586310863494873,0.07795029133558273
2506,51,5,0.017381394281983376,-0.3456423878669739,-0.46135443449020386,0.07795029133558273
2507,51,6,0.5984753966331482,-0.5814332365989685,-0.4602017402648926,0.07795029133558273
2508,51,7,0.6331897974014282,-0.5359437465667725,-0.45275598764419556,0.07795029133558273
2509,51,8,-0.44858652353286743,-0.7733927965164185,-0.4622177481651306,0.07795029133558273
2510,51,9,0.4825453758239746,-0.7428019046783447,-0.4625706076622009,0.07795029133558273
2511,51,10,-0.005003506783396006,-0.4067939221858978,-0.45673394203186035,0.07795029133558273
2512,51,11,0.0693485364317894,-0.5522368550300598,-0.46336716413497925,0.07795029133558273
2513,51,12,0.4471283555030823,-0.21015484631061554,-0.46425729990005493,0.07795029133558273
2514,51,13,0.16235587000846863,-0.608887255191803,-0.4589604139328003,0.07795029133558273
2515,51,14,0.31037381291389465,-0.13614965975284576,-0.4622860550880432,0.07795029133558273
2516,51,15,0.17659497261047363,-0.7353127598762512,-0.4610268473625183,0.07795029133558273
2517,51,16,0.2089615762233734,-0.6552489399909973,-0.45854008197784424,0.07795029133558273
2518,51,17,0.16446153819561005,-0.6209807991981506,-0.46362918615341187,0.07795029133558273
2519,51,18,0.1808190643787384,-0.1811354160308838,-0.4624537229537964,0.07795029133558273
2520,51,19,-0.32330283522605896,-0.1782134473323822,-0.4607613682746887,0.07795029133558273
2521,51,20,-0.41758713126182556,-0.4483279287815094,-0.46249067783355713,0.07795029133558273
2522,51,21,0.14997775852680206,-0.5606327652931213,-0.4627387523651123,0.07795029133558273
2523,51,22,0.439799427986145,-0.8361590504646301,-0.46243566274642944,0.07795029133558273
2524,51,23,0.0659913495182991,-0.09500212967395782,-0.4608694314956665,0.07795029133558273
2525,51,24,0.04433785751461983,-0.6641266942024231,-0.4604101777076721,0.07795029133558273
2526,51,25,0.07812030613422394,-0.5510864853858948,-0.46341997385025024,0.07795029133558273
2527,51,26,0.662368655204773,-0.5479731559753418,-0.46304893493652344,0.07795029133558273
2528,51,27,0.5805664658546448,-0.5312610864639282,-0.46079546213150024,0.07795029133558273
2529,51,28,0.0467035137116909,-0.4136778712272644,-0.46149319410324097,0.07795029133558273
2530,51,29,-0.2853970527648926,-0.0773286446928978,-0.4636332392692566,0.07795029133558273
2531,51,30,0.011282755061984062,-0.7069469690322876,-0.46155858039855957,0.07795029133558273
2532,51,31,-0.40725067257881165,-0.42087385058403015,-0.4641227722167969,0.07795029133558273
2533,51,32,0.19832390546798706,-0.6256236433982849,-0.4669368863105774,0.07795029133558273
2534,51,33,0.05803464353084564,-0.16723816096782684,-0.462729811668396,0.07795029133558273
2535,51,34,0.305656373500824,-0.31566131114959717,-0.46242254972457886,0.07795029133558273
2536,51,35,-0.31992289423942566,-0.07255040854215622,-0.4549828767776489,0.07795029133558273
2537,51,36,-0.3234674632549286,-0.4450676441192627,-0.46053415536880493,0.07795029133558273
2538,51,37,-0.008590818382799625,-0.5089226365089417,-0.46424102783203125,0.07795029133558273
2539,51,38,0.15960462391376495,-0.37625738978385925,-0.46320289373397827,0.07795029133558273
2540,51,39,0.27730318903923035,-0.6387019753456116,-0.464374840259552,0.07795029133558273
2541,51,40,0.451782763004303,-0.4990469813346863,-0.4626619815826416,0.07795029133558273
2542,51,41,-0.05212392285466194,-0.33348196744918823,-0.4622248411178589,0.07795029133558273
2543,51,42,0.48294132947921753,-0.5212408304214478,-0.46060556173324585,0.07795029133558273
2544,51,43,0.2277630865573883,-0.6801673173904419,-0.46249401569366455,0.07795029133558273
2545,51,44,-0.5021823048591614,-0.3782825469970703,-0.4628984332084656,0.07795029133558273
2546,51,45,-0.26573464274406433,-0.3541244864463806,-0.4666813015937805,0.07795029133558273
2547,51,46,-0.0211365707218647,-0.1409403681755066,-0.4644089937210083,0.07795029133558273
2548,51,47,0.32609376311302185,-0.5774798393249512,-0.4609227776527405,0.07795029133558273
2549,51,48,0.5223972201347351,-0.4809092581272125,-0.45410341024398804,0.07795029133558273
2550,51,49,0.4341858923435211,-0.5889198780059814,-0.4635124206542969,0.07795029133558273
2551,52,0,-0.13131780922412872,-0.6239146590232849,-0.48827794194221497,0.08291573822498322
2552,52,1,0.5426840782165527,-0.3501453697681427,-0.4915822446346283,0.08291573822498322
2553,52,2,-0.0988340899348259,-0.17377997934818268,-0.49122554063796997,0.08291573822498322
2554,52,3,-0.15104688704013824,-0.745651125907898,-0.4894846975803375,0.08291573822498322
2555,52,4,-0.22403575479984283,-0.4556940495967865,-0.4938231408596039,0.08291573822498322
2556,52,5,0.2695082426071167,-0.5909247994422913,-0.4950511157512665,0.08291573822498322
2557,52,6,0.5065341591835022,-0.6179563999176025,-0.48777735233306885,0.08291573822498322
2558,52,7,0.3551572859287262,-0.7009642720222473,-0.49091359972953796,0.08291573822498322
2559,52,8,0.11638201773166656,-0.20458205044269562,-0.49260687828063965,0.08291573822498322
2560,52,9,0.1813659816980362,-0.7080830931663513,-0.4901990592479706,0.08291573822498322
2561,52,10,0.547415018081665,-0.596528947353363,-0.49215590953826904,0.08291573822498322
2562,52,11,0.2791694700717926,-0.48459428548812866,-0.4883921444416046,0.08291573822498322
2563,52,12,0.45239585638046265,-0.5993731617927551,-0.491266131401062,0.08291573822498322
2564,52,13,0.4583323895931244,-0.14791525900363922,-0.48960644006729126,0.08291573822498322
2565,52,14,0.036452312022447586,-0.5037633776664734,-0.4918401539325714,0.08291573822498322
2566,52,15,0.3139840066432953,-0.467348575592041,-0.49090075492858887,0.08291573822498322
2567,52,16,0.1305091679096222,-0.6687293648719788,-0.4940914809703827,0.08291573822498322
2568,52,17,0.18248333036899567,-0.9453935623168945,-0.4924721419811249,0.08291573822498322
2569,52,18,-0.18520371615886688,-0.22026319801807404,-0.49372199177742004,0.08291573822498322
2570,52,19,-0.21975356340408325,-0.8527031540870667,-0.4908912479877472,0.08291573822498322
2571,52,20,0.3070063591003418,-0.6656249165534973,-0.4918624758720398,0.08291573822498322
2572,52,21,-0.33805328607559204,-0.3845203220844269,-0.4895676076412201,0.08291573822498322
2573,52,22,0.03787878900766373,-0.2897239327430725,-0.4936840236186981,0.08291573822498322
2574,52,23,-0.19588039815425873,-0.7931666970252991,-0.48771294951438904,0.08291573822498322
2575,52,24,0.26493895053863525,-0.5939342379570007,-0.483264297246933,0.08291573822498322
2576,52,25,0.15659162402153015,-0.4619540274143219,-0.491075336933136,0.08291573822498322
2577,52,26,0.2932513952255249,-0.6319263577461243,-0.49524033069610596,0.08291573822498322
2578,52,27,0.23458021879196167,-0.5046661496162415,-0.490995854139328,0.08291573822498322
2579,52,28,0.30582261085510254,-0.5072878003120422,-0.49372851848602295,0.08291573822498322
2580,52,29,0.2874698340892792,-0.3426256477832794,-0.4911532700061798,0.08291573822498322
2581,52,30,0.007328870240598917,-0.5376779437065125,-0.4901486933231354,0.08291573822498322
2582,52,31,0.2799176573753357,-0.38210248947143555,-0.4920439124107361,0.08291573822498322
2583,52,32,0.325444757938385,-0.7432423830032349,-0.49168869853019714,0.08291573822498322
2584,52,33,-0.5624630451202393,-0.7673659920692444,-0.4874112904071808,0.08291573822498322
2585,52,34,-0.20034027099609375,-0.3597380816936493,-0.48775944113731384,0.08291573822498322
2586,52,35,0.1358407884836197,-0.11997026950120926,-0.4926206171512604,0.08291573822498322
2587,52,36,0.3228662312030792,-0.5891163945198059,-0.4900984466075897,0.08291573822498322
2588,52,37,0.22650441527366638,-0.3784049451351166,-0.4878009855747223,0.08291573822498322
2589,52,38,0.0872141569852829,-0.2957454323768616,-0.49302390217781067,0.08291573822498322
2590,52,39,-0.05258622765541077,-0.8598505854606628,-0.48883116245269775,0.08291573822498322
2591,52,40,0.1354263573884964,-0.8283782005310059,-0.4890807569026947,0.08291573822498322
2592,52,41,-0.051196545362472534,-0.4331720769405365,-0.48889827728271484,0.08291573822498322
2593,52,42,-0.13086487352848053,-0.5753868818283081,-0.49255210161209106,0.08291573822498322
2594,52,43,0.11112966388463974,0.11726595461368561,-0.48819684982299805,0.08291573822498322
2595,52,44,0.10641065984964371,-0.6513147354125977,-0.49467355012893677,0.08291573822498322
2596,52,45,-0.05844904109835625,-0.4850500524044037,-0.49203503131866455,0.08291573822498322
2597,52,46,0.37663301825523376,-0.5634245872497559,-0.4942876994609833,0.08291573822498322
2598,52,47,0.6711258888244629,-0.6771366000175476,-0.4905508756637573,0.08291573822498322
2599,52,48,-0.053693849593400955,-0.34122997522354126,-0.4910362958908081,0.08291573822498322
2600,52,49,0.033765703439712524,-0.5508906841278076,-0.49346494674682617,0.08291573822498322
2601,53,0,0.562546968460083,-0.5220165252685547,-0.5031750202178955,0.09731385856866837
2602,53,1,0.3730217218399048,-0.5802491307258606,-0.500027060508728,0.09731385856866837
2603,53,2,0.3929894268512726,-0.7029682397842407,-0.49692386388778687,0.09731385856866837
2604,53,3,-0.49489811062812805,-0.3117941915988922,-0.5054112672805786,0.09731385856866837
2605,53,4,-0.16428646445274353,-0.3403905928134918,-0.5034960508346558,0.09731385856866837
2606,53,5,-0.11075622588396072,-0.43127870559692383,-0.4992401897907257,0.09731385856866837
2607,53,6,0.001811320660635829,-0.5452266335487366,-0.4998706877231598,0.09731385856866837
2608,53,7,0.20672361552715302,-0.38300958275794983,-0.5000648498535156,0.09731385856866837
2609,53,8,-0.16560181975364685,-0.5417612791061401,-0.5022565126419067,0.09731385856866837
2610,53,9,0.32495197653770447,-0.8244048357009888,-0.5026921629905701,0.09731385856866837
2611,53,10,0.25665998458862305,-0.6582061648368835,-0.497529536485672,0.09731385856866837
2612,53,11,-0.8567644953727722,-0.7925848364830017,-0.50199294090271,0.09731385856866837
2613,53,12,0.22347630560398102,-0.5100462436676025,-0.5061227083206177,0.09731385856866837
2614,53,13,0.16545505821704865,-0.4725370407104492,-0.5012891888618469,0.09731385856866837
2615,53,14,0.2362506240606308,-0.22734463214874268,-0.5036479234695435,0.09731385856866837
2616,53,15,0.38576269149780273,-0.5906829237937927,-0.4968550503253937,0.09731385856866837
2617,53,16,-0.015143650583922863,-0.3282068073749542,-0.4952832758426666,0.09731385856866837
2618,53,17,0.12132137268781662,-0.3446768522262573,-0.5018457174301147,0.09731385856866837
2619,53,18,0.06423429399728775,-0.695034921169281,-0.49708157777786255,0.09731385856866837
2620,53,19,-0.08644791692495346,-0.8985549807548523,-0.5027354955673218,0.09731385856866837
2621,53,20,-0.24629610776901245,-0.08691716194152832,-0.5038487911224365,0.09731385856866837
2622,53,21,-0.5331722497940063,-0.31299978494644165,-0.4999794065952301,0.09731385856866837
2623,53,22,-0.20246954262256622,-0.19845223426818848,-0.5013474822044373,0.09731385856866837
2624,53,23,-0.221439927816391,-0.9052556157112122,-0.5007427930831909,0.09731385856866837
2625,53,24,0.3017390966415405,-0.5069592595100403,-0.5019475221633911,0.09731385856866837
2626,53,25,0.10133229196071625,-0.38386812806129456,-0.49814942479133606,0.09731385856866837
2627,53,26,0.022746391594409943,-1.0,-0.5006178617477417,0.09731385856866837
2628,53,27,-0.04917174577713013,-0.4742763936519623,-0.5007723569869995,0.09731385856866837
2629,53,28,0.07210561633110046,-0.17562907934188843,-0.5011481046676636,0.09731385856866837
2630,53,29,-0.02070840261876583,-0.3383084535598755,-0.49727052450180054,0.09731385856866837
2631,53,30,0.007211330812424421,-0.5474816560745239,-0.49893081188201904,0.09731385856866837
2632,53,31,0.205004021525383,-0.383431077003479,-0.4996368885040283,0.09731385856866837
2633,53,32,0.16288349032402039,-0.5203298926353455,-0.502651572227478,0.09731385856866837
2634,53,33,-0.0411396250128746,-0.9962093234062195,-0.5013498663902283,0.09731385856866837
2635,53,34,-0.1996161788702011,-0.7458096742630005,-0.5033859014511108,0.09731385856866837
2636,53,35,-0.2608916163444519,-0.2367943823337555,-0.49942663311958313,0.09731385856866837
2637,53,36,-0.28354698419570923,-0.9270939826965332,-0.5028928518295288,0.09731385856866837
2638,53,37,-0.0684179812669754,-0.3672235906124115,-0.500738799571991,0.09731385856866837
2639,53,38,0.03523131459951401,-0.8858250975608826,-0.499643474817276,0.09731385856866837
2640,53,39,-0.23935934901237488,-0.41431137919425964,-0.49883419275283813,0.09731385856866837
2641,53,40,-0.15439721941947937,-0.31234997510910034,-0.5019569396972656,0.09731385856866837
2642,53,41,0.11684612929821014,-0.5303823351860046,-0.497584730386734,0.09731385856866837
2643,53,42,0.31252890825271606,-0.38799580931663513,-0.5010920763015747,0.09731385856866837
2644,53,43,0.119170643389225,-0.2527979910373688,-0.5020753145217896,0.09731385856866837
2645,53,44,-0.2540420889854431,-0.3997980058193207,-0.4984171688556671,0.09731385856866837
2646,53,45,0.03940964117646217,-0.6717856526374817,-0.5025561451911926,0.09731385856866837
2647,53,46,-0.34955692291259766,-0.4327790141105652,-0.5023174285888672,0.09731385856866837
2648,53,47,0.39067399501800537,-0.5759600400924683,-0.5029008388519287,0.09731385856866837
2649,53,48,0.21868082880973816,-0.4757964015007019,-0.49180957674980164,0.09731385856866837
2650,53,49,0.18289445340633392,-0.46620139479637146,-0.5017644166946411,0.09731385856866837
2651,54,0,0.004405757877975702,-0.03296325355768204,-0.48047345876693726,0.10843559354543686
2652,54,1,0.11638110131025314,-0.5192545056343079,-0.47835469245910645,0.10843559354543686
2653,54,2,0.053389377892017365,-0.1791180670261383,-0.47998911142349243,0.10843559354543686
2654,54,3,-0.05811476334929466,-0.5299007296562195,-0.4786645770072937,0.10843559354543686
2655,54,4,0.3305366635322571,-0.21163415908813477,-0.48119407892227173,0.10843559354543686
2656,54,5,-0.4537820816040039,-0.28746506571769714,-0.4762166738510132,0.10843559354543686
2657,54,6,-0.15307582914829254,-0.3033398389816284,-0.4778759479522705,0.10843559354543686
2658,54,7,-0.356317400932312,-0.9055277109146118,-0.47636502981185913,0.10843559354543686
2659,54,8,-0.2663564085960388,-0.6951897740364075,-0.4821205139160156,0.10843559354543686
2660,54,9,0.25755465030670166,-0.513464093208313,-0.4828234910964966,0.10843559354543686
2661,54,10,-0.11678310483694077,-0.2584051489830017,-0.4805770516395569,0.10843559354543686
2662,54,11,-0.13765756785869598,-0.1802591234445572,-0.4773249626159668,0.10843559354543686
2663,54,12,0.1012217253446579,-0.33401405811309814,-0.4782934784889221,0.10843559354543686
2664,54,13,-0.15422604978084564,-0.38848793506622314,-0.47749918699264526,0.10843559354543686
2665,54,14,-0.019357239827513695,-0.13315725326538086,-0.48244351148605347,0.10843559354543686
2666,54,15,-0.06945186108350754,-0.5336551070213318,-0.47904813289642334,0.10843559354543686
2667,54,16,0.17957144975662231,-0.3653368353843689,-0.48251062631607056,0.10843559354543686
2668,54,17,-0.46239209175109863,-0.4548639953136444,-0.48183774948120117,0.10843559354543686
2669,54,18,-0.2519564926624298,-0.20900800824165344,-0.48267120122909546,0.10843559354543686
2670,54,19,0.21300719678401947,-0.5195434093475342,-0.48058515787124634,0.10843559354543686
2671,54,20,0.5831665396690369,-0.38318535685539246,-0.47907280921936035,0.10843559354543686
2672,54,21,0.10207075625658035,-0.5777015686035156,-0.4783586263656616,0.10843559354543686
2673,54,22,-0.2624787986278534,-0.7636294960975647,-0.4707757234573364,0.10843559354543686
2674,54,23,-0.6581820845603943,-0.7564774751663208,-0.47419625520706177,0.10843559354543686
2675,54,24,0.036519795656204224,-0.6551604270935059,-0.47699838876724243,0.10843559354543686
2676,54,25,-0.048917505890131,-0.4580496549606323,-0.4816075563430786,0.10843559354543686
2677,54,26,0.08263396471738815,-0.3150070905685425,-0.4829500913619995,0.10843559354543686
2678,54,27,-0.4905818998813629,-0.3848487138748169,-0.47806382179260254,0.10843559354543686
2679,54,28,-0.3999842405319214,-0.4451775848865509,-0.4825160503387451,0.10843559354543686
2680,54,29,0.11292079836130142,-0.49264806509017944,-0.4828033447265625,0.10843559354543686
2681,54,30,0.33334553241729736,-0.3657873570919037,-0.4815310835838318,0.10843559354543686
2682,54,31,0.09639908373355865,-0.509316623210907,-0.48034733533859253,0.10843559354543686
2683,54,32,0.2847650945186615,-0.4487225413322449,-0.47882503271102905,0.10843559354543686
2684,54,33,0.0040826802141964436,-0.30642691254615784,-0.482755184173584,0.10843559354543686
2685,54,34,0.17212256789207458,-0.6239551305770874,-0.47971034049987793,0.10843559354543686
2686,54,35,0.38282543420791626,-0.34956082701683044,-0.47975969314575195,0.10843559354543686
2687,54,36,-0.17856794595718384,-0.2447367161512375,-0.4806883931159973,0.10843559354543686
2688,54,37,-0.17830117046833038,-0.2769875228404999,-0.4765080213546753,0.10843559354543686
2689,54,38,0.13453200459480286,-0.5614216327667236,-0.4767383337020874,0.10843559354543686
2690,54,39,0.6137503385543823,-0.6926388144493103,-0.4786226749420166,0.10843559354543686
2691,54,40,0.5627118349075317,-0.13860373198986053,-0.4779154658317566,0.10843559354543686
2692,54,41,0.0641402006149292,-0.6080511212348938,-0.4774954319000244,0.10843559354543686
2693,54,42,-0.010429589077830315,-0.30446967482566833,-0.480510950088501,0.10843559354543686
2694,54,43,0.128640279173851,-0.31605225801467896,-0.48135530948638916,0.10843559354543686
2695,54,44,-0.07395202666521072,-0.695882260799408,-0.4719091057777405,0.10843559354543686
2696,54,45,-0.03814459219574928,-0.4756602346897125,-0.4817328453063965,0.10843559354543686
2697,54,46,0.2864101529121399,-0.20568779110908508,-0.4816312789916992,0.10843559354543686
2698,54,47,0.008110403083264828,-0.4430684447288513,-0.47746747732162476,0.10843559354543686
2699,54,48,-0.08990862965583801,-0.15700000524520874,-0.4796375036239624,0.10843559354543686
2700,54,49,-0.049768004566431046,-0.7133254408836365,-0.47978413105010986,0.10843559354543686
2701,55,0,0.05955648422241211,-0.16507989168167114,-0.44593679904937744,0.1114293783903122
2702,55,1,-0.030940625816583633,-0.462302565574646,-0.4473709464073181,0.1114293783903122
2703,55,2,0.04314061626791954,-0.18789099156856537,-0.4472194314002991,0.1114293783903122
2704,55,3,-0.36830878257751465,-0.48181408643722534,-0.44642728567123413,0.1114293783903122
2705,55,4,0.34379374980926514,-0.35922226309776306,-0.44723090529441833,0.1114293783903122
2706,55,5,-0.09324134141206741,-0.6315576434135437,-0.4480297267436981,0.1114293783903122
2707,55,6,-0.004536815918982029,-0.34162259101867676,-0.4470474421977997,0.1114293783903122
2708,55,7,0.1288006454706192,-0.49635016918182373,-0.44903993606567383,0.1114293783903122
2709,55,8,0.45838454365730286,-0.6291717886924744,-0.4452334940433502,0.1114293783903122
2710,55,9,0.34245726466178894,-0.6369516849517822,-0.4464227855205536,0.1114293783903122
2711,55,10,0.350183367729187,-0.2281365692615509,-0.44638603925704956,0.1114293783903122
2712,55,11,0.21784137189388275,-0.450143039226532,-0.4470183253288269,0.1114293783903122
2713,55,12,-0.08083513379096985,-0.3179920017719269,-0.4471176266670227,0.1114293783903122
2714,55,13,-0.2647302448749542,-0.16207195818424225,-0.4452974200248718,0.1114293783903122
2715,55,14,-0.30457258224487305,-0.3576701879501343,-0.44668325781822205,0.1114293783903122
2716,55,15,0.0004733362584374845,-0.3338715434074402,-0.44926851987838745,0.1114293783903122
2717,55,16,0.09162621200084686,-0.2878320813179016,-0.442289263010025,0.1114293783903122
2718,55,17,0.02996620163321495,-0.617035984992981,-0.44095972180366516,0.1114293783903122
2719,55,18,0.09724699705839157,-0.3039061427116394,-0.4475603699684143,0.1114293783903122
2720,55,19,0.24203023314476013,-0.5156054496765137,-0.4449034035205841,0.1114293783903122
2721,55,20,0.3296193480491638,-0.4747452437877655,-0.44726037979125977,0.1114293783903122
2722,55,21,0.0574675016105175,-0.2693764269351959,-0.44598329067230225,0.1114293783903122
2723,55,22,0.04537580534815788,0.06999656558036804,-0.44198599457740784,0.1114293783903122
2724,55,23,-0.4135773181915283,-0.7521815896034241,-0.4441247880458832,0.1114293783903122
2725,55,24,0.04851069301366806,-0.5548720955848694,-0.44555142521858215,0.1114293783903122
2726,55,25,0.8156982660293579,-0.6367765069007874,-0.44674423336982727,0.1114293783903122
2727,55,26,-0.05120844021439552,-0.2916656732559204,-0.44259822368621826,0.1114293783903122
2728,55,27,0.21438799798488617,-0.5068690776824951,-0.44746193289756775,0.1114293783903122
2729,55,28,0.3399099111557007,-0.37534621357917786,-0.44457685947418213,0.1114293783903122
2730,55,29,-0.24122151732444763,-0.40582171082496643,-0.4465998113155365,0.1114293783903122
2731,55,30,0.022131580859422684,-0.31856048107147217,-0.44827333092689514,0.1114293783903122
2732,55,31,0.3030453622341156,-0.5829405188560486,-0.44340744614601135,0.1114293783903122
2733,55,32,0.526521623134613,-0.10980093479156494,-0.43858230113983154,0.1114293783903122
2734,55,33,-0.10999452322721481,-0.3471178412437439,-0.4476276934146881,0.1114293783903122
2735,55,34,-0.05800553411245346,-0.20752952992916107,-0.4433509409427643,0.1114293783903122
2736,55,35,-0.21526145935058594,-0.44563284516334534,-0.44198548793792725,0.1114293783903122
2737,55,36,0.10230707377195358,-0.11407293379306793,-0.4487163722515106,0.1114293783903122
2738,55,37,-0.25088879466056824,0.015351405367255211,-0.4469907581806183,0.1114293783903122
2739,55,38,0.2981387972831726,-0.5233254432678223,-0.4474659562110901,0.1114293783903122
2740,55,39,0.10921160131692886,-1.0,-0.4470646381378174,0.1114293783903122
2741,55,40,0.13742844760417938,-0.5171887874603271,-0.447756290435791,0.1114293783903122
2742,55,41,0.3373187184333801,-0.6179848909378052,-0.4460553824901581,0.1114293783903122
2743,55,42,0.08276834338903427,-0.3398023247718811,-0.44623586535453796,0.1114293783903122
2744,55,43,0.24822527170181274,-0.7179813385009766,-0.4482964277267456,0.1114293783903122
2745,55,44,0.22935596108436584,-0.4981842339038849,-0.4442121684551239,0.1114293783903122
2746,55,45,0.22346016764640808,-0.1664157211780548,-0.44730344414711,0.1114293783903122
2747,55,46,0.37216195464134216,-0.5119105577468872,-0.44645607471466064,0.1114293783903122
2748,55,47,0.37098929286003113,-0.2985219359397888,-0.44399693608283997,0.1114293783903122
2749,55,48,-0.2568418085575104,-0.44763192534446716,-0.4427744746208191,0.1114293783903122
2750,55,49,0.10604509711265564,-0.67692631483078,-0.4501335322856903,0.1114293783903122
2751,56,0,-0.3742086887359619,-0.440779447555542,-0.4523560404777527,0.1124223843216896
2752,56,1,-0.044362183660268784,-0.15310463309288025,-0.4542800784111023,0.1124223843216896
2753,56,2,-0.403925359249115,-0.41955676674842834,-0.44967973232269287,0.1124223843216896
2754,56,3,-0.046917058527469635,-0.3903079330921173,-0.45176810026168823,0.1124223843216896
2755,56,4,0.1303252875804901,-1.0,-0.4507400393486023,0.1124223843216896
2756,56,5,0.31823036074638367,-0.6042025089263916,-0.45132315158843994,0.1124223843216896
2757,56,6,0.694617748260498,-0.526898980140686,-0.4514700174331665,0.1124223843216896
2758,56,7,-0.3480360507965088,-0.8265872597694397,-0.4498634338378906,0.1124223843216896
2759,56,8,-0.1258937418460846,-0.3583339750766754,-0.45196521282196045,0.1124223843216896
2760,56,9,0.2546916604042053,-0.5264590978622437,-0.4513111710548401,0.1124223843216896
2761,56,10,0.3711175322532654,-0.6912346482276917,-0.44997334480285645,0.1124223843216896
2762,56,11,0.03585399314761162,-0.24476218223571777,-0.44972413778305054,0.1124223843216896
2763,56,12,-0.1610400229692459,-0.056661151349544525,-0.45137256383895874,0.1124223843216896
2764,56,13,0.053003136068582535,-0.3334825336933136,-0.44682008028030396,0.1124223843216896
2765,56,14,0.15199129283428192,-0.5473466515541077,-0.44904977083206177,0.1124223843216896
2766,56,15,0.46394190192222595,-0.3865777552127838,-0.45031750202178955,0.1124223843216896
2767,56,16,0.5398042798042297,-0.7254457473754883,-0.45047813653945923,0.1124223843216896
2768,56,17,0.18700650334358215,-0.5260970592498779,-0.4469132423400879,0.1124223843216896
2769,56,18,0.26319971680641174,-0.4649709463119507,-0.45245492458343506,0.1124223843216896
2770,56,19,0.3263368010520935,-0.18606862425804138,-0.4514963626861572,0.1124223843216896
2771,56,20,-0.090933658182621,-0.6744287610054016,-0.44903361797332764,0.1124223843216896
2772,56,21,-0.002885403111577034,-0.29957765340805054,-0.45313793420791626,0.1124223843216896
2773,56,22,0.12147412449121475,-0.21487390995025635,-0.45153743028640747,0.1124223843216896
2774,56,23,0.2174476534128189,-0.533161997795105,-0.4440383315086365,0.1124223843216896
2775,56,24,0.08512021601200104,-0.5411096215248108,-0.4502161741256714,0.1124223843216896
2776,56,25,-0.6063511371612549,-0.8161753416061401,-0.45316046476364136,0.1124223843216896
2777,56,26,0.09001434594392776,-0.6770535111427307,-0.4549156427383423,0.1124223843216896
2778,56,27,0.4571964740753174,-0.6448195576667786,-0.45517289638519287,0.1124223843216896
2779,56,28,0.5293285846710205,-0.5073798298835754,-0.4513866901397705,0.1124223843216896
2780,56,29,0.24802516400814056,-0.4814281165599823,-0.45097512006759644,0.1124223843216896
2781,56,30,0.22129292786121368,-0.4792305529117584,-0.449024498462677,0.1124223843216896
2782,56,31,-0.25183358788490295,-0.7908596992492676,-0.4508698582649231,0.1124223843216896
2783,56,32,-0.09045694768428802,-0.45283257961273193,-0.45281708240509033,0.1124223843216896
2784,56,33,0.19736610352993011,-0.7335060238838196,-0.45378798246383667,0.1124223843216896
2785,56,34,-0.09353410452604294,-0.49327465891838074,-0.4508779048919678,0.1124223843216896
2786,56,35,-0.260688453912735,-0.40886810421943665,-0.45239943265914917,0.1124223843216896
2787,56,36,0.03700621798634529,-0.07297582924365997,-0.4541107416152954,0.1124223843216896
2788,56,37,-0.38846245408058167,-0.1336205005645752,-0.44962042570114136,0.1124223843216896
2789,56,38,0.16815054416656494,-0.39243215322494507,-0.45066189765930176,0.1124223843216896
2790,56,39,-0.23100483417510986,-0.3285341262817383,-0.448447048664093,0.1124223843216896
2791,56,40,-0.13284963369369507,0.020342735573649406,-0.4471231698989868,0.1124223843216896
2792,56,41,-0.2689317762851715,-0.45985135436058044,-0.4508325457572937,0.1124223843216896
2793,56,42,-0.10311916470527649,-0.0782230943441391,-0.4546216130256653,0.1124223843216896
2794,56,43,0.4872331917285919,-0.7431078553199768,-0.44951534271240234,0.1124223843216896
2795,56,44,0.08980114012956619,-0.3184458315372467,-0.44433653354644775,0.1124223843216896
2796,56,45,-0.12487991899251938,-0.2275315672159195,-0.44712066650390625,0.1124223843216896
2797,56,46,-0.32377687096595764,-0.3909117579460144,-0.4494386315345764,0.1124223843216896
2798,56,47,-0.06880594789981842,-0.433724969625473,-0.45123493671417236,0.1124223843216896
2799,56,48,-0.14826665818691254,-0.7591856122016907,-0.45160460472106934,0.1124223843216896
2800,56,49,0.2850498557090759,-0.5080119371414185,-0.44750267267227173,0.1124223843216896
2801,57,0,0.19540458917617798,-0.6962592601776123,-0.50185626745224,0.11426406353712082
2802,57,1,-0.21669235825538635,-0.3629819452762604,-0.49984025955200195,0.11426406353712082
2803,57,2,-0.4913010001182556,-0.44252967834472656,-0.5028440952301025,0.11426406353712082
2804,57,3,0.5362555384635925,-0.6516843438148499,-0.5030425190925598,0.11426406353712082
2805,57,4,-0.578068196773529,-0.7769078016281128,-0.49991846084594727,0.11426406353712082
2806,57,5,0.11475109308958054,-0.6179383397102356,-0.5038080811500549,0.11426406353712082
2807,57,6,0.1034332662820816,-0.41664353013038635,-0.5018274188041687,0.11426406353712082
2808,57,7,0.28379684686660767,-0.5924111008644104,-0.5011634826660156,0.11426406353712082
2809,57,8,0.6631582975387573,-0.5240806937217712,-0.49886542558670044,0.11426406353712082
2810,57,9,0.2875284254550934,-0.6476247310638428,-0.4990957975387573,0.11426406353712082
2811,57,10,0.28661876916885376,-0.5272901058197021,-0.5016065239906311,0.11426406353712082
2812,57,11,0.19310036301612854,-0.5349307656288147,-0.5031648278236389,0.11426406353712082
2813,57,12,0.5609936714172363,-0.6041402816772461,-0.5016373991966248,0.11426406353712082
2814,57,13,0.5524004101753235,-0.5311398506164551,-0.4979323148727417,0.11426406353712082
2815,57,14,0.5391041040420532,-0.34446829557418823,-0.49984443187713623,0.11426406353712082
2816,57,15,0.07548986375331879,-0.4503421485424042,-0.4966844916343689,0.11426406353712082
2817,57,16,0.05501975864171982,-0.09553638845682144,-0.5003641843795776,0.11426406353712082
2818,57,17,-0.0533723458647728,-0.6942121386528015,-0.4993542432785034,0.11426406353712082
2819,57,18,0.009110338985919952,-0.3427160084247589,-0.5008617043495178,0.11426406353712082
2820,57,19,0.10217482596635818,-0.5468764305114746,-0.5021104216575623,0.11426406353712082
2821,57,20,-1.262550950050354,-0.7823531627655029,-0.5014345645904541,0.11426406353712082
2822,57,21,-0.135744109749794,-0.9301134347915649,-0.5027046203613281,0.11426406353712082
2823,57,22,0.08887304365634918,-0.47835400700569153,-0.4991890788078308,0.11426406353712082
2824,57,23,0.3532347083091736,-0.41398224234580994,-0.49674952030181885,0.11426406353712082
2825,57,24,0.17578406631946564,-0.5536383986473083,-0.4993709325790405,0.11426406353712082
2826,57,25,-0.4565230906009674,-0.7922782897949219,-0.5006048083305359,0.11426406353712082
2827,57,26,-0.1588253676891327,-0.6362074017524719,-0.5021390914916992,0.11426406353712082
2828,57,27,0.29952704906463623,-0.5672149658203125,-0.5040229558944702,0.11426406353712082
2829,57,28,0.33614763617515564,-0.38365817070007324,-0.4995209574699402,0.11426406353712082
2830,57,29,0.3597366213798523,-0.7257059812545776,-0.5025451183319092,0.11426406353712082
2831,57,30,0.025735249742865562,-0.6543157696723938,-0.4954202175140381,0.11426406353712082
2832,57,31,0.41121917963027954,-0.7131185531616211,-0.5005098581314087,0.11426406353712082
2833,57,32,-0.05782466009259224,-0.21881823241710663,-0.49845051765441895,0.11426406353712082
2834,57,33,-0.01833001896739006,-0.4578867256641388,-0.5018976926803589,0.11426406353712082
2835,57,34,0.40813466906547546,-0.5870590806007385,-0.501380205154419,0.11426406353712082
2836,57,35,0.4692000448703766,-0.6872488260269165,-0.49833548069000244,0.11426406353712082
2837,57,36,0.1392420381307602,-0.11427569389343262,-0.5002301335334778,0.11426406353712082
2838,57,37,0.40362223982810974,-0.5982258915901184,-0.49982738494873047,0.11426406353712082
2839,57,38,-0.19219298660755157,-0.30715277791023254,-0.49776339530944824,0.11426406353712082
2840,57,39,-0.17822428047657013,-0.32040876150131226,-0.4992932081222534,0.11426406353712082
2841,57,40,0.21169254183769226,-0.6862285137176514,-0.4971778988838196,0.11426406353712082
2842,57,41,-0.089683897793293,-0.5352485775947571,-0.5010774731636047,0.11426406353712082
2843,57,42,0.4041646122932434,-0.1375102698802948,-0.5019537806510925,0.11426406353712082
2844,57,43,-0.055654898285865784,-0.2946111559867859,-0.49902069568634033,0.11426406353712082
2845,57,44,-0.23763281106948853,-0.3618730306625366,-0.4954001307487488,0.11426406353712082
2846,57,45,0.006445820443332195,-0.465530127286911,-0.5010964274406433,0.11426406353712082
2847,57,46,0.07338210940361023,-0.2054869681596756,-0.5003899335861206,0.11426406353712082
2848,57,47,-0.45395931601524353,-0.43029582500457764,-0.4985707998275757,0.11426406353712082
2849,57,48,-0.3800598978996277,-0.3177388310432434,-0.5005694627761841,0.11426406353712082
2850,57,49,-0.3493521511554718,-0.2657850980758667,-0.49639230966567993,0.11426406353712082
2851,58,0,-0.1627301126718521,-0.18197941780090332,-0.5652088522911072,0.11759494245052338
2852,58,1,-0.2853774428367615,-0.2932610511779785,-0.5584487915039062,0.11759494245052338
2853,58,2,0.06293793022632599,-0.9809602499008179,-0.5586395263671875,0.11759494245052338
2854,58,3,0.042651060968637466,-0.5017338395118713,-0.5609888434410095,0.11759494245052338
2855,58,4,0.3641664981842041,-0.5865225791931152,-0.5609626770019531,0.11759494245052338
2856,58,5,0.5581507086753845,-0.5545293092727661,-0.5595676302909851,0.11759494245052338
2857,58,6,0.39891043305397034,-0.9348265528678894,-0.5590503215789795,0.11759494245052338
2858,58,7,0.05072306841611862,-0.49564558267593384,-0.5614656209945679,0.11759494245052338
2859,58,8,0.5764657258987427,-0.515514075756073,-0.5575639009475708,0.11759494245052338
2860,58,9,0.4018069803714752,-0.6536006331443787,-0.5592014193534851,0.11759494245052338
2861,58,10,-0.14781303703784943,-1.0,-0.5603364109992981,0.11759494245052338
2862,58,11,-0.27660515904426575,-0.1889408677816391,-0.5641506910324097,0.11759494245052338
2863,58,12,-0.3758372664451599,-0.7841301560401917,-0.5615521669387817,0.11759494245052338
2864,58,13,0.08265961706638336,-0.5096653699874878,-0.5532863140106201,0.11759494245052338
2865,58,14,0.22599703073501587,-0.4991767406463623,-0.5601845979690552,0.11759494245052338
2866,58,15,0.22637155652046204,-0.41969990730285645,-0.5597308874130249,0.11759494245052338
2867,58,16,-0.23416419327259064,-0.9093803763389587,-0.5625704526901245,0.11759494245052338
2868,58,17,-0.37556755542755127,-0.4064629375934601,-0.5615307688713074,0.11759494245052338
2869,58,18,0.23436103761196136,-0.6440752148628235,-0.5618481636047363,0.11759494245052338
2870,58,19,0.16614049673080444,-0.686581552028656,-0.5596669316291809,0.11759494245052338
2871,58,20,0.19250521063804626,-0.7112221717834473,-0.5624526739120483,0.11759494245052338
2872,58,21,-0.1189921423792839,-0.4808295667171478,-0.56284499168396,0.11759494245052338
2873,58,22,0.7339398860931396,-0.5955125093460083,-0.5609921813011169,0.11759494245052338
2874,58,23,0.20528104901313782,-0.3532077968120575,-0.557097852230072,0.11759494245052338
2875,58,24,0.12398374825716019,-0.693476140499115,-0.5626587271690369,0.11759494245052338
2876,58,25,0.18532048165798187,-0.5850393176078796,-0.5612598061561584,0.11759494245052338
2877,58,26,0.5315987467765808,-0.7385191321372986,-0.5564575791358948,0.11759494245052338
2878,58,27,0.028212131932377815,-0.32418861985206604,-0.5572677254676819,0.11759494245052338
2879,58,28,-0.043950971215963364,-0.478286474943161,-0.5585415959358215,0.11759494245052338
2880,58,29,-0.11645741760730743,-0.44434094429016113,-0.559899628162384,0.11759494245052338
2881,58,30,0.07401499897241592,-0.4664643704891205,-0.563433825969696,0.11759494245052338
2882,58,31,-0.2146908938884735,-0.43795764446258545,-0.5628987550735474,0.11759494245052338
2883,58,32,0.1397012323141098,-0.5468754768371582,-0.5654687881469727,0.11759494245052338
2884,58,33,0.41138049960136414,-1.0,-0.5610523223876953,0.11759494245052338
2885,58,34,0.5365373492240906,-0.6945429444313049,-0.5618642568588257,0.11759494245052338
2886,58,35,0.3925752639770508,-0.7135086059570312,-0.5594936609268188,0.11759494245052338
2887,58,36,0.3171902894973755,-0.6091753244400024,-0.562116265296936,0.11759494245052338
2888,58,37,0.36431631445884705,-0.5141789317131042,-0.5610471963882446,0.11759494245052338
2889,58,38,0.38103699684143066,-0.4784414768218994,-0.5617786645889282,0.11759494245052338
2890,58,39,0.15436282753944397,-0.7010237574577332,-0.5611646771430969,0.11759494245052338
2891,58,40,0.3168642520904541,-0.5814194679260254,-0.5632563233375549,0.11759494245052338
2892,58,41,0.4275204837322235,-0.8315335512161255,-0.5539747476577759,0.11759494245052338
2893,58,42,-0.05231143906712532,-0.8861324787139893,-0.5596871972084045,0.11759494245052338
2894,58,43,0.6951936483383179,-0.3606984317302704,-0.5596449971199036,0.11759494245052338
2895,58,44,-0.1243731752038002,-0.8873965740203857,-0.5532926321029663,0.11759494245052338
2896,58,45,-0.07952145487070084,-0.42448127269744873,-0.5588852167129517,0.11759494245052338
2897,58,46,0.42524445056915283,-0.5541768074035645,-0.5586860179901123,0.11759494245052338
2898,58,47,0.09006169438362122,-0.7436848282814026,-0.5624670386314392,0.11759494245052338
2899,58,48,-0.08546805381774902,-0.4602123498916626,-0.5562037825584412,0.11759494245052338
2900,58,49,0.108462393283844,-0.49003148078918457,-0.5650649070739746,0.11759494245052338
2901,59,0,-0.14638303220272064,-0.40698421001434326,-0.5962051153182983,0.1261516958475113
2902,59,1,-0.6716558933258057,-0.8223416805267334,-0.6011024713516235,0.1261516958475113
2903,59,2,0.33266913890838623,-1.0,-0.6004273891448975,0.1261516958475113
2904,59,3,-0.6153073310852051,-0.801911473274231,-0.5994958877563477,0.1261516958475113
2905,59,4,-0.07729444652795792,-0.8338046669960022,-0.6009855270385742,0.1261516958475113
2906,59,5,-0.6073779463768005,-0.7719318866729736,-0.5988763570785522,0.1261516958475113
2907,59,6,-0.22541171312332153,-0.6653441190719604,-0.5969789028167725,0.1261516958475113
2908,59,7,-0.03229954466223717,-0.5208202004432678,-0.6036545038223267,0.1261516958475113
2909,59,8,0.14440199732780457,-0.5799549221992493,-0.6034051179885864,0.1261516958475113
2910,59,9,0.45945262908935547,-0.6798174977302551,-0.5953751802444458,0.1261516958475113
2911,59,10,-0.09093795716762543,-0.39750340580940247,-0.6035187244415283,0.1261516958475113
2912,59,11,0.12863953411579132,-0.47794726490974426,-0.6042935848236084,0.1261516958475113
2913,59,12,-0.31256169080734253,-0.7472118735313416,-0.6004399061203003,0.1261516958475113
2914,59,13,0.0036228797398507595,-0.704829752445221,-0.5986695289611816,0.1261516958475113
2915,59,14,0.22454160451889038,-0.5585635900497437,-0.605222225189209,0.1261516958475113
2916,59,15,0.3053304851055145,-0.3350136876106262,-0.6033637523651123,0.1261516958475113
2917,59,16,0.013626563362777233,-0.7755120396614075,-0.6032572984695435,0.1261516958475113
2918,59,17,-0.02329322136938572,-0.3321170508861542,-0.5903053283691406,0.1261516958475113
2919,59,18,0.1392059326171875,-0.9507340788841248,-0.5997661352157593,0.1261516958475113
2920,59,19,0.22613024711608887,-0.6253235936164856,-0.6004490852355957,0.1261516958475113
2921,59,20,0.5374537706375122,-0.6801081895828247,-0.6017552614212036,0.1261516958475113
2922,59,21,0.16103000938892365,-0.6795526742935181,-0.6001777648925781,0.1261516958475113
2923,59,22,-0.1744312196969986,-0.5450087189674377,-0.6035465002059937,0.1261516958475113
2924,59,23,0.5987513065338135,-0.6938660144805908,-0.6041473150253296,0.1261516958475113
2925,59,24,0.005708394106477499,-0.7118188142776489,-0.600279688835144,0.1261516958475113
2926,59,25,0.3682001233100891,-0.503854513168335,-0.604058027267456,0.1261516958475113
2927,59,26,0.3930078148841858,-0.6113783121109009,-0.6025720834732056,0.1261516958475113
2928,59,27,0.28261420130729675,-0.5044141411781311,-0.6003769636154175,0.1261516958475113
2929,59,28,0.06443622708320618,-0.8612828850746155,-0.6031830310821533,0.1261516958475113
2930,59,29,0.19547146558761597,-0.8399519324302673,-0.6022660732269287,0.1261516958475113
2931,59,30,-0.644096314907074,-0.7715403437614441,-0.5985966920852661,0.1261516958475113
2932,59,31,-0.044853582978248596,-0.45373809337615967,-0.6006959676742554,0.1261516958475113
2933,59,32,0.09064566344022751,-0.2829000651836395,-0.6062802076339722,0.1261516958475113
2934,59,33,0.21861374378204346,-0.6375952959060669,-0.6003856658935547,0.1261516958475113
2935,59,34,0.22300925850868225,-0.1324285864830017,-0.6018689870834351,0.1261516958475113
2936,59,35,0.05642920359969139,-0.5042300820350647,-0.6019906997680664,0.1261516958475113
2937,59,36,-0.5931650996208191,-0.7782425880432129,-0.6018590927124023,0.1261516958475113
2938,59,37,0.02044522576034069,-0.5248715877532959,-0.5981231927871704,0.1261516958475113
2939,59,38,0.44199371337890625,-0.7224600315093994,-0.6058181524276733,0.1261516958475113
2940,59,39,-0.2540374994277954,-0.753655731678009,-0.5970871448516846,0.1261516958475113
2941,59,40,0.24146363139152527,-0.5233295559883118,-0.5966360569000244,0.1261516958475113
2942,59,41,0.08468914031982422,-0.1917509138584137,-0.604059100151062,0.1261516958475113
2943,59,42,-0.7634716033935547,-0.7835191488265991,-0.6000685691833496,0.1261516958475113
2944,59,43,0.16693612933158875,-0.49074724316596985,-0.601097583770752,0.1261516958475113
2945,59,44,0.555164635181427,-0.7359437346458435,-0.603252649307251,0.1261516958475113
2946,59,45,0.0967680960893631,-0.6935294270515442,-0.596659779548645,0.1261516958475113
2947,59,46,-0.09324689954519272,-0.4461486339569092,-0.6020865440368652,0.1261516958475113
2948,59,47,0.14329928159713745,-0.41468027234077454,-0.6061089038848877,0.1261516958475113
2949,59,48,-0.6967004537582397,-0.4502871632575989,-0.6041061878204346,0.1261516958475113
2950,59,49,-0.05168351158499718,-0.8841836452484131,-0.605880618095398,0.1261516958475113
2951,60,0,0.21251162886619568,-0.6512455344200134,-0.5763818621635437,0.1328895390033722
2952,60,1,-0.33290448784828186,-0.2719508707523346,-0.578472912311554,0.1328895390033722
2953,60,2,-0.21508359909057617,-0.42695561051368713,-0.575356125831604,0.1328895390033722
2954,60,3,-0.1507139801979065,-0.32366257905960083,-0.5756486058235168,0.1328895390033722
2955,60,4,-0.08518749475479126,-0.424495667219162,-0.5730093121528625,0.1328895390033722
2956,60,5,-0.10526344925165176,-1.0,-0.5744256377220154,0.1328895390033722
2957,60,6,0.24761192500591278,-0.5776008367538452,-0.5781974196434021,0.1328895390033722
2958,60,7,-0.13256515562534332,-0.27051296830177307,-0.568327784538269,0.1328895390033722
2959,60,8,-0.8736976981163025,-0.8075152635574341,-0.569528341293335,0.1328895390033722
2960,60,9,0.34303322434425354,-0.5127447843551636,-0.5748826265335083,0.1328895390033722
2961,60,10,0.5292329788208008,-0.5382683873176575,-0.5763778686523438,0.1328895390033722
2962,60,11,0.497832328081131,-0.6842951774597168,-0.5743629336357117,0.1328895390033722
2963,60,12,-0.08260349184274673,-0.9271030426025391,-0.5734725594520569,0.1328895390033722
2964,60,13,0.23184959590435028,-0.6993957757949829,-0.575856626033783,0.1328895390033722
2965,60,14,0.43755626678466797,-0.5141335725784302,-0.5756706595420837,0.1328895390033722
2966,60,15,0.21660253405570984,-0.8375369906425476,-0.5766642689704895,0.1328895390033722
2967,60,16,0.060690008103847504,-0.8480463624000549,-0.5760747790336609,0.1328895390033722
2968,60,17,0.48518499732017517,-0.7143107652664185,-0.5730836391448975,0.1328895390033722
2969,60,18,-0.37123391032218933,-0.42288434505462646,-0.5754308700561523,0.1328895390033722
2970,60,19,0.2295421063899994,-0.4973301291465759,-0.5772027969360352,0.1328895390033722
2971,60,20,-0.6141079068183899,-0.7626511454582214,-0.5751819610595703,0.1328895390033722
2972,60,21,0.08855196088552475,-0.9412994980812073,-0.5713105797767639,0.1328895390033722
2973,60,22,0.22623732686042786,-0.8326884508132935,-0.5770581960678101,0.1328895390033722
2974,60,23,0.18021516501903534,-0.726330041885376,-0.5713539719581604,0.1328895390033722
2975,60,24,-0.36121028661727905,-0.45860373973846436,-0.57230544090271,0.1328895390033722
2976,60,25,-0.7912368178367615,-0.78584223985672,-0.5771723389625549,0.1328895390033722
2977,60,26,0.09628547728061676,-0.6614465713500977,-0.5740489959716797,0.1328895390033722
2978,60,27,-0.08680728077888489,-0.572162389755249,-0.5748804807662964,0.1328895390033722
2979,60,28,0.6139817833900452,-0.6509177088737488,-0.5717613697052002,0.1328895390033722
2980,60,29,-0.6703233122825623,-0.7555317282676697,-0.5781587362289429,0.1328895390033722
2981,60,30,-0.2483750432729721,-0.5712341070175171,-0.5767016410827637,0.1328895390033722
2982,60,31,0.3293735980987549,-0.42717692255973816,-0.5695440769195557,0.1328895390033722
2983,60,32,-0.11901773512363434,-0.9078558683395386,-0.5780224204063416,0.1328895390033722
2984,60,33,-0.17925690114498138,-0.3708935081958771,-0.5772110223770142,0.1328895390033722
2985,60,34,-0.05785484239459038,-0.2903633713722229,-0.5760482549667358,0.1328895390033722
2986,60,35,-0.117912657558918,-0.5313819646835327,-0.5734071135520935,0.1328895390033722
2987,60,36,0.5501218438148499,-0.5963852405548096,-0.5764163136482239,0.1328895390033722
2988,60,37,-0.37497878074645996,-0.8235288858413696,-0.5736066102981567,0.1328895390033722
2989,60,38,0.19851714372634888,-0.5655696392059326,-0.5788505673408508,0.1328895390033722
2990,60,39,0.39332816004753113,-0.41327953338623047,-0.5690702795982361,0.1328895390033722
2991,60,40,-0.304857462644577,-0.42943862080574036,-0.5769059062004089,0.1328895390033722
2992,60,41,0.1466318666934967,-0.4674406349658966,-0.5791880488395691,0.1328895390033722
2993,60,42,-0.2081483155488968,-0.8492653965950012,-0.5793473124504089,0.1328895390033722
2994,60,43,-0.46718183159828186,-0.7865067720413208,-0.5783484578132629,0.1328895390033722
2995,60,44,0.1152629479765892,-0.45502108335494995,-0.5731836557388306,0.1328895390033722
2996,60,45,-0.16251134872436523,-0.2771342098712921,-0.5801703333854675,0.1328895390033722
2997,60,46,0.04067489877343178,-0.5320149660110474,-0.5729766488075256,0.1328895390033722
2998,60,47,0.3713854253292084,-0.5045933127403259,-0.5769810080528259,0.1328895390033722
2999,60,48,0.2359405755996704,-0.5434431433677673,-0.5765701532363892,0.1328895390033722
3000,60,49,0.6731355786323547,-0.606914758682251,-0.5781159996986389,0.1328895390033722
3001,61,0,0.41528141498565674,-0.5759572982788086,-0.5105761289596558,0.13656651973724365
3002,61,1,0.5454010367393494,-0.6073836088180542,-0.5013066530227661,0.13656651973724365
3003,61,2,0.1259763240814209,-0.33087068796157837,-0.5106436014175415,0.13656651973724365
3004,61,3,-0.15380389988422394,-0.3945440948009491,-0.5108271241188049,0.13656651973724365
3005,61,4,0.2295973002910614,-0.5407589673995972,-0.5065090656280518,0.13656651973724365
3006,61,5,0.45417264103889465,-0.02969856560230255,-0.5084104537963867,0.13656651973724365
3007,61,6,0.12337034195661545,-0.3698005974292755,-0.5070422291755676,0.13656651973724365
3008,61,7,-0.0637451559305191,-0.8081576228141785,-0.5094040632247925,0.13656651973724365
3009,61,8,-0.09239479899406433,-0.4680939316749573,-0.50254225730896,0.13656651973724365
3010,61,9,0.3233085572719574,-0.6319983005523682,-0.5106977224349976,0.13656651973724365
3011,61,10,0.03703652322292328,-0.6406328678131104,-0.5081537365913391,0.13656651973724365
3012,61,11,-0.1836574822664261,-0.546873152256012,-0.511072039604187,0.13656651973724365
3013,61,12,0.6384313702583313,-0.606590747833252,-0.5121310949325562,0.13656651973724365
3014,61,13,0.34023675322532654,-0.2348182201385498,-0.5077196955680847,0.13656651973724365
3015,61,14,0.2896135747432709,-0.6688241362571716,-0.5072733759880066,0.13656651973724365
3016,61,15,0.017125582322478294,-0.37605705857276917,-0.5058127641677856,0.13656651973724365
3017,61,16,-0.3101387619972229,-0.3678538203239441,-0.5103511810302734,0.13656651973724365
3018,61,17,0.041772499680519104,-0.27547213435173035,-0.5109203457832336,0.13656651973724365
3019,61,18,0.5612472295761108,-0.5839086771011353,-0.5044527053833008,0.13656651973724365
3020,61,19,0.6969751119613647,-0.6651966571807861,-0.49842125177383423,0.13656651973724365
3021,61,20,0.47466763854026794,-0.10736586898565292,-0.507205605506897,0.13656651973724365
3022,61,21,-0.15424340963363647,-0.4780700206756592,-0.5082579255104065,0.13656651973724365
3023,61,22,0.1961551308631897,-0.45474496483802795,-0.5084252953529358,0.13656651973724365
3024,61,23,-0.07153607159852982,-0.38676175475120544,-0.5112788081169128,0.13656651973724365
3025,61,24,0.12188798189163208,-0.5533867478370667,-0.5109959244728088,0.13656651973724365
3026,61,25,0.6573426127433777,-0.6161742210388184,-0.5098057389259338,0.13656651973724365
3027,61,26,0.19102980196475983,-0.354759156703949,-0.5074164271354675,0.13656651973724365
3028,61,27,-0.39437296986579895,-0.4137652516365051,-0.5102490186691284,0.13656651973724365
3029,61,28,-0.08248808979988098,-0.4117858111858368,-0.5102919936180115,0.13656651973724365
3030,61,29,-0.42765146493911743,-0.3709345757961273,-0.5100675821304321,0.13656651973724365
3031,61,30,0.10100317001342773,-0.1753970831632614,-0.5121194124221802,0.13656651973724365
3032,61,31,0.053076792508363724,-0.530125617980957,-0.5047802925109863,0.13656651973724365
3033,61,32,0.3396318852901459,-0.33308181166648865,-0.5095056891441345,0.13656651973724365
3034,61,33,-0.24109448492527008,-0.4376848638057709,-0.5065438747406006,0.13656651973724365
3035,61,34,0.19006800651550293,-0.2723555564880371,-0.5109283924102783,0.13656651973724365
3036,61,35,0.2400306910276413,-0.6811748147010803,-0.5023019909858704,0.13656651973724365
3037,61,36,0.5698287487030029,-0.5638094544410706,-0.5091577768325806,0.13656651973724365
3038,61,37,0.6768144369125366,-0.2103293091058731,-0.5055840611457825,0.13656651973724365
3039,61,38,0.16535960137844086,-0.843489944934845,-0.5039533376693726,0.13656651973724365
3040,61,39,-0.4261477291584015,-0.4218044579029083,-0.5074096322059631,0.13656651973724365
3041,61,40,-0.39743244647979736,-0.37967371940612793,-0.5117182731628418,0.13656651973724365
3042,61,41,0.16386814415454865,-0.5961174368858337,-0.5115697979927063,0.13656651973724365
3043,61,42,0.027606386691331863,-0.30929961800575256,-0.5084657669067383,0.13656651973724365
3044,61,43,-0.23235513269901276,-0.40331751108169556,-0.510891854763031,0.13656651973724365
3045,61,44,0.11422908306121826,-0.6268188953399658,-0.5104043483734131,0.13656651973724365
3046,61,45,0.02931729331612587,-0.4777008295059204,-0.5107907056808472,0.13656651973724365
3047,61,46,0.03670253977179527,-0.6689902544021606,-0.5110250115394592,0.13656651973724365
3048,61,47,-0.18340277671813965,-0.4687877893447876,-0.508601725101471,0.13656651973724365
3049,61,48,0.46696481108665466,-0.5664347410202026,-0.5115020275115967,0.13656651973724365
3050,61,49,0.07125882804393768,-0.25440290570259094,-0.5078309774398804,0.13656651973724365
3051,62,0,0.43143489956855774,-0.7322676181793213,-0.4823901057243347,0.1418052613735199
3052,62,1,-0.16826751828193665,-0.5509240627288818,-0.48093825578689575,0.1418052613735199
3053,62,2,0.7228078246116638,-0.522262692451477,-0.48820924758911133,0.1418052613735199
3054,62,3,0.3719342350959778,-0.6539756059646606,-0.4868355095386505,0.1418052613735199
3055,62,4,-0.3022722899913788,-0.24730265140533447,-0.4871373176574707,0.1418052613735199
3056,62,5,-0.01299363188445568,-0.47459012269973755,-0.4884231388568878,0.1418052613735199
3057,62,6,-0.3601894676685333,-0.26016658544540405,-0.48480334877967834,0.1418052613735199
3058,62,7,-0.357257604598999,-0.43436309695243835,-0.48469942808151245,0.1418052613735199
3059,62,8,0.24177655577659607,-0.8318276405334473,-0.48921671509742737,0.1418052613735199
3060,62,9,-0.10440496355295181,-0.3748924434185028,-0.48220178484916687,0.1418052613735199
3061,62,10,0.44333934783935547,-0.7215207815170288,-0.4860169291496277,0.1418052613735199
3062,62,11,-0.28771060705184937,-0.1750398874282837,-0.4852809011936188,0.1418052613735199
3063,62,12,-0.43163707852363586,-0.41111740469932556,-0.4898683428764343,0.1418052613735199
3064,62,13,-0.2692904472351074,-0.36018380522727966,-0.4908497631549835,0.1418052613735199
3065,62,14,0.03967967629432678,-0.29043352603912354,-0.4874979853630066,0.1418052613735199
3066,62,15,-0.3424045145511627,-0.29184773564338684,-0.4813711941242218,0.1418052613735199
3067,62,16,0.10383626073598862,-0.6805439591407776,-0.4841773808002472,0.1418052613735199
3068,62,17,-0.1551896333694458,-0.29703983664512634,-0.486919105052948,0.1418052613735199
3069,62,18,0.09462904930114746,-0.6223511695861816,-0.4864000380039215,0.1418052613735199
3070,62,19,0.02488737739622593,-0.40088731050491333,-0.48575350642204285,0.1418052613735199
3071,62,20,0.05126762017607689,-0.572588324546814,-0.4886643588542938,0.1418052613735199
3072,62,21,0.4018346071243286,-0.230257049202919,-0.4819677770137787,0.1418052613735199
3073,62,22,0.058513712137937546,-0.3418926000595093,-0.48271414637565613,0.1418052613735199
3074,62,23,0.32157576084136963,-0.5001792907714844,-0.4826037585735321,0.1418052613735199
3075,62,24,0.1054857149720192,-0.8429665565490723,-0.4849768280982971,0.1418052613735199
3076,62,25,-0.18519002199172974,-0.7806074023246765,-0.48812422156333923,0.1418052613735199
3077,62,26,0.34883174300193787,-0.5702600479125977,-0.48183074593544006,0.1418052613735199
3078,62,27,0.6029098629951477,-0.6963434815406799,-0.4819449484348297,0.1418052613735199
3079,62,28,-0.11008219420909882,-0.29542216658592224,-0.4893338978290558,0.1418052613735199
3080,62,29,-0.07325322926044464,-0.5313206315040588,-0.48946186900138855,0.1418052613735199
3081,62,30,0.13387660682201385,-0.42066630721092224,-0.4889674186706543,0.1418052613735199
3082,62,31,0.3236660063266754,-0.6856639385223389,-0.48804476857185364,0.1418052613735199
3083,62,32,-0.18691210448741913,-0.40100422501564026,-0.485212504863739,0.1418052613735199
3084,62,33,-0.021507158875465393,-0.8593306541442871,-0.4897328317165375,0.1418052613735199
3085,62,34,0.35996198654174805,-0.6451176404953003,-0.48703625798225403,0.1418052613735199
3086,62,35,0.284868448972702,-0.5269291400909424,-0.4862470030784607,0.1418052613735199
3087,62,36,0.3283337652683258,-0.14609813690185547,-0.48823198676109314,0.1418052613735199
3088,62,37,-0.19137583673000336,-0.40957969427108765,-0.484867662191391,0.1418052613735199
3089,62,38,-0.3086315393447876,-0.4749145209789276,-0.48846235871315,0.1418052613735199
3090,62,39,0.04460609704256058,-0.6753511428833008,-0.4869653284549713,0.1418052613735199
3091,62,40,0.5437326431274414,-0.7380627393722534,-0.48757001757621765,0.1418052613735199
3092,62,41,0.3011458218097687,-0.7384627461433411,-0.4815632998943329,0.1418052613735199
3093,62,42,0.16022054851055145,-0.3342617154121399,-0.48116862773895264,0.1418052613735199
3094,62,43,0.22052302956581116,-0.543556272983551,-0.48757097125053406,0.1418052613735199
3095,62,44,0.4202209711074829,-0.3767269253730774,-0.4872438907623291,0.1418052613735199
3096,62,45,-0.11945083737373352,-0.47212064266204834,-0.488179475069046,0.1418052613735199
3097,62,46,0.13303831219673157,-0.46304720640182495,-0.4882791340351105,0.1418052613735199
3098,62,47,-0.1215393915772438,-0.4339844584465027,-0.48797306418418884,0.1418052613735199
3099,62,48,0.29963505268096924,-0.7477329969406128,-0.49023041129112244,0.1418052613735199
3100,62,49,0.15125879645347595,-0.5230125188827515,-0.48368361592292786,0.1418052613735199
3101,63,0,0.3505502939224243,-0.3672298789024353,-0.5209512114524841,0.14653925597667694
3102,63,1,-0.006400855723768473,-0.4191303253173828,-0.5220904350280762,0.14653925597667694
3103,63,2,-0.05025892332196236,-0.49117380380630493,-0.5219863057136536,0.14653925597667694
3104,63,3,0.3965882360935211,-0.6175888180732727,-0.5259743928909302,0.14653925597667694
3105,63,4,0.23970243334770203,-0.357681542634964,-0.5240603089332581,0.14653925597667694
3106,63,5,0.07899059355258942,-0.9019411206245422,-0.5266006588935852,0.14653925597667694
3107,63,6,0.3119047284126282,-0.5242215394973755,-0.5221518278121948,0.14653925597667694
3108,63,7,0.30044642090797424,-0.49645695090293884,-0.5229024887084961,0.14653925597667694
3109,63,8,0.3235566020011902,-0.5033385157585144,-0.5263465046882629,0.14653925597667694
3110,63,9,0.06509347259998322,-0.27877599000930786,-0.5252591967582703,0.14653925597667694
3111,63,10,0.47355082631111145,-0.30756160616874695,-0.5190544724464417,0.14653925597667694
3112,63,11,0.04508677497506142,-0.5388423204421997,-0.5117723345756531,0.14653925597667694
3113,63,12,0.3060874938964844,-0.46414437890052795,-0.5225082039833069,0.14653925597667694
3114,63,13,-0.23663227260112762,-0.809090256690979,-0.5262659192085266,0.14653925597667694
3115,63,14,-0.4061637222766876,-0.3164970278739929,-0.5222662091255188,0.14653925597667694
3116,63,15,-0.4600442945957184,-0.44590845704078674,-0.5210177898406982,0.14653925597667694
3117,63,16,0.3093455731868744,-0.5853930711746216,-0.5251138210296631,0.14653925597667694
3118,63,17,0.7233361005783081,-0.5319855809211731,-0.5174744129180908,0.14653925597667694
3119,63,18,0.3563506305217743,-0.2358008176088333,-0.5269388556480408,0.14653925597667694
3120,63,19,-0.13526615500450134,-0.36707332730293274,-0.5235822796821594,0.14653925597667694
3121,63,20,-0.16381026804447174,-0.845413088798523,-0.5259069204330444,0.14653925597667694
3122,63,21,0.2882087230682373,-0.5990358591079712,-0.5251161456108093,0.14653925597667694
3123,63,22,0.7628887891769409,-0.6004472970962524,-0.5228132605552673,0.14653925597667694
3124,63,23,-0.3599398136138916,-0.8064218759536743,-0.5212208032608032,0.14653925597667694
3125,63,24,0.3280181288719177,-0.6292948126792908,-0.5219351053237915,0.14653925597667694
3126,63,25,0.2949976623058319,-0.6158705353736877,-0.5250056982040405,0.14653925597667694
3127,63,26,0.4085336923599243,-0.6538258194923401,-0.5250743627548218,0.14653925597667694
3128,63,27,0.466268926858902,-0.5067194700241089,-0.5236977934837341,0.14653925597667694
3129,63,28,-0.0959557443857193,-0.38603609800338745,-0.5242897272109985,0.14653925597667694
3130,63,29,-0.32297301292419434,-0.3071332573890686,-0.5276588201522827,0.14653925597667694
3131,63,30,-0.20422965288162231,-0.7709217667579651,-0.5211885571479797,0.14653925597667694
3132,63,31,0.2523992955684662,-0.6056498885154724,-0.5143960118293762,0.14653925597667694
3133,63,32,0.7095392942428589,-0.6513986587524414,-0.5248841643333435,0.14653925597667694
3134,63,33,0.34192532300949097,-0.040579479187726974,-0.5204620957374573,0.14653925597667694
3135,63,34,-0.020503224804997444,-0.8094504475593567,-0.5232089757919312,0.14653925597667694
3136,63,35,0.32232406735420227,-0.5180571675300598,-0.5160263180732727,0.14653925597667694
3137,63,36,0.42796310782432556,-0.6282636523246765,-0.5233712792396545,0.14653925597667694
3138,63,37,-0.5242124795913696,-0.809765636920929,-0.5232180953025818,0.14653925597667694
3139,63,38,-0.2812792956829071,-0.22242850065231323,-0.5180016756057739,0.14653925597667694
3140,63,39,0.007271460257470608,-0.5797330141067505,-0.522348940372467,0.14653925597667694
3141,63,40,0.2257273644208908,-0.4454215466976166,-0.5168853998184204,0.14653925597667694
3142,63,41,-0.10241134464740753,-0.4062618017196655,-0.5245838165283203,0.14653925597667694
3143,63,42,0.2202134132385254,-0.3480091989040375,-0.5232207179069519,0.14653925597667694
3144,63,43,-0.23686209321022034,-0.4449276626110077,-0.5201514363288879,0.14653925597667694
3145,63,44,0.0901213064789772,-0.6180115342140198,-0.5245707631111145,0.14653925597667694
3146,63,45,-0.04236619547009468,-0.37516844272613525,-0.5259515643119812,0.14653925597667694
3147,63,46,0.1360543668270111,-0.22374625504016876,-0.526939332485199,0.14653925597667694
3148,63,47,0.003134037833660841,-0.42169472575187683,-0.5186954736709595,0.14653925597667694
3149,63,48,0.4444892704486847,-0.5961257219314575,-0.5241525173187256,0.14653925597667694
3150,63,49,0.45668697357177734,-1.0,-0.5205328464508057,0.14653925597667694
3151,64,0,0.2992892563343048,-0.5728998184204102,-0.5718175768852234,0.15604083240032196
3152,64,1,-0.1932206153869629,-0.7524494528770447,-0.5668098330497742,0.15604083240032196
3153,64,2,-0.3563080430030823,-0.5422291159629822,-0.5716158151626587,0.15604083240032196
3154,64,3,0.2644762396812439,-0.2495851069688797,-0.5791632533073425,0.15604083240032196
3155,64,4,0.37008732557296753,-0.497063547372818,-0.569283127784729,0.15604083240032196
3156,64,5,-0.19210577011108398,-0.9167385101318359,-0.5735998153686523,0.15604083240032196
3157,64,6,0.28571075201034546,-0.7245853543281555,-0.5767756104469299,0.15604083240032196
3158,64,7,-0.28921809792518616,-0.3067965805530548,-0.5688374638557434,0.15604083240032196
3159,64,8,-0.10527458786964417,-0.413577675819397,-0.5759685635566711,0.15604083240032196
3160,64,9,-0.19239552319049835,-0.3347833454608917,-0.5754432678222656,0.15604083240032196
3161,64,10,0.20461280643939972,-0.4829508662223816,-0.5757690668106079,0.15604083240032196
3162,64,11,0.06547322124242783,-1.0,-0.5731520056724548,0.15604083240032196
3163,64,12,0.15246447920799255,-0.6075057983398438,-0.576272189617157,0.15604083240032196
3164,64,13,0.5727803111076355,-0.39221689105033875,-0.5727860927581787,0.15604083240032196
3165,64,14,-0.35317155718803406,-0.572147786617279,-0.5748523473739624,0.15604083240032196
3166,64,15,0.06594216823577881,-0.8857721090316772,-0.5692656636238098,0.15604083240032196
3167,64,16,-0.16289785504341125,-0.9380382895469666,-0.5784406661987305,0.15604083240032196
3168,64,17,-0.03820972889661789,-0.8757033348083496,-0.5772340893745422,0.15604083240032196
3169,64,18,-0.01046766247600317,-0.2862318158149719,-0.5737892389297485,0.15604083240032196
3170,64,19,0.3293917179107666,-0.7425143122673035,-0.5702624917030334,0.15604083240032196
3171,64,20,0.11326378583908081,-0.6245808005332947,-0.5695315003395081,0.15604083240032196
3172,64,21,0.3175868093967438,-0.5167770385742188,-0.5779812335968018,0.15604083240032196
3173,64,22,0.37233465909957886,-0.5193602442741394,-0.5785244107246399,0.15604083240032196
3174,64,23,0.2467581331729889,-0.4873800277709961,-0.5769270658493042,0.15604083240032196
3175,64,24,-0.5880445241928101,-0.7994945049285889,-0.5775807499885559,0.15604083240032196
3176,64,25,0.2040405422449112,-0.8894916772842407,-0.5762991905212402,0.15604083240032196
3177,64,26,-0.17784538865089417,-0.42032507061958313,-0.5743685364723206,0.15604083240032196
3178,64,27,-0.12538814544677734,-0.4253726005554199,-0.5756343603134155,0.15604083240032196
3179,64,28,-0.4081347584724426,-0.7624021172523499,-0.5786988735198975,0.15604083240032196
3180,64,29,0.15982891619205475,-0.280224084854126,-0.572726845741272,0.15604083240032196
3181,64,30,-0.14300201833248138,-0.6759440302848816,-0.5687840580940247,0.15604083240032196
3182,64,31,0.21078631281852722,-0.6056508421897888,-0.5766528844833374,0.15604083240032196
3183,64,32,0.2795274257659912,-0.48093289136886597,-0.5761241912841797,0.15604083240032196
3184,64,33,0.42507699131965637,-0.847452700138092,-0.5761277079582214,0.15604083240032196
3185,64,34,-0.12894956767559052,-0.8600761294364929,-0.5759139657020569,0.15604083240032196
3186,64,35,-0.3142206072807312,-0.4263722002506256,-0.5752567052841187,0.15604083240032196
3187,64,36,-0.23998917639255524,-0.42015203833580017,-0.577315092086792,0.15604083240032196
3188,64,37,0.05853475630283356,-0.49091053009033203,-0.5789398550987244,0.15604083240032196
3189,64,38,0.02395648881793022,-0.3318599462509155,-0.5761035680770874,0.15604083240032196
3190,64,39,0.34274822473526,-0.580215334892273,-0.5728583335876465,0.15604083240032196
3191,64,40,0.6158082485198975,-0.6653099656105042,-0.563899576663971,0.15604083240032196
3192,64,41,0.09341923147439957,-0.8262131810188293,-0.5738122463226318,0.15604083240032196
3193,64,42,-0.12044572830200195,-0.3711889386177063,-0.5750282406806946,0.15604083240032196
3194,64,43,0.40511831641197205,-0.5987628698348999,-0.5762577652931213,0.15604083240032196
3195,64,44,0.7386948466300964,-0.5566521883010864,-0.5728839039802551,0.15604083240032196
3196,64,45,0.5193420052528381,-0.9374160766601562,-0.5730600953102112,0.15604083240032196
3197,64,46,0.1847468912601471,-0.6442318558692932,-0.5742467045783997,0.15604083240032196
3198,64,47,-0.31286102533340454,-0.8158373236656189,-0.5730447769165039,0.15604083240032196
3199,64,48,-0.2267923206090927,-0.5677214860916138,-0.5748014450073242,0.15604083240032196
3200,64,49,0.546225905418396,-0.4032594561576843,-0.5718351602554321,0.15604083240032196
3201,65,0,0.03950228914618492,-0.21311591565608978,-0.5637213587760925,0.1653013527393341
3202,65,1,0.3901556432247162,-0.6598582863807678,-0.5570613145828247,0.1653013527393341
3203,65,2,0.04711391404271126,-0.6990068554878235,-0.5618680715560913,0.1653013527393341
3204,65,3,-0.5989067554473877,-0.7843546271324158,-0.564555823802948,0.1653013527393341
3205,65,4,-0.07781746983528137,-0.4781598746776581,-0.5664271712303162,0.1653013527393341
3206,65,5,-0.3232642710208893,-0.41981425881385803,-0.5626655220985413,0.1653013527393341
3207,65,6,0.4103076457977295,-0.7327834963798523,-0.5650244951248169,0.1653013527393341
3208,65,7,-0.16324208676815033,-0.5410725474357605,-0.5592594742774963,0.1653013527393341
3209,65,8,0.6118136644363403,-0.596930742263794,-0.5620589256286621,0.1653013527393341
3210,65,9,0.749518871307373,-0.6223850846290588,-0.5619415640830994,0.1653013527393341
3211,65,10,-0.4974880814552307,-0.7741000056266785,-0.5603324174880981,0.1653013527393341
3212,65,11,0.5620962977409363,-0.7322851419448853,-0.5650484561920166,0.1653013527393341
3213,65,12,0.15153877437114716,-0.8887709379196167,-0.5561890006065369,0.1653013527393341
3214,65,13,0.17494121193885803,-0.31225821375846863,-0.5604578256607056,0.1653013527393341
3215,65,14,0.2782668173313141,-0.5376108288764954,-0.5562298893928528,0.1653013527393341
3216,65,15,-0.28451061248779297,-0.7537660598754883,-0.5623047947883606,0.1653013527393341
3217,65,16,-0.011229547671973705,-0.471957266330719,-0.5624987483024597,0.1653013527393341
3218,65,17,-0.03271213546395302,-0.39484918117523193,-0.563010036945343,0.1653013527393341
3219,65,18,0.1516980081796646,-0.692034900188446,-0.5623887777328491,0.1653013527393341
3220,65,19,0.04240700230002403,-0.6530493497848511,-0.5625901818275452,0.1653013527393341
3221,65,20,0.16038759052753448,-0.5018628835678101,-0.5627840757369995,0.1653013527393341
3222,65,21,0.08830264210700989,-0.27652400732040405,-0.5627188682556152,0.1653013527393341
3223,65,22,0.39357972145080566,-0.5401917099952698,-0.5607643723487854,0.1653013527393341
3224,65,23,0.7354490160942078,-0.6327108144760132,-0.5623252987861633,0.1653013527393341
3225,65,24,-0.8276532888412476,-0.7726426124572754,-0.5589413046836853,0.1653013527393341
3226,65,25,0.10156089812517166,-0.4481655955314636,-0.5647977590560913,0.1653013527393341
3227,65,26,-0.31460830569267273,-0.4386346936225891,-0.5643653273582458,0.1653013527393341
3228,65,27,0.2935669720172882,-0.5977118611335754,-0.5647569298744202,0.1653013527393341
3229,65,28,0.5221769213676453,-0.45243117213249207,-0.5620353817939758,0.1653013527393341
3230,65,29,0.36262866854667664,-0.19967739284038544,-0.5651381015777588,0.1653013527393341
3231,65,30,-0.07472222298383713,-0.2989455461502075,-0.5586422681808472,0.1653013527393341
3232,65,31,-0.0018717143684625626,-0.677316427230835,-0.5575112104415894,0.1653013527393341
3233,65,32,-0.6227339506149292,-0.7503872513771057,-0.5627486109733582,0.1653013527393341
3234,65,33,-0.10612791031599045,-0.6632043123245239,-0.561829149723053,0.1653013527393341
3235,65,34,-0.39951738715171814,-0.776662290096283,-0.5645262002944946,0.1653013527393341
3236,65,35,0.01298737432807684,-0.26608195900917053,-0.5618290901184082,0.1653013527393341
3237,65,36,-0.32984060049057007,-0.41245847940444946,-0.5553248524665833,0.1653013527393341
3238,65,37,-0.3985130786895752,-0.4404444396495819,-0.5642296075820923,0.1653013527393341
3239,65,38,-0.38667601346969604,-0.4325657784938812,-0.5660235285758972,0.1653013527393341
3240,65,39,0.3225451707839966,-0.5929056406021118,-0.566809356212616,0.1653013527393341
3241,65,40,0.11553297191858292,-0.43108418583869934,-0.5607495903968811,0.1653013527393341
3242,65,41,-0.18974967300891876,-0.7727890610694885,-0.5647071599960327,0.1653013527393341
3243,65,42,-0.5184845328330994,-0.4665757417678833,-0.5575479865074158,0.1653013527393341
3244,65,43,0.2952779233455658,-0.5670886039733887,-0.5650647282600403,0.1653013527393341
3245,65,44,0.24278847873210907,-0.268390953540802,-0.5601823329925537,0.1653013527393341
3246,65,45,-0.1823951005935669,-0.6168481707572937,-0.5561540126800537,0.1653013527393341
3247,65,46,0.3523554801940918,-0.5494243502616882,-0.5625820755958557,0.1653013527393341
3248,65,47,-0.043461255729198456,-0.3232914209365845,-0.5614699125289917,0.1653013527393341
3249,65,48,-0.14410196244716644,-0.8826061487197876,-0.5619937777519226,0.1653013527393341
3250,65,49,0.3545204997062683,-0.6729298233985901,-0.5625156164169312,0.1653013527393341
3251,66,0,0.11401830613613129,-0.5747314095497131,-0.5197391510009766,0.16917023062705994
3252,66,1,0.04047089070081711,-0.4643090069293976,-0.5139276385307312,0.16917023062705994
3253,66,2,0.3333173990249634,-0.566781222820282,-0.5248472690582275,0.16917023062705994
3254,66,3,0.6088419556617737,-0.6187806725502014,-0.5165579915046692,0.16917023062705994
3255,66,4,0.6381322741508484,-0.5704388618469238,-0.5210009813308716,0.16917023062705994
3256,66,5,0.18286822736263275,-0.16195470094680786,-0.5111024379730225,0.16917023062705994
3257,66,6,-0.17169947922229767,-0.5118401050567627,-0.5167651176452637,0.16917023062705994
3258,66,7,0.4347347617149353,-0.6173003911972046,-0.5207646489143372,0.16917023062705994
3259,66,8,-0.15576902031898499,-0.45168590545654297,-0.5176052451133728,0.16917023062705994
3260,66,9,0.545166015625,-0.6096206307411194,-0.521622896194458,0.16917023062705994
3261,66,10,0.3900781273841858,-0.4985412657260895,-0.5172981023788452,0.16917023062705994
3262,66,11,0.4760378897190094,-0.6005318760871887,-0.5206038355827332,0.16917023062705994
3263,66,12,0.5257108211517334,-0.7087336182594299,-0.5169343948364258,0.16917023062705994
3264,66,13,0.18106794357299805,-0.6447441577911377,-0.5200060606002808,0.16917023062705994
3265,66,14,0.4754476249217987,-0.6515461206436157,-0.5186645984649658,0.16917023062705994
3266,66,15,0.1497945338487625,-0.5333081483840942,-0.5188640356063843,0.16917023062705994
3267,66,16,0.4793272912502289,-0.6011143922805786,-0.5216804146766663,0.16917023062705994
3268,66,17,0.3942817747592926,-0.5747820138931274,-0.5169211030006409,0.16917023062705994
3269,66,18,0.09804556518793106,-0.723962128162384,-0.5141538381576538,0.16917023062705994
3270,66,19,-0.1926824003458023,-0.4812599718570709,-0.5140947699546814,0.16917023062705994
3271,66,20,-0.23230405151844025,-0.25693175196647644,-0.519676148891449,0.16917023062705994
3272,66,21,-0.06263304501771927,-0.6170663237571716,-0.5182205438613892,0.16917023062705994
3273,66,22,-0.20551127195358276,-0.45224645733833313,-0.518503725528717,0.16917023062705994
3274,66,23,0.34909307956695557,-0.7158889770507812,-0.5227658748626709,0.16917023062705994
3275,66,24,-0.34352031350135803,-0.4453584551811218,-0.5188876390457153,0.16917023062705994
3276,66,25,0.17823472619056702,-0.5372812747955322,-0.5223932862281799,0.16917023062705994
3277,66,26,-0.13297419250011444,-0.3192884624004364,-0.5201539397239685,0.16917023062705994
3278,66,27,-0.054204851388931274,-0.4876401722431183,-0.519287109375,0.16917023062705994
3279,66,28,0.03119547665119171,-0.948881983757019,-0.5193401575088501,0.16917023062705994
3280,66,29,-0.5452988743782043,-0.5005946755409241,-0.5214581489562988,0.16917023062705994
3281,66,30,0.4063320457935333,-0.6142259240150452,-0.5209778547286987,0.16917023062705994
3282,66,31,-0.012840482406318188,-0.21489931643009186,-0.5187570452690125,0.16917023062705994
3283,66,32,0.34184929728507996,-0.5953154563903809,-0.5174029469490051,0.16917023062705994
3284,66,33,0.14083068072795868,-0.20963019132614136,-0.5163670778274536,0.16917023062705994
3285,66,34,-0.3130629360675812,-0.8382176756858826,-0.517532467842102,0.16917023062705994
3286,66,35,0.08976645022630692,-0.5382584929466248,-0.5181480646133423,0.16917023062705994
3287,66,36,0.11034427583217621,-0.47107014060020447,-0.5179057717323303,0.16917023062705994
3288,66,37,0.1484106183052063,-0.483537495136261,-0.5203483700752258,0.16917023062705994
3289,66,38,0.07737752795219421,-0.3328772485256195,-0.5186538696289062,0.16917023062705994
3290,66,39,0.2062348872423172,-0.2999255955219269,-0.5172942876815796,0.16917023062705994
3291,66,40,0.0516229011118412,-0.6927083134651184,-0.5123497247695923,0.16917023062705994
3292,66,41,0.35111698508262634,-0.7140974402427673,-0.5207337141036987,0.16917023062705994
3293,66,42,0.15674558281898499,-0.5913312435150146,-0.5209075212478638,0.16917023062705994
3294,66,43,0.04260561242699623,-0.41832369565963745,-0.5163174867630005,0.16917023062705994
3295,66,44,0.06072733551263809,-0.4845675528049469,-0.521737813949585,0.16917023062705994
3296,66,45,-0.16850775480270386,-0.44327911734580994,-0.5195260643959045,0.16917023062705994
3297,66,46,0.2258928418159485,-0.8389538526535034,-0.5208864212036133,0.16917023062705994
3298,66,47,-0.10801858454942703,-0.6725782155990601,-0.5159425139427185,0.16917023062705994
3299,66,48,-0.33263424038887024,-0.868610143661499,-0.5183449387550354,0.16917023062705994
3300,66,49,0.14118659496307373,-0.5366148948669434,-0.5223678946495056,0.16917023062705994
