global_step,update,step_in_update,reward,action_noisy,action_mean,value
1,1,0,-0.21123798191547394,0.4418600797653198,0.12000156939029694,-0.3252924680709839
2,1,1,-0.37198132276535034,0.3457165062427521,0.12094038724899292,-0.3251361846923828
3,1,2,0.2088310420513153,-0.6282928586006165,0.11900602281093597,-0.32521218061447144
4,1,3,0.7412999272346497,-0.6575461030006409,0.11786971986293793,-0.31661897897720337
5,1,4,0.0652061402797699,0.39873185753822327,0.12783798575401306,-0.3258364796638489
6,1,5,-0.2968805432319641,0.5777928829193115,0.12246645987033844,-0.3265913724899292
7,1,6,-0.03564450889825821,1.0,0.11988157033920288,-0.3239290118217468
8,1,7,-0.08326050639152527,1.0,0.12376213073730469,-0.3253084421157837
9,1,8,-0.47232550382614136,0.7565311789512634,0.1235906332731247,-0.3253616690635681
10,1,9,0.10165488719940186,1.0,0.11852128803730011,-0.32525020837783813
11,1,10,-0.0915939062833786,1.0,0.12317521870136261,-0.3251941204071045
12,1,11,-0.4433738589286804,0.7386844158172607,0.12316744029521942,-0.32435300946235657
13,1,12,-0.2433987259864807,-0.1789526492357254,0.12051379680633545,-0.32525116205215454
14,1,13,-0.22838182747364044,-0.1340782642364502,0.12109476327896118,-0.3243870437145233
15,1,14,-0.24978716671466827,-0.9657663702964783,0.11918394267559052,-0.32290396094322205
16,1,15,0.08588074147701263,1.0,0.12328165769577026,-0.3275842070579529
17,1,16,0.06300413608551025,-1.0,0.12356986105442047,-0.32430166006088257
18,1,17,0.24351203441619873,1.0,0.12319715321063995,-0.32417213916778564
19,1,18,-0.1771082878112793,0.17499743402004242,0.1250697523355484,-0.3243667781352997
20,1,19,-0.04125712811946869,-0.05212719365954399,0.11839061975479126,-0.3215990364551544
21,1,20,-0.15182729065418243,-1.0,0.12079834938049316,-0.3241889476776123
22,1,21,0.028361525386571884,-1.0,0.12267100811004639,-0.32662278413772583
23,1,22,-0.3370567262172699,0.9132253527641296,0.12170203030109406,-0.3243471384048462
24,1,23,-0.30001088976860046,-0.48289984464645386,0.12029218673706055,-0.3241254687309265
25,1,24,0.11485809087753296,0.8887063264846802,0.12110988795757294,-0.32568830251693726
26,1,25,-0.2727752923965454,1.0,0.122678741812706,-0.32519012689590454
27,1,26,-0.014827239327132702,-0.9840471148490906,0.12117227911949158,-0.3259127140045166
28,1,27,0.01864972710609436,1.0,0.12247608602046967,-0.3250698447227478
29,1,28,-0.26455289125442505,1.0,0.12433867156505585,-0.324868381023407
30,1,29,0.1397433876991272,-0.6548187732696533,0.12083731591701508,-0.3254106044769287
31,1,30,0.24240103363990784,0.8692174553871155,0.12430810928344727,-0.32617759704589844
32,1,31,-0.015142310410737991,1.0,0.12580078840255737,-0.32655221223831177
33,1,32,0.031290650367736816,-1.0,0.12253192067146301,-0.3254430890083313
34,1,33,0.10898303240537643,-1.0,0.12300607562065125,-0.3237800598144531
35,1,34,-0.27449604868888855,0.21003834903240204,0.12348374724388123,-0.3240731358528137
36,1,35,0.11850643157958984,0.05993616208434105,0.11991679668426514,-0.32388800382614136
37,1,36,-0.11407487094402313,0.5403085947036743,0.12282200157642365,-0.3239264488220215
38,1,37,-0.14329007267951965,0.1822132170200348,0.12234799563884735,-0.3267287313938141
39,1,38,-0.14287033677101135,0.5577924847602844,0.12077203392982483,-0.32235944271087646
40,1,39,-0.34784168004989624,1.0,0.11977575719356537,-0.325046181678772
41,1,40,-0.3858497440814972,-0.24202662706375122,0.11950452625751495,-0.32654887437820435
42,1,41,-0.1771777868270874,0.20227575302124023,0.11892512440681458,-0.3245883584022522
43,1,42,-0.35888296365737915,-0.9263704419136047,0.11965574324131012,-0.32360559701919556
44,1,43,-0.19443146884441376,-1.0,0.11728209257125854,-0.32335227727890015
45,1,44,0.001055666827596724,1.0,0.12027628719806671,-0.32464462518692017
46,1,45,0.24836836755275726,-0.6704843044281006,0.12294995784759521,-0.3256527781486511
47,1,46,-0.0781647115945816,0.7100133299827576,0.12516267597675323,-0.3247670829296112
48,1,47,-0.1103498563170433,1.0,0.12191927433013916,-0.3268679976463318
49,1,48,-0.16444623470306396,0.10390513390302658,0.12154333293437958,-0.32692694664001465
50,1,49,-0.31091392040252686,0.8114028573036194,0.12096194922924042,-0.3251415193080902
51,2,0,0.446276992559433,1.0,0.32939040660858154,-0.32371172308921814
52,2,1,-0.004565132781863213,1.0,0.3327120244503021,-0.32041117548942566
53,2,2,0.05064228177070618,1.0,0.3293520212173462,-0.32079869508743286
54,2,3,-0.08804991841316223,0.40576472878456116,0.32895994186401367,-0.32098138332366943
55,2,4,-0.06591813266277313,0.2764403820037842,0.326675146818161,-0.31992554664611816
56,2,5,-0.05179447680711746,0.6028472185134888,0.3278679847717285,-0.3203689455986023
57,2,6,-0.228814035654068,0.12834341824054718,0.32770779728889465,-0.32078802585601807
58,2,7,-0.03346646949648857,-0.7165570259094238,0.3240131139755249,-0.3190126419067383
59,2,8,-0.020875876769423485,-0.001024658908136189,0.32742395997047424,-0.3215351402759552
60,2,9,0.06796697527170181,-0.11084312945604324,0.3285018801689148,-0.3224802017211914
61,2,10,-0.2067524939775467,0.6735954284667969,0.32429927587509155,-0.31725960969924927
62,2,11,-0.30231940746307373,1.0,0.3278828263282776,-0.3220078647136688
63,2,12,-0.39242082834243774,1.0,0.328789621591568,-0.32370448112487793
64,2,13,0.08782750368118286,-1.0,0.32733914256095886,-0.32403916120529175
65,2,14,-0.09693741053342819,0.19214069843292236,0.33101770281791687,-0.3227306604385376
66,2,15,-0.033132925629615784,-1.0,0.3268311321735382,-0.32038310170173645
67,2,16,0.22408249974250793,0.1686270833015442,0.32670894265174866,-0.320235937833786
68,2,17,0.06325271725654602,0.43474698066711426,0.3249484896659851,-0.3156239986419678
69,2,18,-0.03383706510066986,0.5592265129089355,0.3281223177909851,-0.3212139308452606
70,2,19,-0.18223848938941956,0.13078700006008148,0.3272818922996521,-0.31981807947158813
71,2,20,-0.036995142698287964,-0.988064706325531,0.3247719705104828,-0.319957971572876
72,2,21,0.17942535877227783,0.8441419005393982,0.32856088876724243,-0.3211093246936798
73,2,22,0.08615507185459137,-0.9622372388839722,0.32771795988082886,-0.31957322359085083
74,2,23,0.3684217631816864,-0.30087441205978394,0.32800745964050293,-0.3208160400390625
75,2,24,-0.37484511733055115,-0.7233802080154419,0.32601767778396606,-0.3151583671569824
76,2,25,-0.12892457842826843,0.4977174401283264,0.32588568329811096,-0.3232809901237488
77,2,26,-0.052625466138124466,-0.4754961431026459,0.33122798800468445,-0.3241746425628662
78,2,27,0.09175431728363037,-0.1649284064769745,0.3306843340396881,-0.3232918083667755
79,2,28,0.08946514129638672,-0.6458324193954468,0.32834306359291077,-0.32100754976272583
80,2,29,0.19072282314300537,-0.5101724863052368,0.330797404050827,-0.322116494178772
81,2,30,0.20123180747032166,0.4174063801765442,0.33338358998298645,-0.32348209619522095
82,2,31,-0.22334060072898865,-0.44801756739616394,0.32842642068862915,-0.3190992474555969
83,2,32,-0.19412069022655487,0.37904053926467896,0.32592880725860596,-0.32196712493896484
84,2,33,-0.10489261895418167,0.257121205329895,0.32803940773010254,-0.32219791412353516
85,2,34,-0.278014212846756,0.7431225180625916,0.3260939419269562,-0.3203815519809723
86,2,35,-0.20156988501548767,0.8741403818130493,0.32516756653785706,-0.3206954002380371
87,2,36,-0.3126170039176941,-0.22992566227912903,0.32621172070503235,-0.32090604305267334
88,2,37,-0.38046079874038696,-0.4028087258338928,0.3248653709888458,-0.32033678889274597
89,2,38,-0.03140416741371155,0.09803880006074905,0.3265664875507355,-0.3227735757827759
90,2,39,-0.21040917932987213,1.0,0.3285991847515106,-0.3213714361190796
91,2,40,-0.28493672609329224,0.6086807250976562,0.3273971676826477,-0.3222198486328125
92,2,41,-0.1440366804599762,1.0,0.32702407240867615,-0.321976900100708
93,2,42,-0.0315357968211174,-0.7122252583503723,0.328147828578949,-0.32178473472595215
94,2,43,-0.13604329526424408,0.32439666986465454,0.3291442394256592,-0.32245582342147827
95,2,44,-0.03361543267965317,-1.0,0.32752957940101624,-0.32198891043663025
96,2,45,0.1578429788351059,1.0,0.32693344354629517,-0.3207343816757202
97,2,46,-0.268361896276474,-1.0,0.328879177570343,-0.3197510838508606
98,2,47,-0.30121248960494995,1.0,0.3273618519306183,-0.32385575771331787
99,2,48,-0.010725333355367184,-0.30658698081970215,0.32657137513160706,-0.32339930534362793
100,2,49,0.011826867237687111,1.0,0.3247288167476654,-0.3176892101764679
101,3,0,-0.24778737127780914,-0.05121434107422829,0.34786173701286316,-0.21899892389774323
102,3,1,-0.08816264569759369,0.35284632444381714,0.3499526083469391,-0.21764738857746124
103,3,2,-0.04714400693774223,1.0,0.35182806849479675,-0.21719564497470856
104,3,3,-0.09420884400606155,-0.18146423995494843,0.35335713624954224,-0.21761454641819
105,3,4,-0.10523506999015808,0.21617625653743744,0.34938886761665344,-0.21661806106567383
106,3,5,-0.25588980317115784,1.0,0.3503422141075134,-0.21653404831886292
107,3,6,-0.1983131468296051,-1.0,0.35021278262138367,-0.2180851697921753
108,3,7,0.31529492139816284,-0.7328687906265259,0.35246649384498596,-0.2189212441444397
109,3,8,-0.16625651717185974,0.21057221293449402,0.352779746055603,-0.2154245376586914
110,3,9,-0.45219504833221436,1.0,0.3506322503089905,-0.21709281206130981
111,3,10,-0.06471515446901321,1.0,0.34920233488082886,-0.21870119869709015
112,3,11,0.14190199971199036,-0.31428757309913635,0.35289672017097473,-0.21786458790302277
113,3,12,-0.030029702931642532,-0.49930286407470703,0.3492661118507385,-0.213119238615036
114,3,13,-0.029497643932700157,1.0,0.3499581515789032,-0.21714681386947632
115,3,14,-0.05467574670910835,0.9351650476455688,0.3538985848426819,-0.21841710805892944
116,3,15,-0.29801762104034424,0.17659267783164978,0.3519986867904663,-0.2173977792263031
117,3,16,0.1144983321428299,-1.0,0.3463963568210602,-0.21546895802021027
118,3,17,0.3311832845211029,0.050893500447273254,0.35300615429878235,-0.21707144379615784
119,3,18,-0.06916995346546173,-0.111403688788414,0.3546811044216156,-0.216008722782135
120,3,19,-0.27946391701698303,1.0,0.3448547124862671,-0.21416650712490082
121,3,20,-0.0495443195104599,0.1954658329486847,0.3518413007259369,-0.21924728155136108
122,3,21,-0.3345165550708771,-0.2478136420249939,0.35171279311180115,-0.21694128215312958
123,3,22,0.3330611288547516,-1.0,0.3478427231311798,-0.21697427332401276
124,3,23,0.19254246354103088,1.0,0.3543753921985626,-0.21600720286369324
125,3,24,-0.3336825668811798,0.8243892192840576,0.3536074459552765,-0.2157762497663498
126,3,25,-0.2739647626876831,-0.1773085594177246,0.3502236604690552,-0.21782103180885315
127,3,26,-0.07877683639526367,1.0,0.3493214249610901,-0.21729256212711334
128,3,27,-0.20541706681251526,-0.5006605982780457,0.35270094871520996,-0.2176809012889862
129,3,28,0.3103715777397156,1.0,0.3480417728424072,-0.21604807674884796
130,3,29,-0.2016601413488388,0.6106195449829102,0.35607045888900757,-0.2178380936384201
131,3,30,-0.08275065571069717,-0.7131650447845459,0.351350337266922,-0.21755364537239075
132,3,31,-0.2270105928182602,0.9385122656822205,0.35389378666877747,-0.21893933415412903
133,3,32,-0.4375706911087036,-0.9701431393623352,0.35228922963142395,-0.21953819692134857
134,3,33,-0.0772772952914238,1.0,0.3490966856479645,-0.2187184989452362
135,3,34,-0.02400796115398407,-0.9801294207572937,0.35132530331611633,-0.21732334792613983
136,3,35,0.03539126366376877,0.04390554875135422,0.3521079421043396,-0.21749433875083923
137,3,36,-0.4824196398258209,1.0,0.3540191948413849,-0.21779696643352509
138,3,37,-0.06726165115833282,-0.1627599447965622,0.3516750633716583,-0.22036558389663696
139,3,38,0.24752187728881836,1.0,0.3527204990386963,-0.2176501750946045
140,3,39,0.31788936257362366,-0.70205157995224,0.3560769855976105,-0.21690727770328522
141,3,40,0.06392976641654968,-0.5409177541732788,0.355089008808136,-0.21703852713108063
142,3,41,0.33289673924446106,-0.745491087436676,0.3519175946712494,-0.2177148461341858
143,3,42,0.2584766447544098,-0.2754061818122864,0.3542745113372803,-0.2161412537097931
144,3,43,-0.05751075595617294,-0.04250643029808998,0.34867507219314575,-0.21373696625232697
145,3,44,-0.09697715938091278,-0.4829869270324707,0.3516866862773895,-0.21724119782447815
146,3,45,0.03863292559981346,-0.8034970760345459,0.35142749547958374,-0.21880945563316345
147,3,46,0.20456059277057648,0.9152466058731079,0.3445967733860016,-0.21320247650146484
148,3,47,0.09469343721866608,-0.17659516632556915,0.35125306248664856,-0.21638505160808563
149,3,48,-0.15645723044872284,0.32833465933799744,0.350827693939209,-0.2150593250989914
150,3,49,0.045680128037929535,0.433909147977829,0.3507934808731079,-0.2173086702823639
151,4,0,-0.13890762627124786,0.7149317264556885,0.2488468736410141,-0.11175495386123657
152,4,1,-0.08822716772556305,-1.0,0.24743928015232086,-0.11050239205360413
153,4,2,-0.09923285245895386,-0.22858916223049164,0.24708276987075806,-0.11047469079494476
154,4,3,-0.232279434800148,-0.8432076573371887,0.24559472501277924,-0.10945804417133331
155,4,4,-0.20566439628601074,0.04461878165602684,0.2471155822277069,-0.11068554222583771
156,4,5,-0.2502637505531311,0.3094724416732788,0.24795277416706085,-0.11084790527820587
157,4,6,-0.12076187878847122,1.0,0.24618996679782867,-0.11038856208324432
158,4,7,0.057021088898181915,0.7742190957069397,0.24884313344955444,-0.11008737981319427
159,4,8,-0.1515737622976303,-1.0,0.24935674667358398,-0.10954158008098602
160,4,9,-0.27078914642333984,0.9024609327316284,0.2472207397222519,-0.11044448614120483
161,4,10,-0.06951235979795456,-0.5718995332717896,0.24680426716804504,-0.11083240807056427
162,4,11,0.3490826189517975,-0.10839274525642395,0.24656899273395538,-0.10994566977024078
163,4,12,-0.5914182066917419,0.7572501301765442,0.24546337127685547,-0.10716694593429565
164,4,13,-0.19698499143123627,1.0,0.2422982156276703,-0.11091291904449463
165,4,14,-0.3771056532859802,0.9994649291038513,0.2488822489976883,-0.111310213804245
166,4,15,-0.26936158537864685,0.6201534271240234,0.24732007086277008,-0.11170466244220734
167,4,16,-0.172671839594841,0.2980633080005646,0.24898254871368408,-0.11152173578739166
168,4,17,0.23812654614448547,1.0,0.2467101514339447,-0.109877809882164
169,4,18,-0.03835620358586311,-0.23023268580436707,0.2499111443758011,-0.1087666004896164
170,4,19,0.023618968203663826,0.5903447270393372,0.24596154689788818,-0.10862290859222412
171,4,20,-0.30178189277648926,-0.015035690739750862,0.2488783299922943,-0.11007562279701233
172,4,21,-0.10157006978988647,1.0,0.24713493883609772,-0.11077256500720978
173,4,22,-0.07512350380420685,0.6983078718185425,0.2504635453224182,-0.11117212474346161
174,4,23,-0.17988571524620056,-0.9759069085121155,0.24728643894195557,-0.1098204106092453
175,4,24,0.1967950016260147,-0.740402340888977,0.24903881549835205,-0.1114177405834198
176,4,25,-0.15539544820785522,0.3949526846408844,0.24784350395202637,-0.10864195227622986
177,4,26,-0.06151842698454857,0.803259551525116,0.2478475719690323,-0.11038725078105927
178,4,27,0.006885985843837261,-0.4100424349308014,0.24882856011390686,-0.1099739521741867
179,4,28,-0.19231268763542175,0.620388388633728,0.24906502664089203,-0.11024333536624908
180,4,29,-0.24135194718837738,1.0,0.24787011742591858,-0.11052069067955017
181,4,30,-0.22641825675964355,-1.0,0.24839389324188232,-0.11158387362957001
182,4,31,-0.17729654908180237,-0.2964516282081604,0.2472507357597351,-0.11091510951519012
183,4,32,-0.32823389768600464,0.8267197012901306,0.24274860322475433,-0.10811202228069305
184,4,33,-0.0940420851111412,0.05622396618127823,0.24429287016391754,-0.10959146916866302
185,4,34,-0.23074379563331604,-1.0,0.24868038296699524,-0.11071985960006714
186,4,35,0.2853997051715851,-0.6235362887382507,0.24950261414051056,-0.11173094809055328
187,4,36,0.2909829318523407,-0.07260072231292725,0.23906442523002625,-0.10368458926677704
188,4,37,-0.21942241489887238,0.5847146511077881,0.2482845038175583,-0.11060640215873718
189,4,38,-0.06968014687299728,0.7614821791648865,0.2495078444480896,-0.11165089905261993
190,4,39,0.12009656429290771,-0.5572089552879333,0.2480875849723816,-0.11029741168022156
191,4,40,-0.04817797243595123,0.12952826917171478,0.24822363257408142,-0.10993979871273041
192,4,41,-0.26309967041015625,0.48760664463043213,0.24944151937961578,-0.11059689521789551
193,4,42,-0.19300450384616852,0.2070404440164566,0.24671350419521332,-0.11053600907325745
194,4,43,0.4368095099925995,1.0,0.24599933624267578,-0.10969826579093933
195,4,44,0.255589097738266,0.9288569092750549,0.25146499276161194,-0.1075340062379837
196,4,45,-0.13946668803691864,-0.04503844678401947,0.2514142692089081,-0.1085285097360611
197,4,46,-0.1973404735326767,0.7769834399223328,0.24556928873062134,-0.1099570244550705
198,4,47,-0.37661585211753845,1.0,0.24794237315654755,-0.11034540832042694
199,4,48,-0.2249337136745453,0.1111227348446846,0.2466990053653717,-0.11136917769908905
200,4,49,-0.12502507865428925,0.2586040794849396,0.24686525762081146,-0.11016063392162323
201,5,0,-0.2763349413871765,0.3198413848876953,0.10486600548028946,-0.211978018283844
202,5,1,-0.3608156740665436,-1.0,0.10122580081224442,-0.21157224476337433
203,5,2,-0.2877092957496643,0.6792901158332825,0.10155897587537766,-0.21386848390102386
204,5,3,-0.18623633682727814,0.19408807158470154,0.10127966850996017,-0.2117471694946289
205,5,4,-0.14925841987133026,0.9817425012588501,0.10036738961935043,-0.20971107482910156
206,5,5,0.5504693984985352,-0.7494389414787292,0.10284706205129623,-0.21212592720985413
207,5,6,-0.22380749881267548,0.4130801856517792,0.10425091534852982,-0.2067888081073761
208,5,7,-0.26391634345054626,-1.0,0.10040395706892014,-0.21108035743236542
209,5,8,-0.009526129812002182,1.0,0.10165134817361832,-0.21272900700569153
210,5,9,-0.15021248161792755,-1.0,0.10167757421731949,-0.21128807961940765
211,5,10,-0.0689481645822525,-0.4799828827381134,0.1039908304810524,-0.21289633214473724
212,5,11,0.6255525350570679,-0.6213813424110413,0.10350628942251205,-0.2127997726202011
213,5,12,0.22314412891864777,1.0,0.09901336580514908,-0.20178252458572388
214,5,13,-0.06260547041893005,0.7415938377380371,0.09748866409063339,-0.21153868734836578
215,5,14,0.3026565611362457,-0.574122965335846,0.1012905165553093,-0.20968399941921234
216,5,15,0.5080627202987671,-1.0,0.1054701879620552,-0.21028229594230652
217,5,16,0.19143255054950714,1.0,0.11051084846258163,-0.21161559224128723
218,5,17,0.0677403137087822,-0.5177643895149231,0.10523150116205215,-0.2094828486442566
219,5,18,-0.31284570693969727,0.20348899066448212,0.10360696166753769,-0.2099594920873642
220,5,19,0.1262839287519455,0.0701780766248703,0.09912847727537155,-0.21035154163837433
221,5,20,0.2397373765707016,0.16995510458946228,0.10411377996206284,-0.21070031821727753
222,5,21,-0.18871307373046875,1.0,0.10498809069395065,-0.20793236792087555
223,5,22,-0.07341459393501282,1.0,0.09961294382810593,-0.2105652242898941
224,5,23,-0.12591339647769928,0.9021283388137817,0.103134386241436,-0.2109803706407547
225,5,24,-0.2267480194568634,0.6571969985961914,0.10084124654531479,-0.21042320132255554
226,5,25,-0.11964545398950577,0.6552018523216248,0.10204427689313889,-0.21062496304512024
227,5,26,-0.24186831712722778,0.2796860337257385,0.10228412598371506,-0.21119622886180878
228,5,27,-0.06673337519168854,-0.5710544586181641,0.1006653681397438,-0.210902601480484
229,5,28,0.24200275540351868,-0.9074785113334656,0.10370885580778122,-0.21114322543144226
230,5,29,0.08020346611738205,-0.6831473112106323,0.10445501655340195,-0.20996907353401184
231,5,30,-0.43262210488319397,1.0,0.0995546206831932,-0.21050016582012177
232,5,31,-0.08225511759519577,0.7263285517692566,0.10251782089471817,-0.2142806202173233
233,5,32,-0.11685111373662949,1.0,0.10318861156702042,-0.2113463133573532
234,5,33,-0.01085743959993124,0.5497357845306396,0.10271551460027695,-0.21170930564403534
235,5,34,0.22815099358558655,-0.11174766719341278,0.10493945330381393,-0.21124126017093658
236,5,35,0.07829488068819046,0.780742347240448,0.09917733818292618,-0.20626632869243622
237,5,36,-0.40540632605552673,-0.2142878621816635,0.10162577778100967,-0.20967964828014374
238,5,37,-0.07239598780870438,1.0,0.09812317043542862,-0.21039506793022156
239,5,38,0.0440671443939209,-0.6211283802986145,0.10176845639944077,-0.21145963668823242
240,5,39,0.17425298690795898,-1.0,0.0990988239645958,-0.2058454304933548
241,5,40,0.2878486216068268,-0.6457105875015259,0.09879184514284134,-0.21185556054115295
242,5,41,0.36883804202079773,0.9361532926559448,0.10718349367380142,-0.21146799623966217
243,5,42,-0.19423808157444,0.03865527734160423,0.10477585345506668,-0.21141667664051056
244,5,43,-0.016661977395415306,1.0,0.10104873031377792,-0.21088595688343048
245,5,44,-0.11950697749853134,0.9508894085884094,0.10166832059621811,-0.2106403112411499
246,5,45,0.08058664947748184,1.0,0.10221640020608902,-0.2112562656402588
247,5,46,-0.11727476119995117,-1.0,0.10407539457082748,-0.21060191094875336
248,5,47,-0.242667093873024,0.05014632269740105,0.10273458808660507,-0.21172015368938446
249,5,48,-0.05568702891469002,-0.23992010951042175,0.10145200043916702,-0.21158097684383392
250,5,49,-0.09581589698791504,-1.0,0.10081002861261368,-0.20918701589107513
251,6,0,0.22033163905143738,-0.604400098323822,-0.05507085099816322,-0.26195502281188965
252,6,1,0.46874314546585083,-1.0,-0.057967085391283035,-0.2589607834815979
253,6,2,-0.16773617267608643,1.0,-0.057484228163957596,-0.2649140954017639
254,6,3,-0.2643760144710541,0.36798837780952454,-0.05458484962582588,-0.26506420969963074
255,6,4,-0.1751909852027893,-0.17826984822750092,-0.056572023779153824,-0.2645936906337738
256,6,5,-0.4081592559814453,0.21632371842861176,-0.05573839321732521,-0.26275816559791565
257,6,6,-0.307770311832428,-1.0,-0.05876458063721657,-0.2639405131340027
258,6,7,0.03505844995379448,1.0,-0.05659598484635353,-0.26496389508247375
259,6,8,-0.3634898364543915,0.7600608468055725,-0.05387953296303749,-0.26390939950942993
260,6,9,0.30872684717178345,-0.7462264895439148,-0.05642539635300636,-0.2643519937992096
261,6,10,-0.019849255681037903,-0.07036682963371277,-0.055568594485521317,-0.2607766389846802
262,6,11,0.3860664963722229,-1.0,-0.053579870611429214,-0.2633253037929535
263,6,12,-7.163571717683226e-05,0.22860024869441986,-0.049881462007761,-0.26264792680740356
264,6,13,-0.000345830136211589,-1.0,-0.05327272787690163,-0.2631567418575287
265,6,14,0.03148042410612106,0.523155689239502,-0.05349797382950783,-0.26515698432922363
266,6,15,-0.10215083509683609,0.9874796271324158,-0.05294762924313545,-0.2641674876213074
267,6,16,-0.11132751405239105,0.19906820356845856,-0.053642962127923965,-0.2646903395652771
268,6,17,-0.21195437014102936,-1.0,-0.05723774805665016,-0.26232585310935974
269,6,18,0.35165438055992126,-1.0,-0.054011184722185135,-0.26430949568748474
270,6,19,-0.04817402362823486,-0.6165937781333923,-0.04993284121155739,-0.26125413179397583
271,6,20,-0.1825641691684723,-1.0,-0.05944891646504402,-0.2554418742656708
272,6,21,-0.1060957983136177,-0.3066660165786743,-0.05940959230065346,-0.26691734790802
273,6,22,-0.06192789226770401,-0.4051758944988251,-0.05767383053898811,-0.2614014446735382
274,6,23,-0.24417288601398468,0.38627928495407104,-0.055682796984910965,-0.2630925178527832
275,6,24,0.0667739287018776,-1.0,-0.05619112029671669,-0.2637358009815216
276,6,25,-0.2625281810760498,0.1858116090297699,-0.052897725254297256,-0.2643778920173645
277,6,26,-0.5280800461769104,-0.40994518995285034,-0.0556897409260273,-0.26295751333236694
278,6,27,0.09024982899427414,-0.6849358677864075,-0.0580543614923954,-0.2655699849128723
279,6,28,-0.5926693677902222,-1.0,-0.05433790758252144,-0.2652578353881836
280,6,29,0.20216959714889526,-0.26931825280189514,-0.05895597115159035,-0.268803209066391
281,6,30,-0.24206078052520752,0.41027969121932983,-0.05249481275677681,-0.2606574296951294
282,6,31,-0.20403596758842468,0.6070808172225952,-0.05673970654606819,-0.2625899314880371
283,6,32,0.14615513384342194,0.8940215706825256,-0.05580798164010048,-0.26504945755004883
284,6,33,-0.06953883171081543,-0.5919267535209656,-0.05299905315041542,-0.26336634159088135
285,6,34,0.6537092924118042,1.0,-0.05908766761422157,-0.2598511576652527
286,6,35,-0.22420227527618408,-0.5454275012016296,-0.05126171186566353,-0.26373934745788574
287,6,36,0.14534953236579895,1.0,-0.0583500899374485,-0.264039546251297
288,6,37,0.3786739706993103,-0.5353550314903259,-0.05098574236035347,-0.2664046883583069
289,6,38,0.46586084365844727,0.42659205198287964,-0.05375606194138527,-0.26357895135879517
290,6,39,0.0012886784970760345,-0.09913721680641174,-0.05006714537739754,-0.26304811239242554
291,6,40,0.23847654461860657,-0.38369694352149963,-0.05282508209347725,-0.26020950078964233
292,6,41,0.4077370762825012,1.0,-0.05386253073811531,-0.2617272734642029
293,6,42,0.05483279377222061,0.685211718082428,-0.05072220042347908,-0.26211145520210266
294,6,43,0.2691735625267029,0.035659920424222946,-0.0532074011862278,-0.2629961371421814
295,6,44,-0.21265944838523865,-0.31850647926330566,-0.05271660163998604,-0.26363706588745117
296,6,45,0.15627267956733704,-0.1999988555908203,-0.0592203326523304,-0.2602567672729492
297,6,46,-0.32785314321517944,1.0,-0.051458630710840225,-0.25981879234313965
298,6,47,-0.3904934227466583,-0.9039748907089233,-0.05482732132077217,-0.2652980089187622
299,6,48,-0.15029007196426392,0.9614177346229553,-0.057445723563432693,-0.26520615816116333
300,6,49,-0.28213438391685486,-0.393736332654953,-0.05489218607544899,-0.2626549005508423
301,7,0,-0.22743138670921326,-1.0,-0.13142208755016327,-0.19046398997306824
302,7,1,-0.1223427876830101,-1.0,-0.1304536610841751,-0.19449883699417114
303,7,2,-0.2135741412639618,0.23210810124874115,-0.12703318893909454,-0.1952648162841797
304,7,3,-0.3317963778972626,1.0,-0.12891681492328644,-0.19393670558929443
305,7,4,-0.24378760159015656,-0.31783345341682434,-0.13147975504398346,-0.1946832835674286
306,7,5,-0.18957290053367615,0.3156001567840576,-0.1324138045310974,-0.19064545631408691
307,7,6,0.2733728885650635,-0.615288257598877,-0.1302221715450287,-0.19295811653137207
308,7,7,-0.029877401888370514,0.8155623078346252,-0.1271771490573883,-0.1852947622537613
309,7,8,-0.4640428423881531,0.5851762890815735,-0.13118688762187958,-0.1947324424982071
310,7,9,0.007890013046562672,1.0,-0.13118433952331543,-0.1955912858247757
311,7,10,0.051889073103666306,-0.6795728206634521,-0.1265113800764084,-0.1941182017326355
312,7,11,-0.5057935118675232,-1.0,-0.12764738500118256,-0.1939338594675064
313,7,12,-0.17184671759605408,0.3588632047176361,-0.13129805028438568,-0.1973237544298172
314,7,13,-0.03901856765151024,-0.03386346250772476,-0.12874877452850342,-0.19360801577568054
315,7,14,-0.20782971382141113,0.5013183951377869,-0.1281820386648178,-0.19341689348220825
316,7,15,-0.2510192096233368,-0.8786495923995972,-0.13020436465740204,-0.194697767496109
317,7,16,0.2590990662574768,-1.0,-0.13087330758571625,-0.19456827640533447
318,7,17,0.1369708776473999,1.0,-0.12519888579845428,-0.19310924410820007
319,7,18,-0.2995239496231079,-0.37790724635124207,-0.1258581131696701,-0.19391506910324097
320,7,19,-0.29273343086242676,-1.0,-0.13008075952529907,-0.19560913741588593
321,7,20,0.11948054283857346,-0.026388680562376976,-0.13002118468284607,-0.1956350952386856
322,7,21,-0.4047747254371643,-0.37277403473854065,-0.12601535022258759,-0.19227038323879242
323,7,22,-0.22283074259757996,0.12419319897890091,-0.12976770102977753,-0.19568605720996857
324,7,23,0.13204799592494965,-0.5615688562393188,-0.12918642163276672,-0.19371899962425232
325,7,24,0.2968135476112366,0.6086857914924622,-0.12766291201114655,-0.19435888528823853
326,7,25,-0.2616327106952667,0.8387748003005981,-0.12717555463314056,-0.19449006021022797
327,7,26,-0.18818049132823944,0.8167101740837097,-0.12863604724407196,-0.19430744647979736
328,7,27,-0.2878536880016327,0.8264040350914001,-0.1292986124753952,-0.19420744478702545
329,7,28,-0.3653901517391205,1.0,-0.1291692554950714,-0.19454383850097656
330,7,29,-0.12037673592567444,0.4468425512313843,-0.1299716830253601,-0.19462697207927704
331,7,30,0.29778578877449036,-1.0,-0.13024772703647614,-0.1941671073436737
332,7,31,-0.5763330459594727,0.3387676775455475,-0.12532031536102295,-0.19213882088661194
333,7,32,-0.3176253139972687,0.08710870891809464,-0.13178853690624237,-0.1947365552186966
334,7,33,-0.08682969957590103,-0.3007291257381439,-0.12962347269058228,-0.19472475349903107
335,7,34,-0.2025197148323059,-0.1066512018442154,-0.131235733628273,-0.18975481390953064
336,7,35,0.27567553520202637,-0.6331010460853577,-0.12919802963733673,-0.19117560982704163
337,7,36,0.6431171298027039,-0.6587851643562317,-0.12464335560798645,-0.19374719262123108
338,7,37,0.13947056233882904,-0.07917355000972748,-0.1200374960899353,-0.19490864872932434
339,7,38,-0.09838197380304337,0.17893357574939728,-0.12626288831233978,-0.19493719935417175
340,7,39,-0.11629755795001984,0.686689019203186,-0.12827029824256897,-0.19191695749759674
341,7,40,-0.25172752141952515,0.9128379821777344,-0.1285792589187622,-0.192912295460701
342,7,41,-0.23006218671798706,1.0,-0.1288900077342987,-0.1940978765487671
343,7,42,-0.1290975660085678,0.4896192252635956,-0.12861311435699463,-0.19492456316947937
344,7,43,-0.27683648467063904,-1.0,-0.12689031660556793,-0.19342368841171265
345,7,44,0.00992747861891985,-0.3509634733200073,-0.1289176344871521,-0.19548407196998596
346,7,45,0.058420442044734955,-0.8654356598854065,-0.12677140533924103,-0.19217649102210999
347,7,46,0.04181854799389839,-0.0447428897023201,-0.12884625792503357,-0.19294844567775726
348,7,47,0.2717747986316681,1.0,-0.12720738351345062,-0.19365154206752777
349,7,48,0.2299250215291977,-0.2014705389738083,-0.12494568526744843,-0.19241629540920258
350,7,49,-0.14071595668792725,-0.20248503983020782,-0.12727513909339905,-0.1908251941204071
351,8,0,-0.21257589757442474,-1.0,-0.19861748814582825,-0.15937525033950806
352,8,1,-0.4496026039123535,1.0,-0.20065265893936157,-0.16069145500659943
353,8,2,-0.040179166942834854,-0.0632433146238327,-0.201051726937294,-0.16195467114448547
354,8,3,-0.15394800901412964,-0.7586345076560974,-0.19879962503910065,-0.1604321002960205
355,8,4,-0.05574285238981247,-1.0,-0.20385940372943878,-0.15713754296302795
356,8,5,-0.06407836824655533,0.19842317700386047,-0.19759473204612732,-0.1592743992805481
357,8,6,0.1741037368774414,-0.1467602550983429,-0.1970447301864624,-0.15715694427490234
358,8,7,-0.12317388504743576,1.0,-0.19558191299438477,-0.15660348534584045
359,8,8,-0.2448769211769104,1.0,-0.19823308289051056,-0.15953266620635986
360,8,9,-0.08332022279500961,-0.3435921370983124,-0.19950056076049805,-0.16073936223983765
361,8,10,-0.3808034658432007,-0.5872461199760437,-0.1980878710746765,-0.1570671945810318
362,8,11,0.2937382161617279,0.6601786613464355,-0.2040540724992752,-0.15724028646945953
363,8,12,0.1128971129655838,0.01768856681883335,-0.19834184646606445,-0.15903067588806152
364,8,13,0.4179021120071411,0.5309475660324097,-0.19475683569908142,-0.15917235612869263
365,8,14,-0.10744857043027878,-0.1517910212278366,-0.19304224848747253,-0.15684431791305542
366,8,15,0.17036589980125427,-0.7461422085762024,-0.19724713265895844,-0.15878541767597198
367,8,16,-0.1681489646434784,-1.0,-0.19803480803966522,-0.15715545415878296
368,8,17,-0.12880839407444,0.7142791152000427,-0.19895750284194946,-0.1604842096567154
369,8,18,-0.018298713490366936,1.0,-0.19939078390598297,-0.15818750858306885
370,8,19,-0.2675827443599701,-1.0,-0.197041317820549,-0.15922388434410095
371,8,20,0.19942471385002136,-1.0,-0.19962717592716217,-0.16058148443698883
372,8,21,0.07638836652040482,0.028798721730709076,-0.19449381530284882,-0.15883572399616241
373,8,22,-0.18265606462955475,0.3018796443939209,-0.19580723345279694,-0.158237487077713
374,8,23,-0.09454565495252609,0.01952390931546688,-0.19746173918247223,-0.15866048634052277
375,8,24,-0.5115097165107727,-1.0,-0.19811050593852997,-0.15902352333068848
376,8,25,-0.30448082089424133,0.15616358816623688,-0.20234152674674988,-0.16121003031730652
377,8,26,0.04822387918829918,1.0,-0.199673593044281,-0.16047653555870056
378,8,27,-0.00222452892921865,-1.0,-0.19922354817390442,-0.1588841825723648
379,8,28,0.14005059003829956,-0.7014682292938232,-0.1965537816286087,-0.1599580943584442
380,8,29,0.179708793759346,-0.5610564351081848,-0.19728708267211914,-0.15954220294952393
381,8,30,0.3011842668056488,1.0,-0.1974063664674759,-0.1607857644557953
382,8,31,-0.17513097822666168,0.9130812883377075,-0.19990679621696472,-0.15942785143852234
383,8,32,-0.3246012032032013,0.9236268401145935,-0.20011727511882782,-0.15919457376003265
384,8,33,0.375934898853302,-1.0,-0.20130786299705505,-0.1593208760023117
385,8,34,-0.19297757744789124,-0.9877028465270996,-0.1922711431980133,-0.15724530816078186
386,8,35,0.053373582661151886,-1.0,-0.19710099697113037,-0.1605544090270996
387,8,36,-0.05084455385804176,0.684727132320404,-0.19499586522579193,-0.15961425006389618
388,8,37,-0.13036872446537018,1.0,-0.19686448574066162,-0.1588294804096222
389,8,38,-0.028041603043675423,-0.4954822063446045,-0.19825083017349243,-0.15950970351696014
390,8,39,0.1626308411359787,-0.27521127462387085,-0.19623883068561554,-0.1589052677154541
391,8,40,0.3841772973537445,-0.4925890266895294,-0.20018631219863892,-0.15516287088394165
392,8,41,-0.13672524690628052,0.7115865349769592,-0.1983647495508194,-0.1560407280921936
393,8,42,0.2013176679611206,-1.0,-0.19997826218605042,-0.15927644073963165
394,8,43,-0.18332608044147491,0.32363665103912354,-0.1977844536304474,-0.15932288765907288
395,8,44,-0.30267804861068726,0.3648150563240051,-0.20036710798740387,-0.1601487696170807
396,8,45,-0.023789523169398308,0.2746462821960449,-0.20020072162151337,-0.1598605215549469
397,8,46,0.19243255257606506,1.0,-0.1973068118095398,-0.15942643582820892
398,8,47,-0.19560275971889496,0.40613383054733276,-0.1948550045490265,-0.15844285488128662
399,8,48,-0.041527144610881805,0.6098838448524475,-0.19845226407051086,-0.15906819701194763
400,8,49,-0.262412428855896,-0.2172735631465912,-0.19657732546329498,-0.15909089148044586
401,9,0,0.05184869095683098,-0.12082519382238388,-0.31539610028266907,-0.15271487832069397
402,9,1,0.10896822065114975,1.0,-0.3167875409126282,-0.15261304378509521
403,9,2,0.5398253798484802,-0.6213225722312927,-0.316272497177124,-0.15384796261787415
404,9,3,0.1054704412817955,-0.43700745701789856,-0.3140907287597656,-0.15145407617092133
405,9,4,0.009439271874725819,0.9575629830360413,-0.3189990520477295,-0.15581196546554565
406,9,5,-0.2552781105041504,1.0,-0.31791746616363525,-0.15319521725177765
407,9,6,0.272719144821167,-0.8669986128807068,-0.31972169876098633,-0.15497231483459473
408,9,7,0.1409987062215805,1.0,-0.3153649568557739,-0.1528349220752716
409,9,8,0.36946210265159607,-0.9445477724075317,-0.314816951751709,-0.1526181548833847
410,9,9,0.07406355440616608,0.44458916783332825,-0.3168974816799164,-0.15264922380447388
411,9,10,-0.3130393922328949,-1.0,-0.3155675232410431,-0.15185502171516418
412,9,11,-0.42427340149879456,-0.18891483545303345,-0.32075875997543335,-0.15565955638885498
413,9,12,-0.08599686622619629,-0.7007949948310852,-0.31945186853408813,-0.15343709290027618
414,9,13,-0.0406489260494709,0.28362300992012024,-0.31992876529693604,-0.1546514332294464
415,9,14,-0.09045939892530441,0.576775848865509,-0.32040512561798096,-0.1553732007741928
416,9,15,0.12048051506280899,0.5918383002281189,-0.318475604057312,-0.15405534207820892
417,9,16,-0.04674600437283516,-1.0,-0.315757155418396,-0.15245431661605835
418,9,17,-0.19402755796909332,-0.8246287107467651,-0.3193402886390686,-0.15457962453365326
419,9,18,-0.2596987187862396,0.18367835879325867,-0.3235175609588623,-0.15240781009197235
420,9,19,-0.027968330308794975,0.6548945307731628,-0.3208030164241791,-0.15270370244979858
421,9,20,-0.15791286528110504,1.0,-0.31542307138442993,-0.1529778242111206
422,9,21,0.3276602327823639,-0.08375842124223709,-0.3180381953716278,-0.15472568571567535
423,9,22,-0.12810851633548737,1.0,-0.31539636850357056,-0.1509787142276764
424,9,23,-0.3462962508201599,0.40591350197792053,-0.31872081756591797,-0.15471434593200684
425,9,24,0.21286942064762115,-1.0,-0.32108646631240845,-0.15490888059139252
426,9,25,-0.21704703569412231,-0.7563329339027405,-0.31424495577812195,-0.15307553112506866
427,9,26,-0.37580257654190063,-1.0,-0.319180428981781,-0.1530500054359436
428,9,27,-0.39368078112602234,0.0389179028570652,-0.3255343735218048,-0.15538620948791504
429,9,28,-0.24026843905448914,0.45713669061660767,-0.32090795040130615,-0.15615998208522797
430,9,29,-0.004425377119332552,-0.8600502610206604,-0.3196924030780792,-0.15531077980995178
431,9,30,0.4687943458557129,-1.0,-0.3186655044555664,-0.1549532264471054
432,9,31,0.12001547962427139,1.0,-0.3136444091796875,-0.15223915874958038
433,9,32,0.3789743483066559,-0.5291485786437988,-0.3141189515590668,-0.1533428430557251
434,9,33,0.2766549289226532,-0.6353265047073364,-0.314319372177124,-0.15302544832229614
435,9,34,0.18510298430919647,0.2298898696899414,-0.3174944519996643,-0.15392671525478363
436,9,35,-0.04562204331159592,-0.841675877571106,-0.31775617599487305,-0.1537976711988449
437,9,36,-0.04301469773054123,-1.0,-0.31701719760894775,-0.15403307974338531
438,9,37,-0.05449012666940689,-1.0,-0.31592750549316406,-0.15380778908729553
439,9,38,-0.029822062700986862,0.12109080702066422,-0.3170352578163147,-0.15473586320877075
440,9,39,-0.2153453826904297,-0.47655734419822693,-0.31912046670913696,-0.1534796506166458
441,9,40,0.06505393981933594,0.1940254122018814,-0.31946563720703125,-0.15559953451156616
442,9,41,0.014858421869575977,1.0,-0.3198244273662567,-0.1524590700864792
443,9,42,-0.07171426713466644,-1.0,-0.31886571645736694,-0.15391811728477478
444,9,43,-0.34300896525382996,0.7935466766357422,-0.3185306787490845,-0.15596556663513184
445,9,44,0.023074159398674965,0.5810840725898743,-0.31997305154800415,-0.15531496703624725
446,9,45,0.03496905416250229,-1.0,-0.3180864155292511,-0.1546027511358261
447,9,46,0.6743999123573303,-1.0,-0.3145502209663391,-0.15374986827373505
448,9,47,0.35897305607795715,-0.10517279803752899,-0.31093716621398926,-0.15187737345695496
449,9,48,-0.06309004127979279,0.21994046866893768,-0.3153967261314392,-0.15030431747436523
450,9,49,0.014770818874239922,0.531085729598999,-0.31738877296447754,-0.15249066054821014
451,10,0,0.08144193142652512,-0.9934196472167969,-0.36938899755477905,-0.13214567303657532
452,10,1,0.15665729343891144,-0.30649039149284363,-0.36871370673179626,-0.13179077208042145
453,10,2,-0.13915450870990753,0.42472776770591736,-0.3684370517730713,-0.12751422822475433
454,10,3,0.21643555164337158,-0.983467161655426,-0.36670705676078796,-0.12981373071670532
455,10,4,-0.19131921231746674,-0.6026122570037842,-0.36546412110328674,-0.13033664226531982
456,10,5,0.20192265510559082,-0.09295884519815445,-0.3690672218799591,-0.12858258187770844
457,10,6,-0.08478201180696487,0.24735400080680847,-0.3652721643447876,-0.12782564759254456
458,10,7,0.10823681205511093,-1.0,-0.3670022487640381,-0.13034938275814056
459,10,8,0.021409662440419197,-1.0,-0.3699674606323242,-0.13175608217716217
460,10,9,0.047149658203125,0.3465787470340729,-0.3662671446800232,-0.13196644186973572
461,10,10,0.14301259815692902,0.03585286810994148,-0.36604851484298706,-0.13058443367481232
462,10,11,0.2570168972015381,-1.0,-0.36583787202835083,-0.12964476644992828
463,10,12,0.05804990604519844,-1.0,-0.3647785186767578,-0.13068769872188568
464,10,13,-0.19820813834667206,-1.0,-0.3672075867652893,-0.13102813065052032
465,10,14,0.24864418804645538,-0.08800478279590607,-0.36692339181900024,-0.13123328983783722
466,10,15,0.3792349696159363,-0.5804483294487,-0.3661144971847534,-0.1281455159187317
467,10,16,0.3300248980522156,-1.0,-0.3666751980781555,-0.12813591957092285
468,10,17,0.07154305279254913,0.14361555874347687,-0.3741180896759033,-0.13130520284175873
469,10,18,-0.08300755172967911,-1.0,-0.3627142012119293,-0.13023747503757477
470,10,19,-0.3627530038356781,-0.9236654043197632,-0.37031954526901245,-0.13246086239814758
471,10,20,-0.523330807685852,0.11551040410995483,-0.3722596764564514,-0.13167434930801392
472,10,21,-0.1725517362356186,-1.0,-0.37349367141723633,-0.13208924233913422
473,10,22,-0.25903427600860596,-1.0,-0.36984872817993164,-0.13334505259990692
474,10,23,-0.351467490196228,-1.0,-0.36980319023132324,-0.13325349986553192
475,10,24,-0.09863775223493576,1.0,-0.3696371018886566,-0.13336500525474548
476,10,25,-0.10790923982858658,-1.0,-0.3671988844871521,-0.13231171667575836
477,10,26,0.07558700442314148,-0.25469210743904114,-0.36825883388519287,-0.1326248198747635
478,10,27,-0.15441374480724335,-0.4066527485847473,-0.36642003059387207,-0.13039037585258484
479,10,28,-0.13523635268211365,0.17054075002670288,-0.3696053922176361,-0.1317872554063797
480,10,29,-0.10772164165973663,0.30480945110321045,-0.3684293031692505,-0.13168363273143768
481,10,30,0.034264061599969864,0.06215563416481018,-0.36884546279907227,-0.13122792541980743
482,10,31,-0.12922461330890656,0.19517801702022552,-0.36558854579925537,-0.13075454533100128
483,10,32,0.1726338118314743,-0.5112105011940002,-0.36595651507377625,-0.13071618974208832
484,10,33,0.1149362251162529,-1.0,-0.36910709738731384,-0.1311367303133011
485,10,34,-0.18582159280776978,-0.575810968875885,-0.3675903379917145,-0.1329108029603958
486,10,35,0.050665732473134995,0.8159807324409485,-0.36962899565696716,-0.12968169152736664
487,10,36,-0.2729443609714508,-0.4654832184314728,-0.3757402300834656,-0.13135161995887756
488,10,37,0.3286028802394867,-0.5022825598716736,-0.37073755264282227,-0.13238558173179626
489,10,38,-0.12086829543113708,0.23523591458797455,-0.3695118725299835,-0.13001073896884918
490,10,39,-0.01997077278792858,-1.0,-0.36730778217315674,-0.1305823028087616
491,10,40,-0.07635658979415894,1.0,-0.3699793219566345,-0.13123200833797455
492,10,41,0.3428254723548889,-0.5999252200126648,-0.36839747428894043,-0.13128243386745453
493,10,42,-0.09069457650184631,-0.7930824756622314,-0.3658370077610016,-0.1253124475479126
494,10,43,-0.3044729232788086,-0.9115544557571411,-0.37225717306137085,-0.13025082647800446
495,10,44,0.24127277731895447,-1.0,-0.37042757868766785,-0.1318894475698471
496,10,45,-0.10005602240562439,-0.21063975989818573,-0.363472044467926,-0.12967316806316376
497,10,46,-0.22133052349090576,-0.8535515069961548,-0.36556944251060486,-0.13062648475170135
498,10,47,-0.32100144028663635,-1.0,-0.36959537863731384,-0.1315433830022812
499,10,48,0.25468167662620544,-1.0,-0.3698982000350952,-0.13280631601810455
500,10,49,0.08369213342666626,-1.0,-0.3666965961456299,-0.1312093734741211
501,11,0,0.13281604647636414,-0.8430272340774536,-0.33241012692451477,-0.09257476031780243
502,11,1,-0.4210873544216156,-1.0,-0.3365096151828766,-0.09360401332378387
503,11,2,-0.2941429316997528,0.13390515744686127,-0.33965417742729187,-0.09600113332271576
504,11,3,-0.2623748481273651,-0.1759619414806366,-0.3389755189418793,-0.09533865749835968
505,11,4,-0.27101024985313416,-0.9276371002197266,-0.33786866068840027,-0.09415847063064575
506,11,5,-0.30802732706069946,-0.4363006353378296,-0.33830124139785767,-0.09465709328651428
507,11,6,-0.20717842876911163,-1.0,-0.3397769033908844,-0.095367431640625
508,11,7,-0.13767535984516144,-1.0,-0.3389166593551636,-0.09548528492450714
509,11,8,-0.12032882869243622,1.0,-0.33439573645591736,-0.09387953579425812
510,11,9,-0.014915091916918755,-0.22639618813991547,-0.33648666739463806,-0.09445811808109283
511,11,10,-0.3620463013648987,-1.0,-0.33571094274520874,-0.09315264225006104
512,11,11,0.3801001310348511,-1.0,-0.34174445271492004,-0.09593760967254639
513,11,12,-0.32340604066848755,-0.7548375129699707,-0.33572739362716675,-0.09289157390594482
514,11,13,-0.23350714147090912,1.0,-0.34400805830955505,-0.0942796915769577
515,11,14,-0.2745075523853302,-1.0,-0.3394130766391754,-0.09508436918258667
516,11,15,-0.3202979266643524,-1.0,-0.3385251462459564,-0.09461836516857147
517,11,16,-0.21309180557727814,0.15625247359275818,-0.33859556913375854,-0.094999760389328
518,11,17,-0.24030306935310364,0.122315414249897,-0.3382020890712738,-0.09493355453014374
519,11,18,0.1162944883108139,0.45785215497016907,-0.3416885435581207,-0.09533052146434784
520,11,19,-0.03824736177921295,-1.0,-0.33759805560112,-0.09397676587104797
521,11,20,-0.5943860411643982,0.12824274599552155,-0.3389835059642792,-0.09535099565982819
522,11,21,-0.03158017247915268,1.0,-0.3414733111858368,-0.09650160372257233
523,11,22,-0.31777042150497437,0.7298464179039001,-0.33780109882354736,-0.09470248222351074
524,11,23,-0.07789938896894455,1.0,-0.33996298909187317,-0.095328688621521
525,11,24,0.10002545267343521,-0.28113049268722534,-0.3374060392379761,-0.09447215497493744
526,11,25,0.1473226249217987,-1.0,-0.33384647965431213,-0.0915740579366684
527,11,26,0.1399441808462143,-1.0,-0.3353222608566284,-0.09297268092632294
528,11,27,0.6227113604545593,-1.0,-0.33450624346733093,-0.09296022355556488
529,11,28,0.06337718665599823,1.0,-0.33585062623023987,-0.09204186499118805
530,11,29,-0.1580502688884735,-1.0,-0.33601149916648865,-0.09356623888015747
531,11,30,-0.11971479654312134,0.13823872804641724,-0.33887144923210144,-0.09551087021827698
532,11,31,-0.03297200798988342,-0.7574722766876221,-0.33769044280052185,-0.09478724002838135
533,11,32,0.11505614221096039,-0.30133533477783203,-0.34066706895828247,-0.0929110199213028
534,11,33,0.11530565470457077,1.0,-0.33860573172569275,-0.09268712997436523
535,11,34,-0.1707170456647873,-1.0,-0.3358440101146698,-0.09262189269065857
536,11,35,-0.44959306716918945,0.5392277240753174,-0.3381810486316681,-0.09501698613166809
537,11,36,-0.1675136387348175,1.0,-0.3411823809146881,-0.09639440476894379
538,11,37,0.14375896751880646,-1.0,-0.3375629186630249,-0.09447987377643585
539,11,38,0.0662599429488182,-0.5199383497238159,-0.3334023654460907,-0.09258639812469482
540,11,39,0.30810603499412537,-0.5866768956184387,-0.3362672030925751,-0.09390981495380402
541,11,40,0.3028387129306793,-0.537635087966919,-0.33897286653518677,-0.09122739732265472
542,11,41,0.14366981387138367,0.8827084302902222,-0.3437124788761139,-0.09534765779972076
543,11,42,-0.018599441275000572,-0.5690991282463074,-0.33606579899787903,-0.09414812922477722
544,11,43,0.3904566168785095,-0.04121759161353111,-0.3410250246524811,-0.0947960764169693
545,11,44,-0.1643449068069458,-1.0,-0.3323650360107422,-0.09285730123519897
546,11,45,-0.29367634654045105,-1.0,-0.341171532869339,-0.09608571231365204
547,11,46,0.4973779022693634,-0.8684030175209045,-0.34140744805336,-0.09651696681976318
548,11,47,0.4577771723270416,-1.0,-0.3353014886379242,-0.09261268377304077
549,11,48,0.1906324326992035,-0.6130344271659851,-0.33419978618621826,-0.09224177896976471
550,11,49,0.6800255179405212,-0.0012052201200276613,-0.3341355621814728,-0.0927516520023346
551,12,0,-0.1294276863336563,-0.32495221495628357,-0.3021244406700134,-0.06403028964996338
552,12,1,-0.05455790460109711,-0.6955855488777161,-0.30316078662872314,-0.06380019336938858
553,12,2,-0.028598466888070107,-0.8348985910415649,-0.3069306015968323,-0.06564917415380478
554,12,3,-0.06587348133325577,0.41656816005706787,-0.3035685420036316,-0.06508811563253403
555,12,4,0.22112800180912018,-0.5895522832870483,-0.30290746688842773,-0.06433440744876862
556,12,5,0.16925795376300812,1.0,-0.2991347014904022,-0.061307333409786224
557,12,6,0.24648195505142212,-1.0,-0.3051629960536957,-0.06512878090143204
558,12,7,0.5866159200668335,-1.0,-0.2997124195098877,-0.06309736520051956
559,12,8,0.08785909414291382,-0.06266766041517258,-0.29702797532081604,-0.06160490959882736
560,12,9,-0.2632265090942383,1.0,-0.29991644620895386,-0.06297532469034195
561,12,10,-0.010053873062133789,0.45272135734558105,-0.30328935384750366,-0.06534057855606079
562,12,11,-0.2355506420135498,-1.0,-0.300547331571579,-0.06419685482978821
563,12,12,0.47207415103912354,-0.14386124908924103,-0.3044532537460327,-0.06588257104158401
564,12,13,-0.9415445923805237,-0.8079180121421814,-0.29782015085220337,-0.062240421772003174
565,12,14,-0.0933806523680687,-0.10607100278139114,-0.3120726943016052,-0.0680060163140297
566,12,15,0.0624002106487751,-1.0,-0.30453792214393616,-0.06485162675380707
567,12,16,0.0215078666806221,-0.1685297191143036,-0.3013497591018677,-0.06411894410848618
568,12,17,-0.12072084099054337,0.966375470161438,-0.2998661398887634,-0.06358019262552261
569,12,18,-0.3060448169708252,0.5421379804611206,-0.3015574812889099,-0.06409494578838348
570,12,19,-0.11339882761240005,1.0,-0.30468472838401794,-0.0657530203461647
571,12,20,-0.1848173886537552,-0.8577885627746582,-0.3038364052772522,-0.06495394557714462
572,12,21,0.026835672557353973,-0.5642641186714172,-0.30372530221939087,-0.06539040058851242
573,12,22,0.20286773145198822,-1.0,-0.30170202255249023,-0.06464814394712448
574,12,23,-0.02693028561770916,-1.0,-0.30123281478881836,-0.0646188035607338
575,12,24,0.3075859248638153,-0.27067387104034424,-0.3021414577960968,-0.06491098552942276
576,12,25,-0.02646603435277939,0.7081036567687988,-0.30266815423965454,-0.06316947937011719
577,12,26,0.1192697212100029,1.0,-0.300104022026062,-0.06353478878736496
578,12,27,-0.4578284025192261,-0.816011905670166,-0.3007988929748535,-0.06382465362548828
579,12,28,-0.08896371722221375,-1.0,-0.3067958354949951,-0.06439526379108429
580,12,29,0.5153084397315979,0.487408846616745,-0.308563768863678,-0.06583669036626816
581,12,30,0.05816502869129181,1.0,-0.29625940322875977,-0.06145988404750824
582,12,31,-0.302677184343338,0.6579260230064392,-0.30226922035217285,-0.06447931379079819
583,12,32,-0.4634730815887451,-0.16120469570159912,-0.3034442663192749,-0.06564993411302567
584,12,33,-0.3881531357765198,0.3225886821746826,-0.307236909866333,-0.06606168299913406
585,12,34,0.015773175284266472,-1.0,-0.30485421419143677,-0.06561174243688583
586,12,35,-0.5740110874176025,0.9366543889045715,-0.30528056621551514,-0.06501375883817673
587,12,36,-0.25702333450317383,-0.22110368311405182,-0.3069249391555786,-0.06686080247163773
588,12,37,-0.14426329731941223,1.0,-0.3033078908920288,-0.06471475213766098
589,12,38,0.043310172855854034,-1.0,-0.30339866876602173,-0.06500493735074997
590,12,39,0.09585297852754593,0.6514104008674622,-0.29986220598220825,-0.06349345296621323
591,12,40,-0.21242810785770416,-1.0,-0.2977158725261688,-0.06293360143899918
592,12,41,-0.46321454644203186,0.7476539611816406,-0.30544403195381165,-0.06575875729322433
593,12,42,-0.22529371082782745,0.7865399122238159,-0.30610424280166626,-0.06614504754543304
594,12,43,-0.17564910650253296,0.6529366374015808,-0.30368441343307495,-0.06494316458702087
595,12,44,-0.37203800678253174,-1.0,-0.30209678411483765,-0.0650176852941513
596,12,45,-0.3563878834247589,-0.46469882130622864,-0.30524617433547974,-0.06627769768238068
597,12,46,-0.13046708703041077,-1.0,-0.3064787685871124,-0.06643035262823105
598,12,47,0.17822694778442383,-0.4134373664855957,-0.30378270149230957,-0.065831758081913
599,12,48,-0.3095490038394928,-0.16827942430973053,-0.2992042899131775,-0.06311861425638199
600,12,49,-0.08431508392095566,-0.354838490486145,-0.3048522472381592,-0.06567221134901047
601,13,0,0.34802424907684326,-1.0,-0.22602567076683044,-0.07380619645118713
602,13,1,-0.13268958032131195,-0.4596819579601288,-0.23054306209087372,-0.07506884634494781
603,13,2,0.18863730132579803,-0.22881817817687988,-0.23398500680923462,-0.07743272185325623
604,13,3,-0.05725438520312309,-0.23439107835292816,-0.2321438044309616,-0.07555030286312103
605,13,4,-0.0695476159453392,-0.03123822622001171,-0.23417019844055176,-0.07619588077068329
606,13,5,-0.15324372053146362,-1.0,-0.23254013061523438,-0.07622623443603516
607,13,6,-0.061197444796562195,0.6195918321609497,-0.2321394830942154,-0.07702603936195374
608,13,7,-0.12639690935611725,0.754431426525116,-0.23241999745368958,-0.07657310366630554
609,13,8,-0.23795969784259796,-1.0,-0.23298941552639008,-0.07653963565826416
610,13,9,0.4427136480808258,-0.2693444788455963,-0.23535482585430145,-0.07831166684627533
611,13,10,0.20751361548900604,-0.49953898787498474,-0.2309909462928772,-0.07355161011219025
612,13,11,0.17442642152309418,-1.0,-0.23510880768299103,-0.0759696215391159
613,13,12,0.09475186467170715,0.09443174302577972,-0.233255997300148,-0.07647891342639923
614,13,13,-0.2155153602361679,-1.0,-0.23162879049777985,-0.07580871880054474
615,13,14,-0.36614349484443665,-0.9707740545272827,-0.23500682413578033,-0.07815304398536682
616,13,15,-0.11765661835670471,0.6732037663459778,-0.23778487741947174,-0.07935598492622375
617,13,16,-0.07458445429801941,-1.0,-0.23328281939029694,-0.07727831602096558
618,13,17,-0.23041574656963348,0.06799285858869553,-0.2342955470085144,-0.07765009999275208
619,13,18,0.029269840568304062,0.9843958020210266,-0.23415911197662354,-0.07749204337596893
620,13,19,0.034900445491075516,-0.5961372256278992,-0.23279635608196259,-0.07679754495620728
621,13,20,0.6523134708404541,-1.0,-0.2299233227968216,-0.07430686056613922
622,13,21,-0.18541574478149414,-0.23547674715518951,-0.23037466406822205,-0.07532177865505219
623,13,22,-0.1795714944601059,0.30474600195884705,-0.2348785400390625,-0.07672323286533356
624,13,23,0.07455874234437943,-1.0,-0.23491355776786804,-0.07702195644378662
625,13,24,0.19824258983135223,-0.587692141532898,-0.2317255735397339,-0.07635849714279175
626,13,25,-0.03686969727277756,-1.0,-0.23366281390190125,-0.07369209825992584
627,13,26,-0.29182669520378113,-1.0,-0.23966094851493835,-0.07899963855743408
628,13,27,0.22798344492912292,-1.0,-0.2360963225364685,-0.07850195467472076
629,13,28,0.31946447491645813,1.0,-0.22987255454063416,-0.07563033699989319
630,13,29,0.044528841972351074,-0.5165697932243347,-0.2280876785516739,-0.07440949976444244
631,13,30,-0.034999266266822815,-1.0,-0.2356915920972824,-0.07692812383174896
632,13,31,-0.17150354385375977,0.9958692193031311,-0.23280274868011475,-0.07753372192382812
633,13,32,-0.14802248775959015,-0.2560194134712219,-0.2334126979112625,-0.07700321078300476
634,13,33,0.11580754816532135,-0.07842112332582474,-0.2330159842967987,-0.07581128180027008
635,13,34,0.04878683388233185,-1.0,-0.22909201681613922,-0.07369096577167511
636,13,35,-0.5639082193374634,-0.41997846961021423,-0.23297831416130066,-0.07629236578941345
637,13,36,0.21095968782901764,0.4615980386734009,-0.23714736104011536,-0.07878796756267548
638,13,37,-0.025318369269371033,0.4604109525680542,-0.23221005499362946,-0.07556508481502533
639,13,38,-0.20676599442958832,0.041954535990953445,-0.23083674907684326,-0.0753309428691864
640,13,39,-0.26739269495010376,1.0,-0.23405952751636505,-0.07750064134597778
641,13,40,-0.39186468720436096,-0.4161943793296814,-0.2356906235218048,-0.07803106307983398
642,13,41,0.16426490247249603,1.0,-0.2370726466178894,-0.07824340462684631
643,13,42,-0.0709647461771965,1.0,-0.23125052452087402,-0.0755111575126648
644,13,43,0.09022312611341476,-1.0,-0.23200708627700806,-0.07617399096488953
645,13,44,-0.08235330879688263,-0.2783496081829071,-0.23236630856990814,-0.07647907733917236
646,13,45,-0.17281119525432587,1.0,-0.2347249537706375,-0.07510238885879517
647,13,46,-0.2624587118625641,-1.0,-0.23587803542613983,-0.07705807685852051
648,13,47,0.3403208553791046,1.0,-0.23426704108715057,-0.07780171930789948
649,13,48,-0.2560773193836212,0.9232689142227173,-0.22959868609905243,-0.07444879412651062
650,13,49,-0.24961362779140472,-1.0,-0.23553672432899475,-0.07760736346244812
651,14,0,-0.17319998145103455,0.666903555393219,-0.1774667501449585,-0.10835957527160645
652,14,1,-0.9951711893081665,-0.7652272582054138,-0.1753263622522354,-0.10852214694023132
653,14,2,-0.0557955764234066,-1.0,-0.1830049455165863,-0.10978257656097412
654,14,3,0.13234615325927734,-0.09281828999519348,-0.17818666994571686,-0.10792176425457001
655,14,4,-0.6199842691421509,-0.7771540284156799,-0.17394697666168213,-0.10619738698005676
656,14,5,0.1110767275094986,-1.0,-0.1853460967540741,-0.10866531729698181
657,14,6,0.28122076392173767,-1.0,-0.17955955862998962,-0.10799382627010345
658,14,7,0.031247815117239952,1.0,-0.17113521695137024,-0.10605016350746155
659,14,8,-0.007492534350603819,-1.0,-0.17449699342250824,-0.10668520629405975
660,14,9,-0.1991792917251587,-1.0,-0.17576029896736145,-0.10838727653026581
661,14,10,-0.2102101594209671,-1.0,-0.17624914646148682,-0.1089567095041275
662,14,11,-0.3286401927471161,0.08176981657743454,-0.1779077649116516,-0.10921424627304077
663,14,12,0.3047637939453125,-0.06157216429710388,-0.17816579341888428,-0.10892891883850098
664,14,13,-0.22774937748908997,1.0,-0.17472700774669647,-0.10513186454772949
665,14,14,-0.38499754667282104,0.5806010365486145,-0.1766418218612671,-0.10809940099716187
666,14,15,-0.4664086401462555,-1.0,-0.17771881818771362,-0.10912801325321198
667,14,16,-0.10930038243532181,-1.0,-0.17770688235759735,-0.10914161801338196
668,14,17,-0.1658877730369568,-0.7678918838500977,-0.1745067536830902,-0.10812234878540039
669,14,18,0.08972591906785965,-0.2979772984981537,-0.17786192893981934,-0.10626183450222015
670,14,19,0.04901000112295151,0.4599098265171051,-0.17692847549915314,-0.10593095421791077
671,14,20,-0.20362143218517303,0.19537034630775452,-0.17509321868419647,-0.10553975403308868
672,14,21,0.33081555366516113,-0.3460637927055359,-0.17774133384227753,-0.10724698007106781
673,14,22,-0.4771583080291748,-0.7886812686920166,-0.17440040409564972,-0.10568860173225403
674,14,23,-0.07478158175945282,0.5049442052841187,-0.18116989731788635,-0.1076575219631195
675,14,24,-0.11195661872625351,0.23455610871315002,-0.17944683134555817,-0.10825107991695404
676,14,25,0.11234177649021149,1.0,-0.1765982210636139,-0.10722997784614563
677,14,26,-0.43739840388298035,-0.17951485514640808,-0.17301760613918304,-0.10603149235248566
678,14,27,-0.6427904963493347,-0.7957403063774109,-0.17703963816165924,-0.10789990425109863
679,14,28,0.007352879270911217,-0.7033199071884155,-0.18038418889045715,-0.1089722067117691
680,14,29,0.385137677192688,-1.0,-0.17623357474803925,-0.10855308175086975
681,14,30,-0.15349416434764862,0.11884903907775879,-0.17212866246700287,-0.10679249465465546
682,14,31,0.1498226523399353,-0.3084653615951538,-0.1749240756034851,-0.1073383092880249
683,14,32,-0.2949039340019226,0.3196529448032379,-0.1767059564590454,-0.10469554364681244
684,14,33,-0.1265859603881836,-0.37881746888160706,-0.17848151922225952,-0.10788111388683319
685,14,34,-0.1406928449869156,0.4639778733253479,-0.1774192899465561,-0.10845485329627991
686,14,35,0.1430736929178238,-0.6531398892402649,-0.1785554438829422,-0.1084083616733551
687,14,36,-0.2943040132522583,-1.0,-0.1728433221578598,-0.10694031417369843
688,14,37,-0.5276502966880798,-0.439056396484375,-0.17714564502239227,-0.10991792380809784
689,14,38,-0.47161880135536194,-0.9080890417098999,-0.18080341815948486,-0.11021366715431213
690,14,39,-0.1922737956047058,-1.0,-0.1803765892982483,-0.10984626412391663
691,14,40,-0.14388121664524078,-0.5432827472686768,-0.17765027284622192,-0.10899341106414795
692,14,41,0.3226322531700134,0.45107361674308777,-0.1751846820116043,-0.10823337733745575
693,14,42,-0.17201894521713257,0.560970664024353,-0.1719905585050583,-0.10583271086215973
694,14,43,-0.061096955090761185,0.06343115866184235,-0.1749843955039978,-0.10761798918247223
695,14,44,-0.2375248372554779,0.751765787601471,-0.17454025149345398,-0.1070336103439331
696,14,45,-0.1099303811788559,1.0,-0.17654208838939667,-0.10739396512508392
697,14,46,-0.15968605875968933,-1.0,-0.17646631598472595,-0.10782557725906372
698,14,47,-0.27331170439720154,-0.8897114396095276,-0.1756746768951416,-0.10822615027427673
699,14,48,0.008199883624911308,-0.3221273124217987,-0.17896953225135803,-0.10895320773124695
700,14,49,-0.38235580921173096,0.12783974409103394,-0.17978478968143463,-0.1069711297750473
701,15,0,-0.20888341963291168,0.4076065123081207,-0.152231365442276,-0.2089081108570099
702,15,1,-0.36477693915367126,0.7132759690284729,-0.15085087716579437,-0.20796212553977966
703,15,2,-0.17310179769992828,0.8096952438354492,-0.15265269577503204,-0.20855002105236053
704,15,3,-0.3711525797843933,-1.0,-0.15190179646015167,-0.20821219682693481
705,15,4,-0.3599221110343933,1.0,-0.15476840734481812,-0.21091800928115845
706,15,5,-0.5899922847747803,-0.5739877820014954,-0.15239907801151276,-0.21035805344581604
707,15,6,0.3789236843585968,-1.0,-0.15825504064559937,-0.20812542736530304
708,15,7,0.3593995273113251,0.7073291540145874,-0.15311746299266815,-0.20916399359703064
709,15,8,0.19800135493278503,-0.9211652874946594,-0.1450742781162262,-0.20608742535114288
710,15,9,0.4922928512096405,-0.5045506358146667,-0.14802075922489166,-0.2055540531873703
711,15,10,0.3640400469303131,1.0,-0.14885789155960083,-0.20536895096302032
712,15,11,-0.13543716073036194,-1.0,-0.15367910265922546,-0.20759911835193634
713,15,12,-0.06008034199476242,-0.20148420333862305,-0.15099792182445526,-0.20988862216472626
714,15,13,-0.26890626549720764,-0.8692759871482849,-0.15258969366550446,-0.2072356641292572
715,15,14,-0.21046940982341766,-0.7674144506454468,-0.1525135189294815,-0.20910263061523438
716,15,15,0.07215315103530884,0.10790066421031952,-0.15678532421588898,-0.2044612020254135
717,15,16,-0.2096254825592041,0.2767443358898163,-0.15189558267593384,-0.20820406079292297
718,15,17,0.3759813904762268,1.0,-0.15034149587154388,-0.20815502107143402
719,15,18,0.17809879779815674,-1.0,-0.14703631401062012,-0.20458820462226868
720,15,19,-0.09419605135917664,1.0,-0.14607848227024078,-0.205545574426651
721,15,20,0.13543325662612915,-0.5460638999938965,-0.15092864632606506,-0.2082996815443039
722,15,21,0.28145480155944824,-0.09936448931694031,-0.14885909855365753,-0.20771636068820953
723,15,22,-0.269489586353302,0.8070111274719238,-0.14806969463825226,-0.206814244389534
724,15,23,-0.22769470512866974,-1.0,-0.15245915949344635,-0.2089136242866516
725,15,24,-0.3050799071788788,-0.0026269524823874235,-0.15311945974826813,-0.2109147310256958
726,15,25,-0.0443589873611927,-1.0,-0.15261414647102356,-0.21010828018188477
727,15,26,0.15634551644325256,-0.465008407831192,-0.15092532336711884,-0.2094271183013916
728,15,27,0.14323502779006958,-0.19806347787380219,-0.14943493902683258,-0.20734290778636932
729,15,28,-0.32974883913993835,-0.4386369585990906,-0.14912012219429016,-0.2071288526058197
730,15,29,-0.35668110847473145,0.7740927338600159,-0.15379147231578827,-0.2103203982114792
731,15,30,-0.034624531865119934,0.5055038928985596,-0.1529380977153778,-0.20915350317955017
732,15,31,-0.33992210030555725,0.3397880494594574,-0.14947935938835144,-0.20793090760707855
733,15,32,-0.26890793442726135,-0.43835535645484924,-0.15450038015842438,-0.20938502252101898
734,15,33,0.000979068223387003,-1.0,-0.1539333015680313,-0.2105281949043274
735,15,34,0.11868851631879807,1.0,-0.15024644136428833,-0.20865240693092346
736,15,35,0.16246548295021057,-1.0,-0.14967450499534607,-0.2073947936296463
737,15,36,-0.15107110142707825,0.08040880411863327,-0.1480327844619751,-0.2069448083639145
738,15,37,-0.04339630529284477,0.8528070449829102,-0.15228667855262756,-0.20885857939720154
739,15,38,-0.22192049026489258,1.0,-0.14971646666526794,-0.20785494148731232
740,15,39,-0.08489572256803513,0.5368822813034058,-0.15185287594795227,-0.20885860919952393
741,15,40,-0.01993878372013569,0.5634554028511047,-0.14957979321479797,-0.2084760069847107
742,15,41,-0.8049951195716858,-0.7833883166313171,-0.1488267332315445,-0.20779776573181152
743,15,42,-0.18413573503494263,1.0,-0.15891094505786896,-0.21011723577976227
744,15,43,-0.2728062570095062,0.2978295683860779,-0.15332089364528656,-0.2083432823419571
745,15,44,-0.18727044761180878,0.568130373954773,-0.15096843242645264,-0.20733031630516052
746,15,45,-0.3969515264034271,0.10149344056844711,-0.15073931217193604,-0.20910610258579254
747,15,46,-0.036223817616701126,1.0,-0.1526946723461151,-0.20937559008598328
748,15,47,-0.2859575152397156,-1.0,-0.14954926073551178,-0.2075599879026413
749,15,48,-0.02496159076690674,-0.5715433359146118,-0.1529194563627243,-0.21088962256908417
750,15,49,0.2972712516784668,-1.0,-0.15488119423389435,-0.2070937156677246
751,16,0,-0.24555043876171112,1.0,-0.16991542279720306,-0.30350157618522644
752,16,1,-0.2228863537311554,0.0030583881307393312,-0.16933152079582214,-0.3034982681274414
753,16,2,-0.08178865164518356,0.39564254879951477,-0.1728539615869522,-0.3044605255126953
754,16,3,-0.22358691692352295,1.0,-0.17060908675193787,-0.3049655556678772
755,16,4,-0.007939456962049007,-0.02371755987405777,-0.17022831737995148,-0.3050863742828369
756,16,5,-0.18921759724617004,-0.3741554319858551,-0.16857892274856567,-0.3029090464115143
757,16,6,-0.34242677688598633,-1.0,-0.17033861577510834,-0.30605077743530273
758,16,7,0.15647020936012268,-0.3734683096408844,-0.17116300761699677,-0.3068253695964813
759,16,8,0.23462186753749847,0.5834761261940002,-0.1653999388217926,-0.30321767926216125
760,16,9,-0.05517176538705826,-0.7008260488510132,-0.1678479015827179,-0.30266904830932617
761,16,10,-0.4092063903808594,-1.0,-0.16788345575332642,-0.3050311803817749
762,16,11,-0.43654385209083557,0.08232031762599945,-0.1722746044397354,-0.3085780143737793
763,16,12,-0.027127021923661232,0.7656864523887634,-0.1721762716770172,-0.3060215413570404
764,16,13,-0.05671550706028938,1.0,-0.16741308569908142,-0.3035828173160553
765,16,14,-0.03646335378289223,-1.0,-0.16683298349380493,-0.3026869297027588
766,16,15,0.11104818433523178,-0.658291220664978,-0.1681136041879654,-0.30286905169487
767,16,16,-0.23846548795700073,-1.0,-0.16771017014980316,-0.30363136529922485
768,16,17,-0.5764120817184448,-0.4394896626472473,-0.17119239270687103,-0.30787065625190735
769,16,18,0.3407869040966034,-0.6906194686889648,-0.17493265867233276,-0.3059186637401581
770,16,19,-0.20473062992095947,-1.0,-0.16692209243774414,-0.3041762113571167
771,16,20,-0.2256045937538147,-0.44303053617477417,-0.17049720883369446,-0.3073783218860626
772,16,21,-0.4051145613193512,0.04808494821190834,-0.17371626198291779,-0.3059476613998413
773,16,22,0.28371092677116394,-1.0,-0.1704876571893692,-0.30686861276626587
774,16,23,-0.2774745523929596,1.0,-0.1673080325126648,-0.3044379949569702
775,16,24,-0.37463733553886414,-0.44930770993232727,-0.16897310316562653,-0.3053092062473297
776,16,25,-0.09111342579126358,-0.888697624206543,-0.1705915331840515,-0.3067093789577484
777,16,26,0.19791562855243683,1.0,-0.17063629627227783,-0.30507466197013855
778,16,27,-0.15113329887390137,-0.46329763531684875,-0.16575177013874054,-0.3005524277687073
779,16,28,0.15419960021972656,-0.5678701996803284,-0.17109769582748413,-0.30572769045829773
780,16,29,0.08660661429166794,-0.8665808439254761,-0.1703529953956604,-0.3046354651451111
781,16,30,0.023602144792675972,-0.5582472085952759,-0.16946503520011902,-0.3058875501155853
782,16,31,0.6306673884391785,0.521812379360199,-0.17071188986301422,-0.3050045967102051
783,16,32,0.2470373958349228,1.0,-0.16208413243293762,-0.3024348318576813
784,16,33,0.06252723187208176,-1.0,-0.1642768681049347,-0.3007928133010864
785,16,34,0.07283679395914078,-0.995360255241394,-0.1656758189201355,-0.3029426336288452
786,16,35,0.20277859270572662,-0.5001245141029358,-0.16828316450119019,-0.3047886788845062
787,16,36,0.25310465693473816,-0.39570188522338867,-0.16951310634613037,-0.3023280203342438
788,16,37,-0.2696537375450134,-0.15664538741111755,-0.16590552031993866,-0.3039090931415558
789,16,38,0.23615382611751556,-0.6730797290802002,-0.17015157639980316,-0.3042331635951996
790,16,39,-0.04114467278122902,0.09653767943382263,-0.16793595254421234,-0.30380815267562866
791,16,40,-0.21242590248584747,-1.0,-0.1693301647901535,-0.3068138360977173
792,16,41,-0.4794214069843292,-0.40311840176582336,-0.1705876886844635,-0.3066670894622803
793,16,42,-0.06895923614501953,0.6527082324028015,-0.17165257036685944,-0.30700019001960754
794,16,43,-0.20858149230480194,0.021114815026521683,-0.16758117079734802,-0.3031485676765442
795,16,44,0.037180379033088684,-0.07678881287574768,-0.16921965777873993,-0.3044244945049286
796,16,45,0.01831815019249916,-0.5712333917617798,-0.16966639459133148,-0.3008796274662018
797,16,46,0.22410902380943298,-1.0,-0.1701200157403946,-0.30138537287712097
798,16,47,0.28789541125297546,-0.1282787024974823,-0.17407165467739105,-0.30657124519348145
799,16,48,-0.3063260018825531,-1.0,-0.16682946681976318,-0.3022659718990326
800,16,49,0.0758839026093483,1.0,-0.17175273597240448,-0.30687353014945984
801,17,0,-0.3005368411540985,-0.30388328433036804,-0.24963700771331787,-0.34523680806159973
802,17,1,-0.06345020979642868,1.0,-0.25256749987602234,-0.344413697719574
803,17,2,-0.26466336846351624,0.15122154355049133,-0.2500627934932709,-0.34453481435775757
804,17,3,0.03940926492214203,-0.19068267941474915,-0.25196540355682373,-0.3478701710700989
805,17,4,-0.24654798209667206,0.9164352416992188,-0.24996691942214966,-0.3434334397315979
806,17,5,0.07143911719322205,-0.34197714924812317,-0.25098225474357605,-0.34635135531425476
807,17,6,-0.020331978797912598,-1.0,-0.2510242760181427,-0.344686359167099
808,17,7,0.23440927267074585,-0.6008992791175842,-0.2494555115699768,-0.3462398052215576
809,17,8,0.32302358746528625,0.8629950881004333,-0.24639496207237244,-0.3449462652206421
810,17,9,-0.6929097771644592,0.8734963536262512,-0.24866852164268494,-0.34770211577415466
811,17,10,-0.11847999691963196,-0.1991852968931198,-0.25435808300971985,-0.3491067886352539
812,17,11,-0.27127259969711304,0.24742606282234192,-0.24814888834953308,-0.3441583216190338
813,17,12,-0.45128390192985535,0.7592766284942627,-0.2509986460208893,-0.34444302320480347
814,17,13,0.2344982773065567,-0.9967420101165771,-0.25224247574806213,-0.3461722731590271
815,17,14,-0.059651874005794525,0.08976104855537415,-0.24960222840309143,-0.3465553820133209
816,17,15,-0.13906683027744293,1.0,-0.24926775693893433,-0.345815509557724
817,17,16,-0.20529329776763916,-1.0,-0.25310227274894714,-0.3476325273513794
818,17,17,0.158346027135849,-0.6088252067565918,-0.2518395781517029,-0.3485698997974396
819,17,18,0.2956528663635254,-1.0,-0.24853289127349854,-0.34601128101348877
820,17,19,-0.21081438660621643,-0.3685391843318939,-0.2483883500099182,-0.349386602640152
821,17,20,-0.17597560584545135,1.0,-0.25238266587257385,-0.34741172194480896
822,17,21,0.16315697133541107,-0.7089322805404663,-0.249833881855011,-0.3460051715373993
823,17,22,-0.13098810613155365,-1.0,-0.24850788712501526,-0.3464900553226471
824,17,23,0.06921547651290894,-0.9213092923164368,-0.24998465180397034,-0.348962664604187
825,17,24,0.42210569977760315,-1.0,-0.24836686253547668,-0.3454585671424866
826,17,25,0.055813007056713104,-0.6541783213615417,-0.24578577280044556,-0.34261971712112427
827,17,26,0.07287465780973434,0.1865691989660263,-0.2504201829433441,-0.3469087481498718
828,17,27,0.02568048983812332,-1.0,-0.24773326516151428,-0.3469088673591614
829,17,28,-0.2752879858016968,1.0,-0.24934601783752441,-0.3452083468437195
830,17,29,0.36532503366470337,-1.0,-0.2500860095024109,-0.34668874740600586
831,17,30,0.1601584106683731,-0.07408732920885086,-0.2463323175907135,-0.3438910245895386
832,17,31,-0.11240174621343613,-0.12883567810058594,-0.24829983711242676,-0.3432302474975586
833,17,32,-0.15518063306808472,-0.257581889629364,-0.2512623369693756,-0.34609881043434143
834,17,33,-0.37996870279312134,0.2824489176273346,-0.2523112893104553,-0.343679279088974
835,17,34,0.43373045325279236,-0.09655933082103729,-0.25048014521598816,-0.3440207839012146
836,17,35,-0.45878514647483826,-1.0,-0.24431762099266052,-0.341327428817749
837,17,36,0.10322970151901245,-0.3105344772338867,-0.25335291028022766,-0.3500504791736603
838,17,37,0.19175897538661957,-0.7088764309883118,-0.2499154806137085,-0.34280943870544434
839,17,38,-0.038292091339826584,0.21246111392974854,-0.2539835572242737,-0.34692639112472534
840,17,39,0.16711032390594482,-0.7624385356903076,-0.25235244631767273,-0.34625712037086487
841,17,40,-0.12477719783782959,0.528716504573822,-0.25089162588119507,-0.33834800124168396
842,17,41,-0.27567970752716064,-1.0,-0.2514655590057373,-0.34490686655044556
843,17,42,0.09885299950838089,-1.0,-0.2538294196128845,-0.34852153062820435
844,17,43,-0.06086517870426178,-0.33833009004592896,-0.24920204281806946,-0.3471985459327698
845,17,44,-0.3738010823726654,-0.15104950964450836,-0.2523130774497986,-0.34561896324157715
846,17,45,0.027570335194468498,-1.0,-0.2515864670276642,-0.34630003571510315
847,17,46,-0.20906873047351837,-1.0,-0.2490134835243225,-0.34562355279922485
848,17,47,-0.2281033992767334,-0.38572120666503906,-0.2518007457256317,-0.35033708810806274
849,17,48,-0.2895122766494751,-0.7899217009544373,-0.2509676516056061,-0.34922951459884644
850,17,49,-0.23164767026901245,-0.4366585612297058,-0.2544768154621124,-0.3415847718715668
851,18,0,0.25215911865234375,-0.036230526864528656,-0.3597823977470398,-0.3189614415168762
852,18,1,-0.2663397192955017,-0.19089378416538239,-0.35750699043273926,-0.31421101093292236
853,18,2,0.048330049961805344,-0.743519127368927,-0.35920608043670654,-0.3159604072570801
854,18,3,0.2097286880016327,-0.8613724708557129,-0.35838550329208374,-0.3145662844181061
855,18,4,0.044228605926036835,-1.0,-0.35610026121139526,-0.3159264624118805
856,18,5,-0.20553869009017944,-1.0,-0.3577388525009155,-0.31690850853919983
857,18,6,-0.06372009962797165,-1.0,-0.3601909279823303,-0.31919628381729126
858,18,7,-0.23977045714855194,-0.8772870898246765,-0.3582519292831421,-0.3185700476169586
859,18,8,-0.055804237723350525,-0.9091364741325378,-0.36085081100463867,-0.31801077723503113
860,18,9,0.22051136195659637,1.0,-0.3579477071762085,-0.3166101276874542
861,18,10,0.42495810985565186,-1.0,-0.35624784231185913,-0.31441038846969604
862,18,11,0.17226514220237732,1.0,-0.3546469211578369,-0.31420645117759705
863,18,12,0.12324555963277817,0.447020560503006,-0.35309529304504395,-0.3134895861148834
864,18,13,-0.1145140528678894,-1.0,-0.3548663854598999,-0.3135584592819214
865,18,14,-0.07489630579948425,0.3825302720069885,-0.3606388568878174,-0.31816521286964417
866,18,15,0.4252587854862213,0.00041535886703059077,-0.3567972183227539,-0.316496878862381
867,18,16,0.23936764895915985,-1.0,-0.3528977632522583,-0.31346073746681213
868,18,17,-0.3370331823825836,-1.0,-0.35460007190704346,-0.3147474229335785
869,18,18,0.02106052078306675,-1.0,-0.35896122455596924,-0.31782668828964233
870,18,19,0.07639031857252121,1.0,-0.35533612966537476,-0.31589725613594055
871,18,20,0.12775039672851562,0.4981713593006134,-0.3557658791542053,-0.31550678610801697
872,18,21,-0.05575193837285042,-1.0,-0.3557705879211426,-0.3146038055419922
873,18,22,-0.003023822559043765,-0.6356284618377686,-0.35790663957595825,-0.3172492980957031
874,18,23,-0.29845109581947327,1.0,-0.3582777976989746,-0.31813108921051025
875,18,24,-0.2688138782978058,-1.0,-0.36151593923568726,-0.3196803331375122
876,18,25,0.4932335913181305,-1.0,-0.3614828586578369,-0.3196931481361389
877,18,26,0.19601821899414062,-1.0,-0.3516550064086914,-0.31295475363731384
878,18,27,-0.0869370549917221,1.0,-0.35473954677581787,-0.31559187173843384
879,18,28,0.2982104420661926,-0.7359945178031921,-0.358256995677948,-0.31637483835220337
880,18,29,-0.2662068009376526,-1.0,-0.3544332981109619,-0.30983811616897583
881,18,30,-0.197313129901886,0.6345785856246948,-0.36070185899734497,-0.31887128949165344
882,18,31,-0.3365682065486908,0.47170278429985046,-0.3584775924682617,-0.3179531991481781
883,18,32,-0.25712236762046814,0.9239838123321533,-0.3597410321235657,-0.31709086894989014
884,18,33,0.025786038488149643,0.4475548267364502,-0.3591780662536621,-0.3164269030094147
885,18,34,-0.057977739721536636,0.12882541120052338,-0.3578599691390991,-0.3149282932281494
886,18,35,0.06081613153219223,-1.0,-0.357089638710022,-0.3158610165119171
887,18,36,-0.2834445536136627,-1.0,-0.3587453365325928,-0.31755173206329346
888,18,37,-0.19557684659957886,0.13362722098827362,-0.36004722118377686,-0.3191456198692322
889,18,38,-0.20864932239055634,-1.0,-0.358678936958313,-0.31692376732826233
890,18,39,-0.11008455604314804,1.0,-0.36155015230178833,-0.3201807737350464
891,18,40,-0.2316114902496338,-1.0,-0.3586553931236267,-0.3171877861022949
892,18,41,-0.14927688241004944,-0.6925737261772156,-0.36131322383880615,-0.3194388747215271
893,18,42,-0.035208672285079956,1.0,-0.36031168699264526,-0.3197158873081207
894,18,43,-0.10984480381011963,-0.34800946712493896,-0.3598855137825012,-0.31875646114349365
895,18,44,-0.02966388687491417,0.8789955973625183,-0.3601611256599426,-0.31612446904182434
896,18,45,-0.08931653201580048,-1.0,-0.3595737814903259,-0.3163370192050934
897,18,46,0.012347194366157055,-1.0,-0.3571113348007202,-0.31599342823028564
898,18,47,-0.36783498525619507,0.8103581070899963,-0.3563966155052185,-0.3164830207824707
899,18,48,-0.5491470098495483,0.17110297083854675,-0.3600112199783325,-0.3172740638256073
900,18,49,-0.015690933912992477,-0.8452652096748352,-0.3629229664802551,-0.3187451660633087
901,19,0,0.226318821310997,-1.0,-0.4173128008842468,-0.24463921785354614
902,19,1,-0.014053522609174252,0.14092634618282318,-0.4153560698032379,-0.24134580790996552
903,19,2,-0.033502109348773956,0.26356056332588196,-0.41635754704475403,-0.24291566014289856
904,19,3,0.13984529674053192,-0.6793792247772217,-0.4156041443347931,-0.24196167290210724
905,19,4,-0.07067371904850006,0.813784122467041,-0.416693776845932,-0.24252156913280487
906,19,5,-0.13700075447559357,-1.0,-0.4190721809864044,-0.24479347467422485
907,19,6,-0.08031917363405228,-0.47819432616233826,-0.4175431430339813,-0.2440301477909088
908,19,7,0.23200275003910065,-1.0,-0.41636642813682556,-0.24288207292556763
909,19,8,0.11087366938591003,-1.0,-0.42019686102867126,-0.24420365691184998
910,19,9,-0.050049521028995514,0.6026045680046082,-0.4173016846179962,-0.24300697445869446
911,19,10,-0.30042168498039246,-0.40711772441864014,-0.4173631966114044,-0.24352848529815674
912,19,11,-0.10917539149522781,0.2234916090965271,-0.41831138730049133,-0.24505317211151123
913,19,12,-0.10385109484195709,1.0,-0.41445884108543396,-0.2413802146911621
914,19,13,0.4346148669719696,-1.0,-0.4162386357784271,-0.24284102022647858
915,19,14,0.04604571685194969,-1.0,-0.415734201669693,-0.2411203384399414
916,19,15,-0.08951650559902191,1.0,-0.41803696751594543,-0.2439984679222107
917,19,16,-0.21772119402885437,-0.37535494565963745,-0.41642341017723083,-0.24302703142166138
918,19,17,0.25888773798942566,-0.5119587779045105,-0.41805222630500793,-0.2445967197418213
919,19,18,0.47468170523643494,-0.6226349472999573,-0.41936811804771423,-0.2434690147638321
920,19,19,-0.06849949061870575,1.0,-0.4187982380390167,-0.24329642951488495
921,19,20,-0.3301694691181183,-0.8304159641265869,-0.42012301087379456,-0.24534931778907776
922,19,21,-0.16457515954971313,-1.0,-0.4165898859500885,-0.24371746182441711
923,19,22,-0.2943930923938751,-1.0,-0.416741281747818,-0.24352385103702545
924,19,23,-0.39593684673309326,-1.0,-0.41838592290878296,-0.2450934499502182
925,19,24,-0.16311322152614594,-1.0,-0.41892001032829285,-0.24592866003513336
926,19,25,-0.20732058584690094,1.0,-0.4173363745212555,-0.24403713643550873
927,19,26,-0.28406766057014465,-1.0,-0.41735222935676575,-0.24412764608860016
928,19,27,-0.22265316545963287,-1.0,-0.41894158720970154,-0.24547424912452698
929,19,28,-0.048222865909338,-1.0,-0.42030957341194153,-0.246487557888031
930,19,29,-0.11419066786766052,-0.309962660074234,-0.41739922761917114,-0.24377880990505219
931,19,30,-0.2752596437931061,0.47187918424606323,-0.41393426060676575,-0.2409684658050537
932,19,31,-0.24302718043327332,0.6127252578735352,-0.41486766934394836,-0.24219144880771637
933,19,32,-0.2967081069946289,-1.0,-0.41696611046791077,-0.2440733015537262
934,19,33,-0.10698073357343674,0.34897980093955994,-0.4184737205505371,-0.24522998929023743
935,19,34,0.05171545594930649,-0.706176221370697,-0.41664883494377136,-0.2432159185409546
936,19,35,-0.2646731436252594,-1.0,-0.4177306592464447,-0.24334506690502167
937,19,36,0.16540183126926422,-0.5892146229743958,-0.41966989636421204,-0.24595072865486145
938,19,37,0.428762823343277,0.17527881264686584,-0.4154502749443054,-0.2417985200881958
939,19,38,-0.20541918277740479,-1.0,-0.4184281527996063,-0.24324408173561096
940,19,39,-0.2783117890357971,-1.0,-0.41772881150245667,-0.24447384476661682
941,19,40,-0.2754632830619812,-0.4733579456806183,-0.41768768429756165,-0.24487754702568054
942,19,41,0.2884237468242645,-1.0,-0.4182511270046234,-0.24457311630249023
943,19,42,-0.3582993149757385,0.8436298370361328,-0.4175168573856354,-0.2428329437971115
944,19,43,-0.02492685802280903,1.0,-0.4166429340839386,-0.2439679205417633
945,19,44,-0.0047011421993374825,-0.07654782384634018,-0.41531404852867126,-0.24202241003513336
946,19,45,-0.14087961614131927,0.026353131979703903,-0.414680153131485,-0.24119597673416138
947,19,46,-0.24567507207393646,-1.0,-0.4180951416492462,-0.24409028887748718
948,19,47,-0.1139395609498024,0.4062517285346985,-0.41945862770080566,-0.2457868754863739
949,19,48,-0.2763116657733917,-0.9229620099067688,-0.4160903990268707,-0.24269211292266846
950,19,49,-0.20269563794136047,-0.829909086227417,-0.417118638753891,-0.24369703233242035
951,20,0,0.6343994736671448,0.33629852533340454,-0.46175503730773926,-0.19716082513332367
952,20,1,0.27185767889022827,-1.0,-0.46420422196388245,-0.19820791482925415
953,20,2,0.4163360297679901,-1.0,-0.4630747139453888,-0.19842515885829926
954,20,3,-0.13106627762317657,1.0,-0.46267440915107727,-0.19791178405284882
955,20,4,0.36774542927742004,-1.0,-0.4669397175312042,-0.20103183388710022
956,20,5,-0.014715638011693954,0.6408361196517944,-0.46248069405555725,-0.19778984785079956
957,20,6,0.1342734545469284,-1.0,-0.46620020270347595,-0.2005469799041748
958,20,7,0.020506083965301514,-1.0,-0.4644353687763214,-0.1994514912366867
959,20,8,0.3594230115413666,-1.0,-0.46467673778533936,-0.199795663356781
960,20,9,-0.042229268699884415,0.15571723878383636,-0.4631401598453522,-0.19818902015686035
961,20,10,-0.25420477986335754,-1.0,-0.46712151169776917,-0.20108819007873535
962,20,11,-0.4726598858833313,0.3214590549468994,-0.46835020184516907,-0.20206737518310547
963,20,12,-0.22634008526802063,-1.0,-0.46711835265159607,-0.20173488557338715
964,20,13,-0.14512789249420166,1.0,-0.46767333149909973,-0.2017490714788437
965,20,14,0.012225170619785786,-0.33118677139282227,-0.46827584505081177,-0.20183305442333221
966,20,15,0.06448393315076828,0.02767837792634964,-0.46281298995018005,-0.1980334371328354
967,20,16,-0.3331387937068939,-1.0,-0.4653579294681549,-0.19970685243606567
968,20,17,-0.18600167334079742,0.3302250802516937,-0.46982067823410034,-0.20317918062210083
969,20,18,-0.21421127021312714,0.9610481858253479,-0.4667948782444,-0.20089812576770782
970,20,19,-0.13692283630371094,1.0,-0.4657287001609802,-0.2005021572113037
971,20,20,-0.12278241664171219,-0.8480275869369507,-0.4668865501880646,-0.20095114409923553
972,20,21,-0.1322145164012909,1.0,-0.4656665027141571,-0.20052510499954224
973,20,22,-0.1447206437587738,-1.0,-0.4657203257083893,-0.20039866864681244
974,20,23,-0.3110013008117676,-0.42985856533050537,-0.4701479971408844,-0.2027096152305603
975,20,24,-0.07968822121620178,-1.0,-0.4676837623119354,-0.20183821022510529
976,20,25,-0.2372720092535019,1.0,-0.4691723883152008,-0.2022513449192047
977,20,26,-0.25058767199516296,0.4564250409603119,-0.4679296910762787,-0.2017100304365158
978,20,27,0.002554265782237053,0.6994083523750305,-0.4655807912349701,-0.20044618844985962
979,20,28,0.14008232951164246,-1.0,-0.4652487337589264,-0.19990387558937073
980,20,29,-0.24958911538124084,0.25030258297920227,-0.46650561690330505,-0.20049455761909485
981,20,30,-0.13107718527317047,-0.8803630471229553,-0.46493804454803467,-0.19997979700565338
982,20,31,0.10071251541376114,-0.64198237657547,-0.4665171802043915,-0.20075562596321106
983,20,32,-0.1182204857468605,0.48094189167022705,-0.4661330282688141,-0.2002229243516922
984,20,33,0.08842577785253525,-0.7538310289382935,-0.46900448203086853,-0.20193293690681458
985,20,34,-0.29856401681900024,-1.0,-0.4615362584590912,-0.1972341388463974
986,20,35,-0.3236863911151886,-1.0,-0.4669977128505707,-0.20155289769172668
987,20,36,-0.24216832220554352,0.5189029574394226,-0.46763384342193604,-0.2017519772052765
988,20,37,-0.29556408524513245,-0.6218464374542236,-0.466347873210907,-0.20091502368450165
989,20,38,-0.08766761422157288,-1.0,-0.4675373136997223,-0.2017984688282013
990,20,39,-0.2210969477891922,-0.07014288008213043,-0.4711957275867462,-0.20340748131275177
991,20,40,-0.16306062042713165,0.2585271894931793,-0.46490979194641113,-0.1996314525604248
992,20,41,-0.2951650619506836,-0.43349915742874146,-0.4646011292934418,-0.19967861473560333
993,20,42,-0.06521301716566086,-0.8787429928779602,-0.46926143765449524,-0.20243190228939056
994,20,43,0.08919169008731842,-0.5219354033470154,-0.46850183606147766,-0.20183277130126953
995,20,44,0.15016818046569824,0.8599830865859985,-0.4682111442089081,-0.20129317045211792
996,20,45,-0.17894838750362396,0.2620446979999542,-0.4676642417907715,-0.20110489428043365
997,20,46,0.16095338761806488,-1.0,-0.4654787480831146,-0.20016393065452576
998,20,47,0.15071938931941986,-0.02284231036901474,-0.4640534818172455,-0.19902586936950684
999,20,48,-0.13188323378562927,1.0,-0.4642644226551056,-0.19882911443710327
1000,20,49,0.12933394312858582,-0.28891506791114807,-0.4656137526035309,-0.2003452628850937
1001,21,0,-0.2262420505285263,1.0,-0.4631655812263489,-0.19294704496860504
1002,21,1,0.04000876471400261,-0.35188937187194824,-0.4678400456905365,-0.19676560163497925
1003,21,2,0.09552566707134247,1.0,-0.4666270315647125,-0.19588083028793335
1004,21,3,0.023968171328306198,-0.8335195779800415,-0.46556249260902405,-0.1950523406267166
1005,21,4,0.17373141646385193,-1.0,-0.46582743525505066,-0.19542738795280457
1006,21,5,-0.20014400780200958,1.0,-0.46613284945487976,-0.1950911283493042
1007,21,6,0.11507236957550049,-1.0,-0.4669440686702728,-0.1965356171131134
1008,21,7,-0.15078844130039215,0.09884580969810486,-0.46594807505607605,-0.19525036215782166
1009,21,8,-0.4475722312927246,-0.4491642415523529,-0.46762362122535706,-0.1966320276260376
1010,21,9,0.21551145613193512,0.8242770433425903,-0.46957236528396606,-0.19826415181159973
1011,21,10,-0.12211665511131287,1.0,-0.4673420488834381,-0.19577208161354065
1012,21,11,-0.18670502305030823,-1.0,-0.4678806960582733,-0.1967269480228424
1013,21,12,-0.09560472518205643,-1.0,-0.4705626666545868,-0.1983288824558258
1014,21,13,-0.1733374446630478,-1.0,-0.46843406558036804,-0.19713981449604034
1015,21,14,0.5708901286125183,-0.008507424965500832,-0.46736904978752136,-0.19674283266067505
1016,21,15,0.3917216658592224,-0.25264137983322144,-0.46240201592445374,-0.19246220588684082
1017,21,16,-0.07463467121124268,0.9496192336082458,-0.4596141278743744,-0.19121526181697845
1018,21,17,0.04968927800655365,-1.0,-0.4658694565296173,-0.19526436924934387
1019,21,18,-0.04007052630186081,0.9476537108421326,-0.46705755591392517,-0.19592763483524323
1020,21,19,-0.251308411359787,1.0,-0.46707263588905334,-0.1959831863641739
1021,21,20,-0.2159733772277832,0.433641642332077,-0.4673696458339691,-0.19654668867588043
1022,21,21,-0.19354960322380066,-0.9210753440856934,-0.46751636266708374,-0.19657106697559357
1023,21,22,-0.25434044003486633,-1.0,-0.4669063091278076,-0.19590559601783752
1024,21,23,0.055464740842580795,-0.24274948239326477,-0.46893182396888733,-0.1975434273481369
1025,21,24,-0.26186403632164,-1.0,-0.4631318151950836,-0.19360759854316711
1026,21,25,-0.02907525934278965,-1.0,-0.469522625207901,-0.19786803424358368
1027,21,26,-0.11062629520893097,-0.04176611453294754,-0.46845337748527527,-0.19682784378528595
1028,21,27,0.08102096617221832,-0.18195191025733948,-0.4640979468822479,-0.19424334168434143
1029,21,28,0.33091986179351807,1.0,-0.4653705060482025,-0.19491520524024963
1030,21,29,0.4904558062553406,-1.0,-0.46556520462036133,-0.19457092881202698
1031,21,30,0.07887289673089981,0.9340194463729858,-0.4649989902973175,-0.19411076605319977
1032,21,31,-0.1686508059501648,-0.9578012824058533,-0.46688374876976013,-0.19582854211330414
1033,21,32,-0.3808974623680115,-1.0,-0.47030285000801086,-0.19833217561244965
1034,21,33,-0.07993855327367783,0.14633440971374512,-0.4709015190601349,-0.19896066188812256
1035,21,34,0.26432162523269653,1.0,-0.46679994463920593,-0.19628286361694336
1036,21,35,0.06681668758392334,0.5842928886413574,-0.4644826650619507,-0.19420765340328217
1037,21,36,-0.1475813388824463,-1.0,-0.46548768877983093,-0.19511261582374573
1038,21,37,0.3998439311981201,-0.7325533032417297,-0.4687950909137726,-0.19746133685112
1039,21,38,-0.3339279592037201,-1.0,-0.4644801914691925,-0.19342127442359924
1040,21,39,0.1944195181131363,-1.0,-0.47123077511787415,-0.19866132736206055
1041,21,40,-0.014612102881073952,-1.0,-0.4662914574146271,-0.1954234540462494
1042,21,41,-0.16159522533416748,0.029220392927527428,-0.4691177308559418,-0.19715410470962524
1043,21,42,-0.2363041192293167,-1.0,-0.46850937604904175,-0.19734139740467072
1044,21,43,-0.343862920999527,0.5612756609916687,-0.47084280848503113,-0.19854199886322021
1045,21,44,-0.30958256125450134,0.218145951628685,-0.4665781259536743,-0.1965203881263733
1046,21,45,-0.05122680962085724,-1.0,-0.46612977981567383,-0.19620288908481598
1047,21,46,0.3418786823749542,-0.7139264345169067,-0.4698692262172699,-0.1974785327911377
1048,21,47,0.02867237851023674,0.7532601952552795,-0.4653124213218689,-0.19421397149562836
1049,21,48,0.4718109667301178,-1.0,-0.46710047125816345,-0.19608362019062042
1050,21,49,-0.19445252418518066,1.0,-0.46355342864990234,-0.19330629706382751
1051,22,0,0.27998682856559753,-1.0,-0.4712618589401245,-0.17315304279327393
1052,22,1,0.2299812287092209,-1.0,-0.4697951078414917,-0.1717614233493805
1053,22,2,0.11369918286800385,-0.990035355091095,-0.4684702157974243,-0.17131854593753815
1054,22,3,-0.0897887647151947,1.0,-0.4702717661857605,-0.17252744734287262
1055,22,4,-0.33643701672554016,0.18835300207138062,-0.469478964805603,-0.17243143916130066
1056,22,5,-0.048523928970098495,-1.0,-0.47339218854904175,-0.1747671514749527
1057,22,6,-0.05303142964839935,-0.553587019443512,-0.47229814529418945,-0.17368127405643463
1058,22,7,0.2363690882921219,-0.28962472081184387,-0.47140365839004517,-0.1731191873550415
1059,22,8,-0.24001505970954895,0.44770053029060364,-0.4716998338699341,-0.17248111963272095
1060,22,9,-0.28516685962677,-1.0,-0.47018206119537354,-0.17276135087013245
1061,22,10,-0.11471396684646606,-1.0,-0.47155874967575073,-0.1738690882921219
1062,22,11,-0.1962502896785736,0.45482781529426575,-0.47228455543518066,-0.1740647405385971
1063,22,12,-0.2243957817554474,1.0,-0.4720163941383362,-0.1737714409828186
1064,22,13,-0.21623018383979797,-0.028417080640792847,-0.4720107316970825,-0.17400868237018585
1065,22,14,0.04178529605269432,0.2708256244659424,-0.4700048565864563,-0.17267358303070068
1066,22,15,-0.09495777636766434,-0.24552184343338013,-0.46925997734069824,-0.17196087539196014
1067,22,16,0.23013515770435333,-1.0,-0.46704399585723877,-0.17116183042526245
1068,22,17,-0.05169257894158363,0.7935654520988464,-0.4687386155128479,-0.1715056151151657
1069,22,18,-0.13893243670463562,0.53839510679245,-0.46958857774734497,-0.1725206971168518
1070,22,19,-0.19186969101428986,1.0,-0.4701228737831116,-0.17286698520183563
1071,22,20,-0.0848359614610672,1.0,-0.46994835138320923,-0.17285224795341492
1072,22,21,-0.3579639196395874,-1.0,-0.47078394889831543,-0.17288313806056976
1073,22,22,-0.31033480167388916,0.703295111656189,-0.4727855622768402,-0.174726665019989
1074,22,23,-0.09188820421695709,-1.0,-0.4724709391593933,-0.1743430644273758
1075,22,24,0.18443642556667328,0.6524777412414551,-0.47242915630340576,-0.1739472895860672
1076,22,25,-0.008830279111862183,-0.7085688710212708,-0.4692137837409973,-0.17154480516910553
1077,22,26,-0.04538058862090111,-0.11402762681245804,-0.4727044701576233,-0.1738917976617813
1078,22,27,0.03602622076869011,-0.5253888368606567,-0.4715573489665985,-0.17343422770500183
1079,22,28,0.35600417852401733,0.7248789668083191,-0.4719371199607849,-0.1734153777360916
1080,22,29,0.2514256536960602,-1.0,-0.4701100289821625,-0.17201925814151764
1081,22,30,-0.2925768196582794,0.19028200209140778,-0.4690890908241272,-0.1716906875371933
1082,22,31,-0.3426983058452606,1.0,-0.4718221426010132,-0.1739709973335266
1083,22,32,0.0632992833852768,-1.0,-0.47145408391952515,-0.17380787432193756
1084,22,33,0.14743278920650482,-0.5225877165794373,-0.47113409638404846,-0.17285339534282684
1085,22,34,-0.12484146654605865,-1.0,-0.47122395038604736,-0.17304940521717072
1086,22,35,0.2771892249584198,-1.0,-0.4732254147529602,-0.1746024787425995
1087,22,36,-0.1410568505525589,0.04778742790222168,-0.4670792818069458,-0.1706589162349701
1088,22,37,-0.2734459340572357,-1.0,-0.4707048535346985,-0.17320583760738373
1089,22,38,-0.103791743516922,-0.0496496744453907,-0.472439706325531,-0.1741771250963211
1090,22,39,0.16136471927165985,-0.6001266837120056,-0.46502411365509033,-0.17006036639213562
1091,22,40,-0.04127555340528488,1.0,-0.4709339141845703,-0.17259755730628967
1092,22,41,0.20424382388591766,-0.5243442058563232,-0.4731677770614624,-0.17434778809547424
1093,22,42,0.5099706649780273,-1.0,-0.4713897109031677,-0.17271074652671814
1094,22,43,0.22293661534786224,0.2503361701965332,-0.4706214368343353,-0.17199192941188812
1095,22,44,-0.19429142773151398,1.0,-0.4683465361595154,-0.17115195095539093
1096,22,45,-0.9813743829727173,-0.8156055212020874,-0.47010862827301025,-0.17290352284908295
1097,22,46,0.30817630887031555,-1.0,-0.47167742252349854,-0.1746857464313507
1098,22,47,-0.393105149269104,-1.0,-0.47486162185668945,-0.17390567064285278
1099,22,48,0.07812491059303284,-1.0,-0.4735821485519409,-0.17521220445632935
1100,22,49,0.23427926003932953,0.6790351271629333,-0.4693305492401123,-0.1721743941307068
1101,23,0,0.035156071186065674,0.09184667468070984,-0.5474713444709778,-0.14602725207805634
1102,23,1,0.06378655135631561,0.6071987748146057,-0.541361927986145,-0.14271341264247894
1103,23,2,-0.32830414175987244,0.26795074343681335,-0.5444527268409729,-0.14384672045707703
1104,23,3,-0.11608371883630753,0.27407658100128174,-0.5424227714538574,-0.1437665969133377
1105,23,4,-0.017054760828614235,-1.0,-0.5416264533996582,-0.14302068948745728
1106,23,5,-0.09755050390958786,0.6090243458747864,-0.5443713665008545,-0.14393754303455353
1107,23,6,0.34651893377304077,-0.7425686717033386,-0.5452150106430054,-0.14449146389961243
1108,23,7,0.2959364652633667,-1.0,-0.5407798886299133,-0.1415131539106369
1109,23,8,0.14927059412002563,-1.0,-0.5427709221839905,-0.14259833097457886
1110,23,9,-0.24224227666854858,-1.0,-0.5405348539352417,-0.14214107394218445
1111,23,10,-0.14315086603164673,-0.345355749130249,-0.5472720861434937,-0.14566729962825775
1112,23,11,-0.2323710173368454,1.0,-0.5451815128326416,-0.14456479251384735
1113,23,12,-0.3214954435825348,1.0,-0.5426173210144043,-0.1437535136938095
1114,23,13,0.2798154652118683,-0.013992385938763618,-0.5443877577781677,-0.1446559578180313
1115,23,14,-0.17056861519813538,0.43785327672958374,-0.541963517665863,-0.14227990806102753
1116,23,15,0.335044264793396,-1.0,-0.5421895384788513,-0.14340299367904663
1117,23,16,-0.4222598075866699,0.31979453563690186,-0.5408005118370056,-0.14163193106651306
1118,23,17,0.10028749704360962,-1.0,-0.5437445044517517,-0.14457082748413086
1119,23,18,0.0002107060281559825,0.5587091445922852,-0.5439643263816833,-0.1435326188802719
1120,23,19,-0.2645416259765625,0.39210280776023865,-0.5443285703659058,-0.14394161105155945
1121,23,20,-0.2655145525932312,-1.0,-0.545574426651001,-0.14499010145664215
1122,23,21,-0.09788250923156738,0.514074981212616,-0.543444037437439,-0.1441579908132553
1123,23,22,-0.33736851811408997,-0.06588286906480789,-0.543057382106781,-0.1435873657464981
1124,23,23,0.0932842567563057,-1.0,-0.5429226160049438,-0.14401893317699432
1125,23,24,-0.2046578824520111,1.0,-0.5439381003379822,-0.14352299273014069
1126,23,25,0.41092848777770996,-0.7319118976593018,-0.5437008142471313,-0.14412379264831543
1127,23,26,-0.006558782886713743,-1.0,-0.537117600440979,-0.1398177593946457
1128,23,27,-0.20654472708702087,-1.0,-0.5429940223693848,-0.14339767396450043
1129,23,28,-0.32063227891921997,0.16193430125713348,-0.5456178784370422,-0.1449388861656189
1130,23,29,0.0441620908677578,-0.46696823835372925,-0.5437960028648376,-0.14438967406749725
1131,23,30,-0.03229352831840515,0.2907165288925171,-0.542949914932251,-0.1432676464319229
1132,23,31,-0.11448060721158981,1.0,-0.5413621664047241,-0.1427096426486969
1133,23,32,-0.20345976948738098,1.0,-0.5417428612709045,-0.14310330152511597
1134,23,33,-0.12391175329685211,-0.9558629989624023,-0.5425792336463928,-0.14367757737636566
1135,23,34,-0.3241283893585205,-0.17582005262374878,-0.5457916259765625,-0.14476293325424194
1136,23,35,-0.060195375233888626,0.6971901655197144,-0.5447001457214355,-0.1447027325630188
1137,23,36,-0.17090414464473724,1.0,-0.5418020486831665,-0.14298094809055328
1138,23,37,-0.36514997482299805,-0.626987874507904,-0.5432361960411072,-0.1438300907611847
1139,23,38,0.2648361921310425,-1.0,-0.5463877320289612,-0.14549529552459717
1140,23,39,0.28447362780570984,0.6097322106361389,-0.5469928979873657,-0.14443695545196533
1141,23,40,0.27523842453956604,-0.6265890598297119,-0.5416160821914673,-0.14223647117614746
1142,23,41,0.11263277381658554,-1.0,-0.5444502234458923,-0.1433456391096115
1143,23,42,-0.030524441972374916,-1.0,-0.5475893020629883,-0.14503230154514313
1144,23,43,-0.27604377269744873,-0.14774104952812195,-0.5447018146514893,-0.1441701054573059
1145,23,44,-0.33185434341430664,-1.0,-0.542153000831604,-0.1435919553041458
1146,23,45,-0.07896691560745239,-1.0,-0.5436110496520996,-0.14434383809566498
1147,23,46,-0.22875162959098816,-1.0,-0.5442293882369995,-0.144097700715065
1148,23,47,-0.28851112723350525,0.11002076417207718,-0.5461544990539551,-0.14520004391670227
1149,23,48,-0.2850475013256073,-1.0,-0.5458452701568604,-0.14518390595912933
1150,23,49,0.004248074721544981,-0.6974931359291077,-0.547287106513977,-0.1457294076681137
1151,24,0,-0.20039965212345123,1.0,-0.6262929439544678,-0.14631348848342896
1152,24,1,-0.20265376567840576,-1.0,-0.629967212677002,-0.14750666916370392
1153,24,2,0.055963385850191116,1.0,-0.6324236392974854,-0.14848439395427704
1154,24,3,-0.011055910028517246,0.761862576007843,-0.6285655498504639,-0.14650002121925354
1155,24,4,0.1216805949807167,-1.0,-0.6258071660995483,-0.1456361562013626
1156,24,5,0.12134999781847,-0.012861925177276134,-0.6300249099731445,-0.14685888588428497
1157,24,6,0.16521640121936798,-0.5409411191940308,-0.6239379644393921,-0.14451874792575836
1158,24,7,0.37422487139701843,-0.8988678455352783,-0.6285765171051025,-0.14621128141880035
1159,24,8,-0.13869933784008026,-1.0,-0.6301064491271973,-0.14632117748260498
1160,24,9,-0.1554432511329651,-1.0,-0.6289063692092896,-0.14707167446613312
1161,24,10,-0.031033074483275414,-1.0,-0.6287671327590942,-0.14710138738155365
1162,24,11,-0.22397592663764954,0.6262550950050354,-0.6316676139831543,-0.14784342050552368
1163,24,12,-0.23973050713539124,-1.0,-0.632841944694519,-0.14868085086345673
1164,24,13,-0.007231512572616339,1.0,-0.6342947483062744,-0.14924173057079315
1165,24,14,-0.42708250880241394,-1.0,-0.6312360763549805,-0.147564098238945
1166,24,15,-0.3321985900402069,-0.025607777759432793,-0.6346845626831055,-0.14977741241455078
1167,24,16,-0.11075075715780258,-1.0,-0.6284538507461548,-0.14720870554447174
1168,24,17,-0.21177232265472412,-0.9180445671081543,-0.6325260400772095,-0.1482793241739273
1169,24,18,-0.32844600081443787,-1.0,-0.632024884223938,-0.1482897251844406
1170,24,19,0.14219717681407928,-1.0,-0.6339079141616821,-0.14926818013191223
1171,24,20,-0.2722879648208618,-0.05620913580060005,-0.629993200302124,-0.1467677801847458
1172,24,21,0.14169976115226746,1.0,-0.6278393268585205,-0.1468828320503235
1173,24,22,-0.29425275325775146,-1.0,-0.6275434494018555,-0.1458437740802765
1174,24,23,-0.22194774448871613,-1.0,-0.6305801868438721,-0.14805085957050323
1175,24,24,-0.26541951298713684,-0.7563024759292603,-0.6313339471817017,-0.14816851913928986
1176,24,25,-0.03366940841078758,-0.8715317845344543,-0.6251991987228394,-0.1457083821296692
1177,24,26,-0.46512678265571594,-0.3988306522369385,-0.6321275234222412,-0.14782455563545227
1178,24,27,0.015531713142991066,-1.0,-0.6313246488571167,-0.14864638447761536
1179,24,28,-0.07228271663188934,-0.027055252343416214,-0.631614089012146,-0.1476697027683258
1180,24,29,-0.008466158993542194,-0.8960614800453186,-0.6235764026641846,-0.1448928266763687
1181,24,30,-0.16035641729831696,1.0,-0.6298857927322388,-0.1470814347267151
1182,24,31,-0.26448145508766174,-0.2291921079158783,-0.6291707754135132,-0.14718259871006012
1183,24,32,0.08616156131029129,0.006772352382540703,-0.6275947093963623,-0.146837055683136
1184,24,33,0.06762181967496872,-0.338166207075119,-0.6280111074447632,-0.1461690068244934
1185,24,34,-0.02368890680372715,-1.0,-0.6273113489151001,-0.14602413773536682
1186,24,35,-0.18233266472816467,0.9032172560691833,-0.6310945749282837,-0.14755350351333618
1187,24,36,-0.25643351674079895,1.0,-0.6324617862701416,-0.14841598272323608
1188,24,37,0.10143249481916428,0.8331949710845947,-0.6287028789520264,-0.14725340902805328
1189,24,38,-0.10716938227415085,0.31346529722213745,-0.6247482299804688,-0.14501778781414032
1190,24,39,-0.4103749692440033,-1.0,-0.6290925741195679,-0.1470082402229309
1191,24,40,-0.31338250637054443,-1.0,-0.6341152191162109,-0.14954721927642822
1192,24,41,-0.09578157216310501,-0.45856818556785583,-0.6342960596084595,-0.14940044283866882
1193,24,42,-0.1826821118593216,-1.0,-0.6312323808670044,-0.14774054288864136
1194,24,43,0.09477414935827255,-0.9986247420310974,-0.6314445734024048,-0.14813633263111115
1195,24,44,-0.23447450995445251,-1.0,-0.6279586553573608,-0.14623083174228668
1196,24,45,-0.23635122179985046,-1.0,-0.6305543184280396,-0.14790433645248413
1197,24,46,-0.31623873114585876,0.44838815927505493,-0.6319940090179443,-0.1484062224626541
1198,24,47,-0.1946662962436676,0.298128604888916,-0.6287084817886353,-0.14734603464603424
1199,24,48,0.024766556918621063,-1.0,-0.6269291639328003,-0.14645159244537354
1200,24,49,-0.08271598815917969,-0.9463360905647278,-0.6290757656097412,-0.14681527018547058
1201,25,0,0.6793881058692932,0.7700589299201965,-0.6696518659591675,-0.2040664702653885
1202,25,1,-0.2855862081050873,1.0,-0.6718405485153198,-0.20398658514022827
1203,25,2,0.23487895727157593,-0.16487064957618713,-0.6719543933868408,-0.20594285428524017
1204,25,3,-0.08876771479845047,-0.11470479518175125,-0.6660850644111633,-0.20222961902618408
1205,25,4,-0.13058476150035858,1.0,-0.6698447465896606,-0.20443099737167358
1206,25,5,-0.23319025337696075,-1.0,-0.6703773140907288,-0.2049177587032318
1207,25,6,-0.17306378483772278,0.31834444403648376,-0.6733288168907166,-0.20646235346794128
1208,25,7,0.2849785089492798,-1.0,-0.6712819337844849,-0.2052675485610962
1209,25,8,-0.03819798678159714,-0.8301293849945068,-0.671127200126648,-0.204241082072258
1210,25,9,0.023815372958779335,-1.0,-0.6689178943634033,-0.20418959856033325
1211,25,10,-0.23106345534324646,-0.6599504351615906,-0.6706100702285767,-0.20479406416416168
1212,25,11,-0.3736141622066498,-1.0,-0.6742386221885681,-0.20667539536952972
1213,25,12,-0.10843690484762192,1.0,-0.6769371628761292,-0.208163782954216
1214,25,13,0.025164520367980003,-1.0,-0.6690992712974548,-0.2042841911315918
1215,25,14,-0.477531373500824,0.9195062518119812,-0.669112503528595,-0.20400795340538025
1216,25,15,-0.09890318661928177,1.0,-0.6723059415817261,-0.2064959555864334
1217,25,16,-0.16949006915092468,-0.33068040013313293,-0.669678807258606,-0.20454448461532593
1218,25,17,0.022071268409490585,1.0,-0.6700035929679871,-0.20477749407291412
1219,25,18,-0.18907012045383453,0.694207489490509,-0.6670486927032471,-0.20319576561450958
1220,25,19,-0.36377808451652527,0.5753870606422424,-0.6701895594596863,-0.2050458788871765
1221,25,20,-0.3467368483543396,-1.0,-0.6719171404838562,-0.20608462393283844
1222,25,21,0.45135387778282166,-1.0,-0.6738864183425903,-0.20682233572006226
1223,25,22,-0.36636435985565186,-1.0,-0.6706892251968384,-0.2037142664194107
1224,25,23,-0.03163788095116615,-1.0,-0.6755551099777222,-0.20762374997138977
1225,25,24,-0.014240150339901447,0.5958760380744934,-0.6726372241973877,-0.20565910637378693
1226,25,25,-0.24039193987846375,1.0,-0.6717822551727295,-0.20522858202457428
1227,25,26,0.1264890879392624,0.7743065357208252,-0.6723883748054504,-0.20595388114452362
1228,25,27,-0.10483267158269882,1.0,-0.6686635613441467,-0.20358902215957642
1229,25,28,-0.17776283621788025,-1.0,-0.6709995269775391,-0.20511318743228912
1230,25,29,0.22344525158405304,-1.0,-0.6743103861808777,-0.206607848405838
1231,25,30,-0.3460209369659424,-1.0,-0.6715694665908813,-0.2047293484210968
1232,25,31,-0.41936975717544556,-1.0,-0.6766644716262817,-0.20800364017486572
1233,25,32,-0.10454611480236053,-0.6715478897094727,-0.6771374344825745,-0.20826949179172516
1234,25,33,-0.08223431557416916,-1.0,-0.6727532744407654,-0.20587638020515442
1235,25,34,0.039111554622650146,-1.0,-0.6753473281860352,-0.2069149911403656
1236,25,35,-0.25095322728157043,-1.0,-0.6697638630867004,-0.20438583195209503
1237,25,36,-0.13910682499408722,0.372440367937088,-0.6738146543502808,-0.2066589593887329
1238,25,37,-0.337146520614624,-1.0,-0.6694530844688416,-0.20463864505290985
1239,25,38,0.10851649194955826,-0.7016264200210571,-0.6747305393218994,-0.20710106194019318
1240,25,39,-0.07146439701318741,-1.0,-0.6727772355079651,-0.2054469734430313
1241,25,40,-0.3717271685600281,1.0,-0.6757025718688965,-0.2070610523223877
1242,25,41,-0.22164423763751984,-0.179719477891922,-0.6732368469238281,-0.20659056305885315
1243,25,42,-0.654387354850769,-0.7861114740371704,-0.6700582504272461,-0.2049161195755005
1244,25,43,-0.11292903870344162,0.8316572308540344,-0.6690400838851929,-0.20491357147693634
1245,25,44,-0.45127493143081665,0.43769147992134094,-0.6710510849952698,-0.20514759421348572
1246,25,45,-0.04220643639564514,-0.12860463559627533,-0.6728233098983765,-0.20650818943977356
1247,25,46,-0.11398191004991531,-0.2122698873281479,-0.6674147844314575,-0.2035624384880066
1248,25,47,-0.24482211470603943,-1.0,-0.6661256551742554,-0.2030605524778366
1249,25,48,-0.3198881447315216,-0.1466846466064453,-0.6736589670181274,-0.20651543140411377
1250,25,49,-0.28656136989593506,-0.36447006464004517,-0.6705856323242188,-0.20534108579158783
1251,26,0,-0.33027368783950806,-0.04017716273665428,-0.6915128231048584,-0.3108764886856079
1252,26,1,-0.23243413865566254,-0.779649019241333,-0.6908912658691406,-0.3113115131855011
1253,26,2,-0.9480502009391785,-0.7763856053352356,-0.6872978210449219,-0.30883777141571045
1254,26,3,0.14882302284240723,-1.0,-0.6895569562911987,-0.3110731244087219
1255,26,4,0.07918743044137955,0.09909099340438843,-0.6933927536010742,-0.3113907277584076
1256,26,5,-0.10224488377571106,-1.0,-0.6929267048835754,-0.311870813369751
1257,26,6,-0.32336845993995667,-0.8968815207481384,-0.6972686648368835,-0.314410537481308
1258,26,7,-0.05887994542717934,0.4545206129550934,-0.6929734945297241,-0.31283578276634216
1259,26,8,0.2446736842393875,-0.5039260983467102,-0.6907562613487244,-0.3104858994483948
1260,26,9,0.01959354244172573,-0.9564716815948486,-0.6955608129501343,-0.3128533959388733
1261,26,10,-0.21347247064113617,-1.0,-0.6965477466583252,-0.3143807649612427
1262,26,11,0.40931496024131775,-1.0,-0.693263053894043,-0.312879353761673
1263,26,12,-0.07535980641841888,-0.13171429932117462,-0.6865662336349487,-0.3084115982055664
1264,26,13,-0.08169770240783691,-0.8900733590126038,-0.6897059679031372,-0.31036877632141113
1265,26,14,0.0026379197370260954,-1.0,-0.6913748979568481,-0.31137359142303467
1266,26,15,-0.07439742982387543,-0.6803340315818787,-0.6922330856323242,-0.31174081563949585
1267,26,16,-0.43107175827026367,-0.13196738064289093,-0.6960030794143677,-0.3137442171573639
1268,26,17,-0.21810917556285858,-1.0,-0.6959254741668701,-0.3143050968647003
1269,26,18,-0.07472573965787888,0.7644495368003845,-0.6966595649719238,-0.31430378556251526
1270,26,19,0.429629385471344,-1.0,-0.6913812756538391,-0.31133073568344116
1271,26,20,0.3609634339809418,-1.0,-0.6880194544792175,-0.30878135561943054
1272,26,21,0.07084936648607254,-1.0,-0.6902496814727783,-0.30983462929725647
1273,26,22,-0.16981221735477448,0.5608527064323425,-0.6894592642784119,-0.3103374242782593
1274,26,23,-0.2710672616958618,-0.06880486756563187,-0.6900335550308228,-0.3109428286552429
1275,26,24,-0.05932009965181351,-0.2029504030942917,-0.690436840057373,-0.3110235333442688
1276,26,25,-0.38769954442977905,-0.933840274810791,-0.6866843104362488,-0.3087500035762787
1277,26,26,0.2220657765865326,-0.2857687771320343,-0.6906725764274597,-0.3112846910953522
1278,26,27,0.1471310555934906,0.08865264058113098,-0.6887044310569763,-0.3090015649795532
1279,26,28,0.1932622641324997,-0.9779826998710632,-0.6891745328903198,-0.31010258197784424
1280,26,29,-0.16214217245578766,0.056483108550310135,-0.6904367804527283,-0.310554563999176
1281,26,30,-0.08674321323633194,0.6021717190742493,-0.6908042430877686,-0.31143680214881897
1282,26,31,-0.702151358127594,-0.747975766658783,-0.6950408816337585,-0.3133532404899597
1283,26,32,-0.04746958240866661,-1.0,-0.6909915208816528,-0.31203559041023254
1284,26,33,-0.06784160435199738,1.0,-0.6941373348236084,-0.31217679381370544
1285,26,34,-0.1300755739212036,-1.0,-0.6898491978645325,-0.31055760383605957
1286,26,35,-0.20064830780029297,-0.991312563419342,-0.6940468549728394,-0.31293606758117676
1287,26,36,0.08661957085132599,-1.0,-0.6955161690711975,-0.3139590322971344
1288,26,37,-0.08203046768903732,-0.1720864623785019,-0.6918212175369263,-0.31114545464515686
1289,26,38,-0.3740142583847046,-1.0,-0.6909818649291992,-0.3108264207839966
1290,26,39,-0.4165964424610138,-1.0,-0.6960294246673584,-0.31417983770370483
1291,26,40,0.05438116192817688,0.5565989017486572,-0.6990599632263184,-0.3159126043319702
1292,26,41,0.2726217210292816,-1.0,-0.6906395554542542,-0.31074488162994385
1293,26,42,-0.06392750889062881,-0.30024394392967224,-0.6903120279312134,-0.30998480319976807
1294,26,43,-0.22283485531806946,-0.6687781810760498,-0.6890042424201965,-0.3100614547729492
1295,26,44,-0.2501331567764282,-1.0,-0.6950220465660095,-0.3133687973022461
1296,26,45,-0.011435290798544884,-1.0,-0.6960324048995972,-0.31443074345588684
1297,26,46,-0.2665654420852661,-1.0,-0.691435694694519,-0.31146934628486633
1298,26,47,0.48507919907569885,-1.0,-0.6939398050308228,-0.31322935223579407
1299,26,48,-0.9621824622154236,-0.7648835778236389,-0.6884338855743408,-0.3090333342552185
1300,26,49,0.002663777209818363,-1.0,-0.6922458410263062,-0.31251922249794006
1301,27,0,0.005429881624877453,-0.6630737781524658,-0.689846396446228,-0.390847384929657
1302,27,1,0.5744249820709229,-0.7296676635742188,-0.693196713924408,-0.3925769031047821
1303,27,2,-0.49947604537010193,-1.0,-0.6872194409370422,-0.3874736428260803
1304,27,3,-0.006630771327763796,-0.8193536400794983,-0.6974151134490967,-0.3957553803920746
1305,27,4,0.43059203028678894,-0.7132365703582764,-0.693367063999176,-0.39200150966644287
1306,27,5,-0.05546662583947182,-1.0,-0.6899276971817017,-0.388927698135376
1307,27,6,-0.2829445004463196,-1.0,-0.6950136423110962,-0.3937765955924988
1308,27,7,-0.3722873032093048,-1.0,-0.6963707804679871,-0.3952098488807678
1309,27,8,0.17767608165740967,-1.0,-0.6987975835800171,-0.39676934480667114
1310,27,9,0.26714733242988586,-0.26118505001068115,-0.6934497952461243,-0.392781138420105
1311,27,10,-0.08304217457771301,1.0,-0.6856484413146973,-0.3861891031265259
1312,27,11,0.10761985182762146,-1.0,-0.6894127726554871,-0.3900924026966095
1313,27,12,-0.18970191478729248,-1.0,-0.6949093341827393,-0.3934468626976013
1314,27,13,0.06053164601325989,-1.0,-0.6951010227203369,-0.39405202865600586
1315,27,14,-0.2272498458623886,-0.7387623190879822,-0.6950262784957886,-0.3937112092971802
1316,27,15,-0.011671410873532295,-0.3098435699939728,-0.6884791254997253,-0.3888859152793884
1317,27,16,-0.11136096715927124,-1.0,-0.694712221622467,-0.39218318462371826
1318,27,17,0.2858071029186249,-1.0,-0.6938312649726868,-0.3933650553226471
1319,27,18,-0.06251640617847443,1.0,-0.6914499402046204,-0.39107123017311096
1320,27,19,-0.2532142102718353,-0.09567505866289139,-0.6924893260002136,-0.39226067066192627
1321,27,20,0.03772840276360512,-1.0,-0.6915813088417053,-0.3919713497161865
1322,27,21,0.15607468783855438,-1.0,-0.6903687119483948,-0.3910406529903412
1323,27,22,-0.44847312569618225,-0.05917870253324509,-0.6917920112609863,-0.3917822241783142
1324,27,23,-0.08174088597297668,-1.0,-0.6940218210220337,-0.3934648036956787
1325,27,24,-0.24999426305294037,0.5182148218154907,-0.695020854473114,-0.3937235474586487
1326,27,25,0.1916854977607727,-1.0,-0.6932270526885986,-0.3927628993988037
1327,27,26,0.05632277950644493,-1.0,-0.6896069049835205,-0.39020583033561707
1328,27,27,-0.18305529654026031,0.40457943081855774,-0.6894777417182922,-0.39051955938339233
1329,27,28,-0.10721039026975632,0.17083542048931122,-0.6911596059799194,-0.3916696310043335
1330,27,29,0.3362864851951599,-0.4919712245464325,-0.6910713315010071,-0.3916928172111511
1331,27,30,0.12128859013319016,-0.37798789143562317,-0.6914221048355103,-0.39076271653175354
1332,27,31,0.3496934473514557,-1.0,-0.6918166875839233,-0.3920465111732483
1333,27,32,-0.1424231082201004,0.37798425555229187,-0.6908340454101562,-0.39078590273857117
1334,27,33,0.2085133194923401,-1.0,-0.6912978291511536,-0.39176103472709656
1335,27,34,-0.29428592324256897,-1.0,-0.688957929611206,-0.3900315463542938
1336,27,35,-0.23241975903511047,0.28145867586135864,-0.6951102018356323,-0.39451169967651367
1337,27,36,0.05689973756670952,-0.6319329142570496,-0.6921186447143555,-0.3917064666748047
1338,27,37,-0.04755124822258949,-0.14437508583068848,-0.6904703974723816,-0.3906749486923218
1339,27,38,0.2896121144294739,-1.0,-0.6924096345901489,-0.3917478919029236
1340,27,39,-0.07653703540563583,-1.0,-0.6922593116760254,-0.3917399048805237
1341,27,40,-0.2851729989051819,1.0,-0.6925439238548279,-0.392454594373703
1342,27,41,-0.23237837851047516,1.0,-0.6924082636833191,-0.39247384667396545
1343,27,42,-0.41661208868026733,-1.0,-0.6919724941253662,-0.39198821783065796
1344,27,43,-0.03718196228146553,-1.0,-0.6954146027565002,-0.3942350745201111
1345,27,44,0.13654464483261108,-1.0,-0.6960036754608154,-0.39466580748558044
1346,27,45,0.11322394013404846,0.05109139531850815,-0.6900053024291992,-0.3910057246685028
1347,27,46,-0.27743464708328247,-1.0,-0.6893545985221863,-0.39024949073791504
1348,27,47,-0.5395345687866211,-0.8066340088844299,-0.6968138813972473,-0.39547404646873474
1349,27,48,0.11781840026378632,-1.0,-0.692936360836029,-0.3917691707611084
1350,27,49,-0.3266960680484772,-0.03810582682490349,-0.69145268201828,-0.3907632529735565
1351,28,0,-0.12527811527252197,1.0,-0.7020619511604309,-0.37016186118125916
1352,28,1,-0.2002740055322647,-1.0,-0.7009633779525757,-0.3692384958267212
1353,28,2,-0.18184491991996765,0.09995992481708527,-0.701331377029419,-0.3694625496864319
1354,28,3,-0.11404863744974136,-0.47664493322372437,-0.7052755355834961,-0.3717230260372162
1355,28,4,-0.32374149560928345,-1.0,-0.7043642997741699,-0.370109885931015
1356,28,5,0.2464573085308075,-0.6254827380180359,-0.7046319246292114,-0.3712557852268219
1357,28,6,0.15571467578411102,0.8069072365760803,-0.7024601697921753,-0.36950555443763733
1358,28,7,-0.1984279453754425,-1.0,-0.7050042152404785,-0.3712258040904999
1359,28,8,0.3144585192203522,-0.4857209622859955,-0.7083559036254883,-0.3736627399921417
1360,28,9,0.3449443578720093,-1.0,-0.7034311890602112,-0.3698873519897461
1361,28,10,-0.07960885018110275,-1.0,-0.7029849886894226,-0.3698839843273163
1362,28,11,-0.21797406673431396,1.0,-0.7056891322135925,-0.3720446228981018
1363,28,12,0.2568911015987396,-0.025979191064834595,-0.7048583030700684,-0.37157079577445984
1364,28,13,0.3482813239097595,-1.0,-0.6980587244033813,-0.3660646975040436
1365,28,14,0.3387768566608429,-1.0,-0.6998934745788574,-0.3679635524749756
1366,28,15,-0.0019691528286784887,-1.0,-0.6998490691184998,-0.36774012446403503
1367,28,16,-0.13188673555850983,0.31235694885253906,-0.7040405869483948,-0.3705734610557556
1368,28,17,-0.277361124753952,-1.0,-0.7017776966094971,-0.3693433105945587
1369,28,18,0.11986132711172104,-1.0,-0.703115701675415,-0.3703424632549286
1370,28,19,0.24911344051361084,-1.0,-0.7024625539779663,-0.3697474002838135
1371,28,20,-0.44904956221580505,0.9104212522506714,-0.7002630233764648,-0.36805057525634766
1372,28,21,-0.13323929905891418,-0.1409953385591507,-0.7045326828956604,-0.37157073616981506
1373,28,22,-0.11214673519134521,1.0,-0.701260507106781,-0.3691515326499939
1374,28,23,-0.23358744382858276,-0.1362866759300232,-0.7023180723190308,-0.3694760501384735
1375,28,24,-0.08662967383861542,-1.0,-0.7048813700675964,-0.3706628978252411
1376,28,25,-0.28727319836616516,-1.0,-0.7061669230461121,-0.37159979343414307
1377,28,26,-0.3568487763404846,-0.3911941349506378,-0.7069187164306641,-0.37290552258491516
1378,28,27,-0.043791644275188446,-1.0,-0.7048273086547852,-0.3716334104537964
1379,28,28,-0.1383841186761856,0.30157074332237244,-0.704448401927948,-0.37110844254493713
1380,28,29,0.11110639572143555,-1.0,-0.7003709673881531,-0.36806121468544006
1381,28,30,-0.07257509231567383,-0.6028072834014893,-0.7019439935684204,-0.3696380853652954
1382,28,31,0.14097723364830017,-1.0,-0.7032005786895752,-0.3704409599304199
1383,28,32,-0.14357568323612213,-0.7950363159179688,-0.7077966332435608,-0.3728644847869873
1384,28,33,-0.12209965288639069,0.2524373531341553,-0.6983462572097778,-0.3652905523777008
1385,28,34,0.26800110936164856,-0.5784357190132141,-0.7019227743148804,-0.36877310276031494
1386,28,35,0.2353687584400177,0.6094563603401184,-0.7019412517547607,-0.36910948157310486
1387,28,36,-0.23359832167625427,-0.9396355152130127,-0.7070944905281067,-0.37262585759162903
1388,28,37,-0.3709065318107605,-1.0,-0.7055975198745728,-0.3720570504665375
1389,28,38,-0.18681910634040833,0.9345864057540894,-0.7074587941169739,-0.3731640875339508
1390,28,39,-0.2906605303287506,1.0,-0.7040724754333496,-0.3708838224411011
1391,28,40,-0.17865709960460663,-1.0,-0.7045615315437317,-0.3710485100746155
1392,28,41,-0.15997983515262604,0.23416903614997864,-0.7063751220703125,-0.3720329999923706
1393,28,42,0.1077684611082077,-1.0,-0.7043742537498474,-0.3707823157310486
1394,28,43,-0.21649828553199768,0.6541841626167297,-0.7066542506217957,-0.37144890427589417
1395,28,44,-0.19241014122962952,-1.0,-0.7061012387275696,-0.37213775515556335
1396,28,45,-0.12609951198101044,-0.9867801070213318,-0.707088828086853,-0.37256547808647156
1397,28,46,-0.09336179494857788,-1.0,-0.7047629356384277,-0.37152159214019775
1398,28,47,0.010800336487591267,-0.15331503748893738,-0.7063472867012024,-0.37256738543510437
1399,28,48,-0.12600232660770416,-1.0,-0.6990401744842529,-0.3675177991390228
1400,28,49,0.10684999823570251,-0.4569324254989624,-0.7084320783615112,-0.37307244539260864
1401,29,0,-0.005016205366700888,-1.0,-0.7911542057991028,-0.319778710603714
1402,29,1,-0.4819272756576538,-1.0,-0.7873682975769043,-0.3178398311138153
1403,29,2,-0.3937267065048218,-1.0,-0.7897472977638245,-0.31946083903312683
1404,29,3,0.2105092853307724,-0.48106056451797485,-0.7909477353096008,-0.3199290633201599
1405,29,4,0.6023819446563721,-0.9392639994621277,-0.7844005227088928,-0.31494447588920593
1406,29,5,-0.0913684144616127,0.17186306416988373,-0.7850666642189026,-0.31565195322036743
1407,29,6,0.04025736078619957,1.0,-0.7862990498542786,-0.31710880994796753
1408,29,7,0.0547049343585968,-1.0,-0.7855625748634338,-0.3162544369697571
1409,29,8,-0.06844504177570343,-0.6744563579559326,-0.7835522890090942,-0.3158833682537079
1410,29,9,-0.27995210886001587,-1.0,-0.7901923060417175,-0.3187633752822876
1411,29,10,-0.2886945307254791,-1.0,-0.792307436466217,-0.32037806510925293
1412,29,11,0.017686208710074425,-1.0,-0.7878977060317993,-0.31839942932128906
1413,29,12,0.05819156765937805,-0.3303346335887909,-0.7863147258758545,-0.3171011209487915
1414,29,13,-0.4415627717971802,-0.4144861400127411,-0.7842733860015869,-0.31600669026374817
1415,29,14,0.2812843918800354,0.8023653030395508,-0.7850378751754761,-0.3170211613178253
1416,29,15,-0.24731957912445068,-0.0038105256389826536,-0.7834436893463135,-0.31495746970176697
1417,29,16,-0.06900820881128311,-1.0,-0.7783704996109009,-0.3131638467311859
1418,29,17,-0.3959266245365143,-1.0,-0.7882600426673889,-0.31811147928237915
1419,29,18,-0.2553311586380005,-0.03318234905600548,-0.7910352349281311,-0.3200639486312866
1420,29,19,0.02976369671523571,-1.0,-0.7830939888954163,-0.31547507643699646
1421,29,20,-0.262568861246109,-1.0,-0.7860656380653381,-0.3170807659626007
1422,29,21,0.42062878608703613,-1.0,-0.7870334386825562,-0.3178442418575287
1423,29,22,0.40123480558395386,-0.9057055115699768,-0.7827423810958862,-0.31504887342453003
1424,29,23,-0.16696886718273163,-1.0,-0.7789269685745239,-0.31295961141586304
1425,29,24,-0.35535839200019836,-1.0,-0.7869583368301392,-0.31755128502845764
1426,29,25,-0.11550788581371307,0.5722543597221375,-0.7909367084503174,-0.31991007924079895
1427,29,26,0.3423731327056885,-1.0,-0.7858787178993225,-0.31708425283432007
1428,29,27,0.2415933758020401,0.6573986411094666,-0.7845096588134766,-0.31558170914649963
1429,29,28,0.14239029586315155,-1.0,-0.7799627184867859,-0.3139908015727997
1430,29,29,-0.13324786722660065,-1.0,-0.7831956744194031,-0.3155785799026489
1431,29,30,-0.19271615147590637,0.6486819386482239,-0.7881277799606323,-0.3182401955127716
1432,29,31,-0.12475209683179855,-0.8976276516914368,-0.7875859141349792,-0.31807461380958557
1433,29,32,0.040759820491075516,-1.0,-0.7858942747116089,-0.3171527683734894
1434,29,33,-0.2781791388988495,0.7575826048851013,-0.7835109233856201,-0.3159365653991699
1435,29,34,0.12198866158723831,1.0,-0.7881054282188416,-0.31849405169487
1436,29,35,0.20543064177036285,-0.9823178648948669,-0.7826752066612244,-0.31514427065849304
1437,29,36,-0.25225016474723816,-0.18562662601470947,-0.7808849811553955,-0.31440290808677673
1438,29,37,-0.2549673616886139,-0.022158807143568993,-0.7804309129714966,-0.31487521529197693
1439,29,38,-0.24987193942070007,0.7506918907165527,-0.7795203328132629,-0.3139435350894928
1440,29,39,-0.2580220699310303,-1.0,-0.7881191968917847,-0.3181011974811554
1441,29,40,-0.24891075491905212,0.8802580237388611,-0.7883760929107666,-0.3184487521648407
1442,29,41,-0.4509423077106476,1.0,-0.7863129377365112,-0.3172898292541504
1443,29,42,0.00311078829690814,-1.0,-0.7837886214256287,-0.31661051511764526
1444,29,43,-0.24290357530117035,1.0,-0.7823339700698853,-0.31542888283729553
1445,29,44,-0.1713828295469284,-1.0,-0.7842360138893127,-0.3165232837200165
1446,29,45,0.1311531811952591,-1.0,-0.7870609760284424,-0.31769508123397827
1447,29,46,-0.012667661532759666,-1.0,-0.7863767147064209,-0.3171822428703308
1448,29,47,-0.01832851953804493,0.3353131115436554,-0.786680281162262,-0.3173691928386688
1449,29,48,0.3281068503856659,-1.0,-0.7849699258804321,-0.3163299858570099
1450,29,49,0.768082320690155,-1.0,-0.7814012765884399,-0.31426265835762024
1451,30,0,0.15851782262325287,-1.0,-0.8992471098899841,-0.2517510652542114
1452,30,1,-0.4695257246494293,0.8542826175689697,-0.9006369709968567,-0.2518782615661621
1453,30,2,-0.26899823546409607,1.0,-0.9027432799339294,-0.2537323832511902
1454,30,3,-0.27580106258392334,1.0,-0.9001501202583313,-0.25244665145874023
1455,30,4,-0.4142833352088928,0.22019964456558228,-0.9017333984375,-0.25306904315948486
1456,30,5,-0.4339240789413452,-1.0,-0.9040675163269043,-0.25411316752433777
1457,30,6,0.03695056959986687,-1.0,-0.9051226377487183,-0.25458139181137085
1458,30,7,-0.128155916929245,-0.9504910707473755,-0.9042717218399048,-0.25343388319015503
1459,30,8,-0.42058470845222473,1.0,-0.906960129737854,-0.2546423375606537
1460,30,9,-0.14439170062541962,-0.3132261633872986,-0.9032710790634155,-0.2538907825946808
1461,30,10,-0.12043002992868423,1.0,-0.8967913389205933,-0.2509157955646515
1462,30,11,0.0401446670293808,0.4835253655910492,-0.9004011154174805,-0.2522764801979065
1463,30,12,-0.4500429034233093,1.0,-0.8963853716850281,-0.2507532835006714
1464,30,13,0.1477385312318802,0.6891114711761475,-0.9016003012657166,-0.2532869279384613
1465,30,14,0.2806349992752075,-1.0,-0.8978713750839233,-0.25093874335289
1466,30,15,-0.05077305808663368,-1.0,-0.8963545560836792,-0.2504558265209198
1467,30,16,0.05611371248960495,-1.0,-0.9001904129981995,-0.252315878868103
1468,30,17,-0.17330801486968994,0.3752491772174835,-0.8969499468803406,-0.2509070038795471
1469,30,18,-0.02335308864712715,-1.0,-0.9000593423843384,-0.2523474395275116
1470,30,19,-0.005539922509342432,0.05352545902132988,-0.8999488949775696,-0.25203168392181396
1471,30,20,-0.27443307638168335,0.2796725928783417,-0.8984180092811584,-0.25148749351501465
1472,30,21,-0.1415339857339859,1.0,-0.8982670903205872,-0.25169047713279724
1473,30,22,0.0682259127497673,0.2832593321800232,-0.8987624645233154,-0.2516646981239319
1474,30,23,-0.058134499937295914,-0.2742123305797577,-0.8977096080780029,-0.2508300244808197
1475,30,24,0.18587340414524078,-1.0,-0.8965967893600464,-0.25072115659713745
1476,30,25,0.0616406574845314,0.27521324157714844,-0.9007279872894287,-0.25177520513534546
1477,30,26,0.02640349604189396,-1.0,-0.8945285677909851,-0.24972988665103912
1478,30,27,-0.08754938095808029,-0.2100391834974289,-0.9004231095314026,-0.252212792634964
1479,30,28,-0.04508167877793312,0.021222250536084175,-0.8949922323226929,-0.2503252625465393
1480,30,29,-0.11444021016359329,0.16349969804286957,-0.8995543718338013,-0.2516481876373291
1481,30,30,-0.16670089960098267,-1.0,-0.9033960700035095,-0.2535000443458557
1482,30,31,-0.32875555753707886,-1.0,-0.9069841504096985,-0.2547391355037689
1483,30,32,-0.3441781997680664,-0.04768343269824982,-0.9097311496734619,-0.2559621036052704
1484,30,33,-0.3854101300239563,-1.0,-0.9030658006668091,-0.25352588295936584
1485,30,34,-0.4709798991680145,-0.4010270833969116,-0.9066708087921143,-0.2550281286239624
1486,30,35,0.11301968991756439,-0.6224018335342407,-0.9036865830421448,-0.2540658712387085
1487,30,36,-0.17251165211200714,-1.0,-0.9014114737510681,-0.2523602247238159
1488,30,37,-0.31463849544525146,1.0,-0.9076732993125916,-0.2552211284637451
1489,30,38,-0.15914198756217957,-1.0,-0.9013232588768005,-0.2531232535839081
1490,30,39,-0.06890254467725754,0.28709396719932556,-0.9027887582778931,-0.25337523221969604
1491,30,40,-0.43237417936325073,-0.8919609785079956,-0.8963248133659363,-0.2506776452064514
1492,30,41,-0.16197839379310608,-1.0,-0.9014143943786621,-0.25318095088005066
1493,30,42,-0.03454458341002464,-0.8494399189949036,-0.9027581214904785,-0.25329989194869995
1494,30,43,-0.12888731062412262,1.0,-0.9003095030784607,-0.2523658871650696
1495,30,44,-0.25337013602256775,-1.0,-0.8998667001724243,-0.25215354561805725
1496,30,45,0.30910661816596985,-1.0,-0.9056939482688904,-0.2544918358325958
1497,30,46,0.25766050815582275,-1.0,-0.899898111820221,-0.2516423165798187
1498,30,47,-0.5412511825561523,-1.0,-0.9017990231513977,-0.2521367371082306
1499,30,48,-0.40486204624176025,-1.0,-0.9083990454673767,-0.2559949457645416
1500,30,49,-0.051327090710401535,-1.0,-0.9073311686515808,-0.2553669512271881
1501,31,0,0.13095106184482574,-1.0,-1.0334688425064087,-0.22995473444461823
1502,31,1,0.5646986961364746,-1.0,-1.0281686782836914,-0.22740894556045532
1503,31,2,0.005506375338882208,-1.0,-1.0269877910614014,-0.22616273164749146
1504,31,3,-0.26309382915496826,-0.921825110912323,-1.0332928895950317,-0.22920630872249603
1505,31,4,-0.4228476583957672,-0.5581873059272766,-1.03117036819458,-0.22917038202285767
1506,31,5,0.6003996133804321,-0.5934718251228333,-1.0170403718948364,-0.22554127871990204
1507,31,6,0.3044028878211975,-1.0,-1.0346060991287231,-0.22813722491264343
1508,31,7,0.04897438362240791,-1.0,-1.03653085231781,-0.22966377437114716
1509,31,8,0.04829218238592148,-1.0,-1.0288163423538208,-0.2278670221567154
1510,31,9,-0.4148920178413391,-1.0,-1.029515266418457,-0.22799116373062134
1511,31,10,-0.20421206951141357,-1.0,-1.0319243669509888,-0.22976161539554596
1512,31,11,0.25347062945365906,-0.5669763684272766,-1.0359234809875488,-0.23039230704307556
1513,31,12,0.3864961266517639,1.0,-1.0168068408966064,-0.223763570189476
1514,31,13,0.09515821933746338,1.0,-1.0348516702651978,-0.2286587804555893
1515,31,14,0.08552177995443344,0.4045235812664032,-1.0259531736373901,-0.2269749790430069
1516,31,15,-0.11515852808952332,-1.0,-1.02682626247406,-0.22713889181613922
1517,31,16,-0.10637984424829483,-1.0,-1.0271013975143433,-0.2276124358177185
1518,31,17,0.044916022568941116,-1.0,-1.03317129611969,-0.2293546050786972
1519,31,18,-0.01080427784472704,-1.0,-1.0337388515472412,-0.2291812151670456
1520,31,19,-0.31771543622016907,0.48397353291511536,-1.0352258682250977,-0.2297043800354004
1521,31,20,-0.2875622510910034,-1.0,-1.0298768281936646,-0.228929802775383
1522,31,21,-0.3216739892959595,0.47497397661209106,-1.0376861095428467,-0.23114602267742157
1523,31,22,-0.22933073341846466,0.9643204212188721,-1.0328670740127563,-0.2298070341348648
1524,31,23,0.02133915387094021,-1.0,-1.030964732170105,-0.22903265058994293
1525,31,24,-0.23233778774738312,0.9178252816200256,-1.030092477798462,-0.2283051460981369
1526,31,25,-0.2330060452222824,0.14109577238559723,-1.0279603004455566,-0.22815735638141632
1527,31,26,-0.26162096858024597,-1.0,-1.0295963287353516,-0.22863025963306427
1528,31,27,-0.3406086564064026,-1.0,-1.0366061925888062,-0.23072145879268646
1529,31,28,-0.050143126398324966,-0.2989652752876282,-1.0380433797836304,-0.23133453726768494
1530,31,29,0.23804320394992828,0.4706844389438629,-1.032568335533142,-0.22902821004390717
1531,31,30,-0.9350398778915405,-0.7243831157684326,-1.0260511636734009,-0.22648555040359497
1532,31,31,0.1410834938287735,-1.0,-1.0312711000442505,-0.23090863227844238
1533,31,32,-0.06246810406446457,-1.0,-1.0327634811401367,-0.22869177162647247
1534,31,33,0.07867932319641113,-1.0,-1.0345412492752075,-0.22963401675224304
1535,31,34,-0.14080704748630524,-0.25400683283805847,-1.0342308282852173,-0.22925297915935516
1536,31,35,-0.16563965380191803,-1.0,-1.022653341293335,-0.22645707428455353
1537,31,36,-0.002452943939715624,1.0,-1.033513069152832,-0.22960861027240753
1538,31,37,-0.1020672470331192,-0.2508465051651001,-1.0275254249572754,-0.22749654948711395
1539,31,38,-0.3138742446899414,0.652802050113678,-1.0152738094329834,-0.22421716153621674
1540,31,39,-0.1642126888036728,-1.0,-1.0290062427520752,-0.2286936491727829
1541,31,40,-0.3014160990715027,-1.0,-1.0350072383880615,-0.2300119549036026
1542,31,41,-0.2546064257621765,-1.0,-1.0376232862472534,-0.2311212569475174
1543,31,42,-0.08456652611494064,1.0,-1.0372333526611328,-0.23087424039840698
1544,31,43,0.3513968586921692,-1.0,-1.029703974723816,-0.22828231751918793
1545,31,44,0.25662773847579956,-1.0,-1.028707504272461,-0.227203831076622
1546,31,45,-0.04979464039206505,-0.9444453716278076,-1.0288612842559814,-0.2273903638124466
1547,31,46,0.043788302689790726,-1.0,-1.0331134796142578,-0.22918933629989624
1548,31,47,-0.3652333617210388,-0.4230011999607086,-1.0337263345718384,-0.22914870083332062
1549,31,48,0.20575971901416779,1.0,-1.033955454826355,-0.23020736873149872
1550,31,49,-0.22677038609981537,-1.0,-1.0292168855667114,-0.22751282155513763
1551,32,0,-0.027458973228931427,-1.0,-1.20573890209198,-0.23115384578704834
1552,32,1,-0.2178155928850174,-1.0,-1.199815034866333,-0.22951997816562653
1553,32,2,-0.08611934632062912,-1.0,-1.2016106843948364,-0.23057465255260468
1554,32,3,0.11435610800981522,-1.0,-1.2010862827301025,-0.2300078421831131
1555,32,4,-0.10530879348516464,1.0,-1.201175332069397,-0.22952786087989807
1556,32,5,0.031484778970479965,-1.0,-1.1982663869857788,-0.229410782456398
1557,32,6,-0.16394241154193878,-0.7881196141242981,-1.2049579620361328,-0.23060375452041626
1558,32,7,-0.002664631698280573,-1.0,-1.1835026741027832,-0.22628892958164215
1559,32,8,0.1259821206331253,-1.0,-1.1986181735992432,-0.22918236255645752
1560,32,9,0.028702320531010628,-1.0,-1.197107195854187,-0.22834180295467377
1561,32,10,-0.2169019728899002,0.9428892731666565,-1.202080488204956,-0.2299642264842987
1562,32,11,0.1589813381433487,-1.0,-1.196413516998291,-0.22925275564193726
1563,32,12,-0.2207728624343872,-1.0,-1.2052720785140991,-0.230485737323761
1564,32,13,0.31567394733428955,-1.0,-1.2061234712600708,-0.23164339363574982
1565,32,14,-0.5031719207763672,-1.0,-1.200411319732666,-0.22885145246982574
1566,32,15,0.12254287302494049,-0.5974175930023193,-1.203110694885254,-0.23171813786029816
1567,32,16,-0.3157802224159241,-0.030952775850892067,-1.2035328149795532,-0.23002000153064728
1568,32,17,-0.1428252011537552,0.1863614022731781,-1.2040892839431763,-0.23149558901786804
1569,32,18,-0.19746972620487213,-1.0,-1.2003005743026733,-0.2298974096775055
1570,32,19,-0.26901859045028687,-1.0,-1.207461953163147,-0.23199474811553955
1571,32,20,-0.4042836129665375,-0.4260598421096802,-1.2080161571502686,-0.23225297033786774
1572,32,21,-0.03895189240574837,-0.7136607766151428,-1.2004340887069702,-0.23077133297920227
1573,32,22,0.158619686961174,-1.0,-1.1899598836898804,-0.22719423472881317
1574,32,23,0.29955628514289856,-1.0,-1.2037944793701172,-0.23008796572685242
1575,32,24,-0.29967719316482544,-1.0,-1.200207233428955,-0.22870959341526031
1576,32,25,0.08830836415290833,0.7572706937789917,-1.204452633857727,-0.2314387410879135
1577,32,26,-0.05719667673110962,-1.0,-1.2031240463256836,-0.2300264686346054
1578,32,27,-0.4656802713871002,-1.0,-1.2036083936691284,-0.2306193858385086
1579,32,28,0.06601793318986893,-1.0,-1.206860065460205,-0.23260268568992615
1580,32,29,0.29855868220329285,-1.0,-1.1988154649734497,-0.2289213240146637
1581,32,30,-0.38228169083595276,1.0,-1.2020221948623657,-0.22921164333820343
1582,32,31,-0.1539081335067749,-1.0,-1.1994149684906006,-0.2305741310119629
1583,32,32,0.24396483600139618,-1.0,-1.202879548072815,-0.2306881994009018
1584,32,33,0.2624157965183258,-1.0,-1.196038007736206,-0.22790786623954773
1585,32,34,-0.20699986815452576,-1.0,-1.200653314590454,-0.22891490161418915
1586,32,35,-0.024600915610790253,-1.0,-1.2017968893051147,-0.23045940697193146
1587,32,36,0.390438973903656,-1.0,-1.20027494430542,-0.2295350581407547
1588,32,37,0.10860849171876907,-0.6349312663078308,-1.193617343902588,-0.22692455351352692
1589,32,38,-0.29388806223869324,1.0,-1.1978014707565308,-0.22869078814983368
1590,32,39,0.08107282221317291,-1.0,-1.2002350091934204,-0.23040048778057098
1591,32,40,-0.6862179636955261,-0.8009006381034851,-1.2016586065292358,-0.22976133227348328
1592,32,41,0.17685489356517792,-1.0,-1.1908923387527466,-0.22937193512916565
1593,32,42,0.41870465874671936,-0.4676237106323242,-1.2005864381790161,-0.2294023334980011
1594,32,43,0.21285444498062134,1.0,-1.1974198818206787,-0.22777089476585388
1595,32,44,-0.24036017060279846,-1.0,-1.1993296146392822,-0.22892174124717712
1596,32,45,-0.19925299286842346,0.3743763864040375,-1.2049766778945923,-0.2314276099205017
1597,32,46,-0.2766134440898895,-0.3939289450645447,-1.2008954286575317,-0.23035958409309387
1598,32,47,0.012538043782114983,-1.0,-1.1954529285430908,-0.2291523963212967
1599,32,48,-0.24231387674808502,-1.0,-1.203433632850647,-0.23040653765201569
1600,32,49,-0.24512635171413422,-1.0,-1.2004306316375732,-0.2302115112543106
1601,33,0,0.0805027186870575,-1.0,-1.407633662223816,-0.22715820372104645
1602,33,1,0.03687013313174248,0.052002474665641785,-1.4100571870803833,-0.22725416719913483
1603,33,2,-0.15733344852924347,-0.9251989126205444,-1.410384178161621,-0.2274392694234848
1604,33,3,-0.24053874611854553,-1.0,-1.4070689678192139,-0.22721970081329346
1605,33,4,-0.10308719426393509,-1.0,-1.4142818450927734,-0.22898927330970764
1606,33,5,0.0020825876854360104,-1.0,-1.4128284454345703,-0.22829560935497284
1607,33,6,0.312185138463974,-1.0,-1.4110502004623413,-0.227665975689888
1608,33,7,-0.32123953104019165,-0.42740872502326965,-1.404211163520813,-0.22542810440063477
1609,33,8,0.5166208148002625,-0.29539087414741516,-1.4121640920639038,-0.22872768342494965
1610,33,9,-0.11141964048147202,0.39038875699043274,-1.4036109447479248,-0.22478839755058289
1611,33,10,-0.13067258894443512,0.07726523280143738,-1.4045034646987915,-0.22656670212745667
1612,33,11,0.2621017098426819,-1.0,-1.4116013050079346,-0.22814227640628815
1613,33,12,0.303008109331131,-1.0,-1.412621259689331,-0.22734768688678741
1614,33,13,-0.287138432264328,-0.3907233476638794,-1.4052175283432007,-0.22568513453006744
1615,33,14,-0.13449199497699738,-1.0,-1.4132932424545288,-0.2288592904806137
1616,33,15,-0.03407331928610802,-1.0,-1.4139529466629028,-0.22863885760307312
1617,33,16,0.06663510203361511,-1.0,-1.4096205234527588,-0.2274525910615921
1618,33,17,-0.09629617631435394,-1.0,-1.4135688543319702,-0.22804810106754303
1619,33,18,-0.016198059543967247,-0.2079504281282425,-1.418759822845459,-0.22955787181854248
1620,33,19,0.14364713430404663,-0.2093631774187088,-1.3964142799377441,-0.22464436292648315
1621,33,20,-0.20030401647090912,1.0,-1.389629602432251,-0.2227918803691864
1622,33,21,-0.09494651854038239,0.7482345104217529,-1.4052845239639282,-0.22697530686855316
1623,33,22,-0.32576289772987366,-1.0,-1.4123966693878174,-0.22822034358978271
1624,33,23,-0.06664911657571793,-1.0,-1.4181145429611206,-0.23000743985176086
1625,33,24,0.06916593760251999,-1.0,-1.4136061668395996,-0.22836366295814514
1626,33,25,-0.9070916175842285,-0.7487838864326477,-1.4135680198669434,-0.2280561923980713
1627,33,26,0.1690884530544281,-0.9418299794197083,-1.4014697074890137,-0.22803440690040588
1628,33,27,0.14593935012817383,-1.0,-1.4080544710159302,-0.2267470806837082
1629,33,28,-0.013808784075081348,-1.0,-1.4099345207214355,-0.22707343101501465
1630,33,29,0.19832780957221985,-1.0,-1.414347767829895,-0.22842638194561005
1631,33,30,0.17184332013130188,0.11964321881532669,-1.4115626811981201,-0.22726260125637054
1632,33,31,-0.6415016651153564,-0.735355794429779,-1.4068833589553833,-0.22637774050235748
1633,33,32,0.12965984642505646,-0.4547137916088104,-1.3991488218307495,-0.2268242985010147
1634,33,33,-0.05323038622736931,-1.0,-1.4095014333724976,-0.22713018953800201
1635,33,34,0.134144127368927,-0.5814683437347412,-1.4178651571273804,-0.22928282618522644
1636,33,35,0.2802886664867401,-1.0,-1.4127284288406372,-0.22770719230175018
1637,33,36,-0.2218860238790512,-1.0,-1.4195348024368286,-0.22880032658576965
1638,33,37,-0.0631139874458313,-1.0,-1.421044945716858,-0.23036374151706696
1639,33,38,-0.030505208298563957,-1.0,-1.4202362298965454,-0.22978904843330383
1640,33,39,0.5448171496391296,-1.0,-1.4167362451553345,-0.22894465923309326
1641,33,40,0.03825023025274277,-1.0,-1.4020905494689941,-0.22440193593502045
1642,33,41,0.2897491157054901,-1.0,-1.4108366966247559,-0.22754064202308655
1643,33,42,-0.3447396159172058,1.0,-1.4102764129638672,-0.22678200900554657
1644,33,43,0.13202321529388428,-1.0,-1.4079725742340088,-0.22789284586906433
1645,33,44,-0.20061494410037994,-1.0,-1.4124376773834229,-0.2276391237974167
1646,33,45,0.3504646122455597,-1.0,-1.4101378917694092,-0.22796101868152618
1647,33,46,0.0030932852532714605,-0.8712391257286072,-1.4091041088104248,-0.22640107572078705
1648,33,47,-0.06871829926967621,-1.0,-1.4128718376159668,-0.2280694842338562
1649,33,48,0.06187918037176132,-0.1064901202917099,-1.4149129390716553,-0.22867517173290253
1650,33,49,-0.20849327743053436,-1.0,-1.4088547229766846,-0.22709283232688904
1651,34,0,-0.11350094527006149,-1.0,-1.6655722856521606,-0.20673994719982147
1652,34,1,-0.2984076142311096,-1.0,-1.6629489660263062,-0.20600013434886932
1653,34,2,0.14756380021572113,-1.0,-1.6694318056106567,-0.20760409533977509
1654,34,3,-0.11047264188528061,-0.24562035501003265,-1.666027545928955,-0.2059333324432373
1655,34,4,-0.08680137246847153,-0.7630400657653809,-1.648620367050171,-0.20367710292339325
1656,34,5,0.24826250970363617,0.023394180461764336,-1.6391185522079468,-0.20206448435783386
1657,34,6,-0.26687243580818176,-0.8595089912414551,-1.6569181680679321,-0.20427165925502777
1658,34,7,-0.07023188471794128,-0.11933386325836182,-1.6631298065185547,-0.20646700263023376
1659,34,8,-0.3901920020580292,-1.0,-1.654673457145691,-0.20457004010677338
1660,34,9,-0.0005699374014511704,-0.28113436698913574,-1.6653883457183838,-0.2071712464094162
1661,34,10,0.15298815071582794,-1.0,-1.6565934419631958,-0.20468132197856903
1662,34,11,-0.32808375358581543,-0.6915586590766907,-1.6588666439056396,-0.20467601716518402
1663,34,12,-0.16107572615146637,1.0,-1.66786789894104,-0.20739874243736267
1664,34,13,-0.16876401007175446,-1.0,-1.6660075187683105,-0.2066902071237564
1665,34,14,-0.24464428424835205,-1.0,-1.6702662706375122,-0.2074790894985199
1666,34,15,0.15371879935264587,-1.0,-1.6660743951797485,-0.20693062245845795
1667,34,16,-0.08135801553726196,-1.0,-1.663755178451538,-0.20551621913909912
1668,34,17,-0.38970109820365906,-1.0,-1.6650506258010864,-0.20629683136940002
1669,34,18,0.07367056608200073,-1.0,-1.662683129310608,-0.20663674175739288
1670,34,19,0.19764631986618042,-1.0,-1.6620547771453857,-0.2053900808095932
1671,34,20,-0.06407859921455383,-1.0,-1.6547331809997559,-0.20379607379436493
1672,34,21,-0.15265654027462006,0.2471097856760025,-1.6580864191055298,-0.20505023002624512
1673,34,22,0.020013559609651566,0.6173692345619202,-1.6574745178222656,-0.20523616671562195
1674,34,23,0.12775488197803497,-0.1805080771446228,-1.6627639532089233,-0.2057163268327713
1675,34,24,-0.35671666264533997,-1.0,-1.6427398920059204,-0.20202669501304626
1676,34,25,-0.11561693996191025,-1.0,-1.6602144241333008,-0.20621222257614136
1677,34,26,-0.06756377965211868,-1.0,-1.6657795906066895,-0.20649802684783936
1678,34,27,-0.01628177985548973,-0.9778345227241516,-1.665187120437622,-0.20631036162376404
1679,34,28,-0.1491972953081131,-0.847572922706604,-1.6646150350570679,-0.20608365535736084
1680,34,29,0.08863621950149536,1.0,-1.663964033126831,-0.20630723237991333
1681,34,30,-0.36643239855766296,1.0,-1.6551984548568726,-0.20422089099884033
1682,34,31,0.21142615377902985,-1.0,-1.661927342414856,-0.20653073489665985
1683,34,32,-0.3823983073234558,-0.8078916072845459,-1.6588282585144043,-0.20450755953788757
1684,34,33,0.436511367559433,-1.0,-1.6500812768936157,-0.20462733507156372
1685,34,34,0.2885996401309967,-1.0,-1.653969168663025,-0.20310677587985992
1686,34,35,0.2030353546142578,-1.0,-1.6558375358581543,-0.20376873016357422
1687,34,36,-0.042336296290159225,-1.0,-1.6560280323028564,-0.20407283306121826
1688,34,37,-0.3954044282436371,-1.0,-1.6654239892959595,-0.2062719315290451
1689,34,38,-0.30952882766723633,-1.0,-1.6674455404281616,-0.20748397707939148
1690,34,39,-0.08797338604927063,-1.0,-1.6725229024887085,-0.2081766575574875
1691,34,40,-0.19867660105228424,0.3341912627220154,-1.667528748512268,-0.20679599046707153
1692,34,41,-0.20694726705551147,-1.0,-1.6524728536605835,-0.20454563200473785
1693,34,42,-0.0019679171964526176,-1.0,-1.6634339094161987,-0.2063562124967575
1694,34,43,0.09545746445655823,-0.9724097847938538,-1.665354609489441,-0.20618663728237152
1695,34,44,-0.18784594535827637,-1.0,-1.662288784980774,-0.20540249347686768
1696,34,45,-0.05008354038000107,-1.0,-1.6635558605194092,-0.2063041776418686
1697,34,46,0.11220121383666992,-1.0,-1.6633883714675903,-0.20593762397766113
1698,34,47,0.46395838260650635,-1.0,-1.6601488590240479,-0.20495697855949402
1699,34,48,-0.13911543786525726,-1.0,-1.6548715829849243,-0.2032070904970169
1700,34,49,0.007248089648783207,0.40573474764823914,-1.6632397174835205,-0.20615632832050323
1701,35,0,0.38083615899086,-1.0,-1.9241901636123657,-0.17835775017738342
1702,35,1,0.2922998368740082,-1.0,-1.9279698133468628,-0.1794184148311615
1703,35,2,-0.04985120892524719,-1.0,-1.9276361465454102,-0.17970885336399078
1704,35,3,0.14901570975780487,-0.2609235644340515,-1.9296923875808716,-0.18088972568511963
1705,35,4,-0.06544114649295807,-1.0,-1.9229212999343872,-0.17964014410972595
1706,35,5,-0.02407321333885193,-1.0,-1.9332311153411865,-0.1815202236175537
1707,35,6,-0.16680842638015747,-1.0,-1.929878830909729,-0.18083812296390533
1708,35,7,0.07786259800195694,-1.0,-1.936362385749817,-0.18209773302078247
1709,35,8,0.3614327609539032,-1.0,-1.9294886589050293,-0.18051382899284363
1710,35,9,-0.336089551448822,1.0,-1.9270941019058228,-0.179533913731575
1711,35,10,-0.17588983476161957,-1.0,-1.9317628145217896,-0.18203972280025482
1712,35,11,-0.1306290626525879,0.2351028025150299,-1.9345917701721191,-0.18187247216701508
1713,35,12,0.13720668852329254,-1.0,-1.9335157871246338,-0.1817523092031479
1714,35,13,0.207706019282341,-0.6090901494026184,-1.9307308197021484,-0.18063242733478546
1715,35,14,-0.06216324865818024,-1.0,-1.9258748292922974,-0.17975743114948273
1716,35,15,0.09845437854528427,-1.0,-1.9351047277450562,-0.18164600431919098
1717,35,16,-0.2531428635120392,-1.0,-1.9306212663650513,-0.1807270348072052
1718,35,17,-0.33642086386680603,-1.0,-1.93757963180542,-0.18258002400398254
1719,35,18,0.0953720286488533,-1.0,-1.9337539672851562,-0.18219055235385895
1720,35,19,-0.19652576744556427,-0.917150616645813,-1.928146243095398,-0.1802636981010437
1721,35,20,0.09043678641319275,-1.0,-1.9211872816085815,-0.1801469624042511
1722,35,21,-0.08707911521196365,0.8117709159851074,-1.9242665767669678,-0.17988258600234985
1723,35,22,0.02568618208169937,-0.60433030128479,-1.9280833005905151,-0.18078303337097168
1724,35,23,-0.2564089000225067,-1.0,-1.925642967224121,-0.1801895648241043
1725,35,24,0.3913061022758484,-1.0,-1.9435807466506958,-0.18335264921188354
1726,35,25,0.026615099981427193,0.15836668014526367,-1.9321023225784302,-0.1802043467760086
1727,35,26,-0.19462428987026215,-0.8627182841300964,-1.9222344160079956,-0.17975760996341705
1728,35,27,-0.17353178560733795,-1.0,-1.9282832145690918,-0.18112720549106598
1729,35,28,-0.08505207300186157,-1.0,-1.9352859258651733,-0.18199510872364044
1730,35,29,0.02836989425122738,0.5489943027496338,-1.929088830947876,-0.18083789944648743
1731,35,30,-0.07140208035707474,-1.0,-1.922482967376709,-0.17977698147296906
1732,35,31,0.4103236496448517,-1.0,-1.9308754205703735,-0.1811293214559555
1733,35,32,-0.09613057225942612,-1.0,-1.927496075630188,-0.1794162094593048
1734,35,33,-0.13991425931453705,-1.0,-1.9390536546707153,-0.18233998119831085
1735,35,34,-0.8175455331802368,-0.788600504398346,-1.9389903545379639,-0.18238691985607147
1736,35,35,0.03649582713842392,0.045285746455192566,-1.9266420602798462,-0.18291498720645905
1737,35,36,0.06343681365251541,-0.18440382182598114,-1.9284354448318481,-0.1807301938533783
1738,35,37,-0.19839714467525482,-1.0,-1.9084292650222778,-0.17789863049983978
1739,35,38,-0.2378844916820526,-0.9063578844070435,-1.9320608377456665,-0.18165986239910126
1740,35,39,-0.05092376470565796,-1.0,-1.9342894554138184,-0.1820135861635208
1741,35,40,0.28036344051361084,-1.0,-1.9376916885375977,-0.18205083906650543
1742,35,41,-0.1473313719034195,-1.0,-1.931134819984436,-0.18034550547599792
1743,35,42,-0.2165166586637497,0.9831476807594299,-1.9397255182266235,-0.1825132966041565
1744,35,43,-0.501081109046936,0.3608044683933258,-1.927960991859436,-0.1811581552028656
1745,35,44,0.03596187010407448,-1.0,-1.9223042726516724,-0.18119361996650696
1746,35,45,-0.09603840112686157,-1.0,-1.931597352027893,-0.18099811673164368
1747,35,46,0.07037607580423355,-1.0,-1.932062029838562,-0.18131940066814423
1748,35,47,-0.06950069963932037,-1.0,-1.931182622909546,-0.18091215193271637
1749,35,48,-0.3178150951862335,-1.0,-1.9418094158172607,-0.18257322907447815
1750,35,49,0.2004687637090683,-1.0,-1.9355095624923706,-0.1823940873146057
1751,36,0,0.14365804195404053,-1.0,-2.209843873977661,-0.1693173497915268
1752,36,1,0.5477965474128723,-1.0,-2.190717935562134,-0.16543899476528168
1753,36,2,0.35283294320106506,-1.0,-2.1884589195251465,-0.1641177535057068
1754,36,3,-0.2391388714313507,-1.0,-2.187204599380493,-0.16437499225139618
1755,36,4,-0.7523893713951111,-0.7743661403656006,-2.2004871368408203,-0.16755640506744385
1756,36,5,0.3844413757324219,-1.0,-2.1819941997528076,-0.16706636548042297
1757,36,6,-0.23329685628414154,-0.8438634872436523,-2.1880104541778564,-0.16451814770698547
1758,36,7,-0.049643490463495255,-1.0,-2.202582597732544,-0.16782376170158386
1759,36,8,-0.10966168344020844,-1.0,-2.1990742683410645,-0.16690783202648163
1760,36,9,4.3550706323003396e-05,-1.0,-2.200174570083618,-0.16725248098373413
1761,36,10,0.22856543958187103,-1.0,-2.1967921257019043,-0.1665034294128418
1762,36,11,-0.12888850271701813,-0.2562572658061981,-2.1898577213287354,-0.165085107088089
1763,36,12,-0.03763972222805023,-1.0,-2.1869945526123047,-0.16586560010910034
1764,36,13,-0.13475419580936432,-1.0,-2.1957404613494873,-0.1665794998407364
1765,36,14,0.25174981355667114,-1.0,-2.1988770961761475,-0.16704222559928894
1766,36,15,-0.0333644300699234,-1.0,-2.2008559703826904,-0.16638979315757751
1767,36,16,-0.025159163400530815,-1.0,-2.205691337585449,-0.16760390996932983
1768,36,17,0.06621862202882767,-1.0,-2.2028632164001465,-0.16727221012115479
1769,36,18,0.014775342307984829,-1.0,-2.1953911781311035,-0.16613931953907013
1770,36,19,0.1808875948190689,-1.0,-2.201582670211792,-0.1669996678829193
1771,36,20,-0.05512114614248276,-1.0,-2.1979048252105713,-0.1662748008966446
1772,36,21,-0.172090545296669,-1.0,-2.1992039680480957,-0.16699199378490448
1773,36,22,-0.0571536086499691,-1.0,-2.2073423862457275,-0.16817186772823334
1774,36,23,0.22631050646305084,-1.0,-2.2024319171905518,-0.1673177033662796
1775,36,24,-0.3387579023838043,-1.0,-2.1988444328308105,-0.1661575436592102
1776,36,25,0.1699543297290802,-1.0,-2.202657461166382,-0.16808874905109406
1777,36,26,-0.17263780534267426,-1.0,-2.1986000537872314,-0.16618958115577698
1778,36,27,0.053362056612968445,-1.0,-2.1956937313079834,-0.16670939326286316
1779,36,28,0.048315536230802536,-1.0,-2.192415237426758,-0.16576066613197327
1780,36,29,-0.04671235755085945,-1.0,-2.198154926300049,-0.1665644645690918
1781,36,30,0.04547783359885216,-0.8747985363006592,-2.198467493057251,-0.16680525243282318
1782,36,31,-0.07511880993843079,-1.0,-2.1954548358917236,-0.16622595489025116
1783,36,32,0.27288466691970825,-1.0,-2.2033143043518066,-0.1674393266439438
1784,36,33,-0.4485514760017395,-0.3622923493385315,-2.1976351737976074,-0.16600468754768372
1785,36,34,-0.22275465726852417,-1.0,-2.202138900756836,-0.1683170050382614
1786,36,35,0.26089176535606384,-1.0,-2.196082592010498,-0.16700060665607452
1787,36,36,-0.2412106990814209,-1.0,-2.1895031929016113,-0.16490207612514496
1788,36,37,-0.008638306520879269,-1.0,-2.2028934955596924,-0.16782285273075104
1789,36,38,-0.1301039606332779,-0.30145224928855896,-2.189659595489502,-0.16571302711963654
1790,36,39,0.07274951785802841,-1.0,-2.2001748085021973,-0.16722938418388367
1791,36,40,-0.24739320576190948,-1.0,-2.1994237899780273,-0.16676899790763855
1792,36,41,-0.08314226567745209,-1.0,-2.208859443664551,-0.16855666041374207
1793,36,42,0.445671945810318,-1.0,-2.2082114219665527,-0.1679990440607071
1794,36,43,0.1083143800497055,-1.0,-2.1917216777801514,-0.16475503146648407
1795,36,44,0.37411561608314514,-1.0,-2.190676212310791,-0.1654965579509735
1796,36,45,-0.07048400491476059,-1.0,-2.1879525184631348,-0.1645788997411728
1797,36,46,-0.1451987326145172,-1.0,-2.194378137588501,-0.1664390116930008
1798,36,47,-0.26721423864364624,-1.0,-2.210897445678711,-0.16862350702285767
1799,36,48,-0.18254907429218292,-1.0,-2.2073755264282227,-0.16840533912181854
1800,36,49,-0.13590271770954132,-1.0,-2.2094173431396484,-0.16840378940105438
1801,37,0,0.5920799374580383,-1.0,-2.3870112895965576,-0.14296568930149078
1802,37,1,0.14182983338832855,0.8383530378341675,-2.3611841201782227,-0.13875780999660492
1803,37,2,-0.050634924322366714,-1.0,-2.3668534755706787,-0.14047229290008545
1804,37,3,-0.2886522710323334,-1.0,-2.3872196674346924,-0.14313684403896332
1805,37,4,-0.3082174062728882,-1.0,-2.3868041038513184,-0.1436433494091034
1806,37,5,-0.395646333694458,1.0,-2.3861141204833984,-0.1436096727848053
1807,37,6,0.11429871618747711,-1.0,-2.3777663707733154,-0.14312413334846497
1808,37,7,-0.07151325047016144,-1.0,-2.383161783218384,-0.14227589964866638
1809,37,8,-0.0373721681535244,-1.0,-2.3810970783233643,-0.14245469868183136
1810,37,9,-0.014370312914252281,-1.0,-2.3786792755126953,-0.14218178391456604
1811,37,10,-0.09524351358413696,-1.0,-2.380486249923706,-0.14224956929683685
1812,37,11,-1.2972872257232666,-0.7857924699783325,-2.376991033554077,-0.14217159152030945
1813,37,12,0.1582976132631302,-1.0,-2.3624954223632812,-0.14427095651626587
1814,37,13,-0.030095823109149933,-1.0,-2.3743607997894287,-0.14156150817871094
1815,37,14,0.005419749300926924,-0.4167299270629883,-2.382472276687622,-0.1425808221101761
1816,37,15,0.021712802350521088,-1.0,-2.375521421432495,-0.1418950855731964
1817,37,16,-0.19650869071483612,-1.0,-2.3843226432800293,-0.1425197422504425
1818,37,17,-0.012441401369869709,0.7518303990364075,-2.3827626705169678,-0.14292268455028534
1819,37,18,0.0856158658862114,-1.0,-2.3780362606048584,-0.1420634388923645
1820,37,19,-0.07832961529493332,-1.0,-2.380634307861328,-0.14208531379699707
1821,37,20,0.10421734303236008,-1.0,-2.376898765563965,-0.14215794205665588
1822,37,21,0.48824024200439453,1.0,-2.379244804382324,-0.14186003804206848
1823,37,22,-0.340005099773407,-1.0,-2.362607717514038,-0.13932403922080994
1824,37,23,-0.13181562721729279,-1.0,-2.3837454319000244,-0.14351174235343933
1825,37,24,0.1786666214466095,-1.0,-2.3847835063934326,-0.14301803708076477
