global_step,update,step_in_update,reward,action_noisy,action_mean,value
1,1,0,-0.2657870650291443,0.0609537735581398,0.0,0.0
2,1,1,-0.11742497235536575,0.07456718385219574,0.0,0.0
3,1,2,0.05734260007739067,0.692776620388031,0.0,0.0
4,1,3,-0.017178192734718323,0.40123555064201355,0.0,0.0
5,1,4,-0.0532173328101635,-0.05637655034661293,0.0,0.0
6,1,5,0.06781010329723358,-0.5061911940574646,0.0,0.0
7,1,6,0.4003109633922577,-0.0028333833906799555,0.0,0.0
8,1,7,0.31187957525253296,0.2629893124103546,0.0,0.0
9,1,8,-0.03238513320684433,-0.07634733617305756,0.0,0.0
10,1,9,-0.10524492710828781,-0.33786481618881226,0.0,0.0
11,1,10,0.03723226860165596,-0.02671262063086033,0.0,0.0
12,1,11,-0.03907233476638794,0.3548339009284973,0.0,0.0
13,1,12,-0.012580174952745438,0.1665727198123932,0.0,0.0
14,1,13,-0.10895506292581558,-0.24920634925365448,0.0,0.0
15,1,14,-0.1564742922782898,0.2556850016117096,0.0,0.0
16,1,15,0.1133960485458374,-0.1259145587682724,0.0,0.0
17,1,16,0.09680474549531937,-0.23331110179424286,0.0,0.0
18,1,17,0.12596100568771362,-0.13613976538181305,0.0,0.0
19,1,18,-0.047569628804922104,-0.015158687718212605,0.0,0.0
20,1,19,-0.0752437487244606,-0.5261946320533752,0.0,0.0
21,1,20,0.09702437371015549,-0.07038111239671707,0.0,0.0
22,1,21,0.06956883519887924,-0.010274650529026985,0.0,0.0
23,1,22,0.327904611825943,-0.4742979109287262,0.0,0.0
24,1,23,0.312917560338974,-0.015047439374029636,0.0,0.0
25,1,24,-0.11451984941959381,-0.14924302697181702,0.0,0.0
26,1,25,0.10019241273403168,-0.30038005113601685,0.0,0.0
27,1,26,0.008577113971114159,0.2759358584880829,0.0,0.0
28,1,27,-0.2744535207748413,0.016810663044452667,0.0,0.0
29,1,28,-0.2981618344783783,0.05304912477731705,0.0,0.0
30,1,29,-0.2845882773399353,0.28519800305366516,0.0,0.0
31,1,30,-0.34092527627944946,-0.13091546297073364,0.0,0.0
32,1,31,-0.19556844234466553,0.2460768222808838,0.0,0.0
33,1,32,-0.0929253101348877,0.06677520275115967,0.0,0.0
34,1,33,-0.31805160641670227,-0.07189850509166718,0.0,0.0
35,1,34,-0.2326137125492096,-0.24281996488571167,0.0,0.0
36,1,35,0.018577557057142258,-0.03314933180809021,0.0,0.0
37,1,36,-0.1846381425857544,-0.008327895775437355,0.0,0.0
38,1,37,-0.010361316613852978,0.31005921959877014,0.0,0.0
39,1,38,0.24859699606895447,-0.07419763505458832,0.0,0.0
40,1,39,0.05780309811234474,-0.4245871901512146,0.0,0.0
41,1,40,-0.08200439065694809,-0.16920648515224457,0.0,0.0
42,1,41,-0.07377628237009048,0.3942964971065521,0.0,0.0
43,1,42,-0.09335450083017349,0.2619951665401459,0.0,0.0
44,1,43,-0.21180742979049683,0.5957499742507935,0.0,0.0
45,1,44,-0.24235980212688446,0.1849343478679657,0.0,0.0
46,1,45,-0.10094638913869858,0.002951607806608081,0.0,0.0
47,1,46,-0.31262603402137756,0.5135443806648254,0.0,0.0
48,1,47,-0.08693601191043854,-0.11719360947608948,0.0,0.0
49,1,48,0.17981193959712982,-0.10226380079984665,0.0,0.0
50,1,49,0.34070396423339844,0.2676837742328644,0.0,0.0
51,2,0,0.4241367280483246,-0.28156962990760803,-0.030001632869243622,-0.029772358015179634
52,2,1,0.23775485157966614,-0.15220889449119568,-0.030001632869243622,-0.029772358015179634
53,2,2,0.09966494888067245,-0.6230429410934448,-0.030001632869243622,-0.029772358015179634
54,2,3,0.15433472394943237,0.21716903150081635,-0.030001632869243622,-0.029772358015179634
55,2,4,-0.21594035625457764,0.543648898601532,-0.030001632869243622,-0.029772358015179634
56,2,5,0.3729128837585449,-0.2785499095916748,-0.030001632869243622,-0.029772358015179634
57,2,6,0.27467215061187744,-0.36437204480171204,-0.030001632869243622,-0.029772358015179634
58,2,7,-0.08520853519439697,-0.016684941947460175,-0.030001632869243622,-0.029772358015179634
59,2,8,-0.27140218019485474,0.00783842708915472,-0.030001632869243622,-0.029772358015179634
60,2,9,-0.18576698005199432,-0.2935379445552826,-0.030001632869243622,-0.029772358015179634
61,2,10,-0.009413638152182102,-0.21834607422351837,-0.030001632869243622,-0.029772358015179634
62,2,11,0.11720076203346252,0.7193054556846619,-0.030001632869243622,-0.029772358015179634
63,2,12,0.1415557712316513,0.14223913848400116,-0.030001632869243622,-0.029772358015179634
64,2,13,0.036434829235076904,0.4882311224937439,-0.030001632869243622,-0.029772358015179634
65,2,14,0.35078781843185425,-0.3564049005508423,-0.030001632869243622,-0.029772358015179634
66,2,15,0.3578866720199585,0.2633908987045288,-0.030001632869243622,-0.029772358015179634
67,2,16,0.0052361199632287025,0.24598786234855652,-0.030001632869243622,-0.029772358015179634
68,2,17,-0.04729270190000534,0.26719826459884644,-0.030001632869243622,-0.029772358015179634
69,2,18,0.17195099592208862,0.055267803370952606,-0.030001632869243622,-0.029772358015179634
70,2,19,0.4963439106941223,-0.1560211479663849,-0.030001632869243622,-0.029772358015179634
71,2,20,0.25330761075019836,0.6748145222663879,-0.030001632869243622,-0.029772358015179634
72,2,21,0.1021970584988594,-0.5659916400909424,-0.030001632869243622,-0.029772358015179634
73,2,22,0.10924775153398514,0.26656201481819153,-0.030001632869243622,-0.029772358015179634
74,2,23,-0.029640745371580124,-0.06627875566482544,-0.030001632869243622,-0.029772358015179634
75,2,24,0.0729193389415741,-0.44515901803970337,-0.030001632869243622,-0.029772358015179634
76,2,25,-0.0045587485656142235,-0.23339061439037323,-0.030001632869243622,-0.029772358015179634
77,2,26,-0.06872664391994476,0.11716383695602417,-0.030001632869243622,-0.029772358015179634
78,2,27,-0.12498023360967636,-0.03144850209355354,-0.030001632869243622,-0.029772358015179634
79,2,28,-0.1865212768316269,0.13382111489772797,-0.030001632869243622,-0.029772358015179634
80,2,29,0.05042269453406334,-0.4356921911239624,-0.030001632869243622,-0.029772358015179634
81,2,30,0.02700917422771454,-0.2843135595321655,-0.030001632869243622,-0.029772358015179634
82,2,31,0.12006542831659317,-0.13544844090938568,-0.030001632869243622,-0.029772358015179634
83,2,32,0.21320348978042603,0.1575930118560791,-0.030001632869243622,-0.029772358015179634
84,2,33,0.18659134209156036,0.6514289379119873,-0.030001632869243622,-0.029772358015179634
85,2,34,-0.12443634867668152,0.031672198325395584,-0.030001632869243622,-0.029772358015179634
86,2,35,-0.20086997747421265,0.004010786768049002,-0.030001632869243622,-0.029772358015179634
87,2,36,0.04334196448326111,-0.5541126728057861,-0.030001632869243622,-0.029772358015179634
88,2,37,0.3587750792503357,0.2560403347015381,-0.030001632869243622,-0.029772358015179634
89,2,38,0.4010879695415497,0.2193528264760971,-0.030001632869243622,-0.029772358015179634
90,2,39,0.1304086297750473,0.13016465306282043,-0.030001632869243622,-0.029772358015179634
91,2,40,-0.13947492837905884,-0.08698581904172897,-0.030001632869243622,-0.029772358015179634
92,2,41,-0.10105691105127335,-0.22165273129940033,-0.030001632869243622,-0.029772358015179634
93,2,42,0.01222807727754116,0.06993230432271957,-0.030001632869243622,-0.029772358015179634
94,2,43,0.08115539699792862,0.3708111047744751,-0.030001632869243622,-0.029772358015179634
95,2,44,0.038900818675756454,-0.6596719622612,-0.030001632869243622,-0.029772358015179634
96,2,45,-0.04323073476552963,0.2112206220626831,-0.030001632869243622,-0.029772358015179634
97,2,46,0.005186009220778942,0.4608696401119232,-0.030001632869243622,-0.029772358015179634
98,2,47,-0.06526359915733337,-0.3668389916419983,-0.030001632869243622,-0.029772358015179634
99,2,48,0.014387360773980618,0.6558282375335693,-0.030001632869243622,-0.029772358015179634
100,2,49,-0.16529521346092224,0.6160995364189148,-0.030001632869243622,-0.029772358015179634
101,3,0,-0.17660243809223175,0.40578168630599976,-0.0498502217233181,-0.018719607964158058
102,3,1,-0.20934496819972992,-0.29533249139785767,-0.0498502217233181,-0.018719607964158058
103,3,2,-0.11269822716712952,-0.058281075209379196,-0.0498502217233181,-0.018719607964158058
104,3,3,0.009252096526324749,-0.3455040156841278,-0.0498502217233181,-0.018719607964158058
105,3,4,0.17463010549545288,-0.11224278062582016,-0.0498502217233181,-0.018719607964158058
106,3,5,0.11792439222335815,-0.06135280430316925,-0.0498502217233181,-0.018719607964158058
107,3,6,0.1553650051355362,-0.20738361775875092,-0.0498502217233181,-0.018719607964158058
108,3,7,0.12563000619411469,-0.214054137468338,-0.0498502217233181,-0.018719607964158058
109,3,8,-0.2599467933177948,-0.06205642595887184,-0.0498502217233181,-0.018719607964158058
110,3,9,-0.20199404656887054,-0.35315078496932983,-0.0498502217233181,-0.018719607964158058
111,3,10,0.19483943283557892,-0.08538948744535446,-0.0498502217233181,-0.018719607964158058
112,3,11,0.12748318910598755,-0.31915372610092163,-0.0498502217233181,-0.018719607964158058
113,3,12,-0.01336453016847372,0.1083252802491188,-0.0498502217233181,-0.018719607964158058
114,3,13,0.28788143396377563,0.657667338848114,-0.0498502217233181,-0.018719607964158058
115,3,14,0.0363026037812233,-0.32452335953712463,-0.0498502217233181,-0.018719607964158058
116,3,15,-0.1639820784330368,0.07041128724813461,-0.0498502217233181,-0.018719607964158058
117,3,16,-0.20373201370239258,-0.3950232267379761,-0.0498502217233181,-0.018719607964158058
118,3,17,-0.23778240382671356,0.13339006900787354,-0.0498502217233181,-0.018719607964158058
119,3,18,-0.025269990786910057,0.09799934178590775,-0.0498502217233181,-0.018719607964158058
120,3,19,-0.11887738108634949,0.13218210637569427,-0.0498502217233181,-0.018719607964158058
121,3,20,-0.1813821792602539,-0.47280704975128174,-0.0498502217233181,-0.018719607964158058
122,3,21,-0.06068507581949234,-0.694573700428009,-0.0498502217233181,-0.018719607964158058
123,3,22,-0.018081966787576675,-0.23360377550125122,-0.0498502217233181,-0.018719607964158058
124,3,23,0.11904889345169067,-0.3427402973175049,-0.0498502217233181,-0.018719607964158058
125,3,24,0.23553097248077393,0.33024975657463074,-0.0498502217233181,-0.018719607964158058
126,3,25,0.11014752835035324,-0.1231885477900505,-0.0498502217233181,-0.018719607964158058
127,3,26,-0.20544883608818054,0.5747683048248291,-0.0498502217233181,-0.018719607964158058
128,3,27,-0.005763111170381308,-0.06775044649839401,-0.0498502217233181,-0.018719607964158058
129,3,28,0.08583598583936691,-0.17925696074962616,-0.0498502217233181,-0.018719607964158058
130,3,29,-0.01615593023598194,-0.6049639582633972,-0.0498502217233181,-0.018719607964158058
131,3,30,-0.5542699098587036,0.07725679129362106,-0.0498502217233181,-0.018719607964158058
132,3,31,-0.46884799003601074,0.01953117549419403,-0.0498502217233181,-0.018719607964158058
133,3,32,-0.2961552143096924,-0.36849620938301086,-0.0498502217233181,-0.018719607964158058
134,3,33,0.4479522407054901,-0.4993034601211548,-0.0498502217233181,-0.018719607964158058
135,3,34,0.259494423866272,-0.21012818813323975,-0.0498502217233181,-0.018719607964158058
136,3,35,0.020203521475195885,-0.3451877534389496,-0.0498502217233181,-0.018719607964158058
137,3,36,-0.035181641578674316,0.5954219102859497,-0.0498502217233181,-0.018719607964158058
138,3,37,-0.18474164605140686,-0.4826311469078064,-0.0498502217233181,-0.018719607964158058
139,3,38,-0.3584853410720825,0.09108410775661469,-0.0498502217233181,-0.018719607964158058
140,3,39,0.09133265912532806,0.21193324029445648,-0.0498502217233181,-0.018719607964158058
141,3,40,0.24199041724205017,-0.26490071415901184,-0.0498502217233181,-0.018719607964158058
142,3,41,-0.058576468378305435,0.1534072458744049,-0.0498502217233181,-0.018719607964158058
143,3,42,-0.22960111498832703,-0.07277240604162216,-0.0498502217233181,-0.018719607964158058
144,3,43,-0.5122160911560059,0.08558004349470139,-0.0498502217233181,-0.018719607964158058
145,3,44,0.0333404466509819,-1.0,-0.0498502217233181,-0.018719607964158058
146,3,45,0.2957126498222351,-1.0,-0.0498502217233181,-0.018719607964158058
147,3,46,-0.017072472721338272,-0.2251095175743103,-0.0498502217233181,-0.018719607964158058
148,3,47,-0.17359237372875214,0.386345237493515,-0.0498502217233181,-0.018719607964158058
149,3,48,-0.21424436569213867,-0.28755122423171997,-0.0498502217233181,-0.018719607964158058
150,3,49,-0.09199501574039459,-0.05050808563828468,-0.0498502217233181,-0.018719607964158058
151,4,0,-0.09741485863924026,-0.7100999355316162,-0.0773216262459755,-0.016669193282723427
152,4,1,0.3007980287075043,-0.3341605067253113,-0.0773216262459755,-0.016669193282723427
153,4,2,0.22047163546085358,0.35269880294799805,-0.0773216262459755,-0.016669193282723427
154,4,3,-0.23076801002025604,-0.5979785323143005,-0.0773216262459755,-0.016669193282723427
155,4,4,-0.20946960151195526,-0.7819972038269043,-0.0773216262459755,-0.016669193282723427
156,4,5,-0.011131757870316505,-0.7778282761573792,-0.0773216262459755,-0.016669193282723427
157,4,6,-0.11137484014034271,0.2475876659154892,-0.0773216262459755,-0.016669193282723427
158,4,7,0.17860090732574463,0.5289412140846252,-0.0773216262459755,-0.016669193282723427
159,4,8,-0.2090531289577484,-0.4844128489494324,-0.0773216262459755,-0.016669193282723427
160,4,9,-0.3150709271430969,0.28626930713653564,-0.0773216262459755,-0.016669193282723427
161,4,10,-0.22376030683517456,-0.571803867816925,-0.0773216262459755,-0.016669193282723427
162,4,11,0.1389114111661911,-0.6807577013969421,-0.0773216262459755,-0.016669193282723427
163,4,12,0.2411392331123352,0.16038933396339417,-0.0773216262459755,-0.016669193282723427
164,4,13,0.4660598635673523,0.34215936064720154,-0.0773216262459755,-0.016669193282723427
165,4,14,0.3385159373283386,-0.07414310425519943,-0.0773216262459755,-0.016669193282723427
166,4,15,-0.08890251070261002,-0.2500388026237488,-0.0773216262459755,-0.016669193282723427
167,4,16,0.16497814655303955,0.165724977850914,-0.0773216262459755,-0.016669193282723427
168,4,17,0.022449303418397903,-0.3638747036457062,-0.0773216262459755,-0.016669193282723427
169,4,18,-0.03205464035272598,-0.20515628159046173,-0.0773216262459755,-0.016669193282723427
170,4,19,0.12197006493806839,0.027845466509461403,-0.0773216262459755,-0.016669193282723427
171,4,20,-0.07896921783685684,-0.41994524002075195,-0.0773216262459755,-0.016669193282723427
172,4,21,-0.10801056027412415,-0.03562102094292641,-0.0773216262459755,-0.016669193282723427
173,4,22,-0.0959404855966568,-0.3866947591304779,-0.0773216262459755,-0.016669193282723427
174,4,23,0.3508378863334656,0.26365214586257935,-0.0773216262459755,-0.016669193282723427
175,4,24,0.4590426981449127,-0.5009598731994629,-0.0773216262459755,-0.016669193282723427
176,4,25,-0.022788917645812035,-0.008178366348147392,-0.0773216262459755,-0.016669193282723427
177,4,26,-0.20468175411224365,-0.546262264251709,-0.0773216262459755,-0.016669193282723427
178,4,27,0.2725091874599457,0.04937605932354927,-0.0773216262459755,-0.016669193282723427
179,4,28,0.5326523184776306,-0.023929797112941742,-0.0773216262459755,-0.016669193282723427
180,4,29,0.30266842246055603,-0.24624234437942505,-0.0773216262459755,-0.016669193282723427
181,4,30,0.2736465036869049,-0.19918403029441833,-0.0773216262459755,-0.016669193282723427
182,4,31,0.191734179854393,-0.5051904916763306,-0.0773216262459755,-0.016669193282723427
183,4,32,-0.011355382390320301,-0.246078759431839,-0.0773216262459755,-0.016669193282723427
184,4,33,-0.05674353986978531,-0.22506524622440338,-0.0773216262459755,-0.016669193282723427
185,4,34,0.14477238059043884,0.08713708817958832,-0.0773216262459755,-0.016669193282723427
186,4,35,0.11839498579502106,0.32920849323272705,-0.0773216262459755,-0.016669193282723427
187,4,36,-0.09654492139816284,0.03796909749507904,-0.0773216262459755,-0.016669193282723427
188,4,37,-0.24127231538295746,0.635783314704895,-0.0773216262459755,-0.016669193282723427
189,4,38,-0.18123266100883484,-0.29270216822624207,-0.0773216262459755,-0.016669193282723427
190,4,39,-0.15259040892124176,-0.4139498472213745,-0.0773216262459755,-0.016669193282723427
191,4,40,-0.25618916749954224,-0.38313454389572144,-0.0773216262459755,-0.016669193282723427
192,4,41,0.0765872672200203,0.15448418259620667,-0.0773216262459755,-0.016669193282723427
193,4,42,0.0021386155858635902,-0.27626490592956543,-0.0773216262459755,-0.016669193282723427
194,4,43,-0.09144279360771179,-0.05059967562556267,-0.0773216262459755,-0.016669193282723427
195,4,44,-0.024387050420045853,0.03717795014381409,-0.0773216262459755,-0.016669193282723427
196,4,45,-0.01897759921848774,0.04973122477531433,-0.0773216262459755,-0.016669193282723427
197,4,46,0.1564667522907257,-0.36829084157943726,-0.0773216262459755,-0.016669193282723427
198,4,47,0.1831626296043396,0.18796555697917938,-0.0773216262459755,-0.016669193282723427
199,4,48,-0.10411480814218521,0.8334059715270996,-0.0773216262459755,-0.016669193282723427
200,4,49,-0.36551037430763245,-0.37926626205444336,-0.0773216262459755,-0.016669193282723427
201,5,0,-0.016626540571451187,-0.6217638850212097,-0.10317732393741608,-0.012382135726511478
202,5,1,0.3277727961540222,0.30400675535202026,-0.10317732393741608,-0.012382135726511478
203,5,2,0.08401747792959213,-0.5473376512527466,-0.10317732393741608,-0.012382135726511478
204,5,3,0.2239113450050354,0.1886763870716095,-0.10317732393741608,-0.012382135726511478
205,5,4,0.19401247799396515,0.32864075899124146,-0.10317732393741608,-0.012382135726511478
206,5,5,0.27868950366973877,0.11467467248439789,-0.10317732393741608,-0.012382135726511478
207,5,6,0.24774815142154694,0.037499405443668365,-0.10317732393741608,-0.012382135726511478
208,5,7,-0.03785492852330208,0.38364648818969727,-0.10317732393741608,-0.012382135726511478
209,5,8,0.052722908556461334,-0.031423162668943405,-0.10317732393741608,-0.012382135726511478
210,5,9,-0.11010865122079849,-0.08719241619110107,-0.10317732393741608,-0.012382135726511478
211,5,10,-0.14622314274311066,-0.44612330198287964,-0.10317732393741608,-0.012382135726511478
212,5,11,-0.21708035469055176,-0.4433089792728424,-0.10317732393741608,-0.012382135726511478
213,5,12,-0.4349854290485382,-0.921454668045044,-0.10317732393741608,-0.012382135726511478
214,5,13,-0.5344372987747192,0.31521859765052795,-0.10317732393741608,-0.012382135726511478
215,5,14,-0.3835378885269165,-0.1324394792318344,-0.10317732393741608,-0.012382135726511478
216,5,15,-0.22640961408615112,-0.6352736949920654,-0.10317732393741608,-0.012382135726511478
217,5,16,-0.021146919578313828,-0.3358554542064667,-0.10317732393741608,-0.012382135726511478
218,5,17,0.24735289812088013,-0.39812585711479187,-0.10317732393741608,-0.012382135726511478
219,5,18,0.20348544418811798,0.20138420164585114,-0.10317732393741608,-0.012382135726511478
220,5,19,-0.22707204520702362,0.38867950439453125,-0.10317732393741608,-0.012382135726511478
221,5,20,-0.35692623257637024,0.06083736568689346,-0.10317732393741608,-0.012382135726511478
222,5,21,-0.37168166041374207,-0.33730703592300415,-0.10317732393741608,-0.012382135726511478
223,5,22,-0.17203624546527863,0.18467311561107635,-0.10317732393741608,-0.012382135726511478
224,5,23,-0.1371140331029892,-0.299100399017334,-0.10317732393741608,-0.012382135726511478
225,5,24,0.025406869128346443,-0.0014095084043219686,-0.10317732393741608,-0.012382135726511478
226,5,25,-0.05986890196800232,-0.1068638414144516,-0.10317732393741608,-0.012382135726511478
227,5,26,-0.05976534262299538,0.5925955772399902,-0.10317732393741608,-0.012382135726511478
228,5,27,0.14539079368114471,-0.0215425044298172,-0.10317732393741608,-0.012382135726511478
229,5,28,0.09729818999767303,0.12083599716424942,-0.10317732393741608,-0.012382135726511478
230,5,29,-0.025714250281453133,0.0032126279547810555,-0.10317732393741608,-0.012382135726511478
231,5,30,0.05864571034908295,-0.399655818939209,-0.10317732393741608,-0.012382135726511478
232,5,31,-0.21337148547172546,0.17548736929893494,-0.10317732393741608,-0.012382135726511478
233,5,32,-0.15237461030483246,-0.15811698138713837,-0.10317732393741608,-0.012382135726511478
234,5,33,-0.04569964483380318,0.37422093749046326,-0.10317732393741608,-0.012382135726511478
235,5,34,0.07807459682226181,-0.24485158920288086,-0.10317732393741608,-0.012382135726511478
236,5,35,-0.2652694880962372,0.23867039382457733,-0.10317732393741608,-0.012382135726511478
237,5,36,-0.4160449504852295,-0.03557007387280464,-0.10317732393741608,-0.012382135726511478
238,5,37,-0.3170841932296753,0.2387940138578415,-0.10317732393741608,-0.012382135726511478
239,5,38,-0.04348776489496231,0.03184659034013748,-0.10317732393741608,-0.012382135726511478
240,5,39,-0.09790635108947754,-0.28014978766441345,-0.10317732393741608,-0.012382135726511478
241,5,40,-0.17716355621814728,-0.7185952067375183,-0.10317732393741608,-0.012382135726511478
242,5,41,-0.011725249700248241,-0.3134303390979767,-0.10317732393741608,-0.012382135726511478
243,5,42,0.270368754863739,0.08746901154518127,-0.10317732393741608,-0.012382135726511478
244,5,43,0.12860149145126343,-0.6823632121086121,-0.10317732393741608,-0.012382135726511478
245,5,44,-0.06353171169757843,0.0847432091832161,-0.10317732393741608,-0.012382135726511478
246,5,45,0.19333644211292267,-0.36012375354766846,-0.10317732393741608,-0.012382135726511478
247,5,46,-0.0973254069685936,-0.08781951665878296,-0.10317732393741608,-0.012382135726511478
248,5,47,0.02978658489882946,-0.800589382648468,-0.10317732393741608,-0.012382135726511478
249,5,48,0.1545647382736206,0.023444974794983864,-0.10317732393741608,-0.012382135726511478
250,5,49,0.0022626961581408978,-0.17868736386299133,-0.10317732393741608,-0.012382135726511478
251,6,0,0.10756559669971466,-0.1953338384628296,-0.1209488958120346,-0.021087095141410828
252,6,1,-0.11240243166685104,-0.14168933033943176,-0.1209488958120346,-0.021087095141410828
253,6,2,-0.08131153881549835,0.056716714054346085,-0.1209488958120346,-0.021087095141410828
254,6,3,0.21630221605300903,-0.30221429467201233,-0.1209488958120346,-0.021087095141410828
255,6,4,0.14893952012062073,0.26619309186935425,-0.1209488958120346,-0.021087095141410828
256,6,5,-0.16198848187923431,0.25763046741485596,-0.1209488958120346,-0.021087095141410828
257,6,6,-0.2521236538887024,-0.09469602257013321,-0.1209488958120346,-0.021087095141410828
258,6,7,-0.036836888641119,-0.1444142609834671,-0.1209488958120346,-0.021087095141410828
259,6,8,-0.028875702992081642,-0.3237689435482025,-0.1209488958120346,-0.021087095141410828
260,6,9,-0.012516280636191368,-0.35667943954467773,-0.1209488958120346,-0.021087095141410828
261,6,10,-0.049248822033405304,-0.12675338983535767,-0.1209488958120346,-0.021087095141410828
262,6,11,-0.029157575219869614,-0.37256306409835815,-0.1209488958120346,-0.021087095141410828
263,6,12,0.21625293791294098,-0.9092628955841064,-0.1209488958120346,-0.021087095141410828
264,6,13,-0.192887544631958,0.010923709720373154,-0.1209488958120346,-0.021087095141410828
265,6,14,-0.13794131577014923,-0.6448870301246643,-0.1209488958120346,-0.021087095141410828
266,6,15,0.09317335486412048,-0.5889266729354858,-0.1209488958120346,-0.021087095141410828
267,6,16,0.3352402150630951,0.16995441913604736,-0.1209488958120346,-0.021087095141410828
268,6,17,0.1660168170928955,0.2597464323043823,-0.1209488958120346,-0.021087095141410828
269,6,18,0.25619927048683167,0.2085590809583664,-0.1209488958120346,-0.021087095141410828
270,6,19,0.30268630385398865,0.5293736457824707,-0.1209488958120346,-0.021087095141410828
271,6,20,0.08977238833904266,-0.013564357534050941,-0.1209488958120346,-0.021087095141410828
272,6,21,0.0027551043312996626,-0.41132766008377075,-0.1209488958120346,-0.021087095141410828
273,6,22,0.030235623940825462,0.25210458040237427,-0.1209488958120346,-0.021087095141410828
274,6,23,0.05012531206011772,-0.4033743143081665,-0.1209488958120346,-0.021087095141410828
275,6,24,-0.2007209211587906,-0.2275400608778,-0.1209488958120346,-0.021087095141410828
276,6,25,-0.3608902096748352,-0.23017756640911102,-0.1209488958120346,-0.021087095141410828
277,6,26,-0.3288830816745758,0.12574723362922668,-0.1209488958120346,-0.021087095141410828
278,6,27,-0.21121229231357574,1.0,-0.1209488958120346,-0.021087095141410828
279,6,28,-0.1941796988248825,-0.12515690922737122,-0.1209488958120346,-0.021087095141410828
280,6,29,-0.004067269619554281,-0.12096743285655975,-0.1209488958120346,-0.021087095141410828
281,6,30,0.33527612686157227,-0.27858567237854004,-0.1209488958120346,-0.021087095141410828
282,6,31,0.31027382612228394,-0.4211482107639313,-0.1209488958120346,-0.021087095141410828
283,6,32,-0.34167370200157166,-0.05446053296327591,-0.1209488958120346,-0.021087095141410828
284,6,33,-0.3942142426967621,-0.7034138441085815,-0.1209488958120346,-0.021087095141410828
285,6,34,0.1208868995308876,0.07028902322053909,-0.1209488958120346,-0.021087095141410828
286,6,35,0.3460562229156494,-0.03885184973478317,-0.1209488958120346,-0.021087095141410828
287,6,36,0.025658495724201202,0.3144770562648773,-0.1209488958120346,-0.021087095141410828
288,6,37,0.006561085116118193,-0.23423822224140167,-0.1209488958120346,-0.021087095141410828
289,6,38,0.2705942392349243,-0.5177475810050964,-0.1209488958120346,-0.021087095141410828
290,6,39,0.13415119051933289,-0.034101735800504684,-0.1209488958120346,-0.021087095141410828
291,6,40,-0.09216191619634628,0.22951844334602356,-0.1209488958120346,-0.021087095141410828
292,6,41,0.13984674215316772,-0.5172595381736755,-0.1209488958120346,-0.021087095141410828
293,6,42,-0.03325100988149643,-0.5678863525390625,-0.1209488958120346,-0.021087095141410828
294,6,43,-0.19023796916007996,0.08961578458547592,-0.1209488958120346,-0.021087095141410828
295,6,44,0.18838894367218018,-0.08116994053125381,-0.1209488958120346,-0.021087095141410828
296,6,45,0.5835198163986206,-0.4857393503189087,-0.1209488958120346,-0.021087095141410828
297,6,46,0.105829156935215,-0.0881524533033371,-0.1209488958120346,-0.021087095141410828
298,6,47,-0.2412479668855667,-0.13725626468658447,-0.1209488958120346,-0.021087095141410828
299,6,48,-0.26216405630111694,-0.6050301790237427,-0.1209488958120346,-0.021087095141410828
300,6,49,-0.2312665581703186,-0.1160639226436615,-0.1209488958120346,-0.021087095141410828
301,7,0,-0.1394505649805069,-0.3356018662452698,-0.14979426562786102,-0.029916051775217056
302,7,1,0.09808752685785294,-0.06225487217307091,-0.14979426562786102,-0.029916051775217056
303,7,2,-0.0331009104847908,0.14025144279003143,-0.14979426562786102,-0.029916051775217056
304,7,3,-0.20446176826953888,-0.4161261022090912,-0.14979426562786102,-0.029916051775217056
305,7,4,-0.18068984150886536,0.25902533531188965,-0.14979426562786102,-0.029916051775217056
306,7,5,-0.11022048443555832,-0.3208373188972473,-0.14979426562786102,-0.029916051775217056
307,7,6,-0.0175828468054533,-0.08109912276268005,-0.14979426562786102,-0.029916051775217056
308,7,7,0.11545559763908386,-0.7648801207542419,-0.14979426562786102,-0.029916051775217056
309,7,8,0.192397803068161,-0.114838145673275,-0.14979426562786102,-0.029916051775217056
310,7,9,0.25781887769699097,-0.5285965800285339,-0.14979426562786102,-0.029916051775217056
311,7,10,-0.07094188779592514,-0.03047676384449005,-0.14979426562786102,-0.029916051775217056
312,7,11,0.13664846122264862,0.5299811363220215,-0.14979426562786102,-0.029916051775217056
313,7,12,0.17488449811935425,0.12783314287662506,-0.14979426562786102,-0.029916051775217056
314,7,13,0.1202663704752922,-0.1284283548593521,-0.14979426562786102,-0.029916051775217056
315,7,14,-0.13780565559864044,0.12364207953214645,-0.14979426562786102,-0.029916051775217056
316,7,15,0.1272965669631958,-0.6837668418884277,-0.14979426562786102,-0.029916051775217056
317,7,16,0.15776146948337555,-0.547048032283783,-0.14979426562786102,-0.029916051775217056
318,7,17,0.1306544989347458,-0.1556686908006668,-0.14979426562786102,-0.029916051775217056
319,7,18,0.3450816571712494,-0.23588159680366516,-0.14979426562786102,-0.029916051775217056
320,7,19,0.41213923692703247,-0.20298831164836884,-0.14979426562786102,-0.029916051775217056
321,7,20,0.3624879717826843,-0.2779240906238556,-0.14979426562786102,-0.029916051775217056
322,7,21,-0.03519494831562042,-0.05601000785827637,-0.14979426562786102,-0.029916051775217056
323,7,22,-0.20666247606277466,0.6122090816497803,-0.14979426562786102,-0.029916051775217056
324,7,23,-0.010335328057408333,-0.6792316436767578,-0.14979426562786102,-0.029916051775217056
325,7,24,0.17688128352165222,0.35363632440567017,-0.14979426562786102,-0.029916051775217056
326,7,25,0.13168387115001678,-0.18097487092018127,-0.14979426562786102,-0.029916051775217056
327,7,26,0.21119050681591034,0.3689504563808441,-0.14979426562786102,-0.029916051775217056
328,7,27,-0.05824606865644455,-0.7402650117874146,-0.14979426562786102,-0.029916051775217056
329,7,28,-0.08096569031476974,0.20972582697868347,-0.14979426562786102,-0.029916051775217056
330,7,29,-0.03444797545671463,0.47563815116882324,-0.14979426562786102,-0.029916051775217056
331,7,30,-0.24640274047851562,-0.8880105018615723,-0.14979426562786102,-0.029916051775217056
332,7,31,-0.3249852955341339,0.047287698835134506,-0.14979426562786102,-0.029916051775217056
333,7,32,-0.15103504061698914,-0.23554478585720062,-0.14979426562786102,-0.029916051775217056
334,7,33,-0.11025039106607437,0.4381081759929657,-0.14979426562786102,-0.029916051775217056
335,7,34,-0.03919683396816254,-0.05106627568602562,-0.14979426562786102,-0.029916051775217056
336,7,35,-0.004565282259136438,-0.1351635903120041,-0.14979426562786102,-0.029916051775217056
337,7,36,0.2108931988477707,-0.3643527925014496,-0.14979426562786102,-0.029916051775217056
338,7,37,0.2566710412502289,-1.0,-0.14979426562786102,-0.029916051775217056
339,7,38,0.10307743400335312,0.05739828944206238,-0.14979426562786102,-0.029916051775217056
340,7,39,-0.22217515110969543,0.22057580947875977,-0.14979426562786102,-0.029916051775217056
341,7,40,-0.09164806455373764,0.2148195058107376,-0.14979426562786102,-0.029916051775217056
342,7,41,-0.20408926904201508,0.12622421979904175,-0.14979426562786102,-0.029916051775217056
343,7,42,-0.19066104292869568,-0.15451771020889282,-0.14979426562786102,-0.029916051775217056
344,7,43,-0.09227724373340607,-0.524419367313385,-0.14979426562786102,-0.029916051775217056
345,7,44,0.007232734002172947,-0.4434267282485962,-0.14979426562786102,-0.029916051775217056
346,7,45,0.11026830226182938,-0.4392854869365692,-0.14979426562786102,-0.029916051775217056
347,7,46,0.05839713662862778,-0.3458116948604584,-0.14979426562786102,-0.029916051775217056
348,7,47,0.04470416530966759,-0.7175360918045044,-0.14979426562786102,-0.029916051775217056
349,7,48,-0.040072694420814514,0.5659782290458679,-0.14979426562786102,-0.029916051775217056
350,7,49,-0.08552375435829163,0.11390671133995056,-0.14979426562786102,-0.029916051775217056
351,8,0,-0.02684982866048813,-0.41959673166275024,-0.18590612709522247,-0.024918358772993088
352,8,1,-0.34336087107658386,-0.5517272353172302,-0.18590612709522247,-0.024918358772993088
353,8,2,-0.012331023812294006,-0.051480185240507126,-0.18590612709522247,-0.024918358772993088
354,8,3,0.2787373960018158,-0.06418189406394958,-0.18590612709522247,-0.024918358772993088
355,8,4,0.2746121883392334,0.2912495732307434,-0.18590612709522247,-0.024918358772993088
356,8,5,0.28102314472198486,-0.11948957294225693,-0.18590612709522247,-0.024918358772993088
357,8,6,0.03056703321635723,-0.41584113240242004,-0.18590612709522247,-0.024918358772993088
358,8,7,-0.23168596625328064,-0.057499565184116364,-0.18590612709522247,-0.024918358772993088
359,8,8,-0.3140474557876587,0.30511075258255005,-0.18590612709522247,-0.024918358772993088
360,8,9,0.04781097546219826,-0.3500588536262512,-0.18590612709522247,-0.024918358772993088
361,8,10,-0.025544624775648117,0.07059915363788605,-0.18590612709522247,-0.024918358772993088
362,8,11,-0.35698366165161133,-0.2916763126850128,-0.18590612709522247,-0.024918358772993088
363,8,12,-0.1014176681637764,-0.06940769404172897,-0.18590612709522247,-0.024918358772993088
364,8,13,0.04932265728712082,0.09349475055932999,-0.18590612709522247,-0.024918358772993088
365,8,14,0.019331088289618492,0.22233864665031433,-0.18590612709522247,-0.024918358772993088
366,8,15,-0.13869303464889526,-0.25602731108665466,-0.18590612709522247,-0.024918358772993088
367,8,16,-0.279254287481308,-0.26963678002357483,-0.18590612709522247,-0.024918358772993088
368,8,17,-0.24409769475460052,-0.273165225982666,-0.18590612709522247,-0.024918358772993088
369,8,18,-0.10473548620939255,-0.10894744843244553,-0.18590612709522247,-0.024918358772993088
370,8,19,0.12905631959438324,-0.26998743414878845,-0.18590612709522247,-0.024918358772993088
371,8,20,0.15330292284488678,-0.6944652199745178,-0.18590612709522247,-0.024918358772993088
372,8,21,0.38848602771759033,-0.29022151231765747,-0.18590612709522247,-0.024918358772993088
373,8,22,0.38900235295295715,-0.010626942850649357,-0.18590612709522247,-0.024918358772993088
374,8,23,0.04758559167385101,-0.19651548564434052,-0.18590612709522247,-0.024918358772993088
375,8,24,0.007913419976830482,-0.3773776590824127,-0.18590612709522247,-0.024918358772993088
376,8,25,0.05340912938117981,-0.2769166827201843,-0.18590612709522247,-0.024918358772993088
377,8,26,-0.19008208811283112,-0.5459375977516174,-0.18590612709522247,-0.024918358772993088
378,8,27,-0.3030575215816498,-0.7549427151679993,-0.18590612709522247,-0.024918358772993088
379,8,28,-0.02163194864988327,-0.30133819580078125,-0.18590612709522247,-0.024918358772993088
380,8,29,0.022829251363873482,-0.6054216623306274,-0.18590612709522247,-0.024918358772993088
381,8,30,-0.3520660698413849,-0.3193415403366089,-0.18590612709522247,-0.024918358772993088
382,8,31,-0.19991536438465118,-0.7252020239830017,-0.18590612709522247,-0.024918358772993088
383,8,32,0.521567165851593,-0.05493565648794174,-0.18590612709522247,-0.024918358772993088
384,8,33,0.5472124814987183,-0.11036965250968933,-0.18590612709522247,-0.024918358772993088
385,8,34,0.2950475513935089,-0.317773699760437,-0.18590612709522247,-0.024918358772993088
386,8,35,0.10327976197004318,-0.34255775809288025,-0.18590612709522247,-0.024918358772993088
387,8,36,-0.2616090476512909,-0.3178449273109436,-0.18590612709522247,-0.024918358772993088
388,8,37,-0.25630852580070496,-0.31630221009254456,-0.18590612709522247,-0.024918358772993088
389,8,38,-0.18533039093017578,-0.4382944405078888,-0.18590612709522247,-0.024918358772993088
390,8,39,-0.34667083621025085,-0.021909840404987335,-0.18590612709522247,-0.024918358772993088
391,8,40,-0.4430699050426483,-0.2553294897079468,-0.18590612709522247,-0.024918358772993088
392,8,41,-0.08301661163568497,-0.41553786396980286,-0.18590612709522247,-0.024918358772993088
393,8,42,-0.05992339178919792,0.3753468096256256,-0.18590612709522247,-0.024918358772993088
394,8,43,-0.340449720621109,-0.5906745791435242,-0.18590612709522247,-0.024918358772993088
395,8,44,-0.5084438323974609,0.09137210994958878,-0.18590612709522247,-0.024918358772993088
396,8,45,-0.20211513340473175,-0.6523825526237488,-0.18590612709522247,-0.024918358772993088
397,8,46,0.42861250042915344,0.1300971955060959,-0.18590612709522247,-0.024918358772993088
398,8,47,0.2499067336320877,-0.5989087224006653,-0.18590612709522247,-0.024918358772993088
399,8,48,-0.16282787919044495,-1.0,-0.18590612709522247,-0.024918358772993088
400,8,49,-0.49623140692710876,-0.963775098323822,-0.18590612709522247,-0.024918358772993088
401,9,0,0.30934005975723267,-0.30537086725234985,-0.19473795592784882,-0.03239529952406883
402,9,1,0.014355781488120556,-0.38845834136009216,-0.19473795592784882,-0.03239529952406883
403,9,2,-0.0713333711028099,0.06624157726764679,-0.19473795592784882,-0.03239529952406883
404,9,3,-0.1728413701057434,-0.002390950918197632,-0.19473795592784882,-0.03239529952406883
405,9,4,0.018008016049861908,-0.052001453936100006,-0.19473795592784882,-0.03239529952406883
406,9,5,0.10240499675273895,-0.33132749795913696,-0.19473795592784882,-0.03239529952406883
407,9,6,0.19968852400779724,0.038950711488723755,-0.19473795592784882,-0.03239529952406883
408,9,7,0.1137165054678917,-0.4849912226200104,-0.19473795592784882,-0.03239529952406883
409,9,8,-0.23780444264411926,-0.38796237111091614,-0.19473795592784882,-0.03239529952406883
410,9,9,0.07867632061243057,-0.2364114373922348,-0.19473795592784882,-0.03239529952406883
411,9,10,0.4555826187133789,0.3387574553489685,-0.19473795592784882,-0.03239529952406883
412,9,11,0.42645499110221863,-0.3037029206752777,-0.19473795592784882,-0.03239529952406883
413,9,12,-0.13499616086483002,-0.4931891858577728,-0.19473795592784882,-0.03239529952406883
414,9,13,-0.46338775753974915,-0.14936113357543945,-0.19473795592784882,-0.03239529952406883
415,9,14,-0.32050397992134094,-0.4434087872505188,-0.19473795592784882,-0.03239529952406883
416,9,15,0.279105007648468,0.03713812679052353,-0.19473795592784882,-0.03239529952406883
417,9,16,-0.00856923870742321,-0.3005111813545227,-0.19473795592784882,-0.03239529952406883
418,9,17,-0.2089100480079651,-0.2293524295091629,-0.19473795592784882,-0.03239529952406883
419,9,18,-0.06108693778514862,-0.4646787643432617,-0.19473795592784882,-0.03239529952406883
420,9,19,-0.0945819690823555,0.012890208512544632,-0.19473795592784882,-0.03239529952406883
421,9,20,-0.21304509043693542,0.12158852070569992,-0.19473795592784882,-0.03239529952406883
422,9,21,-0.14146727323532104,-0.46398189663887024,-0.19473795592784882,-0.03239529952406883
423,9,22,-0.17738069593906403,-0.294952392578125,-0.19473795592784882,-0.03239529952406883
424,9,23,0.00834599044173956,-0.5166828632354736,-0.19473795592784882,-0.03239529952406883
425,9,24,-0.058922313153743744,0.12410008162260056,-0.19473795592784882,-0.03239529952406883
426,9,25,-0.14252369105815887,0.26726463437080383,-0.19473795592784882,-0.03239529952406883
427,9,26,0.04365712031722069,-0.3077183663845062,-0.19473795592784882,-0.03239529952406883
428,9,27,0.1318475902080536,-0.4932337999343872,-0.19473795592784882,-0.03239529952406883
429,9,28,-0.0213207695633173,-0.551058828830719,-0.19473795592784882,-0.03239529952406883
430,9,29,0.2075205147266388,-0.7884824872016907,-0.19473795592784882,-0.03239529952406883
431,9,30,0.39722171425819397,-0.2438531070947647,-0.19473795592784882,-0.03239529952406883
432,9,31,0.42443162202835083,-0.05407104641199112,-0.19473795592784882,-0.03239529952406883
433,9,32,0.39505621790885925,0.15855668485164642,-0.19473795592784882,-0.03239529952406883
434,9,33,0.35243505239486694,-0.6300880908966064,-0.19473795592784882,-0.03239529952406883
435,9,34,0.042743559926748276,-0.314559668302536,-0.19473795592784882,-0.03239529952406883
436,9,35,0.3516070246696472,0.2673281133174896,-0.19473795592784882,-0.03239529952406883
437,9,36,0.3325124979019165,-0.2916891276836395,-0.19473795592784882,-0.03239529952406883
438,9,37,-0.032515354454517365,-0.4554988145828247,-0.19473795592784882,-0.03239529952406883
439,9,38,0.07410482317209244,-0.6548610329627991,-0.19473795592784882,-0.03239529952406883
440,9,39,-0.04633072391152382,-0.14213842153549194,-0.19473795592784882,-0.03239529952406883
441,9,40,0.13015420734882355,-0.28782978653907776,-0.19473795592784882,-0.03239529952406883
442,9,41,0.2608182430267334,-0.22724954783916473,-0.19473795592784882,-0.03239529952406883
443,9,42,-0.16943174600601196,-0.32838964462280273,-0.19473795592784882,-0.03239529952406883
444,9,43,-0.20127202570438385,-0.5583683252334595,-0.19473795592784882,-0.03239529952406883
445,9,44,-0.17362293601036072,-0.37564370036125183,-0.19473795592784882,-0.03239529952406883
446,9,45,-0.06499271839857101,-0.007478758692741394,-0.19473795592784882,-0.03239529952406883
447,9,46,0.1700180321931839,0.02843855693936348,-0.19473795592784882,-0.03239529952406883
448,9,47,0.35783523321151733,0.12519150972366333,-0.19473795592784882,-0.03239529952406883
449,9,48,0.26050207018852234,-0.22053447365760803,-0.19473795592784882,-0.03239529952406883
450,9,49,0.030659520998597145,-0.3171740472316742,-0.19473795592784882,-0.03239529952406883
451,10,0,0.00943041406571865,0.059879668056964874,-0.18716438114643097,-0.02514742501080036
452,10,1,0.1005387231707573,-0.09228098392486572,-0.18716438114643097,-0.02514742501080036
453,10,2,0.10913524776697159,0.2623080313205719,-0.18716438114643097,-0.02514742501080036
454,10,3,-0.026785843074321747,-0.5508403182029724,-0.18716438114643097,-0.02514742501080036
455,10,4,-0.044876579195261,0.6236828565597534,-0.18716438114643097,-0.02514742501080036
456,10,5,-0.1233498752117157,-0.42164814472198486,-0.18716438114643097,-0.02514742501080036
457,10,6,0.15364493429660797,-0.6351237893104553,-0.18716438114643097,-0.02514742501080036
458,10,7,0.2496388554573059,-0.2954387664794922,-0.18716438114643097,-0.02514742501080036
459,10,8,0.25618085265159607,-0.42972883582115173,-0.18716438114643097,-0.02514742501080036
460,10,9,0.13645444810390472,-0.07257357984781265,-0.18716438114643097,-0.02514742501080036
461,10,10,0.03817017003893852,-0.0790681540966034,-0.18716438114643097,-0.02514742501080036
462,10,11,0.1271459311246872,-0.6871769428253174,-0.18716438114643097,-0.02514742501080036
463,10,12,0.11644568294286728,-0.2966187596321106,-0.18716438114643097,-0.02514742501080036
464,10,13,0.029729558154940605,-0.20165091753005981,-0.18716438114643097,-0.02514742501080036
465,10,14,-0.024486975744366646,0.18308180570602417,-0.18716438114643097,-0.02514742501080036
466,10,15,-0.28665417432785034,0.042783472687006,-0.18716438114643097,-0.02514742501080036
467,10,16,-0.27866390347480774,-0.13615447282791138,-0.18716438114643097,-0.02514742501080036
468,10,17,-0.10971756279468536,-0.13994979858398438,-0.18716438114643097,-0.02514742501080036
469,10,18,-0.033711403608322144,-0.3900960683822632,-0.18716438114643097,-0.02514742501080036
470,10,19,-0.027503840625286102,-0.4843994081020355,-0.18716438114643097,-0.02514742501080036
471,10,20,-0.31884923577308655,-0.5443159341812134,-0.18716438114643097,-0.02514742501080036
472,10,21,-0.19274991750717163,0.06420650333166122,-0.18716438114643097,-0.02514742501080036
473,10,22,0.23984351754188538,-0.0705312043428421,-0.18716438114643097,-0.02514742501080036
474,10,23,0.32332107424736023,-0.4621404707431793,-0.18716438114643097,-0.02514742501080036
475,10,24,0.1437460035085678,0.24533142149448395,-0.18716438114643097,-0.02514742501080036
476,10,25,-0.13266828656196594,-0.47502103447914124,-0.18716438114643097,-0.02514742501080036
477,10,26,-0.3299156725406647,-0.4959494471549988,-0.18716438114643097,-0.02514742501080036
478,10,27,-0.24745257198810577,-0.27878522872924805,-0.18716438114643097,-0.02514742501080036
479,10,28,0.19429515302181244,-1.0,-0.18716438114643097,-0.02514742501080036
480,10,29,0.0807284265756607,0.28887200355529785,-0.18716438114643097,-0.02514742501080036
481,10,30,0.10110540688037872,-0.016067294403910637,-0.18716438114643097,-0.02514742501080036
482,10,31,0.00029794962028972805,-0.04644206166267395,-0.18716438114643097,-0.02514742501080036
483,10,32,0.17066165804862976,0.0932241901755333,-0.18716438114643097,-0.02514742501080036
484,10,33,0.18948881328105927,-0.5670263171195984,-0.18716438114643097,-0.02514742501080036
485,10,34,0.22838422656059265,-0.09433773159980774,-0.18716438114643097,-0.02514742501080036
486,10,35,0.2500256896018982,-0.0726412981748581,-0.18716438114643097,-0.02514742501080036
487,10,36,0.3906863331794739,-0.54737389087677,-0.18716438114643097,-0.02514742501080036
488,10,37,0.1647019386291504,-0.2509508430957794,-0.18716438114643097,-0.02514742501080036
489,10,38,0.17795002460479736,-0.5462087392807007,-0.18716438114643097,-0.02514742501080036
490,10,39,0.434242308139801,0.1762223243713379,-0.18716438114643097,-0.02514742501080036
491,10,40,0.27650490403175354,-0.08902925252914429,-0.18716438114643097,-0.02514742501080036
492,10,41,0.044778525829315186,-0.1687517762184143,-0.18716438114643097,-0.02514742501080036
493,10,42,0.09146469831466675,-0.29145801067352295,-0.18716438114643097,-0.02514742501080036
494,10,43,0.028727125376462936,-0.42211344838142395,-0.18716438114643097,-0.02514742501080036
495,10,44,-0.1133856251835823,-0.02299993857741356,-0.18716438114643097,-0.02514742501080036
496,10,45,-0.3277725577354431,-0.14506003260612488,-0.18716438114643097,-0.02514742501080036
497,10,46,-0.0897059515118599,-0.27077990770339966,-0.18716438114643097,-0.02514742501080036
498,10,47,0.006991363596171141,-0.12573619186878204,-0.18716438114643097,-0.02514742501080036
499,10,48,0.1165730357170105,-0.41669517755508423,-0.18716438114643097,-0.02514742501080036
500,10,49,0.0653928741812706,0.37037473917007446,-0.18716438114643097,-0.02514742501080036
501,11,0,0.07841508835554123,-0.8496363759040833,-0.1833837330341339,0.0004336026031523943
502,11,1,0.13024890422821045,-0.038050830364227295,-0.1833837330341339,0.0004336026031523943
503,11,2,0.21639826893806458,-0.2420295774936676,-0.1833837330341339,0.0004336026031523943
504,11,3,0.10994663089513779,-0.19015324115753174,-0.1833837330341339,0.0004336026031523943
505,11,4,-0.056679725646972656,-0.4234629273414612,-0.1833837330341339,0.0004336026031523943
506,11,5,-0.2539711594581604,-0.5748512148857117,-0.1833837330341339,0.0004336026031523943
507,11,6,0.03445454314351082,-0.0836428627371788,-0.1833837330341339,0.0004336026031523943
508,11,7,0.14200331270694733,-1.0,-0.1833837330341339,0.0004336026031523943
509,11,8,0.5341366529464722,-0.26439958810806274,-0.1833837330341339,0.0004336026031523943
510,11,9,0.5225228667259216,0.17522414028644562,-0.1833837330341339,0.0004336026031523943
511,11,10,0.6083791255950928,-0.3315425515174866,-0.1833837330341339,0.0004336026031523943
512,11,11,0.19118963181972504,-0.4156334102153778,-0.1833837330341339,0.0004336026031523943
513,11,12,-0.3658723533153534,-0.1940140277147293,-0.1833837330341339,0.0004336026031523943
514,11,13,-0.13057546317577362,-0.18452391028404236,-0.1833837330341339,0.0004336026031523943
515,11,14,0.44188594818115234,0.1001255214214325,-0.1833837330341339,0.0004336026031523943
516,11,15,0.357707142829895,-0.7789781093597412,-0.1833837330341339,0.0004336026031523943
517,11,16,0.12568214535713196,-0.8921579122543335,-0.1833837330341339,0.0004336026031523943
518,11,17,0.012602281756699085,-0.46195554733276367,-0.1833837330341339,0.0004336026031523943
519,11,18,0.08304969221353531,-0.9127371311187744,-0.1833837330341339,0.0004336026031523943
520,11,19,0.19448107481002808,-0.24756166338920593,-0.1833837330341339,0.0004336026031523943
521,11,20,-0.18053556978702545,-0.42042791843414307,-0.1833837330341339,0.0004336026031523943
522,11,21,-0.12154644727706909,-0.10844054818153381,-0.1833837330341339,0.0004336026031523943
523,11,22,-0.020869549363851547,-0.14406855404376984,-0.1833837330341339,0.0004336026031523943
524,11,23,0.010131669230759144,-0.7260335087776184,-0.1833837330341339,0.0004336026031523943
525,11,24,0.09368470311164856,0.028084825724363327,-0.1833837330341339,0.0004336026031523943
526,11,25,0.07550238817930222,-0.05981551110744476,-0.1833837330341339,0.0004336026031523943
527,11,26,0.05682380124926567,0.648257315158844,-0.1833837330341339,0.0004336026031523943
528,11,27,0.07817097008228302,-0.0556396059691906,-0.1833837330341339,0.0004336026031523943
529,11,28,-0.009781807661056519,-0.5938957929611206,-0.1833837330341339,0.0004336026031523943
530,11,29,-0.1478152722120285,-0.8995979428291321,-0.1833837330341339,0.0004336026031523943
531,11,30,-0.5293887853622437,-0.4142059087753296,-0.1833837330341339,0.0004336026031523943
532,11,31,0.30773940682411194,-0.02265504002571106,-0.1833837330341339,0.0004336026031523943
533,11,32,0.4888947308063507,-0.3631953001022339,-0.1833837330341339,0.0004336026031523943
534,11,33,0.5686439871788025,0.6896860003471375,-0.1833837330341339,0.0004336026031523943
535,11,34,0.1695076823234558,0.656119167804718,-0.1833837330341339,0.0004336026031523943
536,11,35,-0.04935542866587639,-0.593303382396698,-0.1833837330341339,0.0004336026031523943
537,11,36,-0.11160093545913696,-0.2090693563222885,-0.1833837330341339,0.0004336026031523943
538,11,37,-0.7796717286109924,-0.11906841397285461,-0.1833837330341339,0.0004336026031523943
539,11,38,0.1430639624595642,-0.5671200156211853,-0.1833837330341339,0.0004336026031523943
540,11,39,0.4480944573879242,0.3585754334926605,-0.1833837330341339,0.0004336026031523943
541,11,40,0.4566245675086975,-0.0034101433120667934,-0.1833837330341339,0.0004336026031523943
542,11,41,0.38106757402420044,0.030696043744683266,-0.1833837330341339,0.0004336026031523943
543,11,42,0.2498008906841278,0.08156495541334152,-0.1833837330341339,0.0004336026031523943
544,11,43,-0.0140138054266572,0.2921011745929718,-0.1833837330341339,0.0004336026031523943
545,11,44,-0.1904139220714569,0.08224192261695862,-0.1833837330341339,0.0004336026031523943
546,11,45,-0.06883072853088379,-0.5456310510635376,-0.1833837330341339,0.0004336026031523943
547,11,46,0.23799172043800354,-0.05369425192475319,-0.1833837330341339,0.0004336026031523943
548,11,47,0.4260813593864441,-0.0003641465154942125,-0.1833837330341339,0.0004336026031523943
549,11,48,0.4225955009460449,-0.12880036234855652,-0.1833837330341339,0.0004336026031523943
550,11,49,0.36031320691108704,-0.29400575160980225,-0.1833837330341339,0.0004336026031523943
551,12,0,-0.16094881296157837,0.42851775884628296,-0.16361567378044128,0.035142913460731506
552,12,1,-0.14475534856319427,-0.08132191747426987,-0.16361567378044128,0.035142913460731506
553,12,2,0.0799224004149437,0.20258833467960358,-0.16361567378044128,0.035142913460731506
554,12,3,0.33932316303253174,-0.33651044964790344,-0.16361567378044128,0.035142913460731506
555,12,4,-0.016045480966567993,-0.019951215013861656,-0.16361567378044128,0.035142913460731506
556,12,5,-0.3241778612136841,-0.2507094442844391,-0.16361567378044128,0.035142913460731506
557,12,6,-0.22488081455230713,0.16739289462566376,-0.16361567378044128,0.035142913460731506
558,12,7,-0.16035325825214386,-1.0,-0.16361567378044128,0.035142913460731506
559,12,8,-0.25182241201400757,-0.1373334378004074,-0.16361567378044128,0.035142913460731506
560,12,9,-0.1644289344549179,0.10348569601774216,-0.16361567378044128,0.035142913460731506
561,12,10,0.09526591002941132,-0.006536182016134262,-0.16361567378044128,0.035142913460731506
562,12,11,-0.02425416372716427,0.4269547164440155,-0.16361567378044128,0.035142913460731506
563,12,12,-0.06121981889009476,-0.7425526976585388,-0.16361567378044128,0.035142913460731506
564,12,13,0.055716004222631454,-0.4934723377227783,-0.16361567378044128,0.035142913460731506
565,12,14,0.0007731938967481256,0.3520027995109558,-0.16361567378044128,0.035142913460731506
566,12,15,0.01413134578615427,-0.455371230840683,-0.16361567378044128,0.035142913460731506
567,12,16,-0.05219953507184982,-0.4019978642463684,-0.16361567378044128,0.035142913460731506
568,12,17,0.08674453943967819,-0.2756722569465637,-0.16361567378044128,0.035142913460731506
569,12,18,0.12485473603010178,-0.9245622158050537,-0.16361567378044128,0.035142913460731506
570,12,19,0.02171853929758072,-0.3379640281200409,-0.16361567378044128,0.035142913460731506
571,12,20,-0.1819782853126526,0.05191321671009064,-0.16361567378044128,0.035142913460731506
572,12,21,-0.437832236289978,-0.4125901162624359,-0.16361567378044128,0.035142913460731506
573,12,22,-0.3360380232334137,-0.9384034872055054,-0.16361567378044128,0.035142913460731506
574,12,23,-0.15460287034511566,-0.11878526955842972,-0.16361567378044128,0.035142913460731506
575,12,24,0.04510959982872009,-0.5598975419998169,-0.16361567378044128,0.035142913460731506
576,12,25,0.20974195003509521,0.009730128571391106,-0.16361567378044128,0.035142913460731506
577,12,26,-0.1277165412902832,-0.18600627779960632,-0.16361567378044128,0.035142913460731506
578,12,27,-0.12702850997447968,-0.8047608733177185,-0.16361567378044128,0.035142913460731506
579,12,28,0.5457481145858765,-0.20638416707515717,-0.16361567378044128,0.035142913460731506
580,12,29,0.4463696777820587,-0.11586318910121918,-0.16361567378044128,0.035142913460731506
581,12,30,-0.06806403398513794,0.2420247495174408,-0.16361567378044128,0.035142913460731506
582,12,31,-0.31576910614967346,0.4739897549152374,-0.16361567378044128,0.035142913460731506
583,12,32,-0.2909013628959656,-0.6980176568031311,-0.16361567378044128,0.035142913460731506
584,12,33,-0.18608349561691284,-0.23663575947284698,-0.16361567378044128,0.035142913460731506
585,12,34,0.06244811415672302,-0.5695614814758301,-0.16361567378044128,0.035142913460731506
586,12,35,0.08583161234855652,-0.07165851444005966,-0.16361567378044128,0.035142913460731506
587,12,36,0.2886435389518738,-0.4637313783168793,-0.16361567378044128,0.035142913460731506
588,12,37,0.6903446316719055,-0.27136239409446716,-0.16361567378044128,0.035142913460731506
589,12,38,0.613629937171936,0.1350201666355133,-0.16361567378044128,0.035142913460731506
590,12,39,0.49151182174682617,0.2784588038921356,-0.16361567378044128,0.035142913460731506
591,12,40,0.11303317546844482,-0.06725124269723892,-0.16361567378044128,0.035142913460731506
592,12,41,-0.06889208406209946,-0.4336356818675995,-0.16361567378044128,0.035142913460731506
593,12,42,0.03009749762713909,-0.10841114073991776,-0.16361567378044128,0.035142913460731506
594,12,43,0.15606658160686493,-0.2767072916030884,-0.16361567378044128,0.035142913460731506
595,12,44,0.08509872108697891,-0.5117380023002625,-0.16361567378044128,0.035142913460731506
596,12,45,-0.43320703506469727,-0.03672949597239494,-0.16361567378044128,0.035142913460731506
597,12,46,-0.25097715854644775,0.26311835646629333,-0.16361567378044128,0.035142913460731506
598,12,47,0.4725584089756012,-0.7043132185935974,-0.16361567378044128,0.035142913460731506
599,12,48,0.5015284419059753,0.32293710112571716,-0.16361567378044128,0.035142913460731506
600,12,49,-0.11073926091194153,-0.004442336969077587,-0.16361567378044128,0.035142913460731506
601,13,0,-0.11443296819925308,-0.45309698581695557,-0.13073448836803436,0.059110768139362335
602,13,1,-0.4265109896659851,-0.18154628574848175,-0.13073448836803436,0.059110768139362335
603,13,2,0.20087602734565735,0.08544560521841049,-0.13073448836803436,0.059110768139362335
604,13,3,0.37869465351104736,-0.42802947759628296,-0.13073448836803436,0.059110768139362335
605,13,4,0.09949382394552231,0.11061196029186249,-0.13073448836803436,0.059110768139362335
606,13,5,0.026979561895132065,-0.19100724160671234,-0.13073448836803436,0.059110768139362335
607,13,6,-0.18317025899887085,-0.00011633452231762931,-0.13073448836803436,0.059110768139362335
608,13,7,-0.06348942220211029,0.4493795931339264,-0.13073448836803436,0.059110768139362335
609,13,8,0.02296079322695732,-0.1673225611448288,-0.13073448836803436,0.059110768139362335
610,13,9,0.010474574752151966,-0.37857285141944885,-0.13073448836803436,0.059110768139362335
611,13,10,0.008393323048949242,-0.14258117973804474,-0.13073448836803436,0.059110768139362335
612,13,11,-0.12251492589712143,0.13908366858959198,-0.13073448836803436,0.059110768139362335
613,13,12,-0.12579263746738434,-0.1515217423439026,-0.13073448836803436,0.059110768139362335
614,13,13,-0.11446297913789749,-0.010183505713939667,-0.13073448836803436,0.059110768139362335
615,13,14,-0.05936096981167793,-0.679024338722229,-0.13073448836803436,0.059110768139362335
616,13,15,0.08285382390022278,-0.1253482848405838,-0.13073448836803436,0.059110768139362335
617,13,16,0.12682072818279266,-0.10570357739925385,-0.13073448836803436,0.059110768139362335
618,13,17,0.19891257584095,0.005210727918893099,-0.13073448836803436,0.059110768139362335
619,13,18,0.1551164835691452,0.1796024590730667,-0.13073448836803436,0.059110768139362335
620,13,19,0.05007369816303253,-0.4290955662727356,-0.13073448836803436,0.059110768139362335
621,13,20,-0.18696071207523346,0.4337104856967926,-0.13073448836803436,0.059110768139362335
622,13,21,-0.2433289885520935,-0.11753413081169128,-0.13073448836803436,0.059110768139362335
623,13,22,-0.08282345533370972,-0.36726200580596924,-0.13073448836803436,0.059110768139362335
624,13,23,0.159248948097229,-0.46381643414497375,-0.13073448836803436,0.059110768139362335
625,13,24,0.1456221342086792,0.12340592592954636,-0.13073448836803436,0.059110768139362335
626,13,25,-0.15148387849330902,-0.4280921518802643,-0.13073448836803436,0.059110768139362335
627,13,26,-0.020689602941274643,0.11152776330709457,-0.13073448836803436,0.059110768139362335
628,13,27,-0.13039714097976685,-0.5232479572296143,-0.13073448836803436,0.059110768139362335
629,13,28,-0.09193181246519089,0.03233759477734566,-0.13073448836803436,0.059110768139362335
630,13,29,0.173058420419693,0.08188982307910919,-0.13073448836803436,0.059110768139362335
631,13,30,0.3385889232158661,0.2960512638092041,-0.13073448836803436,0.059110768139362335
632,13,31,-0.08842684328556061,-0.25160160660743713,-0.13073448836803436,0.059110768139362335
633,13,32,-0.20546762645244598,-0.19771963357925415,-0.13073448836803436,0.059110768139362335
634,13,33,-0.07870342582464218,-0.3402421474456787,-0.13073448836803436,0.059110768139362335
635,13,34,-0.010265232995152473,-0.44709309935569763,-0.13073448836803436,0.059110768139362335
636,13,35,0.07480138540267944,-0.10766477882862091,-0.13073448836803436,0.059110768139362335
637,13,36,-0.045600537210702896,0.014562283642590046,-0.13073448836803436,0.059110768139362335
638,13,37,-0.09691336750984192,-0.22294610738754272,-0.13073448836803436,0.059110768139362335
639,13,38,-0.02403438091278076,-0.41219645738601685,-0.13073448836803436,0.059110768139362335
640,13,39,0.0513056255877018,-0.42511221766471863,-0.13073448836803436,0.059110768139362335
641,13,40,-0.21015122532844543,-0.5503292679786682,-0.13073448836803436,0.059110768139362335
642,13,41,-0.3549971878528595,-0.10191616415977478,-0.13073448836803436,0.059110768139362335
643,13,42,0.19623185694217682,0.3645518124103546,-0.13073448836803436,0.059110768139362335
644,13,43,-0.06163642182946205,-0.3081694543361664,-0.13073448836803436,0.059110768139362335
645,13,44,0.0010365491034463048,-0.7419919371604919,-0.13073448836803436,0.059110768139362335
646,13,45,-0.043011222034692764,-0.03037511371076107,-0.13073448836803436,0.059110768139362335
647,13,46,-0.2165345698595047,0.04014770686626434,-0.13073448836803436,0.059110768139362335
648,13,47,-0.11918555945158005,0.13157668709754944,-0.13073448836803436,0.059110768139362335
649,13,48,0.13478945195674896,-0.5511077046394348,-0.13073448836803436,0.059110768139362335
650,13,49,0.16850252449512482,0.20087037980556488,-0.13073448836803436,0.059110768139362335
651,14,0,0.06638864427804947,-0.182323157787323,-0.09811609983444214,0.06142031028866768
652,14,1,-0.017085423693060875,0.6424446702003479,-0.09811609983444214,0.06142031028866768
653,14,2,0.14970946311950684,-0.18797987699508667,-0.09811609983444214,0.06142031028866768
654,14,3,0.025301288813352585,0.017574230208992958,-0.09811609983444214,0.06142031028866768
655,14,4,-0.1109439805150032,-0.28330299258232117,-0.09811609983444214,0.06142031028866768
656,14,5,0.013635913841426373,-0.16016802191734314,-0.09811609983444214,0.06142031028866768
657,14,6,-0.001673255697824061,-0.20405369997024536,-0.09811609983444214,0.06142031028866768
658,14,7,-0.22458384931087494,0.08192196488380432,-0.09811609983444214,0.06142031028866768
659,14,8,-0.2884795367717743,0.06042192876338959,-0.09811609983444214,0.06142031028866768
660,14,9,-0.1882246732711792,-0.2804034650325775,-0.09811609983444214,0.06142031028866768
661,14,10,0.06442214548587799,-0.43324989080429077,-0.09811609983444214,0.06142031028866768
662,14,11,0.0358615405857563,-0.1606104075908661,-0.09811609983444214,0.06142031028866768
663,14,12,-0.3428363800048828,-0.15793325006961823,-0.09811609983444214,0.06142031028866768
664,14,13,-0.43141406774520874,-0.42529812455177307,-0.09811609983444214,0.06142031028866768
665,14,14,-0.1861468106508255,-0.58057701587677,-0.09811609983444214,0.06142031028866768
666,14,15,-0.13530156016349792,-0.06403204053640366,-0.09811609983444214,0.06142031028866768
667,14,16,-0.198028102517128,-0.01891690120100975,-0.09811609983444214,0.06142031028866768
668,14,17,0.3250564634799957,0.16247454285621643,-0.09811609983444214,0.06142031028866768
669,14,18,0.29304978251457214,-0.39418989419937134,-0.09811609983444214,0.06142031028866768
670,14,19,-0.0015358886448666453,-0.30794548988342285,-0.09811609983444214,0.06142031028866768
671,14,20,-0.12454923987388611,-0.24572578072547913,-0.09811609983444214,0.06142031028866768
672,14,21,-0.07107048481702805,-0.2587910294532776,-0.09811609983444214,0.06142031028866768
673,14,22,-0.030415920540690422,-0.0464722104370594,-0.09811609983444214,0.06142031028866768
674,14,23,-0.0418056920170784,-0.4105002284049988,-0.09811609983444214,0.06142031028866768
675,14,24,0.14494851231575012,0.4489332437515259,-0.09811609983444214,0.06142031028866768
676,14,25,0.32891348004341125,-0.40758323669433594,-0.09811609983444214,0.06142031028866768
677,14,26,0.04848102480173111,-0.12124895304441452,-0.09811609983444214,0.06142031028866768
678,14,27,-0.14184126257896423,-0.46835774183273315,-0.09811609983444214,0.06142031028866768
679,14,28,-0.1552172601222992,-0.19201889634132385,-0.09811609983444214,0.06142031028866768
680,14,29,-0.10346391797065735,-0.4925960302352905,-0.09811609983444214,0.06142031028866768
681,14,30,-0.16273421049118042,-0.12918449938297272,-0.09811609983444214,0.06142031028866768
682,14,31,0.04644307121634483,-0.45876064896583557,-0.09811609983444214,0.06142031028866768
683,14,32,0.24432235956192017,-0.3717697262763977,-0.09811609983444214,0.06142031028866768
684,14,33,0.16926008462905884,-0.3159872889518738,-0.09811609983444214,0.06142031028866768
685,14,34,0.19639243185520172,-0.27015554904937744,-0.09811609983444214,0.06142031028866768
686,14,35,0.10480300337076187,0.7209041714668274,-0.09811609983444214,0.06142031028866768
687,14,36,-0.017874564975500107,-0.11403369903564453,-0.09811609983444214,0.06142031028866768
688,14,37,-0.04771977663040161,-0.646852433681488,-0.09811609983444214,0.06142031028866768
689,14,38,0.17515306174755096,-0.21843598783016205,-0.09811609983444214,0.06142031028866768
690,14,39,0.40816259384155273,0.13296878337860107,-0.09811609983444214,0.06142031028866768
691,14,40,0.440049409866333,0.27232444286346436,-0.09811609983444214,0.06142031028866768
692,14,41,0.4560096859931946,-0.1737791895866394,-0.09811609983444214,0.06142031028866768
693,14,42,0.5931587815284729,0.07737024873495102,-0.09811609983444214,0.06142031028866768
694,14,43,0.5402224659919739,-0.7071828842163086,-0.09811609983444214,0.06142031028866768
695,14,44,0.2813853621482849,-0.4095706343650818,-0.09811609983444214,0.06142031028866768
696,14,45,0.20082035660743713,-0.5106633305549622,-0.09811609983444214,0.06142031028866768
697,14,46,-0.0059734792448580265,-0.15748916566371918,-0.09811609983444214,0.06142031028866768
698,14,47,-0.10258528590202332,-0.41827163100242615,-0.09811609983444214,0.06142031028866768
699,14,48,0.18297581374645233,-0.3389928638935089,-0.09811609983444214,0.06142031028866768
700,14,49,0.20706996321678162,-0.20063576102256775,-0.09811609983444214,0.06142031028866768
701,15,0,0.3119359314441681,-0.09831797331571579,-0.0716448575258255,0.07163962721824646
702,15,1,0.4322969615459442,-0.40506380796432495,-0.0716448575258255,0.07163962721824646
703,15,2,0.2874513268470764,-0.673491895198822,-0.0716448575258255,0.07163962721824646
704,15,3,0.025772329419851303,-0.8146654963493347,-0.0716448575258255,0.07163962721824646
705,15,4,0.22592706978321075,-0.0007392653496935964,-0.0716448575258255,0.07163962721824646
706,15,5,0.012278659269213676,-0.5380197167396545,-0.0716448575258255,0.07163962721824646
707,15,6,0.24923793971538544,0.04522328823804855,-0.0716448575258255,0.07163962721824646
708,15,7,0.21404002606868744,0.3143917918205261,-0.0716448575258255,0.07163962721824646
709,15,8,0.18153983354568481,-0.12393899261951447,-0.0716448575258255,0.07163962721824646
710,15,9,0.0295382309705019,-0.6594312191009521,-0.0716448575258255,0.07163962721824646
711,15,10,-0.07071544229984283,-0.21428266167640686,-0.0716448575258255,0.07163962721824646
712,15,11,0.2779139578342438,0.32954493165016174,-0.0716448575258255,0.07163962721824646
713,15,12,0.6800110340118408,-0.07595662772655487,-0.0716448575258255,0.07163962721824646
714,15,13,0.3572196364402771,0.308290034532547,-0.0716448575258255,0.07163962721824646
715,15,14,0.11009055376052856,-0.33268478512763977,-0.0716448575258255,0.07163962721824646
716,15,15,0.1513468623161316,-0.035234902054071426,-0.0716448575258255,0.07163962721824646
717,15,16,0.2135087549686432,-0.3282696604728699,-0.0716448575258255,0.07163962721824646
718,15,17,0.024959225207567215,0.2509864270687103,-0.0716448575258255,0.07163962721824646
719,15,18,-0.2850448489189148,-0.3493235409259796,-0.0716448575258255,0.07163962721824646
720,15,19,-0.1661408245563507,-0.6289331912994385,-0.0716448575258255,0.07163962721824646
721,15,20,0.1307598203420639,-0.3747510313987732,-0.0716448575258255,0.07163962721824646
722,15,21,0.20630493760108948,0.32221871614456177,-0.0716448575258255,0.07163962721824646
723,15,22,0.2329605668783188,0.08743837475776672,-0.0716448575258255,0.07163962721824646
724,15,23,0.06157323718070984,0.21873311698436737,-0.0716448575258255,0.07163962721824646
725,15,24,-0.1568852961063385,-0.17434683442115784,-0.0716448575258255,0.07163962721824646
726,15,25,-0.17107954621315002,-0.15118195116519928,-0.0716448575258255,0.07163962721824646
727,15,26,-0.06769134849309921,-0.3831820487976074,-0.0716448575258255,0.07163962721824646
728,15,27,-0.024789338931441307,-0.4435066282749176,-0.0716448575258255,0.07163962721824646
729,15,28,-0.24052487313747406,-0.09069734811782837,-0.0716448575258255,0.07163962721824646
730,15,29,-0.3126034140586853,-0.6980187892913818,-0.0716448575258255,0.07163962721824646
731,15,30,-0.15565410256385803,-0.10276846587657928,-0.0716448575258255,0.07163962721824646
732,15,31,0.12384098768234253,-0.2770037353038788,-0.0716448575258255,0.07163962721824646
733,15,32,0.09511229395866394,-0.25841912627220154,-0.0716448575258255,0.07163962721824646
734,15,33,-0.3271481692790985,-0.08450067788362503,-0.0716448575258255,0.07163962721824646
735,15,34,-0.09630239009857178,-0.08704309910535812,-0.0716448575258255,0.07163962721824646
736,15,35,0.21595044434070587,0.34686601161956787,-0.0716448575258255,0.07163962721824646
737,15,36,0.15426336228847504,0.20231404900550842,-0.0716448575258255,0.07163962721824646
738,15,37,-0.09553084522485733,0.261557400226593,-0.0716448575258255,0.07163962721824646
739,15,38,-0.37445324659347534,0.09718337655067444,-0.0716448575258255,0.07163962721824646
740,15,39,-0.17361879348754883,0.0550941601395607,-0.0716448575258255,0.07163962721824646
741,15,40,-0.11096423864364624,-0.38407623767852783,-0.0716448575258255,0.07163962721824646
742,15,41,0.05960014835000038,0.003720821114256978,-0.0716448575258255,0.07163962721824646
743,15,42,0.28498634696006775,-0.10168284922838211,-0.0716448575258255,0.07163962721824646
744,15,43,-0.02818983979523182,-0.2367512583732605,-0.0716448575258255,0.07163962721824646
745,15,44,0.20331323146820068,-0.3009846806526184,-0.0716448575258255,0.07163962721824646
746,15,45,0.3007723391056061,-0.8628014922142029,-0.0716448575258255,0.07163962721824646
747,15,46,-0.0630297139286995,0.6610238552093506,-0.0716448575258255,0.07163962721824646
748,15,47,0.04335582256317139,0.18201708793640137,-0.0716448575258255,0.07163962721824646
749,15,48,-0.00919242762029171,0.04379319027066231,-0.0716448575258255,0.07163962721824646
750,15,49,-0.4847734272480011,-0.4044341742992401,-0.0716448575258255,0.07163962721824646
751,16,0,0.0751103013753891,-0.2754468619823456,-0.07082239538431168,0.088849738240242
752,16,1,0.18815912306308746,0.3502626121044159,-0.07082239538431168,0.088849738240242
753,16,2,0.13007737696170807,0.12091244012117386,-0.07082239538431168,0.088849738240242
754,16,3,0.11068078130483627,-0.020592516288161278,-0.07082239538431168,0.088849738240242
755,16,4,0.02254980430006981,-0.5423462390899658,-0.07082239538431168,0.088849738240242
756,16,5,0.24112501740455627,0.5664477348327637,-0.07082239538431168,0.088849738240242
757,16,6,0.2868664562702179,0.05832784250378609,-0.07082239538431168,0.088849738240242
758,16,7,0.28003254532814026,-0.17162680625915527,-0.07082239538431168,0.088849738240242
759,16,8,0.3097708523273468,0.4467235505580902,-0.07082239538431168,0.088849738240242
760,16,9,0.1436006873846054,0.4026659429073334,-0.07082239538431168,0.088849738240242
761,16,10,-0.03476981446146965,0.3522147834300995,-0.07082239538431168,0.088849738240242
762,16,11,-0.15461714565753937,0.5072847008705139,-0.07082239538431168,0.088849738240242
763,16,12,-0.028001699596643448,-0.6522508859634399,-0.07082239538431168,0.088849738240242
764,16,13,0.007654939778149128,-0.5490586161613464,-0.07082239538431168,0.088849738240242
765,16,14,0.20672930777072906,-0.44048067927360535,-0.07082239538431168,0.088849738240242
766,16,15,0.5540807247161865,-0.1601591855287552,-0.07082239538431168,0.088849738240242
767,16,16,0.551537036895752,-0.28542083501815796,-0.07082239538431168,0.088849738240242
768,16,17,0.2638544738292694,0.07334678620100021,-0.07082239538431168,0.088849738240242
769,16,18,-0.23936516046524048,-0.49652254581451416,-0.07082239538431168,0.088849738240242
770,16,19,-0.2643998861312866,-0.2273803949356079,-0.07082239538431168,0.088849738240242
771,16,20,0.09655708074569702,-0.499719500541687,-0.07082239538431168,0.088849738240242
772,16,21,0.21003448963165283,-0.3466770648956299,-0.07082239538431168,0.088849738240242
773,16,22,0.20285287499427795,-0.09157678484916687,-0.07082239538431168,0.088849738240242
774,16,23,0.5053477883338928,-0.16265332698822021,-0.07082239538431168,0.088849738240242
775,16,24,0.2647419273853302,0.23077048361301422,-0.07082239538431168,0.088849738240242
776,16,25,-0.05595396086573601,-0.520828366279602,-0.07082239538431168,0.088849738240242
777,16,26,-0.1918754130601883,-0.04317512363195419,-0.07082239538431168,0.088849738240242
778,16,27,0.16975170373916626,0.020539501681923866,-0.07082239538431168,0.088849738240242
779,16,28,0.3486470878124237,-0.17025431990623474,-0.07082239538431168,0.088849738240242
780,16,29,0.24910254776477814,-0.4087578058242798,-0.07082239538431168,0.088849738240242
781,16,30,0.165182426571846,-0.24783402681350708,-0.07082239538431168,0.088849738240242
782,16,31,-0.15918466448783875,-0.13661684095859528,-0.07082239538431168,0.088849738240242
783,16,32,-0.2789820432662964,0.22924114763736725,-0.07082239538431168,0.088849738240242
784,16,33,-0.16467951238155365,-0.2694012224674225,-0.07082239538431168,0.088849738240242
785,16,34,-0.25046011805534363,-0.24654223024845123,-0.07082239538431168,0.088849738240242
786,16,35,-0.1488630175590515,-0.11188068985939026,-0.07082239538431168,0.088849738240242
787,16,36,0.13548806309700012,-0.2630760371685028,-0.07082239538431168,0.088849738240242
788,16,37,0.18346859514713287,0.15757237374782562,-0.07082239538431168,0.088849738240242
789,16,38,-0.22502532601356506,-0.1442541480064392,-0.07082239538431168,0.088849738240242
790,16,39,-0.3832794725894928,-0.2471955567598343,-0.07082239538431168,0.088849738240242
791,16,40,0.12538930773735046,-0.06748069077730179,-0.07082239538431168,0.088849738240242
792,16,41,0.29567041993141174,-0.05320018529891968,-0.07082239538431168,0.088849738240242
793,16,42,0.13559700548648834,-0.4343368113040924,-0.07082239538431168,0.088849738240242
794,16,43,-0.047512199729681015,0.07041564583778381,-0.07082239538431168,0.088849738240242
795,16,44,-0.22858001291751862,-0.058424171060323715,-0.07082239538431168,0.088849738240242
796,16,45,-0.13556592166423798,0.17732608318328857,-0.07082239538431168,0.088849738240242
797,16,46,-0.14947113394737244,-0.31855902075767517,-0.07082239538431168,0.088849738240242
798,16,47,-0.36374959349632263,-0.09010983258485794,-0.07082239538431168,0.088849738240242
799,16,48,-0.33929917216300964,0.11640419065952301,-0.07082239538431168,0.088849738240242
800,16,49,-0.04913138598203659,-0.031266093254089355,-0.07082239538431168,0.088849738240242
801,17,0,-0.004358201287686825,-0.38173529505729675,-0.08084498345851898,0.10658232122659683
802,17,1,0.23317305743694305,-0.5372859835624695,-0.08084498345851898,0.10658232122659683
803,17,2,0.19960451126098633,-0.5965671539306641,-0.08084498345851898,0.10658232122659683
804,17,3,-0.06880291551351547,-0.5379706025123596,-0.08084498345851898,0.10658232122659683
805,17,4,-0.5446017384529114,0.12399718165397644,-0.08084498345851898,0.10658232122659683
806,17,5,-0.23723939061164856,-0.26678040623664856,-0.08084498345851898,0.10658232122659683
807,17,6,0.2720976173877716,-0.36488664150238037,-0.08084498345851898,0.10658232122659683
808,17,7,0.0010067771654576063,-0.3553580939769745,-0.08084498345851898,0.10658232122659683
809,17,8,-0.33260586857795715,-0.5523966550827026,-0.08084498345851898,0.10658232122659683
810,17,9,-0.1323087066411972,0.35915863513946533,-0.08084498345851898,0.10658232122659683
811,17,10,0.42887625098228455,-0.16520921885967255,-0.08084498345851898,0.10658232122659683
812,17,11,0.29425737261772156,0.4125864803791046,-0.08084498345851898,0.10658232122659683
813,17,12,0.3873172104358673,0.35417038202285767,-0.08084498345851898,0.10658232122659683
814,17,13,0.15711075067520142,0.12353475391864777,-0.08084498345851898,0.10658232122659683
815,17,14,-0.03207544982433319,-0.31253570318222046,-0.08084498345851898,0.10658232122659683
816,17,15,-0.053759679198265076,0.9967928528785706,-0.08084498345851898,0.10658232122659683
817,17,16,-0.06752550601959229,0.011163870804011822,-0.08084498345851898,0.10658232122659683
818,17,17,-0.15727603435516357,0.08933857828378677,-0.08084498345851898,0.10658232122659683
819,17,18,-0.04289955273270607,-0.20718248188495636,-0.08084498345851898,0.10658232122659683
820,17,19,-0.043739043176174164,0.20590348541736603,-0.08084498345851898,0.10658232122659683
821,17,20,-0.007531692739576101,0.058679260313510895,-0.08084498345851898,0.10658232122659683
822,17,21,-0.1971437931060791,-0.5629162192344666,-0.08084498345851898,0.10658232122659683
823,17,22,-0.066080741584301,-0.014220191165804863,-0.08084498345851898,0.10658232122659683
824,17,23,0.2761484980583191,0.18179844319820404,-0.08084498345851898,0.10658232122659683
825,17,24,0.3694816529750824,-0.18405823409557343,-0.08084498345851898,0.10658232122659683
826,17,25,0.3176739513874054,0.396344393491745,-0.08084498345851898,0.10658232122659683
827,17,26,0.18191227316856384,-0.04253667593002319,-0.08084498345851898,0.10658232122659683
828,17,27,-0.1431398093700409,-0.40478888154029846,-0.08084498345851898,0.10658232122659683
829,17,28,0.07938689738512039,-0.15910618007183075,-0.08084498345851898,0.10658232122659683
830,17,29,0.10190703719854355,0.4093282222747803,-0.08084498345851898,0.10658232122659683
831,17,30,0.04802305996417999,0.18535847961902618,-0.08084498345851898,0.10658232122659683
832,17,31,0.19442865252494812,0.16119126975536346,-0.08084498345851898,0.10658232122659683
833,17,32,-0.013471875339746475,0.3458794057369232,-0.08084498345851898,0.10658232122659683
834,17,33,-0.33135986328125,-0.1985168755054474,-0.08084498345851898,0.10658232122659683
835,17,34,-0.33005040884017944,-0.04031168296933174,-0.08084498345851898,0.10658232122659683
836,17,35,-0.2869531214237213,-0.3735712170600891,-0.08084498345851898,0.10658232122659683
837,17,36,-0.0259972233325243,0.315023809671402,-0.08084498345851898,0.10658232122659683
838,17,37,0.41912660002708435,-0.07233196496963501,-0.08084498345851898,0.10658232122659683
839,17,38,0.13540105521678925,0.5122589468955994,-0.08084498345851898,0.10658232122659683
840,17,39,0.11321248859167099,-0.17316174507141113,-0.08084498345851898,0.10658232122659683
841,17,40,0.08715222030878067,-0.2650582790374756,-0.08084498345851898,0.10658232122659683
842,17,41,-0.17340216040611267,-0.9422770142555237,-0.08084498345851898,0.10658232122659683
843,17,42,-0.2627123296260834,0.11408737301826477,-0.08084498345851898,0.10658232122659683
844,17,43,-0.03415060415863991,0.48382046818733215,-0.08084498345851898,0.10658232122659683
845,17,44,-0.11272481828927994,0.32309576869010925,-0.08084498345851898,0.10658232122659683
846,17,45,-0.10177651047706604,-0.26048463582992554,-0.08084498345851898,0.10658232122659683
847,17,46,0.2028190642595291,-0.2075100690126419,-0.08084498345851898,0.10658232122659683
848,17,47,0.17554959654808044,-1.0,-0.08084498345851898,0.10658232122659683
849,17,48,-0.18026386201381683,-0.19301025569438934,-0.08084498345851898,0.10658232122659683
850,17,49,-0.31451934576034546,-0.068693146109581,-0.08084498345851898,0.10658232122659683
851,18,0,0.0034163864329457283,-0.3972392678260803,-0.0679854154586792,0.11564504355192184
852,18,1,0.2826264500617981,-0.05112146586179733,-0.0679854154586792,0.11564504355192184
853,18,2,0.2412467896938324,0.246209517121315,-0.0679854154586792,0.11564504355192184
854,18,3,-0.0540182888507843,-0.03889927268028259,-0.0679854154586792,0.11564504355192184
855,18,4,-0.06694227457046509,-0.36046990752220154,-0.0679854154586792,0.11564504355192184
856,18,5,0.19464975595474243,-0.4771656394004822,-0.0679854154586792,0.11564504355192184
857,18,6,0.13574472069740295,-0.039609674364328384,-0.0679854154586792,0.11564504355192184
858,18,7,-0.20611585676670074,-0.08965200930833817,-0.0679854154586792,0.11564504355192184
859,18,8,0.08547979593276978,-0.1561862975358963,-0.0679854154586792,0.11564504355192184
860,18,9,0.4156076908111572,0.1746058315038681,-0.0679854154586792,0.11564504355192184
861,18,10,0.3299674391746521,0.0005245673237368464,-0.0679854154586792,0.11564504355192184
862,18,11,0.14376600086688995,-0.19532537460327148,-0.0679854154586792,0.11564504355192184
863,18,12,-0.04527343437075615,0.18011440336704254,-0.0679854154586792,0.11564504355192184
864,18,13,-0.18840254843235016,-0.6480425596237183,-0.0679854154586792,0.11564504355192184
865,18,14,-0.23946556448936462,-0.56121826171875,-0.0679854154586792,0.11564504355192184
866,18,15,-0.025114024057984352,0.2712751626968384,-0.0679854154586792,0.11564504355192184
867,18,16,0.4414231479167938,-0.2473764419555664,-0.0679854154586792,0.11564504355192184
868,18,17,0.5612455606460571,-0.29768580198287964,-0.0679854154586792,0.11564504355192184
869,18,18,-0.10840394347906113,-0.4175281524658203,-0.0679854154586792,0.11564504355192184
870,18,19,-0.345079243183136,-0.19105461239814758,-0.0679854154586792,0.11564504355192184
871,18,20,-0.27840733528137207,0.4077019989490509,-0.0679854154586792,0.11564504355192184
872,18,21,-0.14726369082927704,-0.19554506242275238,-0.0679854154586792,0.11564504355192184
873,18,22,-0.09207019954919815,0.1981113702058792,-0.0679854154586792,0.11564504355192184
874,18,23,-0.19560971856117249,-0.012398379854857922,-0.0679854154586792,0.11564504355192184
875,18,24,-0.3646748960018158,-0.3189765512943268,-0.0679854154586792,0.11564504355192184
876,18,25,0.07343835383653641,-0.23622341454029083,-0.0679854154586792,0.11564504355192184
877,18,26,0.15434390306472778,-0.28514930605888367,-0.0679854154586792,0.11564504355192184
878,18,27,-0.018063973635435104,0.20248524844646454,-0.0679854154586792,0.11564504355192184
879,18,28,-0.06465566158294678,-0.24787482619285583,-0.0679854154586792,0.11564504355192184
880,18,29,0.060263361781835556,-0.16061320900917053,-0.0679854154586792,0.11564504355192184
881,18,30,-0.03567354008555412,0.21190015971660614,-0.0679854154586792,0.11564504355192184
882,18,31,-0.19960680603981018,0.016766967251896858,-0.0679854154586792,0.11564504355192184
883,18,32,-0.36121514439582825,-0.21804116666316986,-0.0679854154586792,0.11564504355192184
884,18,33,-0.1745050847530365,-0.5108303427696228,-0.0679854154586792,0.11564504355192184
885,18,34,-0.024649443104863167,0.9714406728744507,-0.0679854154586792,0.11564504355192184
886,18,35,-0.007838903926312923,-0.6860698461532593,-0.0679854154586792,0.11564504355192184
887,18,36,0.21747465431690216,-0.17821721732616425,-0.0679854154586792,0.11564504355192184
888,18,37,0.22242555022239685,0.44323718547821045,-0.0679854154586792,0.11564504355192184
889,18,38,0.049102090299129486,0.3123283386230469,-0.0679854154586792,0.11564504355192184
890,18,39,-0.04407299682497978,0.09133297950029373,-0.0679854154586792,0.11564504355192184
891,18,40,-0.15179528295993805,0.180850088596344,-0.0679854154586792,0.11564504355192184
892,18,41,-0.16132698953151703,-0.24305348098278046,-0.0679854154586792,0.11564504355192184
893,18,42,-0.1579350233078003,0.1553591787815094,-0.0679854154586792,0.11564504355192184
894,18,43,-0.015829140320420265,0.3359687626361847,-0.0679854154586792,0.11564504355192184
895,18,44,-0.2754277288913727,0.3722473978996277,-0.0679854154586792,0.11564504355192184
896,18,45,-0.28674182295799255,0.014185016043484211,-0.0679854154586792,0.11564504355192184
897,18,46,-0.2576611340045929,0.7041672468185425,-0.0679854154586792,0.11564504355192184
898,18,47,-0.2821177840232849,0.024156887084245682,-0.0679854154586792,0.11564504355192184
899,18,48,-0.21738246083259583,-0.3545299172401428,-0.0679854154586792,0.11564504355192184
900,18,49,-0.009012702852487564,-0.1315000355243683,-0.0679854154586792,0.11564504355192184
901,19,0,-0.0595535971224308,0.8444705605506897,-0.07381359487771988,0.10452067106962204
902,19,1,-0.18889734148979187,0.9126147031784058,-0.07381359487771988,0.10452067106962204
903,19,2,-0.19570936262607574,-0.06110263243317604,-0.07381359487771988,0.10452067106962204
904,19,3,-0.026864470914006233,0.154411181807518,-0.07381359487771988,0.10452067106962204
905,19,4,0.31178587675094604,-0.5733869075775146,-0.07381359487771988,0.10452067106962204
906,19,5,0.3138677179813385,-0.05955259129405022,-0.07381359487771988,0.10452067106962204
907,19,6,-0.08755749464035034,-0.017449120059609413,-0.07381359487771988,0.10452067106962204
908,19,7,0.4321504235267639,0.018188083544373512,-0.07381359487771988,0.10452067106962204
909,19,8,0.3059869408607483,-0.3762206733226776,-0.07381359487771988,0.10452067106962204
910,19,9,0.1711927205324173,0.2555842101573944,-0.07381359487771988,0.10452067106962204
911,19,10,0.24390393495559692,-0.7499074935913086,-0.07381359487771988,0.10452067106962204
912,19,11,0.4643044173717499,0.10863340646028519,-0.07381359487771988,0.10452067106962204
913,19,12,0.29696956276893616,-0.05763349309563637,-0.07381359487771988,0.10452067106962204
914,19,13,-0.21993544697761536,0.19524283707141876,-0.07381359487771988,0.10452067106962204
915,19,14,-0.18756619095802307,-0.5238321423530579,-0.07381359487771988,0.10452067106962204
916,19,15,-0.21768809854984283,-0.2297450453042984,-0.07381359487771988,0.10452067106962204
917,19,16,-0.028108319267630577,-0.17264887690544128,-0.07381359487771988,0.10452067106962204
918,19,17,0.3434428870677948,-0.31032755970954895,-0.07381359487771988,0.10452067106962204
919,19,18,0.40798258781433105,0.140000119805336,-0.07381359487771988,0.10452067106962204
920,19,19,-0.08738730847835541,0.26147812604904175,-0.07381359487771988,0.10452067106962204
921,19,20,-0.3891012370586395,-0.04102873429656029,-0.07381359487771988,0.10452067106962204
922,19,21,-0.3927227556705475,-0.1140282079577446,-0.07381359487771988,0.10452067106962204
923,19,22,0.06860160082578659,0.3543482720851898,-0.07381359487771988,0.10452067106962204
924,19,23,0.23939721286296844,-0.3444088399410248,-0.07381359487771988,0.10452067106962204
925,19,24,0.21164841949939728,-0.4098970592021942,-0.07381359487771988,0.10452067106962204
926,19,25,-0.05369321629405022,0.19725026190280914,-0.07381359487771988,0.10452067106962204
927,19,26,-0.2529713213443756,-0.3311518132686615,-0.07381359487771988,0.10452067106962204
928,19,27,0.17693667113780975,0.21964310109615326,-0.07381359487771988,0.10452067106962204
929,19,28,0.16352632641792297,0.4254990816116333,-0.07381359487771988,0.10452067106962204
930,19,29,-0.175472229719162,-0.14216747879981995,-0.07381359487771988,0.10452067106962204
931,19,30,-0.17754805088043213,0.20694051682949066,-0.07381359487771988,0.10452067106962204
932,19,31,-0.0937134325504303,0.3064172565937042,-0.07381359487771988,0.10452067106962204
933,19,32,-0.17316468060016632,0.43459564447402954,-0.07381359487771988,0.10452067106962204
934,19,33,-0.23751334846019745,0.057010747492313385,-0.07381359487771988,0.10452067106962204
935,19,34,-0.23862148821353912,-0.040582139045000076,-0.07381359487771988,0.10452067106962204
936,19,35,-0.14452709257602692,-0.3868446350097656,-0.07381359487771988,0.10452067106962204
937,19,36,0.35160040855407715,0.18666236102581024,-0.07381359487771988,0.10452067106962204
938,19,37,0.4120914340019226,0.08284184336662292,-0.07381359487771988,0.10452067106962204
939,19,38,-0.12511464953422546,-0.19517882168293,-0.07381359487771988,0.10452067106962204
940,19,39,-0.13836942613124847,-0.5110222101211548,-0.07381359487771988,0.10452067106962204
941,19,40,0.0503544919192791,0.07493843138217926,-0.07381359487771988,0.10452067106962204
942,19,41,0.046106018126010895,-0.11935931444168091,-0.07381359487771988,0.10452067106962204
943,19,42,0.1613304316997528,0.38614344596862793,-0.07381359487771988,0.10452067106962204
944,19,43,0.3602232336997986,-0.15355844795703888,-0.07381359487771988,0.10452067106962204
945,19,44,0.2334364801645279,-0.034237585961818695,-0.07381359487771988,0.10452067106962204
946,19,45,0.1566261202096939,0.34400755167007446,-0.07381359487771988,0.10452067106962204
947,19,46,0.10347957909107208,0.44800442457199097,-0.07381359487771988,0.10452067106962204
948,19,47,0.10885783284902573,-0.3408508598804474,-0.07381359487771988,0.10452067106962204
949,19,48,0.22404098510742188,-0.3825560212135315,-0.07381359487771988,0.10452067106962204
950,19,49,0.20262673497200012,-0.13114559650421143,-0.07381359487771988,0.10452067106962204
951,20,0,-0.11541285365819931,-0.5254236459732056,-0.1062593162059784,0.10486533492803574
952,20,1,-0.1336473822593689,0.186671644449234,-0.1062593162059784,0.10486533492803574
953,20,2,0.16537432372570038,-0.2574978470802307,-0.1062593162059784,0.10486533492803574
954,20,3,0.12927530705928802,-0.24367395043373108,-0.1062593162059784,0.10486533492803574
955,20,4,0.15367433428764343,-0.3977729380130768,-0.1062593162059784,0.10486533492803574
956,20,5,-0.11068236082792282,-0.028244605287909508,-0.1062593162059784,0.10486533492803574
957,20,6,-0.11291363090276718,-0.7404012084007263,-0.1062593162059784,0.10486533492803574
958,20,7,0.23242217302322388,-0.5707640051841736,-0.1062593162059784,0.10486533492803574
959,20,8,0.2562817335128784,-0.31405580043792725,-0.1062593162059784,0.10486533492803574
960,20,9,0.3950219452381134,-0.10678461939096451,-0.1062593162059784,0.10486533492803574
961,20,10,0.2766187787055969,-0.1619773954153061,-0.1062593162059784,0.10486533492803574
962,20,11,-0.002456081099808216,-0.28435152769088745,-0.1062593162059784,0.10486533492803574
963,20,12,-0.30426597595214844,-0.22795961797237396,-0.1062593162059784,0.10486533492803574
964,20,13,-0.4366726279258728,-0.3591642677783966,-0.1062593162059784,0.10486533492803574
965,20,14,0.015298754908144474,0.30902475118637085,-0.1062593162059784,0.10486533492803574
966,20,15,0.007363667245954275,-0.26779690384864807,-0.1062593162059784,0.10486533492803574
967,20,16,-0.0375695526599884,-0.3805469572544098,-0.1062593162059784,0.10486533492803574
968,20,17,0.1669754832983017,-0.5453210473060608,-0.1062593162059784,0.10486533492803574
969,20,18,0.0282928254455328,-0.432461678981781,-0.1062593162059784,0.10486533492803574
970,20,19,0.12696915864944458,0.2659190595149994,-0.1062593162059784,0.10486533492803574
971,20,20,0.3565671741962433,-0.23005563020706177,-0.1062593162059784,0.10486533492803574
972,20,21,-0.05627253279089928,0.12408408522605896,-0.1062593162059784,0.10486533492803574
973,20,22,-0.4113250970840454,0.16313432157039642,-0.1062593162059784,0.10486533492803574
974,20,23,-0.4625907838344574,0.2461717575788498,-0.1062593162059784,0.10486533492803574
975,20,24,-0.1668737828731537,-0.16489307582378387,-0.1062593162059784,0.10486533492803574
976,20,25,-0.08568714559078217,-0.22437679767608643,-0.1062593162059784,0.10486533492803574
977,20,26,0.11874690651893616,-0.7403283715248108,-0.1062593162059784,0.10486533492803574
978,20,27,0.06469504535198212,0.1318037211894989,-0.1062593162059784,0.10486533492803574
979,20,28,-0.1970810741186142,0.07041170448064804,-0.1062593162059784,0.10486533492803574
980,20,29,0.12485813349485397,0.006544601172208786,-0.1062593162059784,0.10486533492803574
981,20,30,0.24461816251277924,-0.5418276190757751,-0.1062593162059784,0.10486533492803574
982,20,31,0.1338416486978531,-0.6676000356674194,-0.1062593162059784,0.10486533492803574
983,20,32,0.17787165939807892,0.02546451985836029,-0.1062593162059784,0.10486533492803574
984,20,33,0.4205835461616516,-0.05166134983301163,-0.1062593162059784,0.10486533492803574
985,20,34,0.6406372785568237,-0.2420591413974762,-0.1062593162059784,0.10486533492803574
986,20,35,0.3908125162124634,-0.16696971654891968,-0.1062593162059784,0.10486533492803574
987,20,36,-0.02585258148610592,-0.6134032011032104,-0.1062593162059784,0.10486533492803574
988,20,37,0.09524676203727722,0.20196513831615448,-0.1062593162059784,0.10486533492803574
989,20,38,-0.2566104531288147,0.26599621772766113,-0.1062593162059784,0.10486533492803574
990,20,39,0.18985094130039215,-0.34693753719329834,-0.1062593162059784,0.10486533492803574
991,20,40,0.04658356308937073,-0.5681468844413757,-0.1062593162059784,0.10486533492803574
992,20,41,-0.10639540106058121,-0.11620237678289413,-0.1062593162059784,0.10486533492803574
993,20,42,0.09309710562229156,0.24078774452209473,-0.1062593162059784,0.10486533492803574
994,20,43,0.3392234444618225,0.21387742459774017,-0.1062593162059784,0.10486533492803574
995,20,44,0.3992879390716553,-0.0553380511701107,-0.1062593162059784,0.10486533492803574
996,20,45,-0.049152545630931854,0.6637465357780457,-0.1062593162059784,0.10486533492803574
997,20,46,-0.12037506699562073,0.0524698905646801,-0.1062593162059784,0.10486533492803574
998,20,47,-0.20763641595840454,0.18529468774795532,-0.1062593162059784,0.10486533492803574
999,20,48,-0.38949957489967346,0.21165484189987183,-0.1062593162059784,0.10486533492803574
1000,20,49,-0.36548253893852234,0.19973601400852203,-0.1062593162059784,0.10486533492803574
1001,21,0,-0.36970287561416626,-0.11259517073631287,-0.14658522605895996,0.11453370004892349
1002,21,1,0.035527776926755905,-0.0674721747636795,-0.14658522605895996,0.11453370004892349
1003,21,2,-0.0025782170705497265,-0.27704229950904846,-0.14658522605895996,0.11453370004892349
1004,21,3,-0.018263299018144608,0.3142784833908081,-0.14658522605895996,0.11453370004892349
1005,21,4,-0.1480472981929779,-0.15430574119091034,-0.14658522605895996,0.11453370004892349
1006,21,5,-0.17182216048240662,0.43666455149650574,-0.14658522605895996,0.11453370004892349
1007,21,6,-0.06959559768438339,0.02934812568128109,-0.14658522605895996,0.11453370004892349
1008,21,7,0.034057725220918655,0.20203320682048798,-0.14658522605895996,0.11453370004892349
1009,21,8,0.01017692219465971,-0.1857566386461258,-0.14658522605895996,0.11453370004892349
1010,21,9,-0.009903969243168831,0.15233390033245087,-0.14658522605895996,0.11453370004892349
1011,21,10,0.09300969541072845,-0.1717119812965393,-0.14658522605895996,0.11453370004892349
1012,21,11,-0.11487650126218796,-0.5811336040496826,-0.14658522605895996,0.11453370004892349
1013,21,12,-0.28802645206451416,-0.4066155254840851,-0.14658522605895996,0.11453370004892349
1014,21,13,0.007757637649774551,-0.9958233833312988,-0.14658522605895996,0.11453370004892349
1015,21,14,0.15263673663139343,-0.37189769744873047,-0.14658522605895996,0.11453370004892349
1016,21,15,-0.025434985756874084,0.2581797242164612,-0.14658522605895996,0.11453370004892349
1017,21,16,-0.18636497855186462,-0.1315748244524002,-0.14658522605895996,0.11453370004892349
1018,21,17,-0.01984124258160591,-0.10859627276659012,-0.14658522605895996,0.11453370004892349
1019,21,18,0.13855324685573578,-0.13914233446121216,-0.14658522605895996,0.11453370004892349
1020,21,19,0.03765071928501129,-0.10171079635620117,-0.14658522605895996,0.11453370004892349
1021,21,20,0.2824997007846832,-0.28325268626213074,-0.14658522605895996,0.11453370004892349
1022,21,21,0.38395851850509644,-0.25137844681739807,-0.14658522605895996,0.11453370004892349
1023,21,22,0.08022723346948624,-0.3547401428222656,-0.14658522605895996,0.11453370004892349
1024,21,23,-0.050174593925476074,-0.7733965516090393,-0.14658522605895996,0.11453370004892349
1025,21,24,0.019497811794281006,-0.10976164788007736,-0.14658522605895996,0.11453370004892349
1026,21,25,0.15369872748851776,-0.6199969053268433,-0.14658522605895996,0.11453370004892349
1027,21,26,0.18907593190670013,-0.3191981315612793,-0.14658522605895996,0.11453370004892349
1028,21,27,0.2645467221736908,-0.10503742098808289,-0.14658522605895996,0.11453370004892349
1029,21,28,0.05868469551205635,-0.2257343977689743,-0.14658522605895996,0.11453370004892349
1030,21,29,0.2918265461921692,-0.27689146995544434,-0.14658522605895996,0.11453370004892349
1031,21,30,0.01325211115181446,-0.5325630903244019,-0.14658522605895996,0.11453370004892349
1032,21,31,-0.1782861351966858,-0.4710718095302582,-0.14658522605895996,0.11453370004892349
1033,21,32,0.02060939371585846,0.37780502438545227,-0.14658522605895996,0.11453370004892349
1034,21,33,0.057135019451379776,-0.29096269607543945,-0.14658522605895996,0.11453370004892349
1035,21,34,0.16872096061706543,0.4715691804885864,-0.14658522605895996,0.11453370004892349
1036,21,35,-0.11022807657718658,-0.617156982421875,-0.14658522605895996,0.11453370004892349
1037,21,36,0.16136139631271362,-0.17033706605434418,-0.14658522605895996,0.11453370004892349
1038,21,37,-0.15010714530944824,0.0313231498003006,-0.14658522605895996,0.11453370004892349
1039,21,38,0.07597752660512924,-0.4316243827342987,-0.14658522605895996,0.11453370004892349
1040,21,39,0.16639691591262817,-0.14599668979644775,-0.14658522605895996,0.11453370004892349
1041,21,40,0.16664467751979828,-0.4437820613384247,-0.14658522605895996,0.11453370004892349
1042,21,41,-0.13286639750003815,0.11946781724691391,-0.14658522605895996,0.11453370004892349
1043,21,42,-0.24494057893753052,-0.11284628510475159,-0.14658522605895996,0.11453370004892349
1044,21,43,-0.24034954607486725,0.28149721026420593,-0.14658522605895996,0.11453370004892349
1045,21,44,-0.24566525220870972,-0.6281450986862183,-0.14658522605895996,0.11453370004892349
1046,21,45,-0.09150273352861404,-0.19300201535224915,-0.14658522605895996,0.11453370004892349
1047,21,46,0.005081833805888891,-0.6438660621643066,-0.14658522605895996,0.11453370004892349
1048,21,47,0.14604714512825012,-0.6322557330131531,-0.14658522605895996,0.11453370004892349
1049,21,48,0.1289111226797104,0.2802097499370575,-0.14658522605895996,0.11453370004892349
1050,21,49,0.1361701339483261,-0.1372491866350174,-0.14658522605895996,0.11453370004892349
1051,22,0,0.2516191899776459,0.13120990991592407,-0.18908317387104034,0.1206689178943634
1052,22,1,0.5229724049568176,0.0859142318367958,-0.18908317387104034,0.1206689178943634
1053,22,2,0.3417453169822693,-0.06640772521495819,-0.18908317387104034,0.1206689178943634
1054,22,3,0.3181801438331604,0.4781627357006073,-0.18908317387104034,0.1206689178943634
1055,22,4,0.25758063793182373,-0.5443474650382996,-0.18908317387104034,0.1206689178943634
1056,22,5,0.20777957141399384,-0.29987603425979614,-0.18908317387104034,0.1206689178943634
1057,22,6,0.29177188873291016,-0.17387862503528595,-0.18908317387104034,0.1206689178943634
1058,22,7,0.33902236819267273,-0.43406060338020325,-0.18908317387104034,0.1206689178943634
1059,22,8,-0.11125093698501587,0.09491489827632904,-0.18908317387104034,0.1206689178943634
1060,22,9,-0.4073374569416046,-0.030102208256721497,-0.18908317387104034,0.1206689178943634
1061,22,10,-0.06214657798409462,-0.5777395367622375,-0.18908317387104034,0.1206689178943634
1062,22,11,0.2782963812351227,-0.7201972603797913,-0.18908317387104034,0.1206689178943634
1063,22,12,-0.00930295791476965,-0.1631106436252594,-0.18908317387104034,0.1206689178943634
1064,22,13,0.4343445599079132,-0.16820479929447174,-0.18908317387104034,0.1206689178943634
1065,22,14,0.08737921714782715,-0.2352628856897354,-0.18908317387104034,0.1206689178943634
1066,22,15,-0.17559967935085297,-0.2536000609397888,-0.18908317387104034,0.1206689178943634
1067,22,16,-0.2071233093738556,-0.4763346016407013,-0.18908317387104034,0.1206689178943634
1068,22,17,-0.05857009068131447,0.2726024091243744,-0.18908317387104034,0.1206689178943634
1069,22,18,-0.006337534170597792,0.10204201936721802,-0.18908317387104034,0.1206689178943634
1070,22,19,-0.12784108519554138,-0.3629758358001709,-0.18908317387104034,0.1206689178943634
1071,22,20,-0.30582842230796814,-0.3115423321723938,-0.18908317387104034,0.1206689178943634
1072,22,21,-0.20836646854877472,-0.3406289219856262,-0.18908317387104034,0.1206689178943634
1073,22,22,0.09190687537193298,-0.661846399307251,-0.18908317387104034,0.1206689178943634
1074,22,23,0.05164773389697075,0.06607939302921295,-0.18908317387104034,0.1206689178943634
1075,22,24,0.08689602464437485,-0.42497846484184265,-0.18908317387104034,0.1206689178943634
1076,22,25,0.3064253628253937,-0.1245424821972847,-0.18908317387104034,0.1206689178943634
1077,22,26,0.1670677661895752,-0.11154234409332275,-0.18908317387104034,0.1206689178943634
1078,22,27,0.0890473946928978,0.0529993437230587,-0.18908317387104034,0.1206689178943634
1079,22,28,0.24201041460037231,-0.43497341871261597,-0.18908317387104034,0.1206689178943634
1080,22,29,0.11861906200647354,0.33513733744621277,-0.18908317387104034,0.1206689178943634
1081,22,30,-0.09439148753881454,-0.3366438150405884,-0.18908317387104034,0.1206689178943634
1082,22,31,-0.16750982403755188,-0.7792393565177917,-0.18908317387104034,0.1206689178943634
1083,22,32,0.08105504512786865,0.019600382074713707,-0.18908317387104034,0.1206689178943634
1084,22,33,0.40463677048683167,0.48788365721702576,-0.18908317387104034,0.1206689178943634
1085,22,34,0.028632313013076782,0.10038116574287415,-0.18908317387104034,0.1206689178943634
1086,22,35,0.09859393537044525,-0.14474348723888397,-0.18908317387104034,0.1206689178943634
1087,22,36,-0.007416099309921265,-0.37967705726623535,-0.18908317387104034,0.1206689178943634
1088,22,37,-0.17940294742584229,-0.8484959602355957,-0.18908317387104034,0.1206689178943634
1089,22,38,-0.2624894380569458,-0.342197060585022,-0.18908317387104034,0.1206689178943634
1090,22,39,-0.24912014603614807,-0.3187835216522217,-0.18908317387104034,0.1206689178943634
1091,22,40,-0.09336312860250473,-0.5414910316467285,-0.18908317387104034,0.1206689178943634
1092,22,41,-0.2033778876066208,-0.15889979898929596,-0.18908317387104034,0.1206689178943634
1093,22,42,0.11732376366853714,-0.2784042954444885,-0.18908317387104034,0.1206689178943634
1094,22,43,0.3658924698829651,-0.42129549384117126,-0.18908317387104034,0.1206689178943634
1095,22,44,0.4330022633075714,0.04585210978984833,-0.18908317387104034,0.1206689178943634
1096,22,45,0.021301040425896645,-0.21388185024261475,-0.18908317387104034,0.1206689178943634
1097,22,46,-0.41011449694633484,-0.20365741848945618,-0.18908317387104034,0.1206689178943634
1098,22,47,-0.04341794550418854,-0.21324388682842255,-0.18908317387104034,0.1206689178943634
1099,22,48,0.12988081574440002,-0.34748226404190063,-0.18908317387104034,0.1206689178943634
1100,22,49,0.36876291036605835,0.17174537479877472,-0.18908317387104034,0.1206689178943634
1101,23,0,0.010634327307343483,-0.2282329499721527,-0.19536280632019043,0.13086463510990143
1102,23,1,0.17086626589298248,-0.30432939529418945,-0.19536280632019043,0.13086463510990143
1103,23,2,0.3632529377937317,-0.6469844579696655,-0.19536280632019043,0.13086463510990143
1104,23,3,0.2342047095298767,0.036199893802404404,-0.19536280632019043,0.13086463510990143
1105,23,4,0.12304920703172684,-0.3114166557788849,-0.19536280632019043,0.13086463510990143
1106,23,5,0.22631826996803284,-0.6979203224182129,-0.19536280632019043,0.13086463510990143
1107,23,6,0.07551270723342896,-0.24823351204395294,-0.19536280632019043,0.13086463510990143
1108,23,7,0.09387871623039246,-0.556623101234436,-0.19536280632019043,0.13086463510990143
1109,23,8,0.40591123700141907,-1.0,-0.19536280632019043,0.13086463510990143
1110,23,9,0.4119825065135956,-0.5865475535392761,-0.19536280632019043,0.13086463510990143
1111,23,10,-0.09094543009996414,-0.4316978454589844,-0.19536280632019043,0.13086463510990143
1112,23,11,-0.360056608915329,-0.016325196251273155,-0.19536280632019043,0.13086463510990143
1113,23,12,-0.02677418664097786,-0.19930203258991241,-0.19536280632019043,0.13086463510990143
1114,23,13,0.020971987396478653,0.07504257559776306,-0.19536280632019043,0.13086463510990143
1115,23,14,0.1511087566614151,-0.0458650141954422,-0.19536280632019043,0.13086463510990143
1116,23,15,0.2938629388809204,-0.3035351037979126,-0.19536280632019043,0.13086463510990143
1117,23,16,-0.006738513708114624,-0.465841144323349,-0.19536280632019043,0.13086463510990143
1118,23,17,-0.26360809803009033,0.17734305560588837,-0.19536280632019043,0.13086463510990143
1119,23,18,-0.3267892599105835,-0.4785292148590088,-0.19536280632019043,0.13086463510990143
1120,23,19,-0.5125278234481812,0.09343300759792328,-0.19536280632019043,0.13086463510990143
1121,23,20,-0.287504106760025,-0.6138055920600891,-0.19536280632019043,0.13086463510990143
1122,23,21,0.30043721199035645,-0.664903461933136,-0.19536280632019043,0.13086463510990143
1123,23,22,-0.24855010211467743,-0.32142364978790283,-0.19536280632019043,0.13086463510990143
1124,23,23,0.2437196969985962,-0.5228074193000793,-0.19536280632019043,0.13086463510990143
1125,23,24,0.221022829413414,-0.5134698152542114,-0.19536280632019043,0.13086463510990143
1126,23,25,0.26067623496055603,-0.3670048713684082,-0.19536280632019043,0.13086463510990143
1127,23,26,0.1616409420967102,0.648237407207489,-0.19536280632019043,0.13086463510990143
1128,23,27,0.10272079706192017,-0.7595876455307007,-0.19536280632019043,0.13086463510990143
1129,23,28,-0.024989435449242592,-0.639265775680542,-0.19536280632019043,0.13086463510990143
1130,23,29,-0.030536768957972527,-0.07003402709960938,-0.19536280632019043,0.13086463510990143
1131,23,30,0.04311194643378258,-0.44568681716918945,-0.19536280632019043,0.13086463510990143
1132,23,31,0.28262048959732056,-0.09404832124710083,-0.19536280632019043,0.13086463510990143
1133,23,32,0.06595440953969955,-0.6144803762435913,-0.19536280632019043,0.13086463510990143
1134,23,33,-0.3051953613758087,0.6718831062316895,-0.19536280632019043,0.13086463510990143
1135,23,34,-0.7084230780601501,-0.19785042107105255,-0.19536280632019043,0.13086463510990143
1136,23,35,0.028024030849337578,-0.1766795963048935,-0.19536280632019043,0.13086463510990143
1137,23,36,0.023090064525604248,0.10250173509120941,-0.19536280632019043,0.13086463510990143
1138,23,37,-0.1557028740644455,0.03513302654027939,-0.19536280632019043,0.13086463510990143
1139,23,38,-0.27854305505752563,-0.1357482522726059,-0.19536280632019043,0.13086463510990143
1140,23,39,0.05167486146092415,0.08917223662137985,-0.19536280632019043,0.13086463510990143
1141,23,40,0.295581579208374,0.33300819993019104,-0.19536280632019043,0.13086463510990143
1142,23,41,0.0748496800661087,0.5571539402008057,-0.19536280632019043,0.13086463510990143
1143,23,42,-0.023011812940239906,-0.616245687007904,-0.19536280632019043,0.13086463510990143
1144,23,43,0.06858985871076584,-0.7985223531723022,-0.19536280632019043,0.13086463510990143
1145,23,44,0.03498479723930359,-0.5356626510620117,-0.19536280632019043,0.13086463510990143
1146,23,45,-0.3500645160675049,-0.1330544501543045,-0.19536280632019043,0.13086463510990143
1147,23,46,0.23800012469291687,0.002818912034854293,-0.19536280632019043,0.13086463510990143
1148,23,47,0.2756710946559906,-0.6440008282661438,-0.19536280632019043,0.13086463510990143
1149,23,48,0.3846452832221985,-0.13316966593265533,-0.19536280632019043,0.13086463510990143
1150,23,49,0.5519927144050598,-0.47478872537612915,-0.19536280632019043,0.13086463510990143
1151,24,0,0.0833403468132019,-0.0732644647359848,-0.20457527041435242,0.14244341850280762
1152,24,1,0.04432478919625282,-0.04270284250378609,-0.20457527041435242,0.14244341850280762
1153,24,2,-0.013194696046411991,-0.23505783081054688,-0.20457527041435242,0.14244341850280762
1154,24,3,0.32856485247612,-0.31156498193740845,-0.20457527041435242,0.14244341850280762
1155,24,4,0.22808709740638733,0.20403681695461273,-0.20457527041435242,0.14244341850280762
1156,24,5,-0.14741359651088715,-0.15938203036785126,-0.20457527041435242,0.14244341850280762
1157,24,6,-0.28354036808013916,-0.14853151142597198,-0.20457527041435242,0.14244341850280762
1158,24,7,-0.16727250814437866,-0.08813764899969101,-0.20457527041435242,0.14244341850280762
1159,24,8,0.2132202535867691,-0.10087216645479202,-0.20457527041435242,0.14244341850280762
1160,24,9,0.4564310312271118,-0.3586543798446655,-0.20457527041435242,0.14244341850280762
1161,24,10,0.4557643532752991,-0.020226750522851944,-0.20457527041435242,0.14244341850280762
1162,24,11,0.19457580149173737,-0.325087308883667,-0.20457527041435242,0.14244341850280762
1163,24,12,-0.040266044437885284,-0.1562735140323639,-0.20457527041435242,0.14244341850280762
1164,24,13,-0.21052265167236328,0.14064595103263855,-0.20457527041435242,0.14244341850280762
1165,24,14,-0.2787327766418457,-0.5645667314529419,-0.20457527041435242,0.14244341850280762
1166,24,15,-0.2018318474292755,-0.06817304342985153,-0.20457527041435242,0.14244341850280762
1167,24,16,0.14882761240005493,0.3988743722438812,-0.20457527041435242,0.14244341850280762
1168,24,17,0.424680233001709,-0.3742702305316925,-0.20457527041435242,0.14244341850280762
1169,24,18,0.3257834017276764,0.08120093494653702,-0.20457527041435242,0.14244341850280762
1170,24,19,0.23555563390254974,-0.35076332092285156,-0.20457527041435242,0.14244341850280762
1171,24,20,0.1785532385110855,-0.3344956338405609,-0.20457527041435242,0.14244341850280762
1172,24,21,0.038211192935705185,-0.602252721786499,-0.20457527041435242,0.14244341850280762
1173,24,22,-0.12469037622213364,-0.543800413608551,-0.20457527041435242,0.14244341850280762
1174,24,23,-0.21275503933429718,-0.46341240406036377,-0.20457527041435242,0.14244341850280762
1175,24,24,0.24752192199230194,-0.6587944030761719,-0.20457527041435242,0.14244341850280762
1176,24,25,0.421942800283432,-0.6374184489250183,-0.20457527041435242,0.14244341850280762
1177,24,26,0.22348031401634216,-0.06377921253442764,-0.20457527041435242,0.14244341850280762
1178,24,27,0.5367733240127563,-0.3168005645275116,-0.20457527041435242,0.14244341850280762
1179,24,28,0.12503468990325928,-0.024776870384812355,-0.20457527041435242,0.14244341850280762
1180,24,29,0.11288828402757645,-0.18443676829338074,-0.20457527041435242,0.14244341850280762
1181,24,30,0.1727621853351593,-0.3162791132926941,-0.20457527041435242,0.14244341850280762
1182,24,31,0.27004560828208923,0.25670143961906433,-0.20457527041435242,0.14244341850280762
1183,24,32,0.10769522190093994,-0.26403215527534485,-0.20457527041435242,0.14244341850280762
1184,24,33,-0.034189652651548386,-0.028913170099258423,-0.20457527041435242,0.14244341850280762
1185,24,34,-0.17374484241008759,-0.42247211933135986,-0.20457527041435242,0.14244341850280762
1186,24,35,-0.20089179277420044,-0.1529986560344696,-0.20457527041435242,0.14244341850280762
1187,24,36,-0.0672823116183281,-0.27318325638771057,-0.20457527041435242,0.14244341850280762
1188,24,37,0.07066056877374649,-0.2504337728023529,-0.20457527041435242,0.14244341850280762
1189,24,38,-0.10938221961259842,-0.07613608986139297,-0.20457527041435242,0.14244341850280762
1190,24,39,-0.10989635437726974,-0.5453113317489624,-0.20457527041435242,0.14244341850280762
1191,24,40,0.32022619247436523,0.3398895263671875,-0.20457527041435242,0.14244341850280762
1192,24,41,0.43154001235961914,-0.3652127981185913,-0.20457527041435242,0.14244341850280762
1193,24,42,0.2328641414642334,-0.22294005751609802,-0.20457527041435242,0.14244341850280762
1194,24,43,-0.03647264093160629,-0.6299914121627808,-0.20457527041435242,0.14244341850280762
1195,24,44,-0.16238504648208618,0.034254394471645355,-0.20457527041435242,0.14244341850280762
1196,24,45,0.11283916980028152,-0.5009141564369202,-0.20457527041435242,0.14244341850280762
1197,24,46,0.47189953923225403,0.0755203515291214,-0.20457527041435242,0.14244341850280762
1198,24,47,0.32366761565208435,-0.1867210566997528,-0.20457527041435242,0.14244341850280762
1199,24,48,0.47373268008232117,0.47204044461250305,-0.20457527041435242,0.14244341850280762
1200,24,49,0.32284390926361084,0.20470252633094788,-0.20457527041435242,0.14244341850280762
1201,25,0,0.4716908931732178,-0.20634083449840546,-0.2236284613609314,0.17753970623016357
1202,25,1,0.5246753692626953,0.18340730667114258,-0.2236284613609314,0.17753970623016357
1203,25,2,0.1297604888677597,-0.44889819622039795,-0.2236284613609314,0.17753970623016357
1204,25,3,-0.21791599690914154,-0.1572309136390686,-0.2236284613609314,0.17753970623016357
1205,25,4,-0.15261970460414886,-0.19855278730392456,-0.2236284613609314,0.17753970623016357
1206,25,5,0.01521642878651619,0.032382331788539886,-0.2236284613609314,0.17753970623016357
1207,25,6,-0.04989016801118851,-0.4630264341831207,-0.2236284613609314,0.17753970623016357
1208,25,7,-0.3276994228363037,-0.6847140789031982,-0.2236284613609314,0.17753970623016357
1209,25,8,-0.1877579689025879,-0.2472103238105774,-0.2236284613609314,0.17753970623016357
1210,25,9,0.40392717719078064,0.2097911834716797,-0.2236284613609314,0.17753970623016357
1211,25,10,0.27275291085243225,-0.274947851896286,-0.2236284613609314,0.17753970623016357
1212,25,11,0.04108786955475807,-0.4013145864009857,-0.2236284613609314,0.17753970623016357
1213,25,12,-0.0642620399594307,-0.7720851302146912,-0.2236284613609314,0.17753970623016357
1214,25,13,-0.165344700217247,-0.3444264233112335,-0.2236284613609314,0.17753970623016357
1215,25,14,0.2052767127752304,0.4464341700077057,-0.2236284613609314,0.17753970623016357
1216,25,15,-0.0015418921830132604,0.11946452409029007,-0.2236284613609314,0.17753970623016357
1217,25,16,-0.014705981127917767,-0.379140704870224,-0.2236284613609314,0.17753970623016357
1218,25,17,0.11393675953149796,-0.405992716550827,-0.2236284613609314,0.17753970623016357
1219,25,18,-0.029133424162864685,-0.01165047474205494,-0.2236284613609314,0.17753970623016357
1220,25,19,-0.35674428939819336,-0.011963887140154839,-0.2236284613609314,0.17753970623016357
1221,25,20,-0.2474660724401474,-0.8613869547843933,-0.2236284613609314,0.17753970623016357
1222,25,21,0.0778341069817543,0.20641092956066132,-0.2236284613609314,0.17753970623016357
1223,25,22,0.0057889968156814575,-0.507659912109375,-0.2236284613609314,0.17753970623016357
1224,25,23,-0.03057297132909298,0.14031706750392914,-0.2236284613609314,0.17753970623016357
1225,25,24,0.0882159098982811,-0.22563377022743225,-0.2236284613609314,0.17753970623016357
1226,25,25,-0.14991454780101776,0.6484917402267456,-0.2236284613609314,0.17753970623016357
1227,25,26,0.010479718446731567,-0.10384412854909897,-0.2236284613609314,0.17753970623016357
1228,25,27,0.020469093695282936,0.12002383917570114,-0.2236284613609314,0.17753970623016357
1229,25,28,0.056540194898843765,-0.21321676671504974,-0.2236284613609314,0.17753970623016357
1230,25,29,0.19168990850448608,-1.0,-0.2236284613609314,0.17753970623016357
1231,25,30,0.1421772986650467,-0.01908179745078087,-0.2236284613609314,0.17753970623016357
1232,25,31,-0.09894390404224396,-0.18056122958660126,-0.2236284613609314,0.17753970623016357
1233,25,32,0.12394828349351883,-0.7143155336380005,-0.2236284613609314,0.17753970623016357
1234,25,33,-0.059099867939949036,-0.38288381695747375,-0.2236284613609314,0.17753970623016357
1235,25,34,-0.10855096578598022,0.21690817177295685,-0.2236284613609314,0.17753970623016357
1236,25,35,-0.11920220404863358,-0.6208258867263794,-0.2236284613609314,0.17753970623016357
1237,25,36,0.07258807867765427,0.10801851004362106,-0.2236284613609314,0.17753970623016357
1238,25,37,0.4059849679470062,-0.3062399923801422,-0.2236284613609314,0.17753970623016357
1239,25,38,0.3890454173088074,-0.14628054201602936,-0.2236284613609314,0.17753970623016357
1240,25,39,0.5615564584732056,0.25486689805984497,-0.2236284613609314,0.17753970623016357
1241,25,40,0.5979167819023132,-0.3307814598083496,-0.2236284613609314,0.17753970623016357
1242,25,41,-0.15120211243629456,0.1026812195777893,-0.2236284613609314,0.17753970623016357
1243,25,42,-0.3545951247215271,-0.3407858908176422,-0.2236284613609314,0.17753970623016357
1244,25,43,0.03671186417341232,0.09805060923099518,-0.2236284613609314,0.17753970623016357
1245,25,44,0.27965420484542847,0.5439053177833557,-0.2236284613609314,0.17753970623016357
1246,25,45,0.5376916527748108,-0.06042701378464699,-0.2236284613609314,0.17753970623016357
1247,25,46,0.484824538230896,-0.18146605789661407,-0.2236284613609314,0.17753970623016357
1248,25,47,0.3168349266052246,-0.3066040575504303,-0.2236284613609314,0.17753970623016357
1249,25,48,0.1526288539171219,0.04585300013422966,-0.2236284613609314,0.17753970623016357
1250,25,49,-0.03464769572019577,-0.10228690505027771,-0.2236284613609314,0.17753970623016357
1251,26,0,0.0425213985145092,-0.412313848733902,-0.2166789025068283,0.21419912576675415
1252,26,1,-0.2565194070339203,-0.3234596848487854,-0.2166789025068283,0.21419912576675415
1253,26,2,-0.12285592406988144,-0.18837475776672363,-0.2166789025068283,0.21419912576675415
1254,26,3,0.17632485926151276,-0.6461029648780823,-0.2166789025068283,0.21419912576675415
1255,26,4,0.17403852939605713,-0.15441235899925232,-0.2166789025068283,0.21419912576675415
1256,26,5,0.27140986919403076,-0.6722339987754822,-0.2166789025068283,0.21419912576675415
1257,26,6,0.28200215101242065,-0.13261587917804718,-0.2166789025068283,0.21419912576675415
1258,26,7,0.10980027168989182,-0.4656433165073395,-0.2166789025068283,0.21419912576675415
1259,26,8,0.1254412829875946,-0.3522975444793701,-0.2166789025068283,0.21419912576675415
1260,26,9,-0.024139385670423508,0.06773508340120316,-0.2166789025068283,0.21419912576675415
1261,26,10,0.08674351125955582,0.27304691076278687,-0.2166789025068283,0.21419912576675415
1262,26,11,-0.070281982421875,0.5275867581367493,-0.2166789025068283,0.21419912576675415
1263,26,12,-0.11961659789085388,0.03374801203608513,-0.2166789025068283,0.21419912576675415
1264,26,13,0.12646864354610443,-0.35070303082466125,-0.2166789025068283,0.21419912576675415
1265,26,14,-0.011870787478983402,-0.21977999806404114,-0.2166789025068283,0.21419912576675415
1266,26,15,-0.23116973042488098,0.03243071585893631,-0.2166789025068283,0.21419912576675415
1267,26,16,0.06682470440864563,-0.4548850953578949,-0.2166789025068283,0.21419912576675415
1268,26,17,0.06543184071779251,0.3888377547264099,-0.2166789025068283,0.21419912576675415
1269,26,18,-0.004767749458551407,-0.2806491553783417,-0.2166789025068283,0.21419912576675415
1270,26,19,0.06273498386144638,0.5417918562889099,-0.2166789025068283,0.21419912576675415
1271,26,20,-0.033865682780742645,-0.20559051632881165,-0.2166789025068283,0.21419912576675415
1272,26,21,-0.19816653430461884,-0.4545474350452423,-0.2166789025068283,0.21419912576675415
1273,26,22,-0.34085455536842346,-0.6104170083999634,-0.2166789025068283,0.21419912576675415
1274,26,23,-0.42587190866470337,-0.04872860014438629,-0.2166789025068283,0.21419912576675415
1275,26,24,-0.39529290795326233,-0.1149740070104599,-0.2166789025068283,0.21419912576675415
1276,26,25,0.04827037826180458,-0.3909810781478882,-0.2166789025068283,0.21419912576675415
1277,26,26,0.15857847034931183,-0.18087553977966309,-0.2166789025068283,0.21419912576675415
1278,26,27,0.22862185537815094,-0.07205305993556976,-0.2166789025068283,0.21419912576675415
1279,26,28,-0.02897792123258114,-0.3527999222278595,-0.2166789025068283,0.21419912576675415
1280,26,29,-0.1964014321565628,-0.1871238350868225,-0.2166789025068283,0.21419912576675415
1281,26,30,-0.2789529263973236,-0.4609394669532776,-0.2166789025068283,0.21419912576675415
1282,26,31,-0.2586044371128082,-0.14734797179698944,-0.2166789025068283,0.21419912576675415
1283,26,32,-0.2598761022090912,-0.5637683868408203,-0.2166789025068283,0.21419912576675415
1284,26,33,-0.15658628940582275,-0.1750132292509079,-0.2166789025068283,0.21419912576675415
1285,26,34,0.3205098807811737,0.2576795816421509,-0.2166789025068283,0.21419912576675415
1286,26,35,0.5669471025466919,-0.7924681901931763,-0.2166789025068283,0.21419912576675415
1287,26,36,0.4008947014808655,-0.03400129824876785,-0.2166789025068283,0.21419912576675415
1288,26,37,-0.007357316557317972,-0.07323016971349716,-0.2166789025068283,0.21419912576675415
1289,26,38,-0.11563602834939957,-0.8822978734970093,-0.2166789025068283,0.21419912576675415
1290,26,39,0.23756000399589539,0.16915491223335266,-0.2166789025068283,0.21419912576675415
1291,26,40,0.09911079704761505,-0.3440757989883423,-0.2166789025068283,0.21419912576675415
1292,26,41,0.06300396472215652,-0.762983500957489,-0.2166789025068283,0.21419912576675415
1293,26,42,0.22620847821235657,-0.04814869537949562,-0.2166789025068283,0.21419912576675415
1294,26,43,0.07521117478609085,-0.4736049473285675,-0.2166789025068283,0.21419912576675415
1295,26,44,-0.06248907372355461,-0.22944284975528717,-0.2166789025068283,0.21419912576675415
1296,26,45,-0.0015084979822859168,-0.4960601329803467,-0.2166789025068283,0.21419912576675415
1297,26,46,-0.09900113940238953,-0.5456603169441223,-0.2166789025068283,0.21419912576675415
1298,26,47,-0.2947390079498291,-0.02986760064959526,-0.2166789025068283,0.21419912576675415
1299,26,48,0.2697009742259979,-0.24229446053504944,-0.2166789025068283,0.21419912576675415
1300,26,49,0.49997636675834656,0.30279818177223206,-0.2166789025068283,0.21419912576675415
1301,27,0,-0.18976499140262604,-0.5282402038574219,-0.21680974960327148,0.2264343649148941
1302,27,1,0.0389341339468956,0.20363765954971313,-0.21680974960327148,0.2264343649148941
1303,27,2,0.16152238845825195,-0.6893563866615295,-0.21680974960327148,0.2264343649148941
1304,27,3,0.15268293023109436,-0.96773761510849,-0.21680974960327148,0.2264343649148941
1305,27,4,0.39400333166122437,0.10883960127830505,-0.21680974960327148,0.2264343649148941
1306,27,5,0.24742059409618378,-0.28814488649368286,-0.21680974960327148,0.2264343649148941
1307,27,6,0.010884836316108704,0.18685650825500488,-0.21680974960327148,0.2264343649148941
1308,27,7,-0.2521750330924988,-0.3020477592945099,-0.21680974960327148,0.2264343649148941
1309,27,8,-0.1567600816488266,0.30108746886253357,-0.21680974960327148,0.2264343649148941
1310,27,9,-0.04016145318746567,-0.45296189188957214,-0.21680974960327148,0.2264343649148941
1311,27,10,-0.17549385130405426,-0.029610008001327515,-0.21680974960327148,0.2264343649148941
1312,27,11,-0.1243608370423317,-0.02394809015095234,-0.21680974960327148,0.2264343649148941
1313,27,12,0.15473037958145142,-0.07074854522943497,-0.21680974960327148,0.2264343649148941
1314,27,13,0.3357611298561096,-0.07281304895877838,-0.21680974960327148,0.2264343649148941
1315,27,14,0.47690457105636597,-0.08020217716693878,-0.21680974960327148,0.2264343649148941
1316,27,15,0.30069634318351746,-0.6948615908622742,-0.21680974960327148,0.2264343649148941
1317,27,16,0.019962230697274208,-0.23436670005321503,-0.21680974960327148,0.2264343649148941
1318,27,17,0.19181689620018005,0.18668538331985474,-0.21680974960327148,0.2264343649148941
1319,27,18,0.014206888154149055,-0.42581918835639954,-0.21680974960327148,0.2264343649148941
1320,27,19,-0.160390242934227,0.2627090513706207,-0.21680974960327148,0.2264343649148941
1321,27,20,0.06886650621891022,-0.9383676648139954,-0.21680974960327148,0.2264343649148941
1322,27,21,0.16226132214069366,0.3274655342102051,-0.21680974960327148,0.2264343649148941
1323,27,22,0.1571108102798462,-0.5043536424636841,-0.21680974960327148,0.2264343649148941
1324,27,23,0.0018375858198851347,-0.3783014714717865,-0.21680974960327148,0.2264343649148941
1325,27,24,-0.16239334642887115,-0.31170642375946045,-0.21680974960327148,0.2264343649148941
1326,27,25,0.31184396147727966,-0.6693958640098572,-0.21680974960327148,0.2264343649148941
1327,27,26,0.1687326580286026,-0.30649131536483765,-0.21680974960327148,0.2264343649148941
1328,27,27,0.1689945012331009,-0.106659434735775,-0.21680974960327148,0.2264343649148941
1329,27,28,0.3031163215637207,-0.4953693747520447,-0.21680974960327148,0.2264343649148941
1330,27,29,-0.0957789495587349,-0.2734692394733429,-0.21680974960327148,0.2264343649148941
1331,27,30,-0.049547892063856125,0.028670139610767365,-0.21680974960327148,0.2264343649148941
1332,27,31,-0.07342417538166046,0.4860016703605652,-0.21680974960327148,0.2264343649148941
1333,27,32,-0.14536257088184357,0.07568039000034332,-0.21680974960327148,0.2264343649148941
1334,27,33,0.010540143586695194,0.332499235868454,-0.21680974960327148,0.2264343649148941
1335,27,34,0.09977521747350693,-0.12604892253875732,-0.21680974960327148,0.2264343649148941
1336,27,35,0.28909680247306824,-0.24658386409282684,-0.21680974960327148,0.2264343649148941
1337,27,36,0.3187656104564667,-0.3997495174407959,-0.21680974960327148,0.2264343649148941
1338,27,37,0.3582087755203247,-0.586128830909729,-0.21680974960327148,0.2264343649148941
1339,27,38,-0.030804485082626343,0.11021064966917038,-0.21680974960327148,0.2264343649148941
1340,27,39,-0.2385357767343521,-0.09364297986030579,-0.21680974960327148,0.2264343649148941
1341,27,40,0.251462459564209,-0.33180058002471924,-0.21680974960327148,0.2264343649148941
1342,27,41,0.10876975953578949,-0.23916421830654144,-0.21680974960327148,0.2264343649148941
1343,27,42,0.19625388085842133,-0.07685144245624542,-0.21680974960327148,0.2264343649148941
1344,27,43,0.2531442642211914,-0.09548589587211609,-0.21680974960327148,0.2264343649148941
1345,27,44,0.15701566636562347,-0.13819795846939087,-0.21680974960327148,0.2264343649148941
1346,27,45,-0.050661928951740265,-0.020761771127581596,-0.21680974960327148,0.2264343649148941
1347,27,46,0.08288218826055527,-0.18857704102993011,-0.21680974960327148,0.2264343649148941
1348,27,47,0.21612222492694855,-0.5309563875198364,-0.21680974960327148,0.2264343649148941
1349,27,48,0.295910507440567,-0.21566174924373627,-0.21680974960327148,0.2264343649148941
1350,27,49,0.20165923237800598,-0.23404665291309357,-0.21680974960327148,0.2264343649148941
1351,28,0,0.03057333454489708,-0.7523962259292603,-0.23608392477035522,0.24654905498027802
1352,28,1,0.3804926574230194,-0.23020921647548676,-0.23608392477035522,0.24654905498027802
1353,28,2,0.1269673854112625,-0.06215108186006546,-0.23608392477035522,0.24654905498027802
1354,28,3,0.041785333305597305,-0.548200249671936,-0.23608392477035522,0.24654905498027802
1355,28,4,0.4434841275215149,0.1758573055267334,-0.23608392477035522,0.24654905498027802
1356,28,5,0.24579083919525146,-0.3343324661254883,-0.23608392477035522,0.24654905498027802
1357,28,6,0.28574779629707336,-0.32958704233169556,-0.23608392477035522,0.24654905498027802
1358,28,7,-0.20558670163154602,-1.0,-0.23608392477035522,0.24654905498027802
1359,28,8,-0.3567955195903778,-0.4243452847003937,-0.23608392477035522,0.24654905498027802
1360,28,9,-0.32098904252052307,-0.1248278096318245,-0.23608392477035522,0.24654905498027802
1361,28,10,-0.2242612987756729,-0.12743793427944183,-0.23608392477035522,0.24654905498027802
1362,28,11,-0.18046188354492188,-0.8996023535728455,-0.23608392477035522,0.24654905498027802
1363,28,12,-0.3171505033969879,-0.3271692097187042,-0.23608392477035522,0.24654905498027802
1364,28,13,-0.07963316142559052,-0.0778149887919426,-0.23608392477035522,0.24654905498027802
1365,28,14,0.031754910945892334,0.017356107011437416,-0.23608392477035522,0.24654905498027802
1366,28,15,0.13394795358181,-0.0871238261461258,-0.23608392477035522,0.24654905498027802
1367,28,16,0.23256224393844604,-0.19557678699493408,-0.23608392477035522,0.24654905498027802
1368,28,17,0.3244272470474243,-0.21171261370182037,-0.23608392477035522,0.24654905498027802
1369,28,18,0.09824111312627792,-0.26465657353401184,-0.23608392477035522,0.24654905498027802
1370,28,19,-0.05526018887758255,0.08370490372180939,-0.23608392477035522,0.24654905498027802
1371,28,20,-0.18020319938659668,0.06160504370927811,-0.23608392477035522,0.24654905498027802
1372,28,21,-0.13645726442337036,-0.3145751655101776,-0.23608392477035522,0.24654905498027802
1373,28,22,-0.037484101951122284,-0.5083441734313965,-0.23608392477035522,0.24654905498027802
1374,28,23,-0.23292474448680878,0.4452638626098633,-0.23608392477035522,0.24654905498027802
1375,28,24,0.01634283922612667,-0.036783069372177124,-0.23608392477035522,0.24654905498027802
1376,28,25,0.046921782195568085,-0.29777276515960693,-0.23608392477035522,0.24654905498027802
1377,28,26,0.005464067682623863,-0.41137832403182983,-0.23608392477035522,0.24654905498027802
1378,28,27,-0.03180763125419617,-0.199018657207489,-0.23608392477035522,0.24654905498027802
1379,28,28,-0.12168542295694351,-0.23751240968704224,-0.23608392477035522,0.24654905498027802
1380,28,29,0.0855640321969986,-0.28439363837242126,-0.23608392477035522,0.24654905498027802
1381,28,30,0.1311875432729721,0.13600565493106842,-0.23608392477035522,0.24654905498027802
1382,28,31,-0.08085604012012482,-0.6810377836227417,-0.23608392477035522,0.24654905498027802
1383,28,32,-0.007457910105586052,-0.1572762131690979,-0.23608392477035522,0.24654905498027802
1384,28,33,0.27190133929252625,-0.6930052638053894,-0.23608392477035522,0.24654905498027802
1385,28,34,0.5622976422309875,0.2783341407775879,-0.23608392477035522,0.24654905498027802
1386,28,35,0.4934113025665283,0.0281617920845747,-0.23608392477035522,0.24654905498027802
1387,28,36,0.38799700140953064,-0.34057852625846863,-0.23608392477035522,0.24654905498027802
1388,28,37,0.1512472927570343,0.5532377362251282,-0.23608392477035522,0.24654905498027802
1389,28,38,-0.32644122838974,-0.36113134026527405,-0.23608392477035522,0.24654905498027802
1390,28,39,-0.5077634453773499,-0.08723495155572891,-0.23608392477035522,0.24654905498027802
1391,28,40,-0.44921693205833435,-0.3767854571342468,-0.23608392477035522,0.24654905498027802
1392,28,41,0.08625825494527817,-0.27724406123161316,-0.23608392477035522,0.24654905498027802
1393,28,42,0.11724793165922165,-0.3988387882709503,-0.23608392477035522,0.24654905498027802
1394,28,43,0.17210720479488373,-0.5361828207969666,-0.23608392477035522,0.24654905498027802
1395,28,44,0.06893794983625412,-0.1351763755083084,-0.23608392477035522,0.24654905498027802
1396,28,45,0.32680827379226685,-0.36922699213027954,-0.23608392477035522,0.24654905498027802
1397,28,46,0.4981289207935333,-0.298758864402771,-0.23608392477035522,0.24654905498027802
1398,28,47,0.24724291265010834,-0.14393813908100128,-0.23608392477035522,0.24654905498027802
1399,28,48,-0.13861313462257385,-0.00011638379510259256,-0.23608392477035522,0.24654905498027802
1400,28,49,-0.12889914214611053,-0.17892321944236755,-0.23608392477035522,0.24654905498027802
1401,29,0,0.033610839396715164,-0.142133429646492,-0.23491518199443817,0.2642555236816406
1402,29,1,0.46346515417099,-0.16146384179592133,-0.23491518199443817,0.2642555236816406
1403,29,2,0.2522789537906647,-0.6853784322738647,-0.23491518199443817,0.2642555236816406
1404,29,3,-0.09557059407234192,-0.9719325304031372,-0.23491518199443817,0.2642555236816406
1405,29,4,0.07325523346662521,-0.1821434646844864,-0.23491518199443817,0.2642555236816406
1406,29,5,0.19041021168231964,-0.40077319741249084,-0.23491518199443817,0.2642555236816406
1407,29,6,0.26607149839401245,-0.06586691737174988,-0.23491518199443817,0.2642555236816406
1408,29,7,0.05808713287115097,-0.796681821346283,-0.23491518199443817,0.2642555236816406
1409,29,8,-0.06365485489368439,-0.4661710262298584,-0.23491518199443817,0.2642555236816406
1410,29,9,0.05609791353344917,-0.3268653452396393,-0.23491518199443817,0.2642555236816406
1411,29,10,0.004989292938262224,-0.3981931805610657,-0.23491518199443817,0.2642555236816406
1412,29,11,-0.04809245467185974,0.2334880828857422,-0.23491518199443817,0.2642555236816406
1413,29,12,-0.3088749647140503,-0.27076226472854614,-0.23491518199443817,0.2642555236816406
1414,29,13,-0.3604181408882141,0.2716980278491974,-0.23491518199443817,0.2642555236816406
1415,29,14,-0.2816394567489624,-0.4546410143375397,-0.23491518199443817,0.2642555236816406
1416,29,15,-0.06612242758274078,-0.220778226852417,-0.23491518199443817,0.2642555236816406
1417,29,16,0.03481542691588402,-0.04700228199362755,-0.23491518199443817,0.2642555236816406
1418,29,17,0.11816105246543884,-0.19156795740127563,-0.23491518199443817,0.2642555236816406
1419,29,18,0.06830430775880814,0.2749549448490143,-0.23491518199443817,0.2642555236816406
1420,29,19,-0.06018471345305443,0.023967288434505463,-0.23491518199443817,0.2642555236816406
1421,29,20,-0.07813259959220886,-0.07294376939535141,-0.23491518199443817,0.2642555236816406
1422,29,21,-0.02264580689370632,-0.11942815780639648,-0.23491518199443817,0.2642555236816406
1423,29,22,0.31631752848625183,-0.20083539187908173,-0.23491518199443817,0.2642555236816406
1424,29,23,0.3638494610786438,-0.2992403209209442,-0.23491518199443817,0.2642555236816406
1425,29,24,-0.0162961483001709,0.15949982404708862,-0.23491518199443817,0.2642555236816406
1426,29,25,-0.29118040204048157,-0.2785727381706238,-0.23491518199443817,0.2642555236816406
1427,29,26,-0.12099682539701462,-0.14961683750152588,-0.23491518199443817,0.2642555236816406
1428,29,27,0.11030300706624985,0.574506402015686,-0.23491518199443817,0.2642555236816406
1429,29,28,0.2562909424304962,-0.32821035385131836,-0.23491518199443817,0.2642555236816406
1430,29,29,0.11986595392227173,-0.48810166120529175,-0.23491518199443817,0.2642555236816406
1431,29,30,-0.07670687884092331,-0.5050652623176575,-0.23491518199443817,0.2642555236816406
1432,29,31,0.021989915519952774,-0.20216518640518188,-0.23491518199443817,0.2642555236816406
1433,29,32,0.18012017011642456,-0.28803572058677673,-0.23491518199443817,0.2642555236816406
1434,29,33,0.17627307772636414,0.032005228102207184,-0.23491518199443817,0.2642555236816406
1435,29,34,-0.08229640871286392,-0.4279748499393463,-0.23491518199443817,0.2642555236816406
1436,29,35,-0.15042980015277863,-0.1163315400481224,-0.23491518199443817,0.2642555236816406
1437,29,36,-0.1126701831817627,-0.16297009587287903,-0.23491518199443817,0.2642555236816406
1438,29,37,-0.10758776217699051,0.1031414046883583,-0.23491518199443817,0.2642555236816406
1439,29,38,0.011215565726161003,0.03544420748949051,-0.23491518199443817,0.2642555236816406
1440,29,39,-0.016994105651974678,-0.46166670322418213,-0.23491518199443817,0.2642555236816406
1441,29,40,-0.16277159750461578,-0.759209156036377,-0.23491518199443817,0.2642555236816406
1442,29,41,-0.016724716871976852,-0.3834562301635742,-0.23491518199443817,0.2642555236816406
1443,29,42,0.29557549953460693,-0.08536967635154724,-0.23491518199443817,0.2642555236816406
1444,29,43,-0.09115487337112427,-0.32025229930877686,-0.23491518199443817,0.2642555236816406
1445,29,44,0.16569961607456207,-0.14640846848487854,-0.23491518199443817,0.2642555236816406
1446,29,45,-0.03148385509848595,-0.38565558195114136,-0.23491518199443817,0.2642555236816406
1447,29,46,0.16333314776420593,-0.07787970453500748,-0.23491518199443817,0.2642555236816406
1448,29,47,0.2981342673301697,-0.3668345510959625,-0.23491518199443817,0.2642555236816406
1449,29,48,0.13202862441539764,-0.2705763280391693,-0.23491518199443817,0.2642555236816406
1450,29,49,0.02057681791484356,-0.3141283392906189,-0.23491518199443817,0.2642555236816406
1451,30,0,0.09115287661552429,-0.2064291387796402,-0.2263878434896469,0.2654070556163788
1452,30,1,0.13835512101650238,-0.4793245792388916,-0.2263878434896469,0.2654070556163788
1453,30,2,0.08411181718111038,-0.07617360353469849,-0.2263878434896469,0.2654070556163788
1454,30,3,0.051192402839660645,0.16070924699306488,-0.2263878434896469,0.2654070556163788
1455,30,4,0.2333107441663742,0.47744661569595337,-0.2263878434896469,0.2654070556163788
1456,30,5,0.016922758892178535,-0.2803455889225006,-0.2263878434896469,0.2654070556163788
1457,30,6,0.05488019809126854,-0.23802576959133148,-0.2263878434896469,0.2654070556163788
1458,30,7,-0.07069557160139084,-0.18550117313861847,-0.2263878434896469,0.2654070556163788
1459,30,8,-0.1213800236582756,0.19115708768367767,-0.2263878434896469,0.2654070556163788
1460,30,9,-0.1820322424173355,-0.08431188762187958,-0.2263878434896469,0.2654070556163788
1461,30,10,-0.10092273354530334,-0.26484498381614685,-0.2263878434896469,0.2654070556163788
1462,30,11,0.09123793244361877,-0.8382567763328552,-0.2263878434896469,0.2654070556163788
1463,30,12,-0.14927323162555695,0.43884214758872986,-0.2263878434896469,0.2654070556163788
1464,30,13,-0.14122222363948822,-0.7678015232086182,-0.2263878434896469,0.2654070556163788
1465,30,14,0.16952964663505554,-0.6011338233947754,-0.2263878434896469,0.2654070556163788
1466,30,15,-0.02673823945224285,-0.530560314655304,-0.2263878434896469,0.2654070556163788
1467,30,16,0.03637136518955231,-0.558475136756897,-0.2263878434896469,0.2654070556163788
1468,30,17,0.34991455078125,-0.7769227027893066,-0.2263878434896469,0.2654070556163788
1469,30,18,0.19569866359233856,-0.20099906623363495,-0.2263878434896469,0.2654070556163788
1470,30,19,0.46624553203582764,-0.2958134710788727,-0.2263878434896469,0.2654070556163788
1471,30,20,0.29502466320991516,0.20335641503334045,-0.2263878434896469,0.2654070556163788
1472,30,21,-0.07543771713972092,-0.18533234298229218,-0.2263878434896469,0.2654070556163788
1473,30,22,-0.2146519124507904,-0.8635278940200806,-0.2263878434896469,0.2654070556163788
1474,30,23,-0.276377409696579,-0.11941000819206238,-0.2263878434896469,0.2654070556163788
1475,30,24,-0.1716650277376175,-0.6038114428520203,-0.2263878434896469,0.2654070556163788
1476,30,25,-0.14413635432720184,-0.35213807225227356,-0.2263878434896469,0.2654070556163788
1477,30,26,-0.34633123874664307,-0.4054412245750427,-0.2263878434896469,0.2654070556163788
1478,30,27,-0.010477912612259388,-0.29221445322036743,-0.2263878434896469,0.2654070556163788
1479,30,28,-0.2655573785305023,-0.2486398071050644,-0.2263878434896469,0.2654070556163788
1480,30,29,-0.3744085729122162,0.040781401097774506,-0.2263878434896469,0.2654070556163788
1481,30,30,-0.36701902747154236,-0.30733904242515564,-0.2263878434896469,0.2654070556163788
1482,30,31,-0.23370367288589478,-0.23685990273952484,-0.2263878434896469,0.2654070556163788
1483,30,32,-0.05805353447794914,-0.4056525230407715,-0.2263878434896469,0.2654070556163788
1484,30,33,-0.03509429097175598,-0.17993870377540588,-0.2263878434896469,0.2654070556163788
1485,30,34,-0.22019216418266296,-0.16473543643951416,-0.2263878434896469,0.2654070556163788
1486,30,35,-0.13506542146205902,0.009315204806625843,-0.2263878434896469,0.2654070556163788
1487,30,36,0.0338527150452137,-0.4238605201244354,-0.2263878434896469,0.2654070556163788
1488,30,37,0.12214615941047668,-0.21267937123775482,-0.2263878434896469,0.2654070556163788
1489,30,38,-0.05650414898991585,-0.7260547280311584,-0.2263878434896469,0.2654070556163788
1490,30,39,0.2507777512073517,-0.5068725943565369,-0.2263878434896469,0.2654070556163788
1491,30,40,0.151555597782135,-0.2879991829395294,-0.2263878434896469,0.2654070556163788
1492,30,41,0.027552394196391106,-0.2485765665769577,-0.2263878434896469,0.2654070556163788
1493,30,42,-0.002330461982637644,-0.6677055358886719,-0.2263878434896469,0.2654070556163788
1494,30,43,0.32249167561531067,-0.7131776213645935,-0.2263878434896469,0.2654070556163788
1495,30,44,0.17297518253326416,0.44459298253059387,-0.2263878434896469,0.2654070556163788
1496,30,45,0.19380508363246918,-0.2950141429901123,-0.2263878434896469,0.2654070556163788
1497,30,46,0.05602778494358063,-0.042065542191267014,-0.2263878434896469,0.2654070556163788
1498,30,47,-0.2395436316728592,-0.16751272976398468,-0.2263878434896469,0.2654070556163788
1499,30,48,-0.1827506124973297,0.10061676800251007,-0.2263878434896469,0.2654070556163788
1500,30,49,0.13695073127746582,-0.45256131887435913,-0.2263878434896469,0.2654070556163788
1501,31,0,0.08610570430755615,-0.31877318024635315,-0.23819099366664886,0.24621857702732086
1502,31,1,0.014047062955796719,-0.6573343276977539,-0.23819099366664886,0.24621857702732086
1503,31,2,0.03828160837292671,-0.3677328824996948,-0.23819099366664886,0.24621857702732086
1504,31,3,0.13115882873535156,-0.17065072059631348,-0.23819099366664886,0.24621857702732086
1505,31,4,0.022674888372421265,-0.17839393019676208,-0.23819099366664886,0.24621857702732086
1506,31,5,-0.20173263549804688,0.015805277973413467,-0.23819099366664886,0.24621857702732086
1507,31,6,-0.1941632777452469,-0.33936384320259094,-0.23819099366664886,0.24621857702732086
1508,31,7,0.1324034482240677,-0.09798573702573776,-0.23819099366664886,0.24621857702732086
1509,31,8,-0.14749830961227417,-0.34507235884666443,-0.23819099366664886,0.24621857702732086
1510,31,9,-0.19426879286766052,-0.2358771115541458,-0.23819099366664886,0.24621857702732086
1511,31,10,-0.04921409860253334,-0.26940467953681946,-0.23819099366664886,0.24621857702732086
1512,31,11,-0.2620088458061218,-0.613706111907959,-0.23819099366664886,0.24621857702732086
1513,31,12,0.11641974002122879,-0.7384856939315796,-0.23819099366664886,0.24621857702732086
1514,31,13,-0.2231517732143402,0.07309360802173615,-0.23819099366664886,0.24621857702732086
1515,31,14,-0.0257702823728323,-0.606723964214325,-0.23819099366664886,0.24621857702732086
1516,31,15,-0.37593895196914673,-0.15114529430866241,-0.23819099366664886,0.24621857702732086
1517,31,16,-0.4804593324661255,-0.6906529664993286,-0.23819099366664886,0.24621857702732086
1518,31,17,0.2462826669216156,-0.38429367542266846,-0.23819099366664886,0.24621857702732086
1519,31,18,0.48538851737976074,-0.012944545596837997,-0.23819099366664886,0.24621857702732086
1520,31,19,0.2687130868434906,-0.1710948497056961,-0.23819099366664886,0.24621857702732086
1521,31,20,-0.02718242257833481,-0.37185394763946533,-0.23819099366664886,0.24621857702732086
1522,31,21,0.10983957350254059,0.13769091665744781,-0.23819099366664886,0.24621857702732086
1523,31,22,0.15636762976646423,0.017126720398664474,-0.23819099366664886,0.24621857702732086
1524,31,23,-0.13554750382900238,-0.6403369903564453,-0.23819099366664886,0.24621857702732086
1525,31,24,-0.05730011686682701,-0.7286916375160217,-0.23819099366664886,0.24621857702732086
1526,31,25,0.4131653308868408,-0.029223978519439697,-0.23819099366664886,0.24621857702732086
1527,31,26,0.49548837542533875,-0.10774391889572144,-0.23819099366664886,0.24621857702732086
1528,31,27,0.23542961478233337,-0.24174979329109192,-0.23819099366664886,0.24621857702732086
1529,31,28,0.2951533794403076,-0.021396061405539513,-0.23819099366664886,0.24621857702732086
1530,31,29,0.1122041717171669,-0.34999069571495056,-0.23819099366664886,0.24621857702732086
1531,31,30,0.08945086598396301,0.11640919744968414,-0.23819099366664886,0.24621857702732086
1532,31,31,0.3241772949695587,-0.43160903453826904,-0.23819099366664886,0.24621857702732086
1533,31,32,-0.13432008028030396,-1.0,-0.23819099366664886,0.24621857702732086
1534,31,33,-0.2553761303424835,-0.110426165163517,-0.23819099366664886,0.24621857702732086
1535,31,34,-0.042206887155771255,-0.15082217752933502,-0.23819099366664886,0.24621857702732086
1536,31,35,0.09631938487291336,-0.3305959403514862,-0.23819099366664886,0.24621857702732086
1537,31,36,0.28916916251182556,-0.6039638519287109,-0.23819099366664886,0.24621857702732086
1538,31,37,0.2358645647764206,-0.26326456665992737,-0.23819099366664886,0.24621857702732086
1539,31,38,0.2072179615497589,0.09050223976373672,-0.23819099366664886,0.24621857702732086
1540,31,39,0.40568166971206665,-0.2356792688369751,-0.23819099366664886,0.24621857702732086
1541,31,40,0.0007707576733082533,0.622238039970398,-0.23819099366664886,0.24621857702732086
1542,31,41,-0.09572070837020874,0.1566840261220932,-0.23819099366664886,0.24621857702732086
1543,31,42,0.05836750939488411,0.23564328253269196,-0.23819099366664886,0.24621857702732086
1544,31,43,-0.1584717184305191,-0.12938164174556732,-0.23819099366664886,0.24621857702732086
1545,31,44,-0.15966172516345978,0.08890935778617859,-0.23819099366664886,0.24621857702732086
1546,31,45,0.11233178526163101,-0.21471498906612396,-0.23819099366664886,0.24621857702732086
1547,31,46,0.2548987865447998,-0.11886613816022873,-0.23819099366664886,0.24621857702732086
1548,31,47,0.2905314266681671,-0.22213882207870483,-0.23819099366664886,0.24621857702732086
1549,31,48,0.005271790083497763,-0.2476801723241806,-0.23819099366664886,0.24621857702732086
1550,31,49,-0.007259258534759283,-0.23529142141342163,-0.23819099366664886,0.24621857702732086
1551,32,0,-0.221134752035141,-0.3534299433231354,-0.24555158615112305,0.23583176732063293
1552,32,1,0.028031621128320694,-0.22729235887527466,-0.24555158615112305,0.23583176732063293
1553,32,2,-0.08171064406633377,-0.6341492533683777,-0.24555158615112305,0.23583176732063293
1554,32,3,0.23568953573703766,-0.48356735706329346,-0.24555158615112305,0.23583176732063293
1555,32,4,0.27450406551361084,0.053019750863313675,-0.24555158615112305,0.23583176732063293
1556,32,5,0.4396049380302429,-1.0,-0.24555158615112305,0.23583176732063293
1557,32,6,0.44540971517562866,-0.23039595782756805,-0.24555158615112305,0.23583176732063293
1558,32,7,0.4270828068256378,-0.1722496747970581,-0.24555158615112305,0.23583176732063293
1559,32,8,0.01956808567047119,-0.18347056210041046,-0.24555158615112305,0.23583176732063293
1560,32,9,-0.3345637619495392,-0.1506604552268982,-0.24555158615112305,0.23583176732063293
1561,32,10,-0.27173641324043274,0.13512805104255676,-0.24555158615112305,0.23583176732063293
1562,32,11,-0.14457382261753082,-0.09396106004714966,-0.24555158615112305,0.23583176732063293
1563,32,12,-0.14593981206417084,-0.28427016735076904,-0.24555158615112305,0.23583176732063293
1564,32,13,0.17227835953235626,-0.5346387624740601,-0.24555158615112305,0.23583176732063293
1565,32,14,-0.22674261033535004,-0.4955114424228668,-0.24555158615112305,0.23583176732063293
1566,32,15,0.07213470339775085,-0.11616835743188858,-0.24555158615112305,0.23583176732063293
1567,32,16,0.49621763825416565,-0.19705362617969513,-0.24555158615112305,0.23583176732063293
1568,32,17,0.5037247538566589,0.0011551054194569588,-0.24555158615112305,0.23583176732063293
1569,32,18,0.20124220848083496,-0.15821166336536407,-0.24555158615112305,0.23583176732063293
1570,32,19,-0.05294402316212654,-0.4787987172603607,-0.24555158615112305,0.23583176732063293
1571,32,20,0.07310982048511505,-0.23399241268634796,-0.24555158615112305,0.23583176732063293
1572,32,21,0.05271229147911072,-0.36576828360557556,-0.24555158615112305,0.23583176732063293
1573,32,22,-0.02253950573503971,0.11329878866672516,-0.24555158615112305,0.23583176732063293
1574,32,23,0.10168325901031494,-0.07186570763587952,-0.24555158615112305,0.23583176732063293
1575,32,24,-0.01370811928063631,-0.20175467431545258,-0.24555158615112305,0.23583176732063293
1576,32,25,0.18024984002113342,-0.24727429449558258,-0.24555158615112305,0.23583176732063293
1577,32,26,0.0915616974234581,-0.5759252905845642,-0.24555158615112305,0.23583176732063293
1578,32,27,-0.21278637647628784,-0.23977918922901154,-0.24555158615112305,0.23583176732063293
1579,32,28,-0.17615452408790588,-0.327921599149704,-0.24555158615112305,0.23583176732063293
1580,32,29,0.4364396035671234,-0.4979182183742523,-0.24555158615112305,0.23583176732063293
1581,32,30,0.43806707859039307,0.05354904755949974,-0.24555158615112305,0.23583176732063293
1582,32,31,0.20925618708133698,0.49784258008003235,-0.24555158615112305,0.23583176732063293
1583,32,32,0.1772853583097458,0.5153403878211975,-0.24555158615112305,0.23583176732063293
1584,32,33,0.17580775916576385,-0.3053039610385895,-0.24555158615112305,0.23583176732063293
1585,32,34,0.024468762800097466,-0.14266718924045563,-0.24555158615112305,0.23583176732063293
1586,32,35,-0.14565828442573547,-0.24514855444431305,-0.24555158615112305,0.23583176732063293
1587,32,36,-0.28880277276039124,-0.4559597074985504,-0.24555158615112305,0.23583176732063293
1588,32,37,-0.3918972909450531,0.161575049161911,-0.24555158615112305,0.23583176732063293
1589,32,38,-0.2845301032066345,-0.2305503785610199,-0.24555158615112305,0.23583176732063293
1590,32,39,-0.23577500879764557,-0.8957349061965942,-0.24555158615112305,0.23583176732063293
1591,32,40,-0.17016364634037018,-0.5132055878639221,-0.24555158615112305,0.23583176732063293
1592,32,41,-0.140989288687706,-0.38988909125328064,-0.24555158615112305,0.23583176732063293
1593,32,42,0.004254784435033798,-0.13629667460918427,-0.24555158615112305,0.23583176732063293
1594,32,43,0.3177872896194458,-0.3875298500061035,-0.24555158615112305,0.23583176732063293
1595,32,44,0.137144535779953,-0.3403090536594391,-0.24555158615112305,0.23583176732063293
1596,32,45,0.11883649975061417,0.14225757122039795,-0.24555158615112305,0.23583176732063293
1597,32,46,-0.22432737052440643,-0.3803149461746216,-0.24555158615112305,0.23583176732063293
1598,32,47,-0.042087260633707047,-0.2530777156352997,-0.24555158615112305,0.23583176732063293
1599,32,48,0.4756409823894501,-0.7777256965637207,-0.24555158615112305,0.23583176732063293
1600,32,49,0.08175397664308548,0.006418261677026749,-0.24555158615112305,0.23583176732063293
1601,33,0,0.09254492819309235,-0.5808207988739014,-0.2582860291004181,0.2404228001832962
1602,33,1,-0.20438595116138458,-0.29038944840431213,-0.2582860291004181,0.2404228001832962
1603,33,2,-0.06019912287592888,0.06524962186813354,-0.2582860291004181,0.2404228001832962
1604,33,3,0.24029211699962616,-0.4012610614299774,-0.2582860291004181,0.2404228001832962
1605,33,4,0.1770421862602234,-0.5299474000930786,-0.2582860291004181,0.2404228001832962
1606,33,5,0.2204190492630005,-0.328776091337204,-0.2582860291004181,0.2404228001832962
1607,33,6,0.27130135893821716,-0.356025755405426,-0.2582860291004181,0.2404228001832962
1608,33,7,0.33590346574783325,-0.04661480337381363,-0.2582860291004181,0.2404228001832962
1609,33,8,0.07477042824029922,-0.26663684844970703,-0.2582860291004181,0.2404228001832962
1610,33,9,0.1615576446056366,-0.49627774953842163,-0.2582860291004181,0.2404228001832962
1611,33,10,0.2681461572647095,0.3214307725429535,-0.2582860291004181,0.2404228001832962
1612,33,11,-0.006884831469506025,-0.4341099262237549,-0.2582860291004181,0.2404228001832962
1613,33,12,0.03637615591287613,0.002702971687540412,-0.2582860291004181,0.2404228001832962
1614,33,13,-0.02284989133477211,-0.31948718428611755,-0.2582860291004181,0.2404228001832962
1615,33,14,-0.2903587222099304,-0.2589871883392334,-0.2582860291004181,0.2404228001832962
1616,33,15,-0.11707999557256699,-0.37858846783638,-0.2582860291004181,0.2404228001832962
1617,33,16,-0.05578343942761421,-0.37837639451026917,-0.2582860291004181,0.2404228001832962
1618,33,17,-0.15753965079784393,0.013361300341784954,-0.2582860291004181,0.2404228001832962
1619,33,18,-0.15101440250873566,-0.09151950478553772,-0.2582860291004181,0.2404228001832962
1620,33,19,0.18447598814964294,0.18473708629608154,-0.2582860291004181,0.2404228001832962
1621,33,20,0.17602083086967468,-0.24984706938266754,-0.2582860291004181,0.2404228001832962
1622,33,21,0.29995596408843994,-0.03794066235423088,-0.2582860291004181,0.2404228001832962
1623,33,22,-0.08657261729240417,-0.02358464151620865,-0.2582860291004181,0.2404228001832962
1624,33,23,-0.3536013960838318,0.09789430350065231,-0.2582860291004181,0.2404228001832962
1625,33,24,-0.013436545617878437,-0.4357503056526184,-0.2582860291004181,0.2404228001832962
1626,33,25,0.10748197883367538,-0.32641950249671936,-0.2582860291004181,0.2404228001832962
1627,33,26,-0.09175232797861099,-0.24844664335250854,-0.2582860291004181,0.2404228001832962
1628,33,27,-0.031121164560317993,-0.3979366719722748,-0.2582860291004181,0.2404228001832962
1629,33,28,-0.28821951150894165,0.04683935269713402,-0.2582860291004181,0.2404228001832962
1630,33,29,-0.4101790189743042,-0.5242736339569092,-0.2582860291004181,0.2404228001832962
1631,33,30,-0.2771513760089874,-0.33996304869651794,-0.2582860291004181,0.2404228001832962
1632,33,31,0.052255019545555115,-0.3750574290752411,-0.2582860291004181,0.2404228001832962
1633,33,32,-0.15528814494609833,-0.010139094665646553,-0.2582860291004181,0.2404228001832962
1634,33,33,0.19253981113433838,-0.16918201744556427,-0.2582860291004181,0.2404228001832962
1635,33,34,0.20072031021118164,-0.6791388988494873,-0.2582860291004181,0.2404228001832962
1636,33,35,0.31045398116111755,-0.55091392993927,-0.2582860291004181,0.2404228001832962
1637,33,36,0.42039769887924194,-0.3509384095668793,-0.2582860291004181,0.2404228001832962
1638,33,37,0.09310988336801529,-0.3149517774581909,-0.2582860291004181,0.2404228001832962
1639,33,38,0.28277209401130676,-0.26325690746307373,-0.2582860291004181,0.2404228001832962
1640,33,39,0.2505283057689667,-0.6965571045875549,-0.2582860291004181,0.2404228001832962
1641,33,40,-0.04211430996656418,-0.3631150722503662,-0.2582860291004181,0.2404228001832962
1642,33,41,0.12303981184959412,-0.8577437400817871,-0.2582860291004181,0.2404228001832962
1643,33,42,0.36263954639434814,-0.2754233181476593,-0.2582860291004181,0.2404228001832962
1644,33,43,0.10614039748907089,-0.27820807695388794,-0.2582860291004181,0.2404228001832962
1645,33,44,0.11608076840639114,-0.10928784310817719,-0.2582860291004181,0.2404228001832962
1646,33,45,0.251924604177475,-0.1214507520198822,-0.2582860291004181,0.2404228001832962
1647,33,46,0.17442196607589722,-0.13781839609146118,-0.2582860291004181,0.2404228001832962
1648,33,47,-0.13313697278499603,-0.18942588567733765,-0.2582860291004181,0.2404228001832962
1649,33,48,-0.030492085963487625,-0.1583538055419922,-0.2582860291004181,0.2404228001832962
1650,33,49,-0.10446294397115707,0.4374770522117615,-0.2582860291004181,0.2404228001832962
1651,34,0,0.01869504526257515,-0.3683517575263977,-0.28759825229644775,0.24702443182468414
1652,34,1,-0.2720385789871216,-0.8096100091934204,-0.28759825229644775,0.24702443182468414
1653,34,2,-0.04014384374022484,-0.30577677488327026,-0.28759825229644775,0.24702443182468414
1654,34,3,0.33936911821365356,0.026868026703596115,-0.28759825229644775,0.24702443182468414
1655,34,4,0.008608045056462288,0.011331744492053986,-0.28759825229644775,0.24702443182468414
1656,34,5,0.08481194078922272,0.24677053093910217,-0.28759825229644775,0.24702443182468414
1657,34,6,0.24126261472702026,0.0864613875746727,-0.28759825229644775,0.24702443182468414
1658,34,7,0.1199527308344841,-0.10128353536128998,-0.28759825229644775,0.24702443182468414
1659,34,8,-0.0058769891038537025,-0.6344865560531616,-0.28759825229644775,0.24702443182468414
1660,34,9,-0.223928764462471,0.06355728209018707,-0.28759825229644775,0.24702443182468414
1661,34,10,0.10392147302627563,-1.0,-0.28759825229644775,0.24702443182468414
1662,34,11,0.5925599932670593,-1.0,-0.28759825229644775,0.24702443182468414
1663,34,12,0.3420478403568268,-0.6645305752754211,-0.28759825229644775,0.24702443182468414
1664,34,13,-0.16718392074108124,-0.9680420756340027,-0.28759825229644775,0.24702443182468414
1665,34,14,-0.230301171541214,0.18006198108196259,-0.28759825229644775,0.24702443182468414
1666,34,15,0.0005112297367304564,-0.2921160161495209,-0.28759825229644775,0.24702443182468414
1667,34,16,-0.07089786976575851,-0.48064517974853516,-0.28759825229644775,0.24702443182468414
1668,34,17,-0.07159017771482468,0.11851286143064499,-0.28759825229644775,0.24702443182468414
1669,34,18,-0.07909247279167175,-0.3751457929611206,-0.28759825229644775,0.24702443182468414
1670,34,19,-0.04902687668800354,-0.19964274764060974,-0.28759825229644775,0.24702443182468414
1671,34,20,0.026035157963633537,-0.6894834637641907,-0.28759825229644775,0.24702443182468414
1672,34,21,0.11955882608890533,-0.45117294788360596,-0.28759825229644775,0.24702443182468414
1673,34,22,0.00612447177991271,-0.17084656655788422,-0.28759825229644775,0.24702443182468414
1674,34,23,-0.10453452914953232,0.18293359875679016,-0.28759825229644775,0.24702443182468414
1675,34,24,-0.12513217329978943,-0.48742932081222534,-0.28759825229644775,0.24702443182468414
1676,34,25,-0.18394377827644348,-0.15288622677326202,-0.28759825229644775,0.24702443182468414
1677,34,26,-0.06564237922430038,-0.24934077262878418,-0.28759825229644775,0.24702443182468414
1678,34,27,0.29520195722579956,0.1016121581196785,-0.28759825229644775,0.24702443182468414
1679,34,28,0.41810181736946106,-0.3231509029865265,-0.28759825229644775,0.24702443182468414
1680,34,29,0.07830796390771866,0.06729642301797867,-0.28759825229644775,0.24702443182468414
1681,34,30,-0.24696482717990875,0.0511682890355587,-0.28759825229644775,0.24702443182468414
1682,34,31,-0.2834948003292084,-0.10229681432247162,-0.28759825229644775,0.24702443182468414
1683,34,32,-0.1612669676542282,-0.47410324215888977,-0.28759825229644775,0.24702443182468414
1684,34,33,-0.09949055314064026,-0.09298345446586609,-0.28759825229644775,0.24702443182468414
1685,34,34,-0.044930338859558105,0.09968968480825424,-0.28759825229644775,0.24702443182468414
1686,34,35,0.02448403276503086,-0.6093427538871765,-0.28759825229644775,0.24702443182468414
1687,34,36,0.06717587262392044,-0.3432713747024536,-0.28759825229644775,0.24702443182468414
1688,34,37,0.00901590846478939,0.24690742790699005,-0.28759825229644775,0.24702443182468414
1689,34,38,0.349234014749527,-0.4122597873210907,-0.28759825229644775,0.24702443182468414
1690,34,39,0.1986909806728363,-0.30950769782066345,-0.28759825229644775,0.24702443182468414
1691,34,40,-0.17039702832698822,-0.22382600605487823,-0.28759825229644775,0.24702443182468414
1692,34,41,-0.19782264530658722,-0.17181092500686646,-0.28759825229644775,0.24702443182468414
1693,34,42,-0.33001771569252014,-0.1067802757024765,-0.28759825229644775,0.24702443182468414
1694,34,43,-0.1673007756471634,-1.0,-0.28759825229644775,0.24702443182468414
1695,34,44,0.19414612650871277,-0.46256378293037415,-0.28759825229644775,0.24702443182468414
1696,34,45,0.19770631194114685,-0.25789403915405273,-0.28759825229644775,0.24702443182468414
1697,34,46,-0.07983317226171494,-0.4912596344947815,-0.28759825229644775,0.24702443182468414
1698,34,47,-0.08865205943584442,-0.25181519985198975,-0.28759825229644775,0.24702443182468414
1699,34,48,-0.044073302298784256,-0.08671747893095016,-0.28759825229644775,0.24702443182468414
1700,34,49,0.27977555990219116,-0.345888614654541,-0.28759825229644775,0.24702443182468414
1701,35,0,-0.04599464312195778,-0.000770801561884582,-0.3086529076099396,0.24172449111938477
1702,35,1,-0.41552796959877014,-0.023620525375008583,-0.3086529076099396,0.24172449111938477
1703,35,2,0.32798439264297485,0.05364302545785904,-0.3086529076099396,0.24172449111938477
1704,35,3,0.38175031542778015,-0.226082444190979,-0.3086529076099396,0.24172449111938477
1705,35,4,0.09740716218948364,0.23716415464878082,-0.3086529076099396,0.24172449111938477
1706,35,5,-0.08567647635936737,-0.6239449381828308,-0.3086529076099396,0.24172449111938477
1707,35,6,-0.06866994500160217,-0.4618127644062042,-0.3086529076099396,0.24172449111938477
1708,35,7,-0.05371830239892006,0.07468696683645248,-0.3086529076099396,0.24172449111938477
1709,35,8,0.16656143963336945,-0.5551174879074097,-0.3086529076099396,0.24172449111938477
1710,35,9,0.25515344738960266,-0.4490152597427368,-0.3086529076099396,0.24172449111938477
1711,35,10,0.2512023448944092,-0.609724223613739,-0.3086529076099396,0.24172449111938477
1712,35,11,0.04921958968043327,-0.7324000000953674,-0.3086529076099396,0.24172449111938477
1713,35,12,-0.15399202704429626,-0.4465915560722351,-0.3086529076099396,0.24172449111938477
1714,35,13,0.22505193948745728,-0.5340495705604553,-0.3086529076099396,0.24172449111938477
1715,35,14,0.11953702569007874,-0.2795478403568268,-0.3086529076099396,0.24172449111938477
1716,35,15,0.0026288568042218685,-0.558413565158844,-0.3086529076099396,0.24172449111938477
1717,35,16,0.13687357306480408,-0.15431316196918488,-0.3086529076099396,0.24172449111938477
1718,35,17,0.29550090432167053,0.145183727145195,-0.3086529076099396,0.24172449111938477
1719,35,18,0.27690649032592773,-0.18284496665000916,-0.3086529076099396,0.24172449111938477
1720,35,19,0.17451679706573486,-0.08975198119878769,-0.3086529076099396,0.24172449111938477
1721,35,20,0.07560104876756668,0.030091090127825737,-0.3086529076099396,0.24172449111938477
1722,35,21,0.2432446926832199,-0.3356691896915436,-0.3086529076099396,0.24172449111938477
1723,35,22,0.1008094996213913,-0.028562990948557854,-0.3086529076099396,0.24172449111938477
1724,35,23,-0.17170293629169464,-0.7853170037269592,-0.3086529076099396,0.24172449111938477
1725,35,24,-0.1401505470275879,-0.4315508008003235,-0.3086529076099396,0.24172449111938477
1726,35,25,0.20848704874515533,-0.3806860148906708,-0.3086529076099396,0.24172449111938477
1727,35,26,0.22134193778038025,-0.32622915506362915,-0.3086529076099396,0.24172449111938477
1728,35,27,0.11931449174880981,-0.20262391865253448,-0.3086529076099396,0.24172449111938477
1729,35,28,0.10370507836341858,-0.4813968539237976,-0.3086529076099396,0.24172449111938477
1730,35,29,0.011066301725804806,-0.3597358763217926,-0.3086529076099396,0.24172449111938477
1731,35,30,-0.19557051360607147,-0.5513148307800293,-0.3086529076099396,0.24172449111938477
1732,35,31,-0.07639574259519577,-0.6483135223388672,-0.3086529076099396,0.24172449111938477
1733,35,32,0.3804355561733246,-0.1545591950416565,-0.3086529076099396,0.24172449111938477
1734,35,33,0.4820634126663208,-0.3407354950904846,-0.3086529076099396,0.24172449111938477
1735,35,34,0.2637336254119873,0.03528278321027756,-0.3086529076099396,0.24172449111938477
1736,35,35,0.3240279257297516,-0.5997706651687622,-0.3086529076099396,0.24172449111938477
1737,35,36,-0.30289554595947266,-0.23815083503723145,-0.3086529076099396,0.24172449111938477
1738,35,37,-0.7246484160423279,-0.6140045523643494,-0.3086529076099396,0.24172449111938477
1739,35,38,-0.16101929545402527,-0.454104483127594,-0.3086529076099396,0.24172449111938477
1740,35,39,-0.2465897649526596,-0.2145325243473053,-0.3086529076099396,0.24172449111938477
1741,35,40,0.35667291283607483,-0.5128738284111023,-0.3086529076099396,0.24172449111938477
1742,35,41,0.4535374045372009,-0.6935620903968811,-0.3086529076099396,0.24172449111938477
1743,35,42,0.35924580693244934,0.025159453973174095,-0.3086529076099396,0.24172449111938477
1744,35,43,-0.1373818963766098,0.06181522458791733,-0.3086529076099396,0.24172449111938477
1745,35,44,-0.024096263572573662,-0.6392178535461426,-0.3086529076099396,0.24172449111938477
1746,35,45,0.1539234220981598,-0.05004788562655449,-0.3086529076099396,0.24172449111938477
1747,35,46,0.43017616868019104,-0.4342196583747864,-0.3086529076099396,0.24172449111938477
1748,35,47,0.21255841851234436,-0.28309354186058044,-0.3086529076099396,0.24172449111938477
1749,35,48,-0.10690086334943771,-0.28664952516555786,-0.3086529076099396,0.24172449111938477
1750,35,49,-0.20562542974948883,-0.5718570947647095,-0.3086529076099396,0.24172449111938477
1751,36,0,-0.2026984840631485,0.116501085460186,-0.3082244098186493,0.24986258149147034
1752,36,1,-0.12853865325450897,-0.2675609290599823,-0.3082244098186493,0.24986258149147034
1753,36,2,-0.208282470703125,-0.3186520040035248,-0.3082244098186493,0.24986258149147034
1754,36,3,-0.053968820720911026,-0.2395394742488861,-0.3082244098186493,0.24986258149147034
1755,36,4,0.11554580926895142,-0.3679364323616028,-0.3082244098186493,0.24986258149147034
1756,36,5,0.27555084228515625,-0.2973206043243408,-0.3082244098186493,0.24986258149147034
1757,36,6,0.45738357305526733,0.5963981747627258,-0.3082244098186493,0.24986258149147034
1758,36,7,0.09721927344799042,-0.3411402106285095,-0.3082244098186493,0.24986258149147034
1759,36,8,0.10129404813051224,0.12791669368743896,-0.3082244098186493,0.24986258149147034
1760,36,9,0.12804155051708221,-0.3487705886363983,-0.3082244098186493,0.24986258149147034
1761,36,10,-0.12668658792972565,-0.3463438153266907,-0.3082244098186493,0.24986258149147034
1762,36,11,0.009386589750647545,0.04907212778925896,-0.3082244098186493,0.24986258149147034
1763,36,12,-0.04676465690135956,-0.3121996223926544,-0.3082244098186493,0.24986258149147034
1764,36,13,0.14023050665855408,-0.07259257137775421,-0.3082244098186493,0.24986258149147034
1765,36,14,0.2531030476093292,-0.2705340087413788,-0.3082244098186493,0.24986258149147034
1766,36,15,0.19179773330688477,-0.12847194075584412,-0.3082244098186493,0.24986258149147034
1767,36,16,0.41705653071403503,-0.25488007068634033,-0.3082244098186493,0.24986258149147034
1768,36,17,0.1718006730079651,-0.7443527579307556,-0.3082244098186493,0.24986258149147034
1769,36,18,-0.1317150890827179,-0.14301060140132904,-0.3082244098186493,0.24986258149147034
1770,36,19,-0.006721545942127705,-0.05035547539591789,-0.3082244098186493,0.24986258149147034
1771,36,20,-0.08183837682008743,-0.17662964761257172,-0.3082244098186493,0.24986258149147034
1772,36,21,0.0837535634636879,-0.9920341968536377,-0.3082244098186493,0.24986258149147034
1773,36,22,0.18810781836509705,0.15386754274368286,-0.3082244098186493,0.24986258149147034
1774,36,23,0.2168460190296173,-0.4772452116012573,-0.3082244098186493,0.24986258149147034
1775,36,24,0.05732594430446625,-0.3000706434249878,-0.3082244098186493,0.24986258149147034
1776,36,25,0.004855657462030649,-0.6458736062049866,-0.3082244098186493,0.24986258149147034
1777,36,26,0.11864946037530899,-0.3672526478767395,-0.3082244098186493,0.24986258149147034
1778,36,27,0.09403184801340103,-0.3869284987449646,-0.3082244098186493,0.24986258149147034
1779,36,28,0.013102547265589237,-0.2646678388118744,-0.3082244098186493,0.24986258149147034
1780,36,29,-0.1565580815076828,-0.2807070314884186,-0.3082244098186493,0.24986258149147034
1781,36,30,-0.17975562810897827,-0.25591596961021423,-0.3082244098186493,0.24986258149147034
1782,36,31,-0.296505868434906,-0.6306466460227966,-0.3082244098186493,0.24986258149147034
1783,36,32,-0.05813177302479744,0.14721783995628357,-0.3082244098186493,0.24986258149147034
1784,36,33,0.4238927364349365,-0.10971235483884811,-0.3082244098186493,0.24986258149147034
1785,36,34,0.4083966314792633,0.06044154614210129,-0.3082244098186493,0.24986258149147034
1786,36,35,0.1393478810787201,0.23073525726795197,-0.3082244098186493,0.24986258149147034
1787,36,36,0.32267218828201294,0.3753579556941986,-0.3082244098186493,0.24986258149147034
1788,36,37,-0.09607487916946411,-0.2949017286300659,-0.3082244098186493,0.24986258149147034
1789,36,38,-0.10392758995294571,-0.4404197931289673,-0.3082244098186493,0.24986258149147034
1790,36,39,-0.16361269354820251,-0.17184719443321228,-0.3082244098186493,0.24986258149147034
1791,36,40,-0.36432090401649475,-0.5636222958564758,-0.3082244098186493,0.24986258149147034
1792,36,41,-0.15499307215213776,-0.1367906630039215,-0.3082244098186493,0.24986258149147034
1793,36,42,0.06905364245176315,0.24950459599494934,-0.3082244098186493,0.24986258149147034
1794,36,43,0.3953952491283417,-0.4530169367790222,-0.3082244098186493,0.24986258149147034
1795,36,44,0.4331948161125183,-0.6179017424583435,-0.3082244098186493,0.24986258149147034
1796,36,45,0.1738918423652649,-0.2493782937526703,-0.3082244098186493,0.24986258149147034
1797,36,46,0.257232666015625,-0.18723854422569275,-0.3082244098186493,0.24986258149147034
1798,36,47,0.23447895050048828,-0.4224851131439209,-0.3082244098186493,0.24986258149147034
1799,36,48,0.19051936268806458,-0.5063191056251526,-0.3082244098186493,0.24986258149147034
1800,36,49,0.090334951877594,-0.27751868963241577,-0.3082244098186493,0.24986258149147034
1801,37,0,0.19778510928153992,0.15050294995307922,-0.29105421900749207,0.2750687301158905
1802,37,1,-0.046708013862371445,-0.32749930024147034,-0.29105421900749207,0.2750687301158905
1803,37,2,0.027118586003780365,-0.2898983955383301,-0.29105421900749207,0.2750687301158905
1804,37,3,0.002279830863699317,0.2126658409833908,-0.29105421900749207,0.2750687301158905
1805,37,4,-0.32537028193473816,-0.12526845932006836,-0.29105421900749207,0.2750687301158905
1806,37,5,-0.4162940979003906,-0.38028669357299805,-0.29105421900749207,0.2750687301158905
1807,37,6,0.27984851598739624,-0.13601849973201752,-0.29105421900749207,0.2750687301158905
1808,37,7,0.13824449479579926,-0.6857172846794128,-0.29105421900749207,0.2750687301158905
1809,37,8,-0.010335367172956467,-0.29523810744285583,-0.29105421900749207,0.2750687301158905
1810,37,9,0.3311934173107147,-0.5153128504753113,-0.29105421900749207,0.2750687301158905
1811,37,10,0.1171339601278305,-0.21873903274536133,-0.29105421900749207,0.2750687301158905
1812,37,11,-0.013642264530062675,-0.457603394985199,-0.29105421900749207,0.2750687301158905
1813,37,12,-0.06336265802383423,-0.5392622351646423,-0.29105421900749207,0.2750687301158905
1814,37,13,0.16686584055423737,-0.5793513655662537,-0.29105421900749207,0.2750687301158905
1815,37,14,0.13540714979171753,-0.6819851398468018,-0.29105421900749207,0.2750687301158905
1816,37,15,-0.24914401769638062,-0.8252001404762268,-0.29105421900749207,0.2750687301158905
1817,37,16,-0.2950887084007263,-0.18866056203842163,-0.29105421900749207,0.2750687301158905
1818,37,17,-0.5869680047035217,-0.4404055178165436,-0.29105421900749207,0.2750687301158905
1819,37,18,0.028776388615369797,-0.6588906645774841,-0.29105421900749207,0.2750687301158905
1820,37,19,-0.049910757690668106,-0.2721301317214966,-0.29105421900749207,0.2750687301158905
1821,37,20,0.08636943995952606,-0.2281133532524109,-0.29105421900749207,0.2750687301158905
1822,37,21,0.32409778237342834,-0.1961642950773239,-0.29105421900749207,0.2750687301158905
1823,37,22,0.26442527770996094,-0.10573802143335342,-0.29105421900749207,0.2750687301158905
1824,37,23,-0.051941368728876114,-0.3690386116504669,-0.29105421900749207,0.2750687301158905
1825,37,24,-0.06045616790652275,-0.5374071598052979,-0.29105421900749207,0.2750687301158905
1826,37,25,0.13228827714920044,0.16971145570278168,-0.29105421900749207,0.2750687301158905
1827,37,26,0.04121330752968788,-0.7954817414283752,-0.29105421900749207,0.2750687301158905
1828,37,27,-0.16346250474452972,-0.028330594301223755,-0.29105421900749207,0.2750687301158905
1829,37,28,0.17047086358070374,-0.9681593179702759,-0.29105421900749207,0.2750687301158905
1830,37,29,0.09791789203882217,-0.13122621178627014,-0.29105421900749207,0.2750687301158905
1831,37,30,-0.029638828709721565,0.006152818910777569,-0.29105421900749207,0.2750687301158905
1832,37,31,-0.07184188812971115,-0.19989535212516785,-0.29105421900749207,0.2750687301158905
1833,37,32,0.13602982461452484,0.1583264023065567,-0.29105421900749207,0.2750687301158905
1834,37,33,0.18352293968200684,-0.4916438162326813,-0.29105421900749207,0.2750687301158905
1835,37,34,0.13761653006076813,-0.436123251914978,-0.29105421900749207,0.2750687301158905
1836,37,35,0.06827808171510696,-0.26020705699920654,-0.29105421900749207,0.2750687301158905
1837,37,36,-0.1619386225938797,-0.5555201172828674,-0.29105421900749207,0.2750687301158905
1838,37,37,0.25918397307395935,-0.2921154797077179,-0.29105421900749207,0.2750687301158905
1839,37,38,0.2941306531429291,-0.5512270331382751,-0.29105421900749207,0.2750687301158905
1840,37,39,0.29389891028404236,-0.5304415822029114,-0.29105421900749207,0.2750687301158905
1841,37,40,0.3612324595451355,-0.7279843091964722,-0.29105421900749207,0.2750687301158905
1842,37,41,0.5627878904342651,-0.3912980556488037,-0.29105421900749207,0.2750687301158905
1843,37,42,0.5444279313087463,-0.5629235506057739,-0.29105421900749207,0.2750687301158905
1844,37,43,0.4950723350048065,-0.41603273153305054,-0.29105421900749207,0.2750687301158905
1845,37,44,0.3779295086860657,-0.7625852823257446,-0.29105421900749207,0.2750687301158905
1846,37,45,0.4899156987667084,0.015113788656890392,-0.29105421900749207,0.2750687301158905
1847,37,46,0.5387952327728271,-0.653276801109314,-0.29105421900749207,0.2750687301158905
1848,37,47,0.267403244972229,-0.43998581171035767,-0.29105421900749207,0.2750687301158905
1849,37,48,0.2465304732322693,-0.41084420680999756,-0.29105421900749207,0.2750687301158905
1850,37,49,0.13240961730480194,-0.12277070432901382,-0.29105421900749207,0.2750687301158905
1851,38,0,0.49143025279045105,-0.7114760875701904,-0.2927077114582062,0.313409686088562
1852,38,1,0.32355648279190063,-0.08243214339017868,-0.2927077114582062,0.313409686088562
1853,38,2,0.16166622936725616,-0.7663344144821167,-0.2927077114582062,0.313409686088562
1854,38,3,0.2186051458120346,-0.41380178928375244,-0.2927077114582062,0.313409686088562
1855,38,4,0.4225273132324219,-0.48602762818336487,-0.2927077114582062,0.313409686088562
1856,38,5,-0.003926880192011595,-0.16058270633220673,-0.2927077114582062,0.313409686088562
1857,38,6,-0.09435497969388962,-0.12424878776073456,-0.2927077114582062,0.313409686088562
1858,38,7,0.08831122517585754,-0.16747505962848663,-0.2927077114582062,0.313409686088562
1859,38,8,0.5158743262290955,-0.1736333668231964,-0.2927077114582062,0.313409686088562
1860,38,9,0.32792866230010986,-0.34469619393348694,-0.2927077114582062,0.313409686088562
1861,38,10,-0.0477924682199955,-0.6369695663452148,-0.2927077114582062,0.313409686088562
1862,38,11,-0.1315314620733261,-0.5279025435447693,-0.2927077114582062,0.313409686088562
1863,38,12,0.27808481454849243,-0.34765395522117615,-0.2927077114582062,0.313409686088562
1864,38,13,-0.5008782744407654,-0.3373819589614868,-0.2927077114582062,0.313409686088562
1865,38,14,-0.1783498078584671,-0.06951402127742767,-0.2927077114582062,0.313409686088562
1866,38,15,-0.13781903684139252,-0.6917057037353516,-0.2927077114582062,0.313409686088562
1867,38,16,0.08238275349140167,-0.2047782838344574,-0.2927077114582062,0.313409686088562
1868,38,17,0.4151020348072052,-0.08858714997768402,-0.2927077114582062,0.313409686088562
1869,38,18,0.2726612687110901,-0.1875205636024475,-0.2927077114582062,0.313409686088562
1870,38,19,0.370785117149353,0.1704784482717514,-0.2927077114582062,0.313409686088562
1871,38,20,-0.07520075887441635,-0.42545902729034424,-0.2927077114582062,0.313409686088562
1872,38,21,-0.4302822947502136,-1.0,-0.2927077114582062,0.313409686088562
1873,38,22,-0.4938606917858124,-0.2867165803909302,-0.2927077114582062,0.313409686088562
1874,38,23,-0.21510666608810425,-0.5914024710655212,-0.2927077114582062,0.313409686088562
1875,38,24,0.058980926871299744,0.040051788091659546,-0.2927077114582062,0.313409686088562
1876,38,25,-0.4822077751159668,-0.0642763078212738,-0.2927077114582062,0.313409686088562
1877,38,26,0.1195274069905281,0.11197109520435333,-0.2927077114582062,0.313409686088562
1878,38,27,0.5092816352844238,-0.755718469619751,-0.2927077114582062,0.313409686088562
1879,38,28,0.504484236240387,-0.5411441326141357,-0.2927077114582062,0.313409686088562
1880,38,29,0.16821397840976715,-0.15579190850257874,-0.2927077114582062,0.313409686088562
1881,38,30,-0.028864996507763863,-0.7054990530014038,-0.2927077114582062,0.313409686088562
1882,38,31,0.12610021233558655,-0.20267219841480255,-0.2927077114582062,0.313409686088562
1883,38,32,0.485831081867218,-0.3989383578300476,-0.2927077114582062,0.313409686088562
1884,38,33,0.35174375772476196,-0.7854613065719604,-0.2927077114582062,0.313409686088562
1885,38,34,0.12847840785980225,-0.2545914649963379,-0.2927077114582062,0.313409686088562
1886,38,35,-0.06345880031585693,-0.31191766262054443,-0.2927077114582062,0.313409686088562
1887,38,36,-0.1323263943195343,-0.21545425057411194,-0.2927077114582062,0.313409686088562
1888,38,37,-0.21565856039524078,-0.704684853553772,-0.2927077114582062,0.313409686088562
1889,38,38,-0.18084782361984253,-0.2943900525569916,-0.2927077114582062,0.313409686088562
1890,38,39,0.0036550378426909447,-0.22104646265506744,-0.2927077114582062,0.313409686088562
1891,38,40,-0.3350428342819214,-0.7905431985855103,-0.2927077114582062,0.313409686088562
1892,38,41,-0.05390041321516037,-0.5994518995285034,-0.2927077114582062,0.313409686088562
1893,38,42,-0.0645817369222641,-0.3176446557044983,-0.2927077114582062,0.313409686088562
1894,38,43,-0.13861949741840363,-0.6036849021911621,-0.2927077114582062,0.313409686088562
1895,38,44,0.16131192445755005,-0.4214118421077728,-0.2927077114582062,0.313409686088562
1896,38,45,-0.1324913501739502,-0.12434680759906769,-0.2927077114582062,0.313409686088562
1897,38,46,0.21422582864761353,-0.12370884418487549,-0.2927077114582062,0.313409686088562
1898,38,47,0.4224602282047272,-0.3072913587093353,-0.2927077114582062,0.313409686088562
1899,38,48,0.09791256487369537,-0.45766475796699524,-0.2927077114582062,0.313409686088562
1900,38,49,-0.24017634987831116,0.06582428514957428,-0.2927077114582062,0.313409686088562
1901,39,0,-0.18234701454639435,-0.29279911518096924,-0.2845287322998047,0.3367711007595062
1902,39,1,0.13316820561885834,-0.42688995599746704,-0.2845287322998047,0.3367711007595062
1903,39,2,-0.09651851654052734,-0.484833687543869,-0.2845287322998047,0.3367711007595062
1904,39,3,-0.24221251904964447,-0.7584347128868103,-0.2845287322998047,0.3367711007595062
1905,39,4,-0.17624112963676453,-0.3314354717731476,-0.2845287322998047,0.3367711007595062
1906,39,5,0.15888437628746033,-0.6191818118095398,-0.2845287322998047,0.3367711007595062
1907,39,6,0.2471388578414917,-0.2942146360874176,-0.2845287322998047,0.3367711007595062
1908,39,7,0.06878805160522461,-0.29852768778800964,-0.2845287322998047,0.3367711007595062
1909,39,8,0.154526025056839,-0.4396333694458008,-0.2845287322998047,0.3367711007595062
1910,39,9,-0.16636091470718384,0.2771243155002594,-0.2845287322998047,0.3367711007595062
1911,39,10,-0.4486047327518463,-0.3670601546764374,-0.2845287322998047,0.3367711007595062
1912,39,11,-0.4692760109901428,-0.1492217779159546,-0.2845287322998047,0.3367711007595062
1913,39,12,-0.259468138217926,0.20198966562747955,-0.2845287322998047,0.3367711007595062
1914,39,13,-0.0133588258177042,-0.568325400352478,-0.2845287322998047,0.3367711007595062
1915,39,14,-0.02184835448861122,-0.10280162841081619,-0.2845287322998047,0.3367711007595062
1916,39,15,0.10371804982423782,-0.1644517332315445,-0.2845287322998047,0.3367711007595062
1917,39,16,0.36380040645599365,-0.4346054792404175,-0.2845287322998047,0.3367711007595062
1918,39,17,0.34702131152153015,-0.324495404958725,-0.2845287322998047,0.3367711007595062
1919,39,18,-0.050876960158348083,-0.34702956676483154,-0.2845287322998047,0.3367711007595062
1920,39,19,-0.14792028069496155,-0.4510905146598816,-0.2845287322998047,0.3367711007595062
1921,39,20,-0.1646099090576172,0.20881061255931854,-0.2845287322998047,0.3367711007595062
1922,39,21,-0.2222052365541458,-0.11518773436546326,-0.2845287322998047,0.3367711007595062
1923,39,22,-0.1312410533428192,0.17972895503044128,-0.2845287322998047,0.3367711007595062
1924,39,23,0.0017283192137256265,-0.38767942786216736,-0.2845287322998047,0.3367711007595062
1925,39,24,-0.03880378603935242,-0.4521543085575104,-0.2845287322998047,0.3367711007595062
1926,39,25,-0.30147290229797363,-0.24862296879291534,-0.2845287322998047,0.3367711007595062
1927,39,26,-0.4554760158061981,0.008632145822048187,-0.2845287322998047,0.3367711007595062
1928,39,27,-0.3038483262062073,-0.7671360373497009,-0.2845287322998047,0.3367711007595062
1929,39,28,0.0022354007232934237,0.023397129029035568,-0.2845287322998047,0.3367711007595062
1930,39,29,-0.016960354521870613,-0.3375694453716278,-0.2845287322998047,0.3367711007595062
1931,39,30,0.14738698303699493,-0.19447849690914154,-0.2845287322998047,0.3367711007595062
1932,39,31,0.147507444024086,-0.5589814186096191,-0.2845287322998047,0.3367711007595062
1933,39,32,0.12957163155078888,-0.08870669454336166,-0.2845287322998047,0.3367711007595062
1934,39,33,0.34176549315452576,-0.2835576832294464,-0.2845287322998047,0.3367711007595062
1935,39,34,0.21859562397003174,-0.04601188376545906,-0.2845287322998047,0.3367711007595062
1936,39,35,0.26919037103652954,-0.5862378478050232,-0.2845287322998047,0.3367711007595062
1937,39,36,-0.07020773738622665,-0.0664069801568985,-0.2845287322998047,0.3367711007595062
1938,39,37,-0.3246540427207947,0.20943213999271393,-0.2845287322998047,0.3367711007595062
1939,39,38,0.156733900308609,-0.43848609924316406,-0.2845287322998047,0.3367711007595062
1940,39,39,-0.02561763860285282,-0.2825007736682892,-0.2845287322998047,0.3367711007595062
1941,39,40,-0.06641780585050583,-0.37700119614601135,-0.2845287322998047,0.3367711007595062
1942,39,41,-0.5028460621833801,-0.8601076006889343,-0.2845287322998047,0.3367711007595062
1943,39,42,-0.6597406268119812,-0.38068264722824097,-0.2845287322998047,0.3367711007595062
1944,39,43,-0.07352875173091888,-0.3581513464450836,-0.2845287322998047,0.3367711007595062
1945,39,44,0.012050246819853783,-0.39474040269851685,-0.2845287322998047,0.3367711007595062
1946,39,45,-0.17650724947452545,-0.3772793114185333,-0.2845287322998047,0.3367711007595062
1947,39,46,-0.37856540083885193,0.03212777525186539,-0.2845287322998047,0.3367711007595062
1948,39,47,-0.34185224771499634,0.13870292901992798,-0.2845287322998047,0.3367711007595062
1949,39,48,-0.17524291574954987,-0.04087593033909798,-0.2845287322998047,0.3367711007595062
1950,39,49,-0.2913925051689148,-0.6590312123298645,-0.2845287322998047,0.3367711007595062
1951,40,0,0.26901355385780334,-0.8774983882904053,-0.276214063167572,0.3058703541755676
1952,40,1,-0.1930244117975235,-0.1330474615097046,-0.276214063167572,0.3058703541755676
1953,40,2,0.011116706766188145,-0.7872698307037354,-0.276214063167572,0.3058703541755676
1954,40,3,0.4134416878223419,0.14290760457515717,-0.276214063167572,0.3058703541755676
1955,40,4,0.19678373634815216,-0.6617475152015686,-0.276214063167572,0.3058703541755676
1956,40,5,-0.05499926581978798,-0.5019785761833191,-0.276214063167572,0.3058703541755676
1957,40,6,0.07151108235120773,-0.17083004117012024,-0.276214063167572,0.3058703541755676
1958,40,7,0.14557486772537231,-0.1526167094707489,-0.276214063167572,0.3058703541755676
1959,40,8,-0.015785718336701393,-0.7033869624137878,-0.276214063167572,0.3058703541755676
1960,40,9,0.11287546902894974,-0.13200077414512634,-0.276214063167572,0.3058703541755676
1961,40,10,0.3293631076812744,0.0004570532182697207,-0.276214063167572,0.3058703541755676
1962,40,11,0.29861462116241455,-0.37706243991851807,-0.276214063167572,0.3058703541755676
1963,40,12,0.01739521697163582,-0.1595909744501114,-0.276214063167572,0.3058703541755676
1964,40,13,0.22253501415252686,-0.3767271339893341,-0.276214063167572,0.3058703541755676
1965,40,14,0.2761009633541107,0.12481851130723953,-0.276214063167572,0.3058703541755676
1966,40,15,0.10709452629089355,-0.09630273282527924,-0.276214063167572,0.3058703541755676
1967,40,16,0.04840543493628502,-0.10464887320995331,-0.276214063167572,0.3058703541755676
1968,40,17,0.18088163435459137,-0.3168436586856842,-0.276214063167572,0.3058703541755676
1969,40,18,0.1572241336107254,0.040725309401750565,-0.276214063167572,0.3058703541755676
1970,40,19,-0.06865204870700836,0.03986022248864174,-0.276214063167572,0.3058703541755676
1971,40,20,-0.30470016598701477,-0.005509812850505114,-0.276214063167572,0.3058703541755676
1972,40,21,-0.13762088119983673,-0.8814764022827148,-0.276214063167572,0.3058703541755676
1973,40,22,0.09960877895355225,-0.1373552829027176,-0.276214063167572,0.3058703541755676
1974,40,23,0.19767171144485474,-0.7562151551246643,-0.276214063167572,0.3058703541755676
1975,40,24,0.23226812481880188,-0.08284331113100052,-0.276214063167572,0.3058703541755676
1976,40,25,0.1635894775390625,-0.4737859070301056,-0.276214063167572,0.3058703541755676
1977,40,26,-0.045953068882226944,-0.011190910823643208,-0.276214063167572,0.3058703541755676
1978,40,27,-0.22035765647888184,0.12146907299757004,-0.276214063167572,0.3058703541755676
1979,40,28,-0.3106882870197296,0.17213010787963867,-0.276214063167572,0.3058703541755676
1980,40,29,-0.08455196022987366,0.05807613208889961,-0.276214063167572,0.3058703541755676
1981,40,30,-0.17077092826366425,-0.5050501227378845,-0.276214063167572,0.3058703541755676
1982,40,31,-0.016533873975276947,-0.09418634325265884,-0.276214063167572,0.3058703541755676
1983,40,32,0.28987205028533936,-0.1440647691488266,-0.276214063167572,0.3058703541755676
1984,40,33,0.6019328832626343,-0.17093834280967712,-0.276214063167572,0.3058703541755676
1985,40,34,0.5690509080886841,-0.2862967550754547,-0.276214063167572,0.3058703541755676
1986,40,35,0.2628571093082428,-0.4465874433517456,-0.276214063167572,0.3058703541755676
1987,40,36,-0.19770081341266632,-0.27621135115623474,-0.276214063167572,0.3058703541755676
1988,40,37,-0.31978195905685425,0.255884051322937,-0.276214063167572,0.3058703541755676
1989,40,38,-0.24025322496891022,-0.4245872497558594,-0.276214063167572,0.3058703541755676
1990,40,39,-0.24497611820697784,0.4333924949169159,-0.276214063167572,0.3058703541755676
1991,40,40,0.04273463785648346,-0.38683244585990906,-0.276214063167572,0.3058703541755676
1992,40,41,-0.14100663363933563,-0.09579639881849289,-0.276214063167572,0.3058703541755676
1993,40,42,-0.1790008693933487,0.07778313010931015,-0.276214063167572,0.3058703541755676
1994,40,43,-0.02405763790011406,-0.7070513963699341,-0.276214063167572,0.3058703541755676
1995,40,44,0.10134685784578323,-0.10272430628538132,-0.276214063167572,0.3058703541755676
1996,40,45,0.3541569411754608,0.11511021852493286,-0.276214063167572,0.3058703541755676
1997,40,46,0.17777341604232788,-0.042171794921159744,-0.276214063167572,0.3058703541755676
1998,40,47,0.053614646196365356,-0.5659018158912659,-0.276214063167572,0.3058703541755676
1999,40,48,-0.09436246007680893,0.21881547570228577,-0.276214063167572,0.3058703541755676
2000,40,49,0.0446527823805809,-0.27894529700279236,-0.276214063167572,0.3058703541755676
2001,41,0,0.3216206729412079,-0.021947525441646576,-0.2929568588733673,0.2773817181587219
2002,41,1,0.015587822534143925,-0.18468177318572998,-0.2929568588733673,0.2773817181587219
2003,41,2,0.09460178017616272,-0.27903077006340027,-0.2929568588733673,0.2773817181587219
2004,41,3,0.4296145439147949,-0.015389516018331051,-0.2929568588733673,0.2773817181587219
2005,41,4,0.23295575380325317,-1.0,-0.2929568588733673,0.2773817181587219
2006,41,5,-0.3525729775428772,-0.3313450515270233,-0.2929568588733673,0.2773817181587219
2007,41,6,-0.2284277230501175,-0.30162283778190613,-0.2929568588733673,0.2773817181587219
2008,41,7,0.08667588979005814,-0.34401535987854004,-0.2929568588733673,0.2773817181587219
2009,41,8,-0.0362989567220211,-0.332629919052124,-0.2929568588733673,0.2773817181587219
2010,41,9,-0.23525086045265198,-0.7077118754386902,-0.2929568588733673,0.2773817181587219
2011,41,10,-0.2599807381629944,-0.2731855809688568,-0.2929568588733673,0.2773817181587219
2012,41,11,-0.11106867343187332,-0.36639606952667236,-0.2929568588733673,0.2773817181587219
2013,41,12,-0.12590397894382477,0.14511887729167938,-0.2929568588733673,0.2773817181587219
2014,41,13,-0.175358846783638,-0.4664548635482788,-0.2929568588733673,0.2773817181587219
2015,41,14,-0.28595516085624695,-0.6494812369346619,-0.2929568588733673,0.2773817181587219
2016,41,15,-0.36591237783432007,-0.3937092125415802,-0.2929568588733673,0.2773817181587219
2017,41,16,0.06462643295526505,-0.6960774660110474,-0.2929568588733673,0.2773817181587219
2018,41,17,0.05318016558885574,-0.6337844729423523,-0.2929568588733673,0.2773817181587219
2019,41,18,0.033457644283771515,-0.7409217357635498,-0.2929568588733673,0.2773817181587219
2020,41,19,0.2943089008331299,-0.8356617093086243,-0.2929568588733673,0.2773817181587219
2021,41,20,0.46424466371536255,-0.057777807116508484,-0.2929568588733673,0.2773817181587219
2022,41,21,0.26101401448249817,0.11848647147417068,-0.2929568588733673,0.2773817181587219
2023,41,22,0.0934925377368927,-0.32868632674217224,-0.2929568588733673,0.2773817181587219
2024,41,23,0.2592166066169739,-0.2908407747745514,-0.2929568588733673,0.2773817181587219
2025,41,24,0.1784626990556717,-0.5863302946090698,-0.2929568588733673,0.2773817181587219
2026,41,25,-0.26136812567710876,-0.11003550887107849,-0.2929568588733673,0.2773817181587219
2027,41,26,-0.20080584287643433,-0.13557256758213043,-0.2929568588733673,0.2773817181587219
2028,41,27,0.15431781113147736,-0.4155936539173126,-0.2929568588733673,0.2773817181587219
2029,41,28,0.20594732463359833,-0.3774619400501251,-0.2929568588733673,0.2773817181587219
2030,41,29,-0.039929021149873734,-0.5689422488212585,-0.2929568588733673,0.2773817181587219
2031,41,30,-0.40733999013900757,-0.6611719727516174,-0.2929568588733673,0.2773817181587219
2032,41,31,-0.012349067255854607,-0.7693359851837158,-0.2929568588733673,0.2773817181587219
2033,41,32,0.16613055765628815,-0.18087247014045715,-0.2929568588733673,0.2773817181587219
2034,41,33,0.08848235756158829,-0.22530168294906616,-0.2929568588733673,0.2773817181587219
2035,41,34,-0.21725402772426605,0.025842981413006783,-0.2929568588733673,0.2773817181587219
2036,41,35,-0.44112786650657654,-0.7571771144866943,-0.2929568588733673,0.2773817181587219
2037,41,36,-0.2928348183631897,-0.7017379999160767,-0.2929568588733673,0.2773817181587219
2038,41,37,-0.18841403722763062,0.08084810525178909,-0.2929568588733673,0.2773817181587219
2039,41,38,-0.2580958902835846,-0.40398380160331726,-0.2929568588733673,0.2773817181587219
2040,41,39,-0.2652391791343689,0.3742715120315552,-0.2929568588733673,0.2773817181587219
2041,41,40,-0.15063995122909546,-0.49306681752204895,-0.2929568588733673,0.2773817181587219
2042,41,41,-0.16509108245372772,-0.5733407139778137,-0.2929568588733673,0.2773817181587219
2043,41,42,-0.13788726925849915,0.011778720654547215,-0.2929568588733673,0.2773817181587219
2044,41,43,-0.10542052239179611,-0.04664551839232445,-0.2929568588733673,0.2773817181587219
2045,41,44,0.15150086581707,-0.7281867265701294,-0.2929568588733673,0.2773817181587219
2046,41,45,0.21884407103061676,-0.20115461945533752,-0.2929568588733673,0.2773817181587219
2047,41,46,-0.0018958536675199866,-0.4010348320007324,-0.2929568588733673,0.2773817181587219
2048,41,47,-0.3340291976928711,-0.9567896723747253,-0.2929568588733673,0.2773817181587219
2049,41,48,-0.4917021095752716,0.004482014570385218,-0.2929568588733673,0.2773817181587219
2050,41,49,-0.2966650724411011,-0.23397676646709442,-0.2929568588733673,0.2773817181587219
2051,42,0,-0.6872190833091736,0.06662686169147491,-0.310980886220932,0.24168674647808075
2052,42,1,-0.11748534440994263,-0.0062497444450855255,-0.310980886220932,0.24168674647808075
2053,42,2,-0.12030886113643646,0.12052909284830093,-0.310980886220932,0.24168674647808075
2054,42,3,-0.002195442095398903,-0.3328632414340973,-0.310980886220932,0.24168674647808075
2055,42,4,-0.1734628677368164,-0.23850587010383606,-0.310980886220932,0.24168674647808075
2056,42,5,-0.3221285045146942,-0.2769502103328705,-0.310980886220932,0.24168674647808075
2057,42,6,-0.12494754046201706,0.05579741299152374,-0.310980886220932,0.24168674647808075
2058,42,7,-0.2624368667602539,-0.6004075407981873,-0.310980886220932,0.24168674647808075
2059,42,8,-0.20860786736011505,0.03622422739863396,-0.310980886220932,0.24168674647808075
2060,42,9,0.003931872081011534,-0.036548271775245667,-0.310980886220932,0.24168674647808075
2061,42,10,0.35413920879364014,-0.6770816445350647,-0.310980886220932,0.24168674647808075
2062,42,11,0.22768504917621613,-0.3190559148788452,-0.310980886220932,0.24168674647808075
2063,42,12,0.22165685892105103,-0.19853800535202026,-0.310980886220932,0.24168674647808075
2064,42,13,0.22724272310733795,-0.1112685427069664,-0.310980886220932,0.24168674647808075
2065,42,14,0.02338341251015663,0.33334165811538696,-0.310980886220932,0.24168674647808075
2066,42,15,-0.029272256419062614,0.3248506486415863,-0.310980886220932,0.24168674647808075
2067,42,16,-0.20723675191402435,-0.257761687040329,-0.310980886220932,0.24168674647808075
2068,42,17,-0.4050608277320862,-0.8401350975036621,-0.310980886220932,0.24168674647808075
2069,42,18,-0.18822677433490753,-0.17977669835090637,-0.310980886220932,0.24168674647808075
2070,42,19,0.0012228050036355853,-0.701301097869873,-0.310980886220932,0.24168674647808075
2071,42,20,0.0490381084382534,-0.6315867900848389,-0.310980886220932,0.24168674647808075
2072,42,21,0.0916949063539505,0.08059393614530563,-0.310980886220932,0.24168674647808075
2073,42,22,0.3365994095802307,-0.38067278265953064,-0.310980886220932,0.24168674647808075
2074,42,23,0.18505015969276428,-0.33415040373802185,-0.310980886220932,0.24168674647808075
2075,42,24,-0.014992761425673962,-0.6634746789932251,-0.310980886220932,0.24168674647808075
2076,42,25,-0.17846287786960602,-0.18951378762722015,-0.310980886220932,0.24168674647808075
2077,42,26,0.05864617973566055,-0.36848142743110657,-0.310980886220932,0.24168674647808075
2078,42,27,0.150761678814888,-0.3856642544269562,-0.310980886220932,0.24168674647808075
2079,42,28,-0.13266032934188843,-0.0037043257616460323,-0.310980886220932,0.24168674647808075
2080,42,29,-0.44883978366851807,-0.6685000658035278,-0.310980886220932,0.24168674647808075
2081,42,30,-0.33451446890830994,-0.3858492374420166,-0.310980886220932,0.24168674647808075
2082,42,31,0.23847439885139465,0.1013978123664856,-0.310980886220932,0.24168674647808075
2083,42,32,0.27642783522605896,-0.15328757464885712,-0.310980886220932,0.24168674647808075
2084,42,33,0.37803158164024353,-0.47952765226364136,-0.310980886220932,0.24168674647808075
2085,42,34,0.5409092903137207,-0.2121734619140625,-0.310980886220932,0.24168674647808075
2086,42,35,0.18961337208747864,-0.3768739104270935,-0.310980886220932,0.24168674647808075
2087,42,36,0.19168221950531006,-0.1343187540769577,-0.310980886220932,0.24168674647808075
2088,42,37,0.34656086564064026,-0.11723409593105316,-0.310980886220932,0.24168674647808075
2089,42,38,-0.027529720216989517,-0.4828221797943115,-0.310980886220932,0.24168674647808075
2090,42,39,-0.04021812602877617,0.023379802703857422,-0.310980886220932,0.24168674647808075
2091,42,40,0.10908843576908112,-0.6986760497093201,-0.310980886220932,0.24168674647808075
2092,42,41,0.16565082967281342,-0.5566315650939941,-0.310980886220932,0.24168674647808075
2093,42,42,0.16423197090625763,-0.49190717935562134,-0.310980886220932,0.24168674647808075
2094,42,43,0.14739570021629333,-0.1186070442199707,-0.310980886220932,0.24168674647808075
2095,42,44,0.02652086690068245,-0.6426336765289307,-0.310980886220932,0.24168674647808075
2096,42,45,0.3060475289821625,-0.19757403433322906,-0.310980886220932,0.24168674647808075
2097,42,46,0.2618630528450012,-0.3283941447734833,-0.310980886220932,0.24168674647808075
2098,42,47,0.21288719773292542,-0.9013133645057678,-0.310980886220932,0.24168674647808075
2099,42,48,0.02145601436495781,-1.0,-0.310980886220932,0.24168674647808075
2100,42,49,0.3973747491836548,-0.6577884554862976,-0.310980886220932,0.24168674647808075
2101,43,0,0.006654518656432629,-0.48951780796051025,-0.3351576626300812,0.2184683233499527
2102,43,1,-0.31983819603919983,0.08019231259822845,-0.3351576626300812,0.2184683233499527
2103,43,2,0.28572624921798706,-0.4285488426685333,-0.3351576626300812,0.2184683233499527
2104,43,3,0.5015944242477417,-0.7402134537696838,-0.3351576626300812,0.2184683233499527
2105,43,4,0.038678139448165894,-0.42260539531707764,-0.3351576626300812,0.2184683233499527
2106,43,5,-0.38566482067108154,-0.33859017491340637,-0.3351576626300812,0.2184683233499527
2107,43,6,-0.11322296410799026,-0.15803469717502594,-0.3351576626300812,0.2184683233499527
2108,43,7,-0.13122589886188507,-0.6007286310195923,-0.3351576626300812,0.2184683233499527
2109,43,8,-0.23488359153270721,0.27773481607437134,-0.3351576626300812,0.2184683233499527
2110,43,9,-0.22056297957897186,-0.33360373973846436,-0.3351576626300812,0.2184683233499527
2111,43,10,0.09343154728412628,-0.2631683349609375,-0.3351576626300812,0.2184683233499527
2112,43,11,-0.2280346155166626,-0.4367019832134247,-0.3351576626300812,0.2184683233499527
2113,43,12,-0.3187355399131775,-0.5722733736038208,-0.3351576626300812,0.2184683233499527
2114,43,13,-0.16565264761447906,-0.08951213210821152,-0.3351576626300812,0.2184683233499527
2115,43,14,-0.5073554515838623,-0.53676837682724,-0.3351576626300812,0.2184683233499527
2116,43,15,-0.43801257014274597,-0.050772909075021744,-0.3351576626300812,0.2184683233499527
2117,43,16,0.21630717813968658,-0.2939213216304779,-0.3351576626300812,0.2184683233499527
2118,43,17,-0.03344598412513733,-0.5720913410186768,-0.3351576626300812,0.2184683233499527
2119,43,18,-0.13158519566059113,-0.30583134293556213,-0.3351576626300812,0.2184683233499527
2120,43,19,-0.2658705413341522,-0.44346883893013,-0.3351576626300812,0.2184683233499527
2121,43,20,-0.009366970509290695,-0.3957670032978058,-0.3351576626300812,0.2184683233499527
2122,43,21,0.35537290573120117,-0.5897652506828308,-0.3351576626300812,0.2184683233499527
2123,43,22,-0.16603423655033112,-0.24423786997795105,-0.3351576626300812,0.2184683233499527
2124,43,23,-0.3988448977470398,-0.674291729927063,-0.3351576626300812,0.2184683233499527
2125,43,24,0.3719811737537384,0.05106595903635025,-0.3351576626300812,0.2184683233499527
2126,43,25,0.4916549623012543,-1.0,-0.3351576626300812,0.2184683233499527
2127,43,26,0.44404497742652893,-0.35481899976730347,-0.3351576626300812,0.2184683233499527
2128,43,27,0.19041801989078522,-0.2846679091453552,-0.3351576626300812,0.2184683233499527
2129,43,28,0.2198026031255722,-0.2465381920337677,-0.3351576626300812,0.2184683233499527
2130,43,29,-0.0647728219628334,-0.43639060854911804,-0.3351576626300812,0.2184683233499527
2131,43,30,-0.38671615719795227,-0.2625492215156555,-0.3351576626300812,0.2184683233499527
2132,43,31,-0.3734162747859955,-0.6828621029853821,-0.3351576626300812,0.2184683233499527
2133,43,32,-0.44509080052375793,-0.6938351392745972,-0.3351576626300812,0.2184683233499527
2134,43,33,-0.08309776335954666,-0.25177326798439026,-0.3351576626300812,0.2184683233499527
2135,43,34,0.2324780970811844,-0.3717707097530365,-0.3351576626300812,0.2184683233499527
2136,43,35,0.23777258396148682,-0.7184011936187744,-0.3351576626300812,0.2184683233499527
2137,43,36,0.3978806436061859,-0.2577626705169678,-0.3351576626300812,0.2184683233499527
2138,43,37,0.11859915405511856,-0.7634085416793823,-0.3351576626300812,0.2184683233499527
2139,43,38,-0.11464489996433258,-0.5090773701667786,-0.3351576626300812,0.2184683233499527
2140,43,39,-0.09856961667537689,-0.1549408882856369,-0.3351576626300812,0.2184683233499527
2141,43,40,-0.13177670538425446,-0.639870822429657,-0.3351576626300812,0.2184683233499527
2142,43,41,0.40627604722976685,-0.6187106370925903,-0.3351576626300812,0.2184683233499527
2143,43,42,0.05594682693481445,-0.5454295873641968,-0.3351576626300812,0.2184683233499527
2144,43,43,-0.47527074813842773,-0.2980966866016388,-0.3351576626300812,0.2184683233499527
2145,43,44,-0.10405419021844864,-0.233247771859169,-0.3351576626300812,0.2184683233499527
2146,43,45,0.15555725991725922,-0.3765793442726135,-0.3351576626300812,0.2184683233499527
2147,43,46,0.42751654982566833,-0.12662729620933533,-0.3351576626300812,0.2184683233499527
2148,43,47,0.17766837775707245,-0.2410077452659607,-0.3351576626300812,0.2184683233499527
2149,43,48,-0.18220709264278412,-0.3351335823535919,-0.3351576626300812,0.2184683233499527
2150,43,49,-0.11224380135536194,-0.7111876010894775,-0.3351576626300812,0.2184683233499527
2151,44,0,0.3226507604122162,-0.356248140335083,-0.3588285446166992,0.198685422539711
2152,44,1,0.2245306521654129,-0.5361079573631287,-0.3588285446166992,0.198685422539711
2153,44,2,0.2392033040523529,0.19270633161067963,-0.3588285446166992,0.198685422539711
2154,44,3,0.2625557780265808,-0.3088471293449402,-0.3588285446166992,0.198685422539711
2155,44,4,0.3728574216365814,-0.7400241494178772,-0.3588285446166992,0.198685422539711
2156,44,5,0.6270246505737305,-0.6174938678741455,-0.3588285446166992,0.198685422539711
2157,44,6,0.5012272596359253,-0.07056423276662827,-0.3588285446166992,0.198685422539711
2158,44,7,0.3035854995250702,-0.39590391516685486,-0.3588285446166992,0.198685422539711
2159,44,8,0.44143953919410706,-0.015675313770771027,-0.3588285446166992,0.198685422539711
2160,44,9,0.23378446698188782,-0.2916756272315979,-0.3588285446166992,0.198685422539711
2161,44,10,0.06605788320302963,0.1750183254480362,-0.3588285446166992,0.198685422539711
2162,44,11,0.01535924430936575,-0.2941659390926361,-0.3588285446166992,0.198685422539711
2163,44,12,-0.04875819385051727,-0.16975925862789154,-0.3588285446166992,0.198685422539711
2164,44,13,0.1578568071126938,-1.0,-0.3588285446166992,0.198685422539711
2165,44,14,0.027582768350839615,0.12427127361297607,-0.3588285446166992,0.198685422539711
2166,44,15,-0.1816011518239975,-0.1880411058664322,-0.3588285446166992,0.198685422539711
2167,44,16,0.1039324402809143,-0.3451254963874817,-0.3588285446166992,0.198685422539711
2168,44,17,0.29482394456863403,-0.5464005470275879,-0.3588285446166992,0.198685422539711
2169,44,18,0.1107337698340416,-0.29764771461486816,-0.3588285446166992,0.198685422539711
2170,44,19,0.12900008261203766,-0.351451575756073,-0.3588285446166992,0.198685422539711
2171,44,20,0.2527284324169159,-0.06264980882406235,-0.3588285446166992,0.198685422539711
2172,44,21,-0.10257606953382492,-0.33879467844963074,-0.3588285446166992,0.198685422539711
2173,44,22,-0.11751861125230789,-0.7005139589309692,-0.3588285446166992,0.198685422539711
2174,44,23,-0.06184419244527817,-0.6847879886627197,-0.3588285446166992,0.198685422539711
2175,44,24,0.040205348283052444,-0.31765925884246826,-0.3588285446166992,0.198685422539711
2176,44,25,0.2635391354560852,-0.2014131098985672,-0.3588285446166992,0.198685422539711
2177,44,26,0.35429272055625916,-0.4950798451900482,-0.3588285446166992,0.198685422539711
2178,44,27,0.38263747096061707,0.24857278168201447,-0.3588285446166992,0.198685422539711
2179,44,28,-0.01073518767952919,-0.1389356255531311,-0.3588285446166992,0.198685422539711
2180,44,29,0.12043318152427673,-0.8743687868118286,-0.3588285446166992,0.198685422539711
2181,44,30,0.3889050781726837,-0.4537380337715149,-0.3588285446166992,0.198685422539711
2182,44,31,0.23667339980602264,-0.6161263585090637,-0.3588285446166992,0.198685422539711
2183,44,32,-0.1415046602487564,-0.2479833960533142,-0.3588285446166992,0.198685422539711
2184,44,33,-0.21648359298706055,-0.047479309141635895,-0.3588285446166992,0.198685422539711
2185,44,34,0.1682777851819992,-0.431922972202301,-0.3588285446166992,0.198685422539711
2186,44,35,0.1784481257200241,-0.138386070728302,-0.3588285446166992,0.198685422539711
2187,44,36,0.16027598083019257,0.0833674967288971,-0.3588285446166992,0.198685422539711
2188,44,37,0.10310825705528259,-0.7193390130996704,-0.3588285446166992,0.198685422539711
2189,44,38,-0.09177377820014954,-0.39232826232910156,-0.3588285446166992,0.198685422539711
2190,44,39,-0.1350177377462387,-0.5515021085739136,-0.3588285446166992,0.198685422539711
2191,44,40,-0.3254760205745697,-0.2834852933883667,-0.3588285446166992,0.198685422539711
2192,44,41,-0.16086620092391968,0.3583957850933075,-0.3588285446166992,0.198685422539711
2193,44,42,-0.1286804974079132,-0.8276785016059875,-0.3588285446166992,0.198685422539711
2194,44,43,-0.10919926315546036,-0.22519423067569733,-0.3588285446166992,0.198685422539711
2195,44,44,-0.26146647334098816,-0.4383719563484192,-0.3588285446166992,0.198685422539711
2196,44,45,-0.2525772750377655,-0.029029523953795433,-0.3588285446166992,0.198685422539711
2197,44,46,-0.3647921681404114,-0.5093236565589905,-0.3588285446166992,0.198685422539711
2198,44,47,0.028946246951818466,-0.8514099717140198,-0.3588285446166992,0.198685422539711
2199,44,48,0.42471843957901,-0.575084924697876,-0.3588285446166992,0.198685422539711
2200,44,49,0.34357744455337524,-0.5148980021476746,-0.3588285446166992,0.198685422539711
2201,45,0,0.33187827467918396,-0.24644288420677185,-0.37988248467445374,0.19850578904151917
2202,45,1,0.35541895031929016,0.46437475085258484,-0.37988248467445374,0.19850578904151917
2203,45,2,-0.05993393063545227,-0.13379037380218506,-0.37988248467445374,0.19850578904151917
2204,45,3,-0.16999255120754242,-0.22751453518867493,-0.37988248467445374,0.19850578904151917
2205,45,4,-0.15745840966701508,-0.8102095127105713,-0.37988248467445374,0.19850578904151917
2206,45,5,0.045339878648519516,-0.6279613375663757,-0.37988248467445374,0.19850578904151917
2207,45,6,0.1318480223417282,-0.17394523322582245,-0.37988248467445374,0.19850578904151917
2208,45,7,0.07385674118995667,-0.478508859872818,-0.37988248467445374,0.19850578904151917
2209,45,8,0.1955127865076065,-0.740808367729187,-0.37988248467445374,0.19850578904151917
2210,45,9,0.009773164987564087,-0.39767929911613464,-0.37988248467445374,0.19850578904151917
2211,45,10,0.05493451654911041,-0.9940232038497925,-0.37988248467445374,0.19850578904151917
2212,45,11,0.17837558686733246,-0.17417331039905548,-0.37988248467445374,0.19850578904151917
2213,45,12,0.1435721218585968,-0.11197938024997711,-0.37988248467445374,0.19850578904151917
2214,45,13,0.18137963116168976,-0.4034111201763153,-0.37988248467445374,0.19850578904151917
2215,45,14,0.2401137501001358,-0.5419334769248962,-0.37988248467445374,0.19850578904151917
2216,45,15,0.2621499001979828,-0.1659674197435379,-0.37988248467445374,0.19850578904151917
2217,45,16,0.4793976843357086,-0.47921237349510193,-0.37988248467445374,0.19850578904151917
2218,45,17,0.37742018699645996,-0.09585069119930267,-0.37988248467445374,0.19850578904151917
2219,45,18,0.05690529942512512,0.038611024618148804,-0.37988248467445374,0.19850578904151917
2220,45,19,0.22043487429618835,0.06896758079528809,-0.37988248467445374,0.19850578904151917
2221,45,20,-0.011991147883236408,-0.6056504249572754,-0.37988248467445374,0.19850578904151917
2222,45,21,-0.3437661826610565,-0.4602508544921875,-0.37988248467445374,0.19850578904151917
2223,45,22,-0.3633137047290802,-0.37924718856811523,-0.37988248467445374,0.19850578904151917
2224,45,23,0.2509828507900238,-0.4750751852989197,-0.37988248467445374,0.19850578904151917
2225,45,24,0.32933828234672546,-0.31969916820526123,-0.37988248467445374,0.19850578904151917
2226,45,25,-0.07301672548055649,-0.5485711693763733,-0.37988248467445374,0.19850578904151917
2227,45,26,0.03944772854447365,-0.33370065689086914,-0.37988248467445374,0.19850578904151917
2228,45,27,0.1698714792728424,-0.4910271465778351,-0.37988248467445374,0.19850578904151917
2229,45,28,-0.018744075670838356,0.20494136214256287,-0.37988248467445374,0.19850578904151917
2230,45,29,0.044406019151210785,-0.745752215385437,-0.37988248467445374,0.19850578904151917
2231,45,30,0.19652193784713745,-0.5328506231307983,-0.37988248467445374,0.19850578904151917
2232,45,31,0.25643789768218994,-0.3322547674179077,-0.37988248467445374,0.19850578904151917
2233,45,32,0.2875332832336426,0.018270110711455345,-0.37988248467445374,0.19850578904151917
2234,45,33,0.014227094128727913,-0.2642161250114441,-0.37988248467445374,0.19850578904151917
2235,45,34,-0.12345074117183685,-0.1949668824672699,-0.37988248467445374,0.19850578904151917
2236,45,35,-0.18452104926109314,-0.5581054091453552,-0.37988248467445374,0.19850578904151917
2237,45,36,-0.2540721595287323,-0.07750620692968369,-0.37988248467445374,0.19850578904151917
2238,45,37,0.11442948877811432,-0.2133936733007431,-0.37988248467445374,0.19850578904151917
2239,45,38,0.31724581122398376,-0.31349921226501465,-0.37988248467445374,0.19850578904151917
2240,45,39,0.2542768716812134,-0.03257439285516739,-0.37988248467445374,0.19850578904151917
2241,45,40,0.14771336317062378,-0.18739765882492065,-0.37988248467445374,0.19850578904151917
2242,45,41,0.07512329518795013,-0.32593268156051636,-0.37988248467445374,0.19850578904151917
2243,45,42,-0.02668123133480549,-0.7616947889328003,-0.37988248467445374,0.19850578904151917
2244,45,43,0.2251635491847992,-0.7137774229049683,-0.37988248467445374,0.19850578904151917
2245,45,44,0.32071128487586975,-0.2215522974729538,-0.37988248467445374,0.19850578904151917
2246,45,45,-0.008551910519599915,-0.44906920194625854,-0.37988248467445374,0.19850578904151917
2247,45,46,-0.04211157187819481,-0.3341180384159088,-0.37988248467445374,0.19850578904151917
2248,45,47,-0.017552979290485382,-0.19170938432216644,-0.37988248467445374,0.19850578904151917
2249,45,48,0.059797681868076324,0.09859656542539597,-0.37988248467445374,0.19850578904151917
2250,45,49,-0.0432615801692009,-0.38232719898223877,-0.37988248467445374,0.19850578904151917
2251,46,0,0.12057579308748245,0.10286390781402588,-0.4093894958496094,0.22104957699775696
2252,46,1,0.18583883345127106,-0.36652958393096924,-0.4093894958496094,0.22104957699775696
2253,46,2,-0.2984204888343811,0.06503426283597946,-0.4093894958496094,0.22104957699775696
2254,46,3,-0.4446924030780792,-0.6154069900512695,-0.4093894958496094,0.22104957699775696
2255,46,4,-0.1327047049999237,-0.11861579865217209,-0.4093894958496094,0.22104957699775696
2256,46,5,0.004970079753547907,-0.4172002375125885,-0.4093894958496094,0.22104957699775696
2257,46,6,0.11914119869470596,0.21995535492897034,-0.4093894958496094,0.22104957699775696
2258,46,7,-0.11901923269033432,-0.30137985944747925,-0.4093894958496094,0.22104957699775696
2259,46,8,-0.3751256465911865,-0.7403997778892517,-0.4093894958496094,0.22104957699775696
2260,46,9,-0.21845270693302155,-0.4583434462547302,-0.4093894958496094,0.22104957699775696
2261,46,10,-0.23847919702529907,-0.3266393840312958,-0.4093894958496094,0.22104957699775696
2262,46,11,-0.1724410504102707,-0.29204052686691284,-0.4093894958496094,0.22104957699775696
2263,46,12,-0.10506297647953033,-0.4248485863208771,-0.4093894958496094,0.22104957699775696
2264,46,13,-0.36636921763420105,-0.5734354853630066,-0.4093894958496094,0.22104957699775696
2265,46,14,-0.5309330821037292,-0.07867324352264404,-0.4093894958496094,0.22104957699775696
2266,46,15,-0.4054527282714844,-0.09753929823637009,-0.4093894958496094,0.22104957699775696
2267,46,16,0.29483288526535034,-0.17213475704193115,-0.4093894958496094,0.22104957699775696
2268,46,17,0.21780048310756683,-0.6597555875778198,-0.4093894958496094,0.22104957699775696
2269,46,18,0.0951666608452797,-0.20338931679725647,-0.4093894958496094,0.22104957699775696
2270,46,19,0.12265098839998245,-0.0673222616314888,-0.4093894958496094,0.22104957699775696
2271,46,20,0.29114559292793274,-0.5469860434532166,-0.4093894958496094,0.22104957699775696
2272,46,21,0.36440274119377136,-0.07415620237588882,-0.4093894958496094,0.22104957699775696
2273,46,22,0.31686627864837646,-0.6660414338111877,-0.4093894958496094,0.22104957699775696
2274,46,23,0.25344741344451904,-0.6096106767654419,-0.4093894958496094,0.22104957699775696
2275,46,24,0.24719074368476868,-0.3806142210960388,-0.4093894958496094,0.22104957699775696
2276,46,25,0.007906241342425346,0.02707766741514206,-0.4093894958496094,0.22104957699775696
2277,46,26,0.4016425609588623,-0.6213555932044983,-0.4093894958496094,0.22104957699775696
2278,46,27,0.2806309163570404,-0.4982181191444397,-0.4093894958496094,0.22104957699775696
2279,46,28,-0.015192223712801933,-0.56174635887146,-0.4093894958496094,0.22104957699775696
2280,46,29,-0.020084384828805923,0.3984937369823456,-0.4093894958496094,0.22104957699775696
2281,46,30,0.500132143497467,-0.4218969941139221,-0.4093894958496094,0.22104957699775696
2282,46,31,0.26792386174201965,-0.6491612792015076,-0.4093894958496094,0.22104957699775696
2283,46,32,0.03416815400123596,-0.12679463624954224,-0.4093894958496094,0.22104957699775696
2284,46,33,0.24436186254024506,-0.7679155468940735,-0.4093894958496094,0.22104957699775696
2285,46,34,0.13594141602516174,-0.5478542447090149,-0.4093894958496094,0.22104957699775696
2286,46,35,0.4365534782409668,-0.8704357743263245,-0.4093894958496094,0.22104957699775696
2287,46,36,0.21146908402442932,-0.14038358628749847,-0.4093894958496094,0.22104957699775696
2288,46,37,-0.007133727893233299,-0.7743312120437622,-0.4093894958496094,0.22104957699775696
2289,46,38,0.3956415355205536,-0.5574127435684204,-0.4093894958496094,0.22104957699775696
2290,46,39,0.27035003900527954,0.04738753288984299,-0.4093894958496094,0.22104957699775696
2291,46,40,-0.10919614881277084,-0.45058494806289673,-0.4093894958496094,0.22104957699775696
2292,46,41,0.19801297783851624,-0.34054991602897644,-0.4093894958496094,0.22104957699775696
2293,46,42,0.23583082854747772,-0.36993497610092163,-0.4093894958496094,0.22104957699775696
2294,46,43,0.28699472546577454,-0.4455875754356384,-0.4093894958496094,0.22104957699775696
2295,46,44,-0.024708369746804237,-0.16808432340621948,-0.4093894958496094,0.22104957699775696
2296,46,45,-0.260741651058197,-1.0,-0.4093894958496094,0.22104957699775696
2297,46,46,-0.3252922594547272,-0.2915845215320587,-0.4093894958496094,0.22104957699775696
2298,46,47,-0.10013514012098312,-0.11202462017536163,-0.4093894958496094,0.22104957699775696
2299,46,48,0.07657308876514435,-0.18727639317512512,-0.4093894958496094,0.22104957699775696
2300,46,49,-0.0562029592692852,-0.5842462182044983,-0.4093894958496094,0.22104957699775696
2301,47,0,0.34877023100852966,0.08930478245019913,-0.43911129236221313,0.24287433922290802
2302,47,1,0.298417329788208,-0.013631891459226608,-0.43911129236221313,0.24287433922290802
2303,47,2,0.19363580644130707,-0.8977133631706238,-0.43911129236221313,0.24287433922290802
2304,47,3,0.15783976018428802,-0.16015727818012238,-0.43911129236221313,0.24287433922290802
2305,47,4,-0.0048113311640918255,-0.32727375626564026,-0.43911129236221313,0.24287433922290802
2306,47,5,-0.07896909862756729,-0.6125198006629944,-0.43911129236221313,0.24287433922290802
2307,47,6,0.21107260882854462,-0.7731009125709534,-0.43911129236221313,0.24287433922290802
2308,47,7,-0.12200714647769928,-0.6100068092346191,-0.43911129236221313,0.24287433922290802
2309,47,8,0.25339722633361816,-0.5624748468399048,-0.43911129236221313,0.24287433922290802
2310,47,9,-0.22825461626052856,-0.11118736863136292,-0.43911129236221313,0.24287433922290802
2311,47,10,0.23300720751285553,-0.12165013700723648,-0.43911129236221313,0.24287433922290802
2312,47,11,0.3535369336605072,-0.6216856837272644,-0.43911129236221313,0.24287433922290802
2313,47,12,0.11304042488336563,-0.926778256893158,-0.43911129236221313,0.24287433922290802
2314,47,13,0.2874836325645447,-0.09106867760419846,-0.43911129236221313,0.24287433922290802
2315,47,14,0.23070448637008667,0.3651767671108246,-0.43911129236221313,0.24287433922290802
2316,47,15,0.2414737492799759,-0.6031978130340576,-0.43911129236221313,0.24287433922290802
2317,47,16,-0.5112871527671814,-0.9380464553833008,-0.43911129236221313,0.24287433922290802
2318,47,17,-0.678936243057251,-0.13232013583183289,-0.43911129236221313,0.24287433922290802
2319,47,18,0.1160520538687706,-0.6653906106948853,-0.43911129236221313,0.24287433922290802
2320,47,19,0.2747768461704254,-0.6801176071166992,-0.43911129236221313,0.24287433922290802
2321,47,20,0.17278769612312317,-0.5914527773857117,-0.43911129236221313,0.24287433922290802
2322,47,21,0.09703866392374039,-0.5160767436027527,-0.43911129236221313,0.24287433922290802
2323,47,22,0.013241032138466835,-0.08094097673892975,-0.43911129236221313,0.24287433922290802
2324,47,23,-0.14365456998348236,-0.24732430279254913,-0.43911129236221313,0.24287433922290802
2325,47,24,-0.024063320830464363,-0.941597580909729,-0.43911129236221313,0.24287433922290802
2326,47,25,-0.10119978338479996,-0.21012699604034424,-0.43911129236221313,0.24287433922290802
2327,47,26,-0.07367195934057236,0.004676502197980881,-0.43911129236221313,0.24287433922290802
2328,47,27,0.21589426696300507,-0.04152427241206169,-0.43911129236221313,0.24287433922290802
2329,47,28,0.15658874809741974,-0.3184470236301422,-0.43911129236221313,0.24287433922290802
2330,47,29,0.20933468639850616,-0.6324557065963745,-0.43911129236221313,0.24287433922290802
2331,47,30,0.17589782178401947,-0.24333475530147552,-0.43911129236221313,0.24287433922290802
2332,47,31,0.3399941623210907,0.11411402374505997,-0.43911129236221313,0.24287433922290802
2333,47,32,0.5335856676101685,-0.13859567046165466,-0.43911129236221313,0.24287433922290802
2334,47,33,0.13939200341701508,-0.862791895866394,-0.43911129236221313,0.24287433922290802
2335,47,34,-0.062138356268405914,-0.7682287096977234,-0.43911129236221313,0.24287433922290802
2336,47,35,0.09503800421953201,-0.8230580687522888,-0.43911129236221313,0.24287433922290802
2337,47,36,0.2576332092285156,-0.007433149963617325,-0.43911129236221313,0.24287433922290802
2338,47,37,-0.1263272613286972,-0.43689510226249695,-0.43911129236221313,0.24287433922290802
2339,47,38,0.03570697456598282,-0.7930126190185547,-0.43911129236221313,0.24287433922290802
2340,47,39,0.18815533816814423,-0.567636251449585,-0.43911129236221313,0.24287433922290802
2341,47,40,-0.12193156778812408,-0.24775400757789612,-0.43911129236221313,0.24287433922290802
2342,47,41,-0.16136516630649567,-0.4508805274963379,-0.43911129236221313,0.24287433922290802
2343,47,42,0.36478304862976074,-0.4741080403327942,-0.43911129236221313,0.24287433922290802
2344,47,43,0.38845163583755493,-0.02503265254199505,-0.43911129236221313,0.24287433922290802
2345,47,44,0.4211975932121277,-0.7905257344245911,-0.43911129236221313,0.24287433922290802
2346,47,45,0.3211723864078522,-0.2436046600341797,-0.43911129236221313,0.24287433922290802
2347,47,46,0.1996234804391861,-0.4186851382255554,-0.43911129236221313,0.24287433922290802
2348,47,47,-0.09388650953769684,-0.5938984155654907,-0.43911129236221313,0.24287433922290802
2349,47,48,-0.24178515374660492,0.16592593491077423,-0.43911129236221313,0.24287433922290802
2350,47,49,-0.49257463216781616,-0.507722795009613,-0.43911129236221313,0.24287433922290802
2351,48,0,-0.051327913999557495,-0.27146321535110474,-0.43744584918022156,0.26265037059783936
2352,48,1,0.010522178374230862,-0.2698577046394348,-0.43744584918022156,0.26265037059783936
2353,48,2,0.2573765218257904,-0.7845602035522461,-0.43744584918022156,0.26265037059783936
2354,48,3,0.16670642793178558,0.013549028895795345,-0.43744584918022156,0.26265037059783936
2355,48,4,-0.021676991134881973,-0.29762864112854004,-0.43744584918022156,0.26265037059783936
2356,48,5,-0.2758856415748596,-0.47026363015174866,-0.43744584918022156,0.26265037059783936
2357,48,6,-0.06777932494878769,-0.5293187499046326,-0.43744584918022156,0.26265037059783936
2358,48,7,0.11768581718206406,-0.4337197542190552,-0.43744584918022156,0.26265037059783936
2359,48,8,0.26881203055381775,-1.0,-0.43744584918022156,0.26265037059783936
2360,48,9,0.11926388740539551,-0.5891106128692627,-0.43744584918022156,0.26265037059783936
2361,48,10,0.25677457451820374,-0.9936124086380005,-0.43744584918022156,0.26265037059783936
2362,48,11,-0.3468606770038605,-0.6383495926856995,-0.43744584918022156,0.26265037059783936
2363,48,12,0.20203275978565216,-0.7937421202659607,-0.43744584918022156,0.26265037059783936
2364,48,13,0.18561840057373047,-0.5761074423789978,-0.43744584918022156,0.26265037059783936
2365,48,14,0.15342086553573608,-1.0,-0.43744584918022156,0.26265037059783936
2366,48,15,-0.055996038019657135,0.22127225995063782,-0.43744584918022156,0.26265037059783936
2367,48,16,0.21895411610603333,-0.290627658367157,-0.43744584918022156,0.26265037059783936
2368,48,17,0.4707051217556,-0.1981162279844284,-0.43744584918022156,0.26265037059783936
2369,48,18,0.5315465927124023,-0.5380216240882874,-0.43744584918022156,0.26265037059783936
2370,48,19,0.43133947253227234,-0.15317951142787933,-0.43744584918022156,0.26265037059783936
2371,48,20,0.3591323792934418,-0.02768944762647152,-0.43744584918022156,0.26265037059783936
2372,48,21,0.15621469914913177,-0.2570609152317047,-0.43744584918022156,0.26265037059783936
2373,48,22,0.15346691012382507,-0.5178451538085938,-0.43744584918022156,0.26265037059783936
2374,48,23,0.47020581364631653,-0.24461686611175537,-0.43744584918022156,0.26265037059783936
2375,48,24,0.29422110319137573,-0.4678916335105896,-0.43744584918022156,0.26265037059783936
2376,48,25,0.08953829854726791,-0.486851304769516,-0.43744584918022156,0.26265037059783936
2377,48,26,0.13279610872268677,-0.7933118343353271,-0.43744584918022156,0.26265037059783936
2378,48,27,0.4612402319908142,-0.7420745491981506,-0.43744584918022156,0.26265037059783936
2379,48,28,0.3798179626464844,-0.42190268635749817,-0.43744584918022156,0.26265037059783936
2380,48,29,0.3087422251701355,-0.5175684094429016,-0.43744584918022156,0.26265037059783936
2381,48,30,-0.2027539610862732,-0.45217835903167725,-0.43744584918022156,0.26265037059783936
2382,48,31,-0.07191808521747589,-0.35829487442970276,-0.43744584918022156,0.26265037059783936
2383,48,32,0.16396917402744293,-0.29565486311912537,-0.43744584918022156,0.26265037059783936
2384,48,33,0.15590716898441315,-0.9910297393798828,-0.43744584918022156,0.26265037059783936
2385,48,34,-0.21899783611297607,-0.4007188677787781,-0.43744584918022156,0.26265037059783936
2386,48,35,-0.12655429542064667,-0.41821298003196716,-0.43744584918022156,0.26265037059783936
2387,48,36,-0.22161786258220673,-0.08289236575365067,-0.43744584918022156,0.26265037059783936
2388,48,37,-0.3107779920101166,-0.5957215428352356,-0.43744584918022156,0.26265037059783936
2389,48,38,-0.1129998192191124,-0.29186052083969116,-0.43744584918022156,0.26265037059783936
2390,48,39,-0.22827427089214325,-0.4216551184654236,-0.43744584918022156,0.26265037059783936
2391,48,40,0.1881859451532364,-0.4905141294002533,-0.43744584918022156,0.26265037059783936
2392,48,41,-0.1020408570766449,-0.08026115596294403,-0.43744584918022156,0.26265037059783936
2393,48,42,-0.07451359182596207,-0.2878134846687317,-0.43744584918022156,0.26265037059783936
2394,48,43,0.3458579182624817,-0.5055176615715027,-0.43744584918022156,0.26265037059783936
2395,48,44,0.45574644207954407,-0.6700406670570374,-0.43744584918022156,0.26265037059783936
2396,48,45,0.2351807802915573,-0.458345890045166,-0.43744584918022156,0.26265037059783936
2397,48,46,0.08862414956092834,-0.934210479259491,-0.43744584918022156,0.26265037059783936
2398,48,47,0.11020966619253159,-0.3312748372554779,-0.43744584918022156,0.26265037059783936
2399,48,48,-0.23461735248565674,-0.3752828538417816,-0.43744584918022156,0.26265037059783936
2400,48,49,-0.020164314657449722,-0.35271918773651123,-0.43744584918022156,0.26265037059783936
2401,49,0,0.18236996233463287,-0.7448628544807434,-0.4206922948360443,0.29213380813598633
2402,49,1,0.2799330949783325,-0.9970694184303284,-0.4206922948360443,0.29213380813598633
2403,49,2,0.24274925887584686,-0.8608981966972351,-0.4206922948360443,0.29213380813598633
2404,49,3,-0.0388091541826725,-0.03638683259487152,-0.4206922948360443,0.29213380813598633
2405,49,4,-0.09897426515817642,-0.15672193467617035,-0.4206922948360443,0.29213380813598633
2406,49,5,0.10370054841041565,-0.19498100876808167,-0.4206922948360443,0.29213380813598633
2407,49,6,-0.08929572999477386,-0.38945457339286804,-0.4206922948360443,0.29213380813598633
2408,49,7,-0.1345135122537613,-0.6057468056678772,-0.4206922948360443,0.29213380813598633
2409,49,8,0.03592340275645256,-0.22279682755470276,-0.4206922948360443,0.29213380813598633
2410,49,9,-0.05589074641466141,-0.3710502088069916,-0.4206922948360443,0.29213380813598633
2411,49,10,-0.15548504889011383,-0.30305254459381104,-0.4206922948360443,0.29213380813598633
2412,49,11,-0.01329619251191616,-0.05871281027793884,-0.4206922948360443,0.29213380813598633
2413,49,12,-0.18846352398395538,-0.08588024228811264,-0.4206922948360443,0.29213380813598633
2414,49,13,-0.024837424978613853,0.3973381817340851,-0.4206922948360443,0.29213380813598633
2415,49,14,0.3512732982635498,0.24297918379306793,-0.4206922948360443,0.29213380813598633
2416,49,15,0.2931326627731323,-0.2800918519496918,-0.4206922948360443,0.29213380813598633
2417,49,16,0.12932462990283966,-0.5662785172462463,-0.4206922948360443,0.29213380813598633
2418,49,17,-0.02681298553943634,-0.6435145735740662,-0.4206922948360443,0.29213380813598633
2419,49,18,0.13231807947158813,-0.5679859519004822,-0.4206922948360443,0.29213380813598633
2420,49,19,0.4601755738258362,-0.47463881969451904,-0.4206922948360443,0.29213380813598633
2421,49,20,0.41695162653923035,-0.517059326171875,-0.4206922948360443,0.29213380813598633
2422,49,21,0.2686976194381714,-0.8184853792190552,-0.4206922948360443,0.29213380813598633
2423,49,22,0.0010912445141002536,0.036765214055776596,-0.4206922948360443,0.29213380813598633
2424,49,23,-0.18015368282794952,-0.9914944767951965,-0.4206922948360443,0.29213380813598633
2425,49,24,0.4751065671443939,-0.7145666480064392,-0.4206922948360443,0.29213380813598633
2426,49,25,0.38811391592025757,-0.41164329648017883,-0.4206922948360443,0.29213380813598633
2427,49,26,0.15501876175403595,-0.06519541144371033,-0.4206922948360443,0.29213380813598633
2428,49,27,-0.07752120494842529,-0.5684782862663269,-0.4206922948360443,0.29213380813598633
2429,49,28,0.11217901855707169,-0.8071406483650208,-0.4206922948360443,0.29213380813598633
2430,49,29,0.02132856659591198,-0.8405618071556091,-0.4206922948360443,0.29213380813598633
2431,49,30,-0.24215646088123322,-0.5611160397529602,-0.4206922948360443,0.29213380813598633
2432,49,31,0.3249590992927551,-0.191850483417511,-0.4206922948360443,0.29213380813598633
2433,49,32,0.37945929169654846,-0.36815690994262695,-0.4206922948360443,0.29213380813598633
2434,49,33,0.4739018380641937,-0.16224388778209686,-0.4206922948360443,0.29213380813598633
2435,49,34,0.5369762182235718,-0.5401760339736938,-0.4206922948360443,0.29213380813598633
2436,49,35,0.29761722683906555,-0.13876919448375702,-0.4206922948360443,0.29213380813598633
2437,49,36,0.39174965023994446,-0.5420441627502441,-0.4206922948360443,0.29213380813598633
2438,49,37,0.37944892048835754,-0.3760712146759033,-0.4206922948360443,0.29213380813598633
2439,49,38,0.2789730727672577,-0.9144203662872314,-0.4206922948360443,0.29213380813598633
2440,49,39,0.43429338932037354,-0.6166667938232422,-0.4206922948360443,0.29213380813598633
2441,49,40,0.4038512408733368,0.03669624403119087,-0.4206922948360443,0.29213380813598633
2442,49,41,0.254093736410141,-0.5784080624580383,-0.4206922948360443,0.29213380813598633
2443,49,42,0.16908198595046997,-0.27927860617637634,-0.4206922948360443,0.29213380813598633
2444,49,43,-0.04212312400341034,-0.34210509061813354,-0.4206922948360443,0.29213380813598633
2445,49,44,-0.0845145657658577,-0.7336150407791138,-0.4206922948360443,0.29213380813598633
2446,49,45,0.2416708916425705,-0.3683900833129883,-0.4206922948360443,0.29213380813598633
2447,49,46,-0.08295000344514847,-0.45451703667640686,-0.4206922948360443,0.29213380813598633
2448,49,47,-0.26787611842155457,-0.7930704355239868,-0.4206922948360443,0.29213380813598633
2449,49,48,-0.28083789348602295,-0.44026824831962585,-0.4206922948360443,0.29213380813598633
2450,49,49,-0.07537858933210373,-0.30142855644226074,-0.4206922948360443,0.29213380813598633
2451,50,0,0.1395963877439499,-0.12909196317195892,-0.40816110372543335,0.3337770700454712
2452,50,1,0.38985395431518555,-0.6435522437095642,-0.40816110372543335,0.3337770700454712
2453,50,2,0.2154846042394638,-0.9061791896820068,-0.40816110372543335,0.3337770700454712
2454,50,3,0.28422874212265015,-0.6815780997276306,-0.40816110372543335,0.3337770700454712
2455,50,4,0.436617910861969,-0.5753257870674133,-0.40816110372543335,0.3337770700454712
2456,50,5,0.2072007656097412,-0.14234109222888947,-0.40816110372543335,0.3337770700454712
2457,50,6,0.15583331882953644,-0.6175577044487,-0.40816110372543335,0.3337770700454712
2458,50,7,0.056480493396520615,-0.13483287394046783,-0.40816110372543335,0.3337770700454712
2459,50,8,-0.06401567161083221,-0.11296258121728897,-0.40816110372543335,0.3337770700454712
2460,50,9,-0.17766226828098297,-0.8806291818618774,-0.40816110372543335,0.3337770700454712
2461,50,10,0.011309471912682056,-0.031894251704216,-0.40816110372543335,0.3337770700454712
2462,50,11,-0.22862926125526428,-0.6148757338523865,-0.40816110372543335,0.3337770700454712
2463,50,12,0.10521460324525833,-0.3061913251876831,-0.40816110372543335,0.3337770700454712
2464,50,13,0.05141541734337807,-0.8236463069915771,-0.40816110372543335,0.3337770700454712
2465,50,14,-0.2766628861427307,-0.2806663513183594,-0.40816110372543335,0.3337770700454712
2466,50,15,-0.21627214550971985,-0.5203311443328857,-0.40816110372543335,0.3337770700454712
2467,50,16,0.0395796112716198,-0.18138208985328674,-0.40816110372543335,0.3337770700454712
2468,50,17,-0.10892132669687271,-0.3804878294467926,-0.40816110372543335,0.3337770700454712
2469,50,18,0.23535849153995514,-1.0,-0.40816110372543335,0.3337770700454712
2470,50,19,0.4982006847858429,-0.9098653793334961,-0.40816110372543335,0.3337770700454712
2471,50,20,0.1478015035390854,-0.7751984596252441,-0.40816110372543335,0.3337770700454712
2472,50,21,-0.03135667368769646,-0.14544269442558289,-0.40816110372543335,0.3337770700454712
2473,50,22,0.12570692598819733,0.09377798438072205,-0.40816110372543335,0.3337770700454712
2474,50,23,0.22203238308429718,-0.4386504590511322,-0.40816110372543335,0.3337770700454712
2475,50,24,0.2769099175930023,-0.08957651257514954,-0.40816110372543335,0.3337770700454712
2476,50,25,0.27487605810165405,-0.6511013507843018,-0.40816110372543335,0.3337770700454712
2477,50,26,-0.029513202607631683,-0.3889317214488983,-0.40816110372543335,0.3337770700454712
2478,50,27,0.1470869928598404,-0.4527915418148041,-0.40816110372543335,0.3337770700454712
2479,50,28,0.29843878746032715,-0.277756005525589,-0.40816110372543335,0.3337770700454712
2480,50,29,0.03407306969165802,0.0020040376111865044,-0.40816110372543335,0.3337770700454712
2481,50,30,-0.18350155651569366,-0.5438762903213501,-0.40816110372543335,0.3337770700454712
2482,50,31,-0.3150225579738617,-0.49704375863075256,-0.40816110372543335,0.3337770700454712
2483,50,32,0.0554114431142807,-0.1685744673013687,-0.40816110372543335,0.3337770700454712
2484,50,33,0.33292847871780396,-0.5727458596229553,-0.40816110372543335,0.3337770700454712
2485,50,34,0.35464751720428467,-0.9646449089050293,-0.40816110372543335,0.3337770700454712
2486,50,35,0.07185803353786469,-0.30844661593437195,-0.40816110372543335,0.3337770700454712
2487,50,36,-0.2995664179325104,-0.43325120210647583,-0.40816110372543335,0.3337770700454712
2488,50,37,-0.2843073606491089,-0.19536210596561432,-0.40816110372543335,0.3337770700454712
2489,50,38,-0.37889721989631653,-0.032840557396411896,-0.40816110372543335,0.3337770700454712
2490,50,39,-0.29699528217315674,-0.4086790382862091,-0.40816110372543335,0.3337770700454712
2491,50,40,-0.012242783792316914,-0.8392683863639832,-0.40816110372543335,0.3337770700454712
2492,50,41,-0.01299214456230402,-0.6187030673027039,-0.40816110372543335,0.3337770700454712
2493,50,42,0.18477167189121246,-0.7725793719291687,-0.40816110372543335,0.3337770700454712
2494,50,43,0.22080853581428528,-0.8647725582122803,-0.40816110372543335,0.3337770700454712
2495,50,44,0.16787488758563995,-0.02152385376393795,-0.40816110372543335,0.3337770700454712
2496,50,45,0.25740718841552734,-0.4989597201347351,-0.40816110372543335,0.3337770700454712
2497,50,46,0.10120190680027008,-0.08791352808475494,-0.40816110372543335,0.3337770700454712
2498,50,47,-0.05941450595855713,0.006368262227624655,-0.40816110372543335,0.3337770700454712
2499,50,48,0.0710272490978241,-0.11492282152175903,-0.40816110372543335,0.3337770700454712
2500,50,49,0.2314358949661255,-0.4418092668056488,-0.40816110372543335,0.3337770700454712
2501,51,0,0.0794832706451416,-0.53103107213974,-0.4210498034954071,0.361206978559494
2502,51,1,-0.30000558495521545,-0.5603109002113342,-0.4210498034954071,0.361206978559494
2503,51,2,-0.3822690546512604,-0.2665388584136963,-0.4210498034954071,0.361206978559494
2504,51,3,0.1772298663854599,-0.7172592878341675,-0.4210498034954071,0.361206978559494
2505,51,4,0.18644368648529053,-0.4597873091697693,-0.4210498034954071,0.361206978559494
2506,51,5,-0.12281716614961624,-0.4182162284851074,-0.4210498034954071,0.361206978559494
2507,51,6,-0.2622223496437073,-0.29198718070983887,-0.4210498034954071,0.361206978559494
2508,51,7,-0.026226919144392014,-0.7030654549598694,-0.4210498034954071,0.361206978559494
2509,51,8,0.15634657442569733,-0.4234902262687683,-0.4210498034954071,0.361206978559494
2510,51,9,0.2569102942943573,-0.7607983946800232,-0.4210498034954071,0.361206978559494
2511,51,10,0.10710564255714417,-1.0,-0.4210498034954071,0.361206978559494
2512,51,11,0.12430024147033691,-0.5374395847320557,-0.4210498034954071,0.361206978559494
2513,51,12,0.05773163214325905,-0.16716717183589935,-0.4210498034954071,0.361206978559494
2514,51,13,-0.14219093322753906,-0.7362949848175049,-0.4210498034954071,0.361206978559494
2515,51,14,0.3046981394290924,-0.3119829297065735,-0.4210498034954071,0.361206978559494
2516,51,15,0.6180350184440613,-0.6241103410720825,-0.4210498034954071,0.361206978559494
2517,51,16,0.17678210139274597,-0.259390652179718,-0.4210498034954071,0.361206978559494
2518,51,17,0.07853332906961441,-0.07753173261880875,-0.4210498034954071,0.361206978559494
2519,51,18,0.35640987753868103,-0.6096933484077454,-0.4210498034954071,0.361206978559494
2520,51,19,0.1333709955215454,-0.3025626838207245,-0.4210498034954071,0.361206978559494
2521,51,20,0.10902200639247894,-0.4591599106788635,-0.4210498034954071,0.361206978559494
2522,51,21,0.36983567476272583,-0.4205242097377777,-0.4210498034954071,0.361206978559494
2523,51,22,0.49606695771217346,-0.12469421327114105,-0.4210498034954071,0.361206978559494
2524,51,23,0.10558702796697617,-0.2770678997039795,-0.4210498034954071,0.361206978559494
2525,51,24,0.15526628494262695,-0.16483920812606812,-0.4210498034954071,0.361206978559494
2526,51,25,0.5303879976272583,-0.016584496945142746,-0.4210498034954071,0.361206978559494
2527,51,26,0.36440834403038025,0.14194539189338684,-0.4210498034954071,0.361206978559494
2528,51,27,0.19361290335655212,-0.42313218116760254,-0.4210498034954071,0.361206978559494
2529,51,28,0.05657532811164856,-0.5355695486068726,-0.4210498034954071,0.361206978559494
2530,51,29,-0.17312556505203247,-0.23044167459011078,-0.4210498034954071,0.361206978559494
2531,51,30,-0.19453738629817963,-0.32516974210739136,-0.4210498034954071,0.361206978559494
2532,51,31,0.012037493288516998,-0.5368000864982605,-0.4210498034954071,0.361206978559494
2533,51,32,0.16059622168540955,-0.5574477910995483,-0.4210498034954071,0.361206978559494
2534,51,33,0.1651497632265091,-0.5765731930732727,-0.4210498034954071,0.361206978559494
2535,51,34,-0.10667254775762558,-0.004427576437592506,-0.4210498034954071,0.361206978559494
2536,51,35,-0.6719622015953064,-0.48462149500846863,-0.4210498034954071,0.361206978559494
2537,51,36,-0.13358040153980255,-0.2837023138999939,-0.4210498034954071,0.361206978559494
2538,51,37,-0.13662900030612946,-0.31171083450317383,-0.4210498034954071,0.361206978559494
2539,51,38,-0.4183961749076843,-0.526489794254303,-0.4210498034954071,0.361206978559494
2540,51,39,-0.22175396978855133,-0.13858771324157715,-0.4210498034954071,0.361206978559494
2541,51,40,-0.23278053104877472,-0.7211945056915283,-0.4210498034954071,0.361206978559494
2542,51,41,-0.03533036634325981,-0.7679703831672668,-0.4210498034954071,0.361206978559494
2543,51,42,0.5480809211730957,-0.9997603297233582,-0.4210498034954071,0.361206978559494
2544,51,43,0.5044035315513611,-0.21676331758499146,-0.4210498034954071,0.361206978559494
2545,51,44,0.0258173905313015,-0.3897135555744171,-0.4210498034954071,0.361206978559494
2546,51,45,-0.34897053241729736,-1.0,-0.4210498034954071,0.361206978559494
2547,51,46,-0.3706906735897064,-0.6695148348808289,-0.4210498034954071,0.361206978559494
2548,51,47,-0.18189109861850739,-0.7580563426017761,-0.4210498034954071,0.361206978559494
2549,51,48,0.039113327860832214,-0.08181696385145187,-0.4210498034954071,0.361206978559494
2550,51,49,0.45821887254714966,-0.3865419924259186,-0.4210498034954071,0.361206978559494
2551,52,0,0.11071999371051788,-0.6174190044403076,-0.424389511346817,0.3727874457836151
2552,52,1,0.033700164407491684,-1.0,-0.424389511346817,0.3727874457836151
2553,52,2,-0.3997023105621338,-0.14440582692623138,-0.424389511346817,0.3727874457836151
2554,52,3,0.18354779481887817,-0.1927875131368637,-0.424389511346817,0.3727874457836151
2555,52,4,-0.17946678400039673,-0.30013757944107056,-0.424389511346817,0.3727874457836151
2556,52,5,-0.28412026166915894,-0.03893347829580307,-0.424389511346817,0.3727874457836151
2557,52,6,-0.4185926914215088,-0.153993159532547,-0.424389511346817,0.3727874457836151
2558,52,7,-0.30318188667297363,-0.07938389480113983,-0.424389511346817,0.3727874457836151
2559,52,8,-0.03590423986315727,-0.3460877239704132,-0.424389511346817,0.3727874457836151
2560,52,9,-0.03365372493863106,-0.49830394983291626,-0.424389511346817,0.3727874457836151
2561,52,10,-0.044542863965034485,-0.23487763106822968,-0.424389511346817,0.3727874457836151
2562,52,11,-0.1204850897192955,-0.359788179397583,-0.424389511346817,0.3727874457836151
2563,52,12,0.058398254215717316,-0.2780925929546356,-0.424389511346817,0.3727874457836151
2564,52,13,0.19018007814884186,-0.5164233446121216,-0.424389511346817,0.3727874457836151
2565,52,14,-0.02290753461420536,-0.24278885126113892,-0.424389511346817,0.3727874457836151
2566,52,15,-0.10523713380098343,-0.19531528651714325,-0.424389511346817,0.3727874457836151
2567,52,16,0.24987316131591797,-0.5297142267227173,-0.424389511346817,0.3727874457836151
2568,52,17,0.2706265449523926,-0.3286172151565552,-0.424389511346817,0.3727874457836151
2569,52,18,-0.22390975058078766,-0.17614884674549103,-0.424389511346817,0.3727874457836151
2570,52,19,-0.5537168979644775,0.04427609592676163,-0.424389511346817,0.3727874457836151
2571,52,20,-0.1939919888973236,-0.6112774610519409,-0.424389511346817,0.3727874457836151
2572,52,21,-0.12683455646038055,-0.5285921096801758,-0.424389511346817,0.3727874457836151
2573,52,22,-0.15537381172180176,-0.42204874753952026,-0.424389511346817,0.3727874457836151
2574,52,23,0.16500461101531982,-0.5096776485443115,-0.424389511346817,0.3727874457836151
2575,52,24,0.012698221951723099,-0.24975931644439697,-0.424389511346817,0.3727874457836151
2576,52,25,0.019907472655177116,-0.031381525099277496,-0.424389511346817,0.3727874457836151
2577,52,26,0.16223448514938354,-0.21774955093860626,-0.424389511346817,0.3727874457836151
2578,52,27,0.32605940103530884,0.0031302557326853275,-0.424389511346817,0.3727874457836151
2579,52,28,0.26008370518684387,-0.6322628259658813,-0.424389511346817,0.3727874457836151
2580,52,29,0.23637689650058746,-0.5770682096481323,-0.424389511346817,0.3727874457836151
2581,52,30,-0.01288409810513258,-0.14761757850646973,-0.424389511346817,0.3727874457836151
2582,52,31,0.46009236574172974,-0.42515671253204346,-0.424389511346817,0.3727874457836151
2583,52,32,0.3713281452655792,-0.5420793890953064,-0.424389511346817,0.3727874457836151
2584,52,33,0.32033416628837585,0.17232133448123932,-0.424389511346817,0.3727874457836151
2585,52,34,0.3806381821632385,-0.14547991752624512,-0.424389511346817,0.3727874457836151
2586,52,35,0.31085866689682007,-0.02210361510515213,-0.424389511346817,0.3727874457836151
2587,52,36,-0.09242738783359528,-1.0,-0.424389511346817,0.3727874457836151
2588,52,37,-0.1821834295988083,-0.4784562587738037,-0.424389511346817,0.3727874457836151
2589,52,38,0.04693453386425972,-0.6460616588592529,-0.424389511346817,0.3727874457836151
2590,52,39,-0.06741687655448914,-0.5464507937431335,-0.424389511346817,0.3727874457836151
2591,52,40,0.23908989131450653,-0.22999337315559387,-0.424389511346817,0.3727874457836151
2592,52,41,0.5698986053466797,-0.4902365505695343,-0.424389511346817,0.3727874457836151
2593,52,42,0.11728636920452118,-0.5483673214912415,-0.424389511346817,0.3727874457836151
2594,52,43,0.05924587696790695,-0.26636549830436707,-0.424389511346817,0.3727874457836151
2595,52,44,0.09070122241973877,-0.1650383621454239,-0.424389511346817,0.3727874457836151
2596,52,45,0.21337026357650757,-0.3949959874153137,-0.424389511346817,0.3727874457836151
2597,52,46,0.2920941114425659,-0.8314611315727234,-0.424389511346817,0.3727874457836151
2598,52,47,0.06515569984912872,-0.07206694781780243,-0.424389511346817,0.3727874457836151
2599,52,48,-0.31201067566871643,-0.04055727273225784,-0.424389511346817,0.3727874457836151
2600,52,49,-0.0753069743514061,-0.717675507068634,-0.424389511346817,0.3727874457836151
2601,53,0,0.0881107747554779,-0.4686138331890106,-0.40308070182800293,0.37762418389320374
2602,53,1,0.08683356642723083,-0.44302284717559814,-0.40308070182800293,0.37762418389320374
2603,53,2,0.004032945726066828,-0.10678104311227798,-0.40308070182800293,0.37762418389320374
2604,53,3,0.024276787415146828,-0.8451357483863831,-0.40308070182800293,0.37762418389320374
2605,53,4,-0.05317908525466919,-0.5593025088310242,-0.40308070182800293,0.37762418389320374
2606,53,5,-0.17358924448490143,-0.3135325014591217,-0.40308070182800293,0.37762418389320374
2607,53,6,0.1406387984752655,-0.5639327764511108,-0.40308070182800293,0.37762418389320374
2608,53,7,0.2005196362733841,-0.8066555857658386,-0.40308070182800293,0.37762418389320374
2609,53,8,0.5083975195884705,-0.8961936235427856,-0.40308070182800293,0.37762418389320374
2610,53,9,0.21665260195732117,-0.14670397341251373,-0.40308070182800293,0.37762418389320374
2611,53,10,0.11991475522518158,-0.913776695728302,-0.40308070182800293,0.37762418389320374
2612,53,11,-0.06692484766244888,-0.5594780445098877,-0.40308070182800293,0.37762418389320374
2613,53,12,-0.21266426146030426,-0.19094793498516083,-0.40308070182800293,0.37762418389320374
2614,53,13,-0.13768653571605682,-0.16688194870948792,-0.40308070182800293,0.37762418389320374
2615,53,14,0.21197552978992462,-0.060922469943761826,-0.40308070182800293,0.37762418389320374
2616,53,15,0.4606876075267792,-0.24698343873023987,-0.40308070182800293,0.37762418389320374
2617,53,16,0.5129894614219666,-0.3243350684642792,-0.40308070182800293,0.37762418389320374
2618,53,17,0.02462473139166832,-0.0970783531665802,-0.40308070182800293,0.37762418389320374
2619,53,18,-0.34561771154403687,-0.20057494938373566,-0.40308070182800293,0.37762418389320374
2620,53,19,-0.1997411549091339,-0.45221245288848877,-0.40308070182800293,0.37762418389320374
2621,53,20,-0.10205741226673126,-0.39314165711402893,-0.40308070182800293,0.37762418389320374
2622,53,21,-0.08595888316631317,-0.018156740814447403,-0.40308070182800293,0.37762418389320374
2623,53,22,-0.030755721032619476,-0.4805332124233246,-0.40308070182800293,0.37762418389320374
2624,53,23,0.04932316765189171,-0.1710582673549652,-0.40308070182800293,0.37762418389320374
2625,53,24,0.14224164187908173,-0.2033342570066452,-0.40308070182800293,0.37762418389320374
2626,53,25,0.33326786756515503,-0.7125880718231201,-0.40308070182800293,0.37762418389320374
2627,53,26,0.2927584946155548,-0.521659255027771,-0.40308070182800293,0.37762418389320374
2628,53,27,-0.03531875088810921,0.2799765467643738,-0.40308070182800293,0.37762418389320374
2629,53,28,0.12762922048568726,-0.6289587616920471,-0.40308070182800293,0.37762418389320374
2630,53,29,0.22017806768417358,-0.6137044429779053,-0.40308070182800293,0.37762418389320374
2631,53,30,0.29823336005210876,-0.5756545662879944,-0.40308070182800293,0.37762418389320374
2632,53,31,0.09882167726755142,-0.6598884463310242,-0.40308070182800293,0.37762418389320374
2633,53,32,0.42671623826026917,-0.38818275928497314,-0.40308070182800293,0.37762418389320374
2634,53,33,0.5149398446083069,-0.3752720355987549,-0.40308070182800293,0.37762418389320374
2635,53,34,0.49342668056488037,-0.5741715431213379,-0.40308070182800293,0.37762418389320374
2636,53,35,0.0432782918214798,-0.2657889425754547,-0.40308070182800293,0.37762418389320374
2637,53,36,0.1600918024778366,-0.8530744910240173,-0.40308070182800293,0.37762418389320374
2638,53,37,0.13830868899822235,-0.2931253910064697,-0.40308070182800293,0.37762418389320374
2639,53,38,0.13531172275543213,-0.9593683481216431,-0.40308070182800293,0.37762418389320374
2640,53,39,-0.03319592773914337,-0.393242210149765,-0.40308070182800293,0.37762418389320374
2641,53,40,-0.22478821873664856,-0.6934776306152344,-0.40308070182800293,0.37762418389320374
2642,53,41,-0.35501110553741455,-1.0,-0.40308070182800293,0.37762418389320374
2643,53,42,-0.20390895009040833,-0.3848925530910492,-0.40308070182800293,0.37762418389320374
2644,53,43,0.07725013047456741,-0.7067298889160156,-0.40308070182800293,0.37762418389320374
2645,53,44,0.007187186274677515,-0.3552092909812927,-0.40308070182800293,0.37762418389320374
2646,53,45,-0.09547904133796692,-0.4276953935623169,-0.40308070182800293,0.37762418389320374
2647,53,46,-0.1620868295431137,-0.9157190918922424,-0.40308070182800293,0.37762418389320374
2648,53,47,-0.09899426996707916,-0.030486656352877617,-0.40308070182800293,0.37762418389320374
2649,53,48,-0.2721962034702301,-0.1446087509393692,-0.40308070182800293,0.37762418389320374
2650,53,49,-0.05132557824254036,-0.5932677388191223,-0.40308070182800293,0.37762418389320374
2651,54,0,-0.2783108055591583,-0.5844492316246033,-0.3708263039588928,0.3800983130931854
2652,54,1,-0.24741493165493011,-0.16413317620754242,-0.3708263039588928,0.3800983130931854
2653,54,2,-0.16620458662509918,0.17012640833854675,-0.3708263039588928,0.3800983130931854
2654,54,3,0.004026441834867001,-0.73396897315979,-0.3708263039588928,0.3800983130931854
2655,54,4,-0.2920185923576355,-0.12699677050113678,-0.3708263039588928,0.3800983130931854
2656,54,5,-0.3300535976886749,-0.1665935069322586,-0.3708263039588928,0.3800983130931854
2657,54,6,-0.15475936233997345,-0.25516384840011597,-0.3708263039588928,0.3800983130931854
2658,54,7,-0.10125298798084259,-0.01952235773205757,-0.3708263039588928,0.3800983130931854
2659,54,8,-0.31013017892837524,-0.08033675700426102,-0.3708263039588928,0.3800983130931854
2660,54,9,0.018788686022162437,-0.3586774468421936,-0.3708263039588928,0.3800983130931854
2661,54,10,0.2611279785633087,-0.27331408858299255,-0.3708263039588928,0.3800983130931854
2662,54,11,0.2011857032775879,-0.10285317152738571,-0.3708263039588928,0.3800983130931854
2663,54,12,0.14859847724437714,0.1897493600845337,-0.3708263039588928,0.3800983130931854
2664,54,13,-0.04933997243642807,-0.7683528661727905,-0.3708263039588928,0.3800983130931854
2665,54,14,-0.1264723837375641,-0.728847086429596,-0.3708263039588928,0.3800983130931854
2666,54,15,0.013925617560744286,-0.7305570840835571,-0.3708263039588928,0.3800983130931854
2667,54,16,0.009733054786920547,-0.4750068783760071,-0.3708263039588928,0.3800983130931854
2668,54,17,-0.17955917119979858,-0.3275777995586395,-0.3708263039588928,0.3800983130931854
2669,54,18,-0.015500446781516075,-0.21941304206848145,-0.3708263039588928,0.3800983130931854
2670,54,19,-0.010342557914555073,-0.6388112902641296,-0.3708263039588928,0.3800983130931854
2671,54,20,0.08498751372098923,-0.137311652302742,-0.3708263039588928,0.3800983130931854
2672,54,21,0.28456175327301025,-0.48906639218330383,-0.3708263039588928,0.3800983130931854
2673,54,22,0.4163661301136017,-0.9510769248008728,-0.3708263039588928,0.3800983130931854
2674,54,23,0.4042344093322754,-0.20510119199752808,-0.3708263039588928,0.3800983130931854
2675,54,24,0.015680598095059395,-0.40807297825813293,-0.3708263039588928,0.3800983130931854
2676,54,25,0.06437843292951584,-0.9219111204147339,-0.3708263039588928,0.3800983130931854
2677,54,26,-0.05319938063621521,-0.406659871339798,-0.3708263039588928,0.3800983130931854
2678,54,27,-0.21426677703857422,-0.8798111081123352,-0.3708263039588928,0.3800983130931854
2679,54,28,-0.21076372265815735,0.20662328600883484,-0.3708263039588928,0.3800983130931854
2680,54,29,-0.13737043738365173,-0.3563016951084137,-0.3708263039588928,0.3800983130931854
2681,54,30,-0.08395985513925552,-0.28027644753456116,-0.3708263039588928,0.3800983130931854
2682,54,31,-0.16484110057353973,-0.5721765756607056,-0.3708263039588928,0.3800983130931854
2683,54,32,-0.011049797758460045,-0.36476561427116394,-0.3708263039588928,0.3800983130931854
2684,54,33,0.11302788555622101,-0.2008884847164154,-0.3708263039588928,0.3800983130931854
2685,54,34,0.39570537209510803,-0.4549967050552368,-0.3708263039588928,0.3800983130931854
2686,54,35,0.08828982710838318,-0.4767623841762543,-0.3708263039588928,0.3800983130931854
2687,54,36,-0.03792683407664299,-0.4277619421482086,-0.3708263039588928,0.3800983130931854
2688,54,37,0.21101929247379303,0.28851941227912903,-0.3708263039588928,0.3800983130931854
2689,54,38,0.09803023934364319,-0.1677817851305008,-0.3708263039588928,0.3800983130931854
2690,54,39,-0.0543825589120388,-0.5549212694168091,-0.3708263039588928,0.3800983130931854
2691,54,40,0.02244502305984497,-0.6277352571487427,-0.3708263039588928,0.3800983130931854
2692,54,41,0.16402588784694672,-0.41604113578796387,-0.3708263039588928,0.3800983130931854
2693,54,42,0.30689188838005066,-0.7033328413963318,-0.3708263039588928,0.3800983130931854
2694,54,43,0.5416816473007202,-0.07554333657026291,-0.3708263039588928,0.3800983130931854
2695,54,44,0.47190752625465393,-0.6230944991111755,-0.3708263039588928,0.3800983130931854
2696,54,45,0.5089830756187439,-0.19915199279785156,-0.3708263039588928,0.3800983130931854
2697,54,46,0.3373059630393982,-0.9130070805549622,-0.3708263039588928,0.3800983130931854
2698,54,47,0.25195246934890747,-0.36970168352127075,-0.3708263039588928,0.3800983130931854
2699,54,48,-0.1950111836194992,-0.39444276690483093,-0.3708263039588928,0.3800983130931854
2700,54,49,-0.40114733576774597,-0.506603479385376,-0.3708263039588928,0.3800983130931854
2701,55,0,0.704958438873291,-0.38869768381118774,-0.3591926693916321,0.37985461950302124
2702,55,1,0.42578262090682983,-0.5248607397079468,-0.3591926693916321,0.37985461950302124
2703,55,2,0.48719316720962524,-0.5445806384086609,-0.3591926693916321,0.37985461950302124
2704,55,3,0.366868793964386,-0.20914927124977112,-0.3591926693916321,0.37985461950302124
2705,55,4,0.4895203709602356,-0.3510207235813141,-0.3591926693916321,0.37985461950302124
2706,55,5,0.1163409948348999,-0.49882590770721436,-0.3591926693916321,0.37985461950302124
2707,55,6,-0.2880132496356964,-0.7742435932159424,-0.3591926693916321,0.37985461950302124
2708,55,7,-0.2461596131324768,-0.4579969346523285,-0.3591926693916321,0.37985461950302124
2709,55,8,0.09304067492485046,-0.3704446852207184,-0.3591926693916321,0.37985461950302124
2710,55,9,0.0790674164891243,-0.1705232709646225,-0.3591926693916321,0.37985461950302124
2711,55,10,-0.10923057794570923,-0.46631112694740295,-0.3591926693916321,0.37985461950302124
2712,55,11,-0.3245413303375244,0.17968550324440002,-0.3591926693916321,0.37985461950302124
2713,55,12,-0.08959278464317322,-0.7217573523521423,-0.3591926693916321,0.37985461950302124
2714,55,13,-0.1658616065979004,-0.4774254560470581,-0.3591926693916321,0.37985461950302124
2715,55,14,-0.22651515901088715,-0.5235763192176819,-0.3591926693916321,0.37985461950302124
2716,55,15,-0.12941911816596985,-0.6387313008308411,-0.3591926693916321,0.37985461950302124
2717,55,16,0.2699008285999298,-0.3207087516784668,-0.3591926693916321,0.37985461950302124
2718,55,17,0.24238699674606323,0.0014767704997211695,-0.3591926693916321,0.37985461950302124
2719,55,18,0.25037881731987,-0.49841150641441345,-0.3591926693916321,0.37985461950302124
2720,55,19,0.2545970678329468,-0.18214347958564758,-0.3591926693916321,0.37985461950302124
2721,55,20,0.2708131670951843,-0.2492259442806244,-0.3591926693916321,0.37985461950302124
2722,55,21,0.30346399545669556,-0.5293108224868774,-0.3591926693916321,0.37985461950302124
2723,55,22,-0.20269204676151276,-0.06367426365613937,-0.3591926693916321,0.37985461950302124
2724,55,23,0.12769010663032532,-0.40302467346191406,-0.3591926693916321,0.37985461950302124
2725,55,24,0.5409899950027466,-0.22101829946041107,-0.3591926693916321,0.37985461950302124
2726,55,25,0.179716095328331,-0.4218495190143585,-0.3591926693916321,0.37985461950302124
2727,55,26,-0.1253119558095932,-0.6524317860603333,-0.3591926693916321,0.37985461950302124
2728,55,27,-0.41624903678894043,-0.4645087718963623,-0.3591926693916321,0.37985461950302124
2729,55,28,-0.10914144665002823,-0.3611818850040436,-0.3591926693916321,0.37985461950302124
2730,55,29,0.11346842348575592,-0.8774046301841736,-0.3591926693916321,0.37985461950302124
2731,55,30,0.26073187589645386,-0.6170425415039062,-0.3591926693916321,0.37985461950302124
2732,55,31,0.36367037892341614,-0.5663566589355469,-0.3591926693916321,0.37985461950302124
2733,55,32,0.26103317737579346,-0.21378402411937714,-0.3591926693916321,0.37985461950302124
2734,55,33,0.36403968930244446,-0.018155667930841446,-0.3591926693916321,0.37985461950302124
2735,55,34,0.19257308542728424,-0.7224984169006348,-0.3591926693916321,0.37985461950302124
2736,55,35,0.2445617914199829,-0.30734172463417053,-0.3591926693916321,0.37985461950302124
2737,55,36,0.17584124207496643,-0.3568478226661682,-0.3591926693916321,0.37985461950302124
2738,55,37,0.10444292426109314,-0.42378318309783936,-0.3591926693916321,0.37985461950302124
2739,55,38,-0.1955116093158722,-0.28350356221199036,-0.3591926693916321,0.37985461950302124
2740,55,39,-0.18512196838855743,-0.41759011149406433,-0.3591926693916321,0.37985461950302124
2741,55,40,-0.38417547941207886,0.0794779509305954,-0.3591926693916321,0.37985461950302124
2742,55,41,-0.18894383311271667,-0.3606775104999542,-0.3591926693916321,0.37985461950302124
2743,55,42,0.44931983947753906,-0.48227810859680176,-0.3591926693916321,0.37985461950302124
2744,55,43,0.41623908281326294,-0.7228921055793762,-0.3591926693916321,0.37985461950302124
2745,55,44,0.22098515927791595,-0.32158586382865906,-0.3591926693916321,0.37985461950302124
2746,55,45,0.09541301429271698,-0.7618748545646667,-0.3591926693916321,0.37985461950302124
2747,55,46,0.17183354496955872,-0.2978631556034088,-0.3591926693916321,0.37985461950302124
2748,55,47,0.21885602176189423,-0.08524101227521896,-0.3591926693916321,0.37985461950302124
2749,55,48,0.030044229701161385,-0.38027310371398926,-0.3591926693916321,0.37985461950302124
2750,55,49,0.1605159342288971,-0.3679485023021698,-0.3591926693916321,0.37985461950302124
2751,56,0,0.197190523147583,-0.35829782485961914,-0.3665783405303955,0.3888145983219147
2752,56,1,-0.12439937889575958,-0.36042389273643494,-0.3665783405303955,0.3888145983219147
2753,56,2,-0.402757853269577,-0.15227888524532318,-0.3665783405303955,0.3888145983219147
2754,56,3,-0.34616875648498535,-0.66488116979599,-0.3665783405303955,0.3888145983219147
2755,56,4,-0.1889781802892685,-0.29511696100234985,-0.3665783405303955,0.3888145983219147
2756,56,5,0.016316860914230347,-0.36255815625190735,-0.3665783405303955,0.3888145983219147
2757,56,6,0.2118750363588333,-0.21370340883731842,-0.3665783405303955,0.3888145983219147
2758,56,7,-0.016617704182863235,-0.6927163004875183,-0.3665783405303955,0.3888145983219147
2759,56,8,-0.03011908195912838,-0.1756543517112732,-0.3665783405303955,0.3888145983219147
2760,56,9,0.10678775608539581,-0.33361679315567017,-0.3665783405303955,0.3888145983219147
2761,56,10,0.04985421523451805,-0.34487324953079224,-0.3665783405303955,0.3888145983219147
2762,56,11,0.025892265141010284,-0.40086257457733154,-0.3665783405303955,0.3888145983219147
2763,56,12,0.3259071707725525,-0.3990190923213959,-0.3665783405303955,0.3888145983219147
2764,56,13,-0.03608198091387749,-0.218105286359787,-0.3665783405303955,0.3888145983219147
2765,56,14,-0.1584453582763672,0.17073233425617218,-0.3665783405303955,0.3888145983219147
2766,56,15,0.13151395320892334,-0.5612064003944397,-0.3665783405303955,0.3888145983219147
2767,56,16,0.03798040375113487,-0.25450408458709717,-0.3665783405303955,0.3888145983219147
2768,56,17,-0.05874934419989586,-1.0,-0.3665783405303955,0.3888145983219147
2769,56,18,-0.012451441027224064,-0.2535398006439209,-0.3665783405303955,0.3888145983219147
2770,56,19,0.1346040666103363,-0.3424401581287384,-0.3665783405303955,0.3888145983219147
2771,56,20,0.24060706794261932,-0.07550723850727081,-0.3665783405303955,0.3888145983219147
2772,56,21,0.29935094714164734,-0.42834705114364624,-0.3665783405303955,0.3888145983219147
2773,56,22,0.3640713393688202,-0.5266255140304565,-0.3665783405303955,0.3888145983219147
2774,56,23,0.40749138593673706,-0.26169875264167786,-0.3665783405303955,0.3888145983219147
2775,56,24,0.2601456940174103,-0.10430644452571869,-0.3665783405303955,0.3888145983219147
2776,56,25,-0.016885457560420036,-0.5840727090835571,-0.3665783405303955,0.3888145983219147
2777,56,26,-0.15949811041355133,-0.08546370267868042,-0.3665783405303955,0.3888145983219147
2778,56,27,-0.16586725413799286,-0.6292374730110168,-0.3665783405303955,0.3888145983219147
2779,56,28,0.09713838249444962,0.020311007276177406,-0.3665783405303955,0.3888145983219147
2780,56,29,0.2604982256889343,-0.28384605050086975,-0.3665783405303955,0.3888145983219147
2781,56,30,0.0887259915471077,-0.6572341322898865,-0.3665783405303955,0.3888145983219147
2782,56,31,-0.0289984829723835,-0.25127553939819336,-0.3665783405303955,0.3888145983219147
2783,56,32,-0.15967920422554016,-1.0,-0.3665783405303955,0.3888145983219147
2784,56,33,0.11999158561229706,-0.6424129605293274,-0.3665783405303955,0.3888145983219147
2785,56,34,0.08970136940479279,-0.36203813552856445,-0.3665783405303955,0.3888145983219147
2786,56,35,0.027445781975984573,-0.1216145008802414,-0.3665783405303955,0.3888145983219147
2787,56,36,0.3902665972709656,-0.37359973788261414,-0.3665783405303955,0.3888145983219147
2788,56,37,0.2951223850250244,-0.7053319215774536,-0.3665783405303955,0.3888145983219147
2789,56,38,0.19219191372394562,-0.7877721190452576,-0.3665783405303955,0.3888145983219147
2790,56,39,0.05013230815529823,-0.43852561712265015,-0.3665783405303955,0.3888145983219147
2791,56,40,0.05641523003578186,-0.21053270995616913,-0.3665783405303955,0.3888145983219147
2792,56,41,-0.30969586968421936,-0.1183939278125763,-0.3665783405303955,0.3888145983219147
2793,56,42,-0.1450885385274887,-0.20365281403064728,-0.3665783405303955,0.3888145983219147
2794,56,43,0.09125080704689026,-0.047517191618680954,-0.3665783405303955,0.3888145983219147
2795,56,44,0.017448151484131813,-0.7555204033851624,-0.3665783405303955,0.3888145983219147
2796,56,45,0.10575282573699951,-0.8704765439033508,-0.3665783405303955,0.3888145983219147
2797,56,46,0.12492512166500092,-0.34324291348457336,-0.3665783405303955,0.3888145983219147
2798,56,47,0.06946626305580139,-0.2635727524757385,-0.3665783405303955,0.3888145983219147
2799,56,48,-0.208289235830307,-0.07476293295621872,-0.3665783405303955,0.3888145983219147
2800,56,49,-0.482589453458786,-0.5272148251533508,-0.3665783405303955,0.3888145983219147
2801,57,0,-0.17288945615291595,-0.30929139256477356,-0.3721836805343628,0.3940010070800781
2802,57,1,-0.2629391849040985,-0.5713602304458618,-0.3721836805343628,0.3940010070800781
2803,57,2,-0.25460466742515564,-0.500042736530304,-0.3721836805343628,0.3940010070800781
2804,57,3,0.06041961535811424,-0.5225170254707336,-0.3721836805343628,0.3940010070800781
2805,57,4,0.3927779495716095,-0.712086021900177,-0.3721836805343628,0.3940010070800781
2806,57,5,0.43804600834846497,-0.49598199129104614,-0.3721836805343628,0.3940010070800781
2807,57,6,0.3158999979496002,-0.1553666591644287,-0.3721836805343628,0.3940010070800781
2808,57,7,0.3495960831642151,-0.3328191936016083,-0.3721836805343628,0.3940010070800781
2809,57,8,0.5339217782020569,0.05893302708864212,-0.3721836805343628,0.3940010070800781
2810,57,9,0.338827908039093,-0.7345640063285828,-0.3721836805343628,0.3940010070800781
2811,57,10,-0.08303838223218918,-0.690980851650238,-0.3721836805343628,0.3940010070800781
2812,57,11,0.11629398167133331,-0.3890519142150879,-0.3721836805343628,0.3940010070800781
2813,57,12,0.32945871353149414,-0.19702808558940887,-0.3721836805343628,0.3940010070800781
2814,57,13,0.11944879591464996,-0.1266457587480545,-0.3721836805343628,0.3940010070800781
2815,57,14,-0.20130957663059235,-0.20107056200504303,-0.3721836805343628,0.3940010070800781
2816,57,15,-0.16810816526412964,-0.44502776861190796,-0.3721836805343628,0.3940010070800781
2817,57,16,-0.0013399421004578471,-0.1262875497341156,-0.3721836805343628,0.3940010070800781
2818,57,17,-0.20421087741851807,-0.42507418990135193,-0.3721836805343628,0.3940010070800781
2819,57,18,-0.2452852427959442,-0.5070125460624695,-0.3721836805343628,0.3940010070800781
2820,57,19,-0.04615980014204979,-0.5195179581642151,-0.3721836805343628,0.3940010070800781
2821,57,20,-0.19129085540771484,-0.2821378707885742,-0.3721836805343628,0.3940010070800781
2822,57,21,-0.11391165852546692,-0.3905127942562103,-0.3721836805343628,0.3940010070800781
2823,57,22,-0.10335211455821991,-0.6257151365280151,-0.3721836805343628,0.3940010070800781
2824,57,23,0.016111278906464577,-0.3858569264411926,-0.3721836805343628,0.3940010070800781
2825,57,24,0.24960322678089142,-0.20257319509983063,-0.3721836805343628,0.3940010070800781
2826,57,25,0.4130576252937317,-0.6180564761161804,-0.3721836805343628,0.3940010070800781
2827,57,26,0.3023293912410736,-0.36512649059295654,-0.3721836805343628,0.3940010070800781
2828,57,27,0.3078257441520691,-0.43385443091392517,-0.3721836805343628,0.3940010070800781
2829,57,28,0.48218217492103577,-0.33806416392326355,-0.3721836805343628,0.3940010070800781
2830,57,29,0.1825898289680481,-0.7606106400489807,-0.3721836805343628,0.3940010070800781
2831,57,30,0.24521036446094513,0.08801305294036865,-0.3721836805343628,0.3940010070800781
2832,57,31,0.21011509001255035,-0.8027029633522034,-0.3721836805343628,0.3940010070800781
2833,57,32,0.41191813349723816,-0.06983136385679245,-0.3721836805343628,0.3940010070800781
2834,57,33,0.13779330253601074,-0.8399558663368225,-0.3721836805343628,0.3940010070800781
2835,57,34,0.010977501980960369,-0.37047919631004333,-0.3721836805343628,0.3940010070800781
2836,57,35,0.29240959882736206,-0.40125536918640137,-0.3721836805343628,0.3940010070800781
2837,57,36,-0.08249492198228836,-0.0811586081981659,-0.3721836805343628,0.3940010070800781
2838,57,37,-0.1599801778793335,-0.5799822807312012,-0.3721836805343628,0.3940010070800781
2839,57,38,-0.1549849808216095,-0.24315088987350464,-0.3721836805343628,0.3940010070800781
2840,57,39,-0.10960441082715988,-0.575893223285675,-0.3721836805343628,0.3940010070800781
2841,57,40,-0.29274314641952515,-0.40445297956466675,-0.3721836805343628,0.3940010070800781
2842,57,41,-0.23843543231487274,0.024086598306894302,-0.3721836805343628,0.3940010070800781
2843,57,42,0.08612711727619171,-0.620290219783783,-0.3721836805343628,0.3940010070800781
2844,57,43,0.17131102085113525,-0.693233072757721,-0.3721836805343628,0.3940010070800781
2845,57,44,0.4895973205566406,-0.2929374575614929,-0.3721836805343628,0.3940010070800781
2846,57,45,0.2991262972354889,-0.31634756922721863,-0.3721836805343628,0.3940010070800781
2847,57,46,0.4092019498348236,-0.347469687461853,-0.3721836805343628,0.3940010070800781
2848,57,47,0.21919813752174377,-0.6505268812179565,-0.3721836805343628,0.3940010070800781
2849,57,48,-0.16909460723400116,-0.28037092089653015,-0.3721836805343628,0.3940010070800781
2850,57,49,-0.10994507372379303,0.0596020445227623,-0.3721836805343628,0.3940010070800781
2851,58,0,0.2321489453315735,-0.5929389595985413,-0.39137953519821167,0.40372633934020996
2852,58,1,-0.011719885282218456,-0.7074012756347656,-0.39137953519821167,0.40372633934020996
2853,58,2,-0.23222827911376953,-0.49839910864830017,-0.39137953519821167,0.40372633934020996
2854,58,3,0.11114034056663513,-0.3127395510673523,-0.39137953519821167,0.40372633934020996
2855,58,4,0.1491483896970749,-0.18256358802318573,-0.39137953519821167,0.40372633934020996
2856,58,5,0.036901216953992844,-0.279831200838089,-0.39137953519821167,0.40372633934020996
2857,58,6,0.06928494572639465,-0.4123387932777405,-0.39137953519821167,0.40372633934020996
2858,58,7,0.19245171546936035,-1.0,-0.39137953519821167,0.40372633934020996
2859,58,8,0.01834239810705185,-0.3051932156085968,-0.39137953519821167,0.40372633934020996
2860,58,9,-0.00509776221588254,-0.45294204354286194,-0.39137953519821167,0.40372633934020996
2861,58,10,-0.0003536322037689388,-0.22152359783649445,-0.39137953519821167,0.40372633934020996
2862,58,11,-0.08870933204889297,-0.3882392644882202,-0.39137953519821167,0.40372633934020996
2863,58,12,0.23092058300971985,-0.3046930730342865,-0.39137953519821167,0.40372633934020996
2864,58,13,-0.08608847856521606,-0.16974617540836334,-0.39137953519821167,0.40372633934020996
2865,58,14,-0.23098990321159363,0.013175115920603275,-0.39137953519821167,0.40372633934020996
2866,58,15,-0.07773580402135849,0.028550302609801292,-0.39137953519821167,0.40372633934020996
2867,58,16,0.000747419660910964,-0.4426365792751312,-0.39137953519821167,0.40372633934020996
2868,58,17,0.015446198172867298,-0.12757547199726105,-0.39137953519821167,0.40372633934020996
2869,58,18,0.2138620913028717,-0.13363000750541687,-0.39137953519821167,0.40372633934020996
2870,58,19,0.5880776047706604,-0.07903596013784409,-0.39137953519821167,0.40372633934020996
2871,58,20,0.46774688363075256,-0.28252682089805603,-0.39137953519821167,0.40372633934020996
2872,58,21,0.42056363821029663,-0.10773096233606339,-0.39137953519821167,0.40372633934020996
2873,58,22,-0.12168901413679123,-0.37801000475883484,-0.39137953519821167,0.40372633934020996
2874,58,23,0.07780883461236954,-0.7221359610557556,-0.39137953519821167,0.40372633934020996
2875,58,24,-0.13170547783374786,-0.313179612159729,-0.39137953519821167,0.40372633934020996
2876,58,25,0.30688145756721497,0.003220347221940756,-0.39137953519821167,0.40372633934020996
2877,58,26,-0.19337649643421173,-0.29994475841522217,-0.39137953519821167,0.40372633934020996
2878,58,27,-0.2449917495250702,-0.6021776795387268,-0.39137953519821167,0.40372633934020996
2879,58,28,0.05919206514954567,-0.15333178639411926,-0.39137953519821167,0.40372633934020996
2880,58,29,-0.1523282378911972,-0.05164765194058418,-0.39137953519821167,0.40372633934020996
2881,58,30,0.063600555062294,-0.31596827507019043,-0.39137953519821167,0.40372633934020996
2882,58,31,0.4708714187145233,-0.4746380150318146,-0.39137953519821167,0.40372633934020996
2883,58,32,-0.14626441895961761,-0.5974408984184265,-0.39137953519821167,0.40372633934020996
2884,58,33,-0.09296458959579468,-0.4881106913089752,-0.39137953519821167,0.40372633934020996
2885,58,34,-0.5429682731628418,-0.41150203347206116,-0.39137953519821167,0.40372633934020996
2886,58,35,-0.0380435548722744,-0.3041849136352539,-0.39137953519821167,0.40372633934020996
2887,58,36,0.03756535053253174,-0.5415070056915283,-0.39137953519821167,0.40372633934020996
2888,58,37,-0.14685359597206116,-0.11893724650144577,-0.39137953519821167,0.40372633934020996
2889,58,38,0.11946987360715866,-0.8523496985435486,-0.39137953519821167,0.40372633934020996
2890,58,39,-0.0076398905366659164,-0.5151144862174988,-0.39137953519821167,0.40372633934020996
2891,58,40,-0.2948373854160309,-0.5619683265686035,-0.39137953519821167,0.40372633934020996
2892,58,41,-0.15945397317409515,-0.5011530518531799,-0.39137953519821167,0.40372633934020996
2893,58,42,0.3341965079307556,-0.7398081421852112,-0.39137953519821167,0.40372633934020996
2894,58,43,0.48306912183761597,-0.6575394868850708,-0.39137953519821167,0.40372633934020996
2895,58,44,0.5054468512535095,-0.2362593114376068,-0.39137953519821167,0.40372633934020996
2896,58,45,0.5614810585975647,-0.33728793263435364,-0.39137953519821167,0.40372633934020996
2897,58,46,-0.05613090842962265,-0.4290684759616852,-0.39137953519821167,0.40372633934020996
2898,58,47,0.0679691806435585,-0.450786292552948,-0.39137953519821167,0.40372633934020996
2899,58,48,-0.4336848556995392,-0.2923714220523834,-0.39137953519821167,0.40372633934020996
2900,58,49,-0.3469087481498718,-0.3503150939941406,-0.39137953519821167,0.40372633934020996
2901,59,0,-0.10080574452877045,-0.8269978761672974,-0.39983195066452026,0.4065242111682892
2902,59,1,-0.28786367177963257,-1.0,-0.39983195066452026,0.4065242111682892
2903,59,2,-0.4115905463695526,-0.2852218449115753,-0.39983195066452026,0.4065242111682892
2904,59,3,-0.15579386055469513,-0.29244089126586914,-0.39983195066452026,0.4065242111682892
2905,59,4,-0.13709084689617157,-0.756775438785553,-0.39983195066452026,0.4065242111682892
2906,59,5,0.029113559052348137,0.007253486663103104,-0.39983195066452026,0.4065242111682892
2907,59,6,-0.0763600543141365,0.0029881212394684553,-0.39983195066452026,0.4065242111682892
2908,59,7,-0.2405238151550293,0.22904416918754578,-0.39983195066452026,0.4065242111682892
2909,59,8,0.07755441218614578,-0.3186289072036743,-0.39983195066452026,0.4065242111682892
2910,59,9,0.04639825224876404,-0.4745652377605438,-0.39983195066452026,0.4065242111682892
2911,59,10,-0.34510448575019836,-0.2995292544364929,-0.39983195066452026,0.4065242111682892
2912,59,11,-0.20674946904182434,-0.8607538938522339,-0.39983195066452026,0.4065242111682892
2913,59,12,0.2226494997739792,-0.2668808102607727,-0.39983195066452026,0.4065242111682892
2914,59,13,0.15567320585250854,-0.5786440968513489,-0.39983195066452026,0.4065242111682892
2915,59,14,-0.18011105060577393,-0.27036505937576294,-0.39983195066452026,0.4065242111682892
2916,59,15,-0.06779841333627701,-0.478476345539093,-0.39983195066452026,0.4065242111682892
2917,59,16,0.28260448575019836,-0.5786410570144653,-0.39983195066452026,0.4065242111682892
2918,59,17,0.13066527247428894,-0.756920576095581,-0.39983195066452026,0.4065242111682892
2919,59,18,-0.3365544080734253,-0.8260695338249207,-0.39983195066452026,0.4065242111682892
2920,59,19,-0.3677346408367157,-0.28109806776046753,-0.39983195066452026,0.4065242111682892
2921,59,20,-0.18848100304603577,-0.18537849187850952,-0.39983195066452026,0.4065242111682892
2922,59,21,0.23966187238693237,-0.4283674359321594,-0.39983195066452026,0.4065242111682892
2923,59,22,0.07895276695489883,-0.13974842429161072,-0.39983195066452026,0.4065242111682892
2924,59,23,-0.25381991267204285,-0.1370772421360016,-0.39983195066452026,0.4065242111682892
2925,59,24,-0.05649646744132042,-0.47405895590782166,-0.39983195066452026,0.4065242111682892
2926,59,25,0.03477265685796738,-0.7129651308059692,-0.39983195066452026,0.4065242111682892
2927,59,26,0.04481976851820946,0.13949909806251526,-0.39983195066452026,0.4065242111682892
2928,59,27,0.09480180591344833,-0.6545671224594116,-0.39983195066452026,0.4065242111682892
2929,59,28,0.03187021613121033,-0.7004146575927734,-0.39983195066452026,0.4065242111682892
2930,59,29,-0.030571600422263145,-0.52956223487854,-0.39983195066452026,0.4065242111682892
2931,59,30,0.19573597609996796,-0.34255102276802063,-0.39983195066452026,0.4065242111682892
2932,59,31,-0.03220652416348457,-0.3438677191734314,-0.39983195066452026,0.4065242111682892
2933,59,32,-0.42646029591560364,-0.37638553977012634,-0.39983195066452026,0.4065242111682892
2934,59,33,-0.31697770953178406,-0.4666512906551361,-0.39983195066452026,0.4065242111682892
2935,59,34,-0.13243848085403442,-0.0025840802118182182,-0.39983195066452026,0.4065242111682892
2936,59,35,-0.0341731496155262,-0.41333386301994324,-0.39983195066452026,0.4065242111682892
2937,59,36,0.13642176985740662,-0.2933657169342041,-0.39983195066452026,0.4065242111682892
2938,59,37,0.23147137463092804,-0.4530762732028961,-0.39983195066452026,0.4065242111682892
2939,59,38,0.08286617696285248,-0.37281355261802673,-0.39983195066452026,0.4065242111682892
2940,59,39,-0.14017435908317566,-0.2284907102584839,-0.39983195066452026,0.4065242111682892
2941,59,40,0.05927448347210884,-0.24086828529834747,-0.39983195066452026,0.4065242111682892
2942,59,41,-0.23123960196971893,-0.3052031397819519,-0.39983195066452026,0.4065242111682892
2943,59,42,-0.11499534547328949,-0.9928370714187622,-0.39983195066452026,0.4065242111682892
2944,59,43,0.17197290062904358,-0.09657103568315506,-0.39983195066452026,0.4065242111682892
2945,59,44,0.1187758594751358,-0.32480746507644653,-0.39983195066452026,0.4065242111682892
2946,59,45,-0.13629785180091858,0.009138763882219791,-0.39983195066452026,0.4065242111682892
2947,59,46,-0.04114871472120285,-0.02807077020406723,-0.39983195066452026,0.4065242111682892
2948,59,47,-0.13876424729824066,-0.4314579367637634,-0.39983195066452026,0.4065242111682892
2949,59,48,0.17679986357688904,-0.5636364817619324,-0.39983195066452026,0.4065242111682892
2950,59,49,0.08448002487421036,-0.5371338129043579,-0.39983195066452026,0.4065242111682892
2951,60,0,0.036602601408958435,-0.4384936988353729,-0.3826174736022949,0.3927770256996155
2952,60,1,0.07083753496408463,-0.6269768476486206,-0.3826174736022949,0.3927770256996155
2953,60,2,0.1558350920677185,-0.5738641619682312,-0.3826174736022949,0.3927770256996155
2954,60,3,0.2517322301864624,-0.3502603769302368,-0.3826174736022949,0.3927770256996155
2955,60,4,0.32888901233673096,-0.6683421730995178,-0.3826174736022949,0.3927770256996155
2956,60,5,0.343284547328949,-0.3416370749473572,-0.3826174736022949,0.3927770256996155
2957,60,6,0.3788510262966156,-0.1817387342453003,-0.3826174736022949,0.3927770256996155
2958,60,7,0.10228259116411209,-0.37308117747306824,-0.3826174736022949,0.3927770256996155
2959,60,8,-0.11136474460363388,-0.3790515661239624,-0.3826174736022949,0.3927770256996155
2960,60,9,-0.19944694638252258,-0.3789639472961426,-0.3826174736022949,0.3927770256996155
2961,60,10,-0.2297637164592743,-0.7685129642486572,-0.3826174736022949,0.3927770256996155
2962,60,11,-0.07530487328767776,-0.8019410371780396,-0.3826174736022949,0.3927770256996155
2963,60,12,0.37607449293136597,-0.10650293529033661,-0.3826174736022949,0.3927770256996155
2964,60,13,0.09602769464254379,-0.4622555077075958,-0.3826174736022949,0.3927770256996155
2965,60,14,0.22288674116134644,0.0373624712228775,-0.3826174736022949,0.3927770256996155
2966,60,15,0.12200827896595001,-0.5934507250785828,-0.3826174736022949,0.3927770256996155
2967,60,16,-0.0053703393787145615,-0.3389562964439392,-0.3826174736022949,0.3927770256996155
2968,60,17,0.1535455882549286,-0.30293798446655273,-0.3826174736022949,0.3927770256996155
2969,60,18,0.1608065515756607,-0.15449488162994385,-0.3826174736022949,0.3927770256996155
2970,60,19,0.03975810110569,-0.3152514100074768,-0.3826174736022949,0.3927770256996155
2971,60,20,-0.3955565392971039,0.1104574054479599,-0.3826174736022949,0.3927770256996155
2972,60,21,-0.35627901554107666,-0.5237468481063843,-0.3826174736022949,0.3927770256996155
2973,60,22,-0.23823319375514984,-0.5348680019378662,-0.3826174736022949,0.3927770256996155
2974,60,23,-0.4031769037246704,-0.6337942481040955,-0.3826174736022949,0.3927770256996155
2975,60,24,-0.1141868308186531,0.006405586842447519,-0.3826174736022949,0.3927770256996155
2976,60,25,-0.19756129384040833,-0.293413907289505,-0.3826174736022949,0.3927770256996155
2977,60,26,-0.2631070613861084,-0.6861876249313354,-0.3826174736022949,0.3927770256996155
2978,60,27,-0.31547942757606506,-0.48980244994163513,-0.3826174736022949,0.3927770256996155
2979,60,28,0.0716729685664177,-0.18781524896621704,-0.3826174736022949,0.3927770256996155
2980,60,29,0.303849995136261,-0.5386658310890198,-0.3826174736022949,0.3927770256996155
2981,60,30,0.21426080167293549,-0.33469098806381226,-0.3826174736022949,0.3927770256996155
2982,60,31,0.27564769983291626,-0.40669503808021545,-0.3826174736022949,0.3927770256996155
2983,60,32,0.30259472131729126,-0.5761310458183289,-0.3826174736022949,0.3927770256996155
2984,60,33,-0.06401804834604263,-0.09267538040876389,-0.3826174736022949,0.3927770256996155
2985,60,34,-0.1423271745443344,-0.23716208338737488,-0.3826174736022949,0.3927770256996155
2986,60,35,0.13219666481018066,-0.9769670367240906,-0.3826174736022949,0.3927770256996155
2987,60,36,-0.1080947145819664,-0.5312495827674866,-0.3826174736022949,0.3927770256996155
2988,60,37,-0.1690012514591217,-0.5152913331985474,-0.3826174736022949,0.3927770256996155
2989,60,38,-0.15405750274658203,-0.03800589218735695,-0.3826174736022949,0.3927770256996155
2990,60,39,0.3868086338043213,-0.3689746558666229,-0.3826174736022949,0.3927770256996155
2991,60,40,0.3033201992511749,0.14843229949474335,-0.3826174736022949,0.3927770256996155
2992,60,41,0.21783363819122314,-1.0,-0.3826174736022949,0.3927770256996155
2993,60,42,0.08500812202692032,-0.8299943208694458,-0.3826174736022949,0.3927770256996155
2994,60,43,-0.14280156791210175,-0.11067649722099304,-0.3826174736022949,0.3927770256996155
2995,60,44,0.00970378052443266,-0.2731359302997589,-0.3826174736022949,0.3927770256996155
2996,60,45,0.19692429900169373,-0.13797152042388916,-0.3826174736022949,0.3927770256996155
2997,60,46,-0.24820250272750854,-0.13494323194026947,-0.3826174736022949,0.3927770256996155
2998,60,47,-0.29653239250183105,-0.37219876050949097,-0.3826174736022949,0.3927770256996155
2999,60,48,-0.10450847446918488,-0.35009247064590454,-0.3826174736022949,0.3927770256996155
3000,60,49,-0.09349463880062103,-0.5353063344955444,-0.3826174736022949,0.3927770256996155
3001,61,0,-0.09060229361057281,-0.4697926938533783,-0.3849271237850189,0.37079373002052307
3002,61,1,-0.15015780925750732,0.18680419027805328,-0.3849271237850189,0.37079373002052307
3003,61,2,-0.09770181775093079,0.014403955079615116,-0.3849271237850189,0.37079373002052307
3004,61,3,-0.18908892571926117,-0.28875288367271423,-0.3849271237850189,0.37079373002052307
3005,61,4,0.1000596210360527,-0.4879719913005829,-0.3849271237850189,0.37079373002052307
3006,61,5,0.11516362428665161,-0.3435617983341217,-0.3849271237850189,0.37079373002052307
3007,61,6,-0.12298769503831863,-0.3700762689113617,-0.3849271237850189,0.37079373002052307
3008,61,7,0.0008618278661742806,-0.15313038229942322,-0.3849271237850189,0.37079373002052307
3009,61,8,0.45217275619506836,-0.23052899539470673,-0.3849271237850189,0.37079373002052307
3010,61,9,0.3994525671005249,-0.182715505361557,-0.3849271237850189,0.37079373002052307
3011,61,10,0.09983735531568527,-0.3898136615753174,-0.3849271237850189,0.37079373002052307
3012,61,11,-0.1719936728477478,-0.2668849229812622,-0.3849271237850189,0.37079373002052307
3013,61,12,-0.034376952797174454,-0.5913054347038269,-0.3849271237850189,0.37079373002052307
3014,61,13,-0.1171422004699707,-0.21761716902256012,-0.3849271237850189,0.37079373002052307
3015,61,14,-0.14015652239322662,-0.7807993292808533,-0.3849271237850189,0.37079373002052307
3016,61,15,-0.1368451714515686,-0.39328134059906006,-0.3849271237850189,0.37079373002052307
3017,61,16,0.05542081594467163,-0.06349942088127136,-0.3849271237850189,0.37079373002052307
3018,61,17,0.07177384942770004,-0.6368152499198914,-0.3849271237850189,0.37079373002052307
3019,61,18,0.3001455068588257,-0.6229411959648132,-0.3849271237850189,0.37079373002052307
3020,61,19,0.4608650803565979,-0.62937331199646,-0.3849271237850189,0.37079373002052307
3021,61,20,0.45317140221595764,-0.07009381055831909,-0.3849271237850189,0.37079373002052307
3022,61,21,0.4821654260158539,-0.14330503344535828,-0.3849271237850189,0.37079373002052307
3023,61,22,0.5481112003326416,-0.367463082075119,-0.3849271237850189,0.37079373002052307
3024,61,23,0.26838329434394836,-0.261440247297287,-0.3849271237850189,0.37079373002052307
3025,61,24,-0.05648801475763321,-0.0755726769566536,-0.3849271237850189,0.37079373002052307
3026,61,25,0.002332321833819151,-0.45245903730392456,-0.3849271237850189,0.37079373002052307
3027,61,26,0.022279202938079834,-0.4343021512031555,-0.3849271237850189,0.37079373002052307
3028,61,27,-0.06942631304264069,-0.30788174271583557,-0.3849271237850189,0.37079373002052307
3029,61,28,-0.17635217308998108,-0.39790987968444824,-0.3849271237850189,0.37079373002052307
3030,61,29,-0.2297089844942093,-0.2749062180519104,-0.3849271237850189,0.37079373002052307
3031,61,30,-0.3661036789417267,-0.6632947325706482,-0.3849271237850189,0.37079373002052307
3032,61,31,-0.22801107168197632,-0.6151906251907349,-0.3849271237850189,0.37079373002052307
3033,61,32,-0.042358580976724625,-0.5030064582824707,-0.3849271237850189,0.37079373002052307
3034,61,33,0.198250412940979,-0.2754122316837311,-0.3849271237850189,0.37079373002052307
3035,61,34,0.2702856957912445,-0.11755276471376419,-0.3849271237850189,0.37079373002052307
3036,61,35,0.1518775224685669,-0.7391418218612671,-0.3849271237850189,0.37079373002052307
3037,61,36,0.48355308175086975,-0.18379901349544525,-0.3849271237850189,0.37079373002052307
3038,61,37,0.17596624791622162,-0.36852267384529114,-0.3849271237850189,0.37079373002052307
3039,61,38,-0.3455301821231842,-0.6418358683586121,-0.3849271237850189,0.37079373002052307
3040,61,39,-0.22337277233600616,-0.8168779015541077,-0.3849271237850189,0.37079373002052307
3041,61,40,0.042739033699035645,-0.3212243616580963,-0.3849271237850189,0.37079373002052307
3042,61,41,0.1666218787431717,-0.7184210419654846,-0.3849271237850189,0.37079373002052307
3043,61,42,0.2486191987991333,-0.6065806746482849,-0.3849271237850189,0.37079373002052307
3044,61,43,0.015534109435975552,-0.35558685660362244,-0.3849271237850189,0.37079373002052307
3045,61,44,-0.12632335722446442,-0.8439999222755432,-0.3849271237850189,0.37079373002052307
3046,61,45,-0.11439672112464905,-0.4905322790145874,-0.3849271237850189,0.37079373002052307
3047,61,46,-0.12624934315681458,-0.9304326176643372,-0.3849271237850189,0.37079373002052307
3048,61,47,-0.09097488969564438,-0.3887212574481964,-0.3849271237850189,0.37079373002052307
3049,61,48,-0.013602075167000294,-1.0,-0.3849271237850189,0.37079373002052307
3050,61,49,0.347729355096817,-0.5568273663520813,-0.3849271237850189,0.37079373002052307
3051,62,0,0.18320491909980774,0.004631315357983112,-0.3895489275455475,0.35789626836776733
3052,62,1,0.07801060378551483,-0.2566012442111969,-0.3895489275455475,0.35789626836776733
3053,62,2,0.25548964738845825,-0.041726332157850266,-0.3895489275455475,0.35789626836776733
3054,62,3,0.5353392362594604,-0.19566263258457184,-0.3895489275455475,0.35789626836776733
3055,62,4,0.4073563814163208,-0.4823400378227234,-0.3895489275455475,0.35789626836776733
3056,62,5,0.3770424425601959,-0.2236671894788742,-0.3895489275455475,0.35789626836776733
3057,62,6,0.44375404715538025,-0.6722602844238281,-0.3895489275455475,0.35789626836776733
3058,62,7,0.33853861689567566,-0.27836140990257263,-0.3895489275455475,0.35789626836776733
3059,62,8,0.10455207526683807,-0.26915809512138367,-0.3895489275455475,0.35789626836776733
3060,62,9,0.19419638812541962,-0.6212058067321777,-0.3895489275455475,0.35789626836776733
3061,62,10,0.07703394442796707,0.03629002720117569,-0.3895489275455475,0.35789626836776733
3062,62,11,0.13524317741394043,-0.823298990726471,-0.3895489275455475,0.35789626836776733
3063,62,12,-0.1356189250946045,-0.1983046680688858,-0.3895489275455475,0.35789626836776733
3064,62,13,-0.3999378979206085,-0.4428245425224304,-0.3895489275455475,0.35789626836776733
3065,62,14,-0.001126880757510662,-0.49965915083885193,-0.3895489275455475,0.35789626836776733
3066,62,15,-0.32090669870376587,-0.15113753080368042,-0.3895489275455475,0.35789626836776733
3067,62,16,-0.22659189999103546,-0.3501024842262268,-0.3895489275455475,0.35789626836776733
3068,62,17,0.5104150176048279,-0.3835658133029938,-0.3895489275455475,0.35789626836776733
3069,62,18,0.4912312924861908,-0.16639837622642517,-0.3895489275455475,0.35789626836776733
3070,62,19,0.29336196184158325,-0.6851648688316345,-0.3895489275455475,0.35789626836776733
3071,62,20,0.21275228261947632,0.06701406091451645,-0.3895489275455475,0.35789626836776733
3072,62,21,0.1735934615135193,-0.32314348220825195,-0.3895489275455475,0.35789626836776733
3073,62,22,0.3553692400455475,-0.2968289852142334,-0.3895489275455475,0.35789626836776733
3074,62,23,0.08747034519910812,-0.22605031728744507,-0.3895489275455475,0.35789626836776733
3075,62,24,-0.03694790229201317,-0.5911749601364136,-0.3895489275455475,0.35789626836776733
3076,62,25,-0.050236549228429794,-0.07832532376050949,-0.3895489275455475,0.35789626836776733
3077,62,26,-0.0898808017373085,-0.3304542899131775,-0.3895489275455475,0.35789626836776733
3078,62,27,0.27460139989852905,0.005812529474496841,-0.3895489275455475,0.35789626836776733
3079,62,28,-0.043032772839069366,-0.5798735618591309,-0.3895489275455475,0.35789626836776733
3080,62,29,-0.4478799104690552,0.0015263860113918781,-0.3895489275455475,0.35789626836776733
3081,62,30,-0.6051529049873352,-0.9560737013816833,-0.3895489275455475,0.35789626836776733
3082,62,31,0.30750712752342224,-0.0793096050620079,-0.3895489275455475,0.35789626836776733
3083,62,32,0.12690405547618866,-0.2786403298377991,-0.3895489275455475,0.35789626836776733
3084,62,33,0.2966381013393402,-0.23277221620082855,-0.3895489275455475,0.35789626836776733
3085,62,34,0.6897957921028137,-0.1602262407541275,-0.3895489275455475,0.35789626836776733
3086,62,35,0.3179422616958618,-0.39519479870796204,-0.3895489275455475,0.35789626836776733
3087,62,36,-0.3002932667732239,-0.3630947470664978,-0.3895489275455475,0.35789626836776733
3088,62,37,-0.21833400428295135,-0.25601571798324585,-0.3895489275455475,0.35789626836776733
3089,62,38,-0.1846321076154709,-0.4846147298812866,-0.3895489275455475,0.35789626836776733
3090,62,39,-0.30353835225105286,-0.5692996978759766,-0.3895489275455475,0.35789626836776733
3091,62,40,-0.3193585276603699,-0.4008931517601013,-0.3895489275455475,0.35789626836776733
3092,62,41,0.045358408242464066,-0.008544226177036762,-0.3895489275455475,0.35789626836776733
3093,62,42,0.1675497442483902,0.16114097833633423,-0.3895489275455475,0.35789626836776733
3094,62,43,0.047031205147504807,-0.41926610469818115,-0.3895489275455475,0.35789626836776733
3095,62,44,-0.031939923763275146,-0.2754320800304413,-0.3895489275455475,0.35789626836776733
3096,62,45,0.16489484906196594,-0.09146854281425476,-0.3895489275455475,0.35789626836776733
3097,62,46,0.08697959035634995,-0.4652002453804016,-0.3895489275455475,0.35789626836776733
3098,62,47,-0.11251721531152725,-0.19573654234409332,-0.3895489275455475,0.35789626836776733
3099,62,48,0.017831891775131226,-0.01812187023460865,-0.3895489275455475,0.35789626836776733
3100,62,49,0.003992102108895779,-0.43982064723968506,-0.3895489275455475,0.35789626836776733
3101,63,0,-0.4957607388496399,-0.5779494047164917,-0.3701145052909851,0.35647550225257874
3102,63,1,-0.36339855194091797,-0.42836931347846985,-0.3701145052909851,0.35647550225257874
3103,63,2,-0.8250405788421631,-0.09181826561689377,-0.3701145052909851,0.35647550225257874
3104,63,3,-0.2271491438150406,-0.1766875982284546,-0.3701145052909851,0.35647550225257874
3105,63,4,0.05655528977513313,-0.34240564703941345,-0.3701145052909851,0.35647550225257874
3106,63,5,0.07597419619560242,-0.7408655881881714,-0.3701145052909851,0.35647550225257874
3107,63,6,-0.08278674632310867,-0.6106053590774536,-0.3701145052909851,0.35647550225257874
3108,63,7,0.04681333526968956,-0.3230515420436859,-0.3701145052909851,0.35647550225257874
3109,63,8,0.0322953537106514,-0.06584162265062332,-0.3701145052909851,0.35647550225257874
3110,63,9,-0.06201086938381195,-0.9825412631034851,-0.3701145052909851,0.35647550225257874
3111,63,10,0.14631423354148865,-0.47643372416496277,-0.3701145052909851,0.35647550225257874
3112,63,11,0.32502278685569763,-0.5362517237663269,-0.3701145052909851,0.35647550225257874
3113,63,12,-0.06661863625049591,-0.40314188599586487,-0.3701145052909851,0.35647550225257874
3114,63,13,0.11736319959163666,-0.384623646736145,-0.3701145052909851,0.35647550225257874
3115,63,14,0.04709549620747566,0.09699495881795883,-0.3701145052909851,0.35647550225257874
3116,63,15,0.05410327762365341,-0.5899968147277832,-0.3701145052909851,0.35647550225257874
3117,63,16,-0.0805170089006424,-0.2711748778820038,-0.3701145052909851,0.35647550225257874
3118,63,17,-0.14216451346874237,-0.8858567476272583,-0.3701145052909851,0.35647550225257874
3119,63,18,0.04418855160474777,-0.38568514585494995,-0.3701145052909851,0.35647550225257874
3120,63,19,0.06072248890995979,-0.49185851216316223,-0.3701145052909851,0.35647550225257874
3121,63,20,-0.183817520737648,-0.37764763832092285,-0.3701145052909851,0.35647550225257874
3122,63,21,-0.13137467205524445,-0.3448050320148468,-0.3701145052909851,0.35647550225257874
3123,63,22,0.005917392671108246,-0.07229793071746826,-0.3701145052909851,0.35647550225257874
3124,63,23,0.10403572022914886,-0.48568758368492126,-0.3701145052909851,0.35647550225257874
3125,63,24,0.1837432086467743,-0.5022522807121277,-0.3701145052909851,0.35647550225257874
3126,63,25,0.22255176305770874,-0.41062793135643005,-0.3701145052909851,0.35647550225257874
3127,63,26,0.4745344817638397,-0.22624894976615906,-0.3701145052909851,0.35647550225257874
3128,63,27,0.0358138382434845,-0.6871563792228699,-0.3701145052909851,0.35647550225257874
3129,63,28,-0.1292370855808258,-0.6287363171577454,-0.3701145052909851,0.35647550225257874
3130,63,29,0.19621196389198303,-0.45741239190101624,-0.3701145052909851,0.35647550225257874
3131,63,30,0.326922208070755,-0.6005938649177551,-0.3701145052909851,0.35647550225257874
3132,63,31,-0.3029003441333771,-0.4566911458969116,-0.3701145052909851,0.35647550225257874
3133,63,32,-0.4122442901134491,-0.29806315898895264,-0.3701145052909851,0.35647550225257874
3134,63,33,0.07301432639360428,-0.3752821683883667,-0.3701145052909851,0.35647550225257874
3135,63,34,-0.17423245310783386,-0.09261897951364517,-0.3701145052909851,0.35647550225257874
3136,63,35,-0.23131796717643738,-0.5070087909698486,-0.3701145052909851,0.35647550225257874
3137,63,36,0.05354487523436546,-0.40370169281959534,-0.3701145052909851,0.35647550225257874
3138,63,37,0.1643103063106537,-0.31384724378585815,-0.3701145052909851,0.35647550225257874
3139,63,38,0.2983763515949249,-0.4454191029071808,-0.3701145052909851,0.35647550225257874
3140,63,39,0.1641731858253479,-1.0,-0.3701145052909851,0.35647550225257874
3141,63,40,-0.17402443289756775,-0.9407408237457275,-0.3701145052909851,0.35647550225257874
3142,63,41,-0.13162480294704437,-0.7854235768318176,-0.3701145052909851,0.35647550225257874
3143,63,42,-0.12925368547439575,0.1264163702726364,-0.3701145052909851,0.35647550225257874
3144,63,43,0.27750104665756226,0.10126496106386185,-0.3701145052909851,0.35647550225257874
3145,63,44,0.020762434229254723,-0.4786034822463989,-0.3701145052909851,0.35647550225257874
3146,63,45,-0.00023461418459191918,-0.21351829171180725,-0.3701145052909851,0.35647550225257874
3147,63,46,0.2537216544151306,-0.5904860496520996,-0.3701145052909851,0.35647550225257874
3148,63,47,0.10854349285364151,-0.028575832024216652,-0.3701145052909851,0.35647550225257874
3149,63,48,-0.2893359065055847,-0.6462831497192383,-0.3701145052909851,0.35647550225257874
3150,63,49,0.099688321352005,-0.434387743473053,-0.3701145052909851,0.35647550225257874
3151,64,0,-0.594147264957428,-0.1333351731300354,-0.3417049050331116,0.3456448018550873
3152,64,1,-0.6271296143531799,-0.3074943423271179,-0.3417049050331116,0.3456448018550873
3153,64,2,0.015310266055166721,-0.17359770834445953,-0.3417049050331116,0.3456448018550873
3154,64,3,-0.05425095185637474,0.04553873464465141,-0.3417049050331116,0.3456448018550873
3155,64,4,0.08818567544221878,-0.659145712852478,-0.3417049050331116,0.3456448018550873
3156,64,5,0.014742743223905563,-0.17057786881923676,-0.3417049050331116,0.3456448018550873
3157,64,6,0.34175679087638855,-0.256756067276001,-0.3417049050331116,0.3456448018550873
3158,64,7,0.4984593689441681,-0.378603458404541,-0.3417049050331116,0.3456448018550873
3159,64,8,0.47873756289482117,-0.22310499846935272,-0.3417049050331116,0.3456448018550873
3160,64,9,0.29492107033729553,0.029275940731167793,-0.3417049050331116,0.3456448018550873
3161,64,10,0.1844339817762375,-0.10998084396123886,-0.3417049050331116,0.3456448018550873
3162,64,11,0.03257790580391884,-0.5543850660324097,-0.3417049050331116,0.3456448018550873
3163,64,12,0.10638503730297089,-0.9833145141601562,-0.3417049050331116,0.3456448018550873
3164,64,13,0.07743020355701447,-0.43989500403404236,-0.3417049050331116,0.3456448018550873
3165,64,14,0.06162519007921219,-0.2148270308971405,-0.3417049050331116,0.3456448018550873
3166,64,15,0.03843093290925026,-0.2427648901939392,-0.3417049050331116,0.3456448018550873
3167,64,16,0.2846221625804901,-0.3736937642097473,-0.3417049050331116,0.3456448018550873
3168,64,17,0.29765260219573975,-0.4334504008293152,-0.3417049050331116,0.3456448018550873
3169,64,18,0.01611958257853985,-0.34801405668258667,-0.3417049050331116,0.3456448018550873
3170,64,19,-0.25115540623664856,-0.11732117086648941,-0.3417049050331116,0.3456448018550873
3171,64,20,-0.395764023065567,-0.058220718055963516,-0.3417049050331116,0.3456448018550873
3172,64,21,0.06029948592185974,-0.7652412056922913,-0.3417049050331116,0.3456448018550873
3173,64,22,0.27356117963790894,-0.33340418338775635,-0.3417049050331116,0.3456448018550873
3174,64,23,-0.02655790187418461,0.2087825983762741,-0.3417049050331116,0.3456448018550873
3175,64,24,-0.273275226354599,-0.3158934712409973,-0.3417049050331116,0.3456448018550873
3176,64,25,-0.20363831520080566,-0.4832985997200012,-0.3417049050331116,0.3456448018550873
3177,64,26,-0.031720083206892014,-0.7157033681869507,-0.3417049050331116,0.3456448018550873
3178,64,27,0.15344394743442535,-0.3038060665130615,-0.3417049050331116,0.3456448018550873
3179,64,28,0.450724333524704,-0.4296828806400299,-0.3417049050331116,0.3456448018550873
3180,64,29,0.027628811076283455,-0.3149748742580414,-0.3417049050331116,0.3456448018550873
3181,64,30,-0.12030991911888123,-0.39984235167503357,-0.3417049050331116,0.3456448018550873
3182,64,31,-0.19611959159374237,-0.5249688625335693,-0.3417049050331116,0.3456448018550873
3183,64,32,-0.23224937915802002,-0.3087750971317291,-0.3417049050331116,0.3456448018550873
3184,64,33,0.18267779052257538,0.20341920852661133,-0.3417049050331116,0.3456448018550873
3185,64,34,0.050900232046842575,-0.12007065862417221,-0.3417049050331116,0.3456448018550873
3186,64,35,-0.11351633816957474,-0.5184234380722046,-0.3417049050331116,0.3456448018550873
3187,64,36,0.1364639550447464,-0.14788876473903656,-0.3417049050331116,0.3456448018550873
3188,64,37,0.10236159712076187,-0.5302671194076538,-0.3417049050331116,0.3456448018550873
3189,64,38,0.12036248296499252,-0.35530179738998413,-0.3417049050331116,0.3456448018550873
3190,64,39,-0.07450800389051437,-0.42568251490592957,-0.3417049050331116,0.3456448018550873
3191,64,40,-0.05513622239232063,-0.31321704387664795,-0.3417049050331116,0.3456448018550873
3192,64,41,0.12017609179019928,-0.4424448311328888,-0.3417049050331116,0.3456448018550873
3193,64,42,-0.1590355932712555,-0.27082815766334534,-0.3417049050331116,0.3456448018550873
3194,64,43,-0.2568930983543396,-0.25245916843414307,-0.3417049050331116,0.3456448018550873
3195,64,44,-0.04477216675877571,-0.5818678140640259,-0.3417049050331116,0.3456448018550873
3196,64,45,0.14751242101192474,-0.19784799218177795,-0.3417049050331116,0.3456448018550873
3197,64,46,0.10706242173910141,-0.1017371118068695,-0.3417049050331116,0.3456448018550873
3198,64,47,0.1322937160730362,-0.20519274473190308,-0.3417049050331116,0.3456448018550873
3199,64,48,-0.013827851973474026,-0.06984738260507584,-0.3417049050331116,0.3456448018550873
3200,64,49,-0.1125788614153862,-0.12359514087438583,-0.3417049050331116,0.3456448018550873
3201,65,0,0.12994560599327087,-0.253914475440979,-0.32885774970054626,0.3307296335697174
3202,65,1,0.111721470952034,-0.4971713721752167,-0.32885774970054626,0.3307296335697174
3203,65,2,-0.12960517406463623,-0.6116876006126404,-0.32885774970054626,0.3307296335697174
3204,65,3,-0.2162552922964096,-0.23918145895004272,-0.32885774970054626,0.3307296335697174
3205,65,4,0.16412843763828278,-0.029489845037460327,-0.32885774970054626,0.3307296335697174
3206,65,5,0.3620113134384155,-0.05018952488899231,-0.32885774970054626,0.3307296335697174
3207,65,6,0.3969070613384247,-0.2652691602706909,-0.32885774970054626,0.3307296335697174
3208,65,7,0.5266437530517578,0.6172938942909241,-0.32885774970054626,0.3307296335697174
3209,65,8,0.6460579633712769,-0.6735647320747375,-0.32885774970054626,0.3307296335697174
3210,65,9,0.611437976360321,-0.22319206595420837,-0.32885774970054626,0.3307296335697174
3211,65,10,0.448581725358963,-0.9294156432151794,-0.32885774970054626,0.3307296335697174
3212,65,11,0.411724716424942,0.10457300394773483,-0.32885774970054626,0.3307296335697174
3213,65,12,0.07303021103143692,-0.18951305747032166,-0.32885774970054626,0.3307296335697174
3214,65,13,-0.031518686562776566,-0.569816529750824,-0.32885774970054626,0.3307296335697174
3215,65,14,-0.3083476126194,0.08549061417579651,-0.32885774970054626,0.3307296335697174
3216,65,15,-0.12230691313743591,-0.4512454569339752,-0.32885774970054626,0.3307296335697174
3217,65,16,0.256992369890213,-0.3500256836414337,-0.32885774970054626,0.3307296335697174
3218,65,17,0.21141879260540009,-0.5247098207473755,-0.32885774970054626,0.3307296335697174
3219,65,18,0.10160759091377258,-0.418491929769516,-0.32885774970054626,0.3307296335697174
3220,65,19,0.333011269569397,-0.06095702946186066,-0.32885774970054626,0.3307296335697174
3221,65,20,0.1577628254890442,-0.4503732919692993,-0.32885774970054626,0.3307296335697174
3222,65,21,-0.20767615735530853,-0.7505804300308228,-0.32885774970054626,0.3307296335697174
3223,65,22,-0.14414921402931213,-0.13861975073814392,-0.32885774970054626,0.3307296335697174
3224,65,23,0.15046124160289764,0.3349515199661255,-0.32885774970054626,0.3307296335697174
3225,65,24,-0.02826482243835926,-0.1688755452632904,-0.32885774970054626,0.3307296335697174
3226,65,25,-0.1812881976366043,-0.21439684927463531,-0.32885774970054626,0.3307296335697174
3227,65,26,-0.05349961668252945,-0.6849158406257629,-0.32885774970054626,0.3307296335697174
3228,65,27,-0.0908382460474968,-0.270940899848938,-0.32885774970054626,0.3307296335697174
3229,65,28,0.3476914167404175,-0.1678607016801834,-0.32885774970054626,0.3307296335697174
3230,65,29,0.3422018587589264,0.020470159128308296,-0.32885774970054626,0.3307296335697174
3231,65,30,0.38698074221611023,0.08710633218288422,-0.32885774970054626,0.3307296335697174
3232,65,31,0.24323442578315735,-0.6751266717910767,-0.32885774970054626,0.3307296335697174
3233,65,32,0.31495729088783264,-0.7570140361785889,-0.32885774970054626,0.3307296335697174
3234,65,33,0.6141030788421631,-0.05551315099000931,-0.32885774970054626,0.3307296335697174
3235,65,34,0.18137797713279724,-0.4661087691783905,-0.32885774970054626,0.3307296335697174
3236,65,35,0.015473559498786926,-0.5835235118865967,-0.32885774970054626,0.3307296335697174
3237,65,36,-0.096586212515831,-0.4523756504058838,-0.32885774970054626,0.3307296335697174
3238,65,37,-0.05783800035715103,-0.5224863290786743,-0.32885774970054626,0.3307296335697174
3239,65,38,0.29646867513656616,-0.23575696349143982,-0.32885774970054626,0.3307296335697174
3240,65,39,0.6157856583595276,-0.17346857488155365,-0.32885774970054626,0.3307296335697174
3241,65,40,0.3206116855144501,-0.5935730934143066,-0.32885774970054626,0.3307296335697174
3242,65,41,0.011247619055211544,-0.06763004511594772,-0.32885774970054626,0.3307296335697174
3243,65,42,-0.18429802358150482,-0.7899221777915955,-0.32885774970054626,0.3307296335697174
3244,65,43,-0.08774980902671814,-0.23655098676681519,-0.32885774970054626,0.3307296335697174
3245,65,44,0.17484107613563538,-0.37858065962791443,-0.32885774970054626,0.3307296335697174
3246,65,45,0.09454576671123505,-0.2680654525756836,-0.32885774970054626,0.3307296335697174
3247,65,46,0.18065941333770752,0.01888490654528141,-0.32885774970054626,0.3307296335697174
3248,65,47,-0.1557779312133789,0.027335012331604958,-0.32885774970054626,0.3307296335697174
3249,65,48,-0.14559446275234222,-0.3453938663005829,-0.32885774970054626,0.3307296335697174
3250,65,49,0.046537358313798904,-0.6642209887504578,-0.32885774970054626,0.3307296335697174
3251,66,0,0.1926034837961197,-0.26162126660346985,-0.31249675154685974,0.3394888639450073
3252,66,1,0.18995465338230133,-0.346931129693985,-0.31249675154685974,0.3394888639450073
3253,66,2,0.03647736832499504,-0.08314037322998047,-0.31249675154685974,0.3394888639450073
3254,66,3,0.13790802657604218,-0.304808109998703,-0.31249675154685974,0.3394888639450073
3255,66,4,0.07768385112285614,-0.009892328642308712,-0.31249675154685974,0.3394888639450073
3256,66,5,-0.08722473680973053,-0.16608364880084991,-0.31249675154685974,0.3394888639450073
3257,66,6,0.19758886098861694,0.012098395265638828,-0.31249675154685974,0.3394888639450073
3258,66,7,0.28347885608673096,-0.26752111315727234,-0.31249675154685974,0.3394888639450073
3259,66,8,0.13858555257320404,0.29951098561286926,-0.31249675154685974,0.3394888639450073
3260,66,9,0.05426115170121193,-0.43235644698143005,-0.31249675154685974,0.3394888639450073
3261,66,10,0.21378113329410553,-0.37788012623786926,-0.31249675154685974,0.3394888639450073
3262,66,11,0.09749552607536316,0.1354721188545227,-0.31249675154685974,0.3394888639450073
3263,66,12,-0.13020619750022888,-0.2088121473789215,-0.31249675154685974,0.3394888639450073
3264,66,13,-0.03578482195734978,0.013567895628511906,-0.31249675154685974,0.3394888639450073
3265,66,14,0.02917134203016758,-0.5105062127113342,-0.31249675154685974,0.3394888639450073
3266,66,15,0.017733847722411156,-0.028058750554919243,-0.31249675154685974,0.3394888639450073
3267,66,16,0.31604284048080444,0.07633313536643982,-0.31249675154685974,0.3394888639450073
3268,66,17,0.3427183926105499,-0.5070411562919617,-0.31249675154685974,0.3394888639450073
3269,66,18,0.30302342772483826,-0.46882665157318115,-0.31249675154685974,0.3394888639450073
3270,66,19,0.038806844502687454,-0.5344626903533936,-0.31249675154685974,0.3394888639450073
3271,66,20,-0.011805897578597069,-0.6547852754592896,-0.31249675154685974,0.3394888639450073
3272,66,21,0.2683684825897217,-0.7574955224990845,-0.31249675154685974,0.3394888639450073
3273,66,22,0.4515160024166107,-0.5640903115272522,-0.31249675154685974,0.3394888639450073
3274,66,23,0.4454706013202667,0.0237022265791893,-0.31249675154685974,0.3394888639450073
3275,66,24,0.5057196617126465,-0.32670292258262634,-0.31249675154685974,0.3394888639450073
3276,66,25,0.3171149790287018,-0.36374765634536743,-0.31249675154685974,0.3394888639450073
3277,66,26,0.6069674491882324,-0.20913773775100708,-0.31249675154685974,0.3394888639450073
3278,66,27,0.5449085831642151,-0.6027513742446899,-0.31249675154685974,0.3394888639450073
3279,66,28,0.1061728224158287,0.44398850202560425,-0.31249675154685974,0.3394888639450073
3280,66,29,-0.23265284299850464,-0.15897704660892487,-0.31249675154685974,0.3394888639450073
3281,66,30,0.15168847143650055,-0.5925657749176025,-0.31249675154685974,0.3394888639450073
3282,66,31,-0.07028865814208984,-0.4205712676048279,-0.31249675154685974,0.3394888639450073
3283,66,32,-0.4331636130809784,-0.5141116380691528,-0.31249675154685974,0.3394888639450073
3284,66,33,-0.045409832149744034,-0.4210832118988037,-0.31249675154685974,0.3394888639450073
3285,66,34,0.04232636094093323,-0.26156896352767944,-0.31249675154685974,0.3394888639450073
3286,66,35,0.3155253231525421,-0.34692540764808655,-0.31249675154685974,0.3394888639450073
3287,66,36,0.2308531105518341,-0.29218176007270813,-0.31249675154685974,0.3394888639450073
3288,66,37,-0.32312923669815063,-0.4259862005710602,-0.31249675154685974,0.3394888639450073
3289,66,38,-0.28870537877082825,-0.5104138851165771,-0.31249675154685974,0.3394888639450073
3290,66,39,0.05605659261345863,-0.577671229839325,-0.31249675154685974,0.3394888639450073
3291,66,40,0.21212632954120636,-0.8647807836532593,-0.31249675154685974,0.3394888639450073
3292,66,41,-0.16567453742027283,-0.7092989683151245,-0.31249675154685974,0.3394888639450073
3293,66,42,0.12440387159585953,-0.07841306924819946,-0.31249675154685974,0.3394888639450073
3294,66,43,0.24075408279895782,-0.43699827790260315,-0.31249675154685974,0.3394888639450073
3295,66,44,0.2877441346645355,-0.648527979850769,-0.31249675154685974,0.3394888639450073
3296,66,45,-0.10208500921726227,-0.31131911277770996,-0.31249675154685974,0.3394888639450073
3297,66,46,-0.3370382785797119,-0.5883563160896301,-0.31249675154685974,0.3394888639450073
3298,66,47,-0.11797765642404556,-0.44733840227127075,-0.31249675154685974,0.3394888639450073
3299,66,48,-0.6132314801216125,-0.538727879524231,-0.31249675154685974,0.3394888639450073
3300,66,49,0.07684151083230972,-0.638456404209137,-0.31249675154685974,0.3394888639450073
3301,67,0,0.36755600571632385,-0.23114080727100372,-0.28574520349502563,0.3662845492362976
3302,67,1,-0.1394408792257309,-0.28895172476768494,-0.28574520349502563,0.3662845492362976
3303,67,2,-0.5687214136123657,-0.18494412302970886,-0.28574520349502563,0.3662845492362976
3304,67,3,-0.27603283524513245,-0.07053995132446289,-0.28574520349502563,0.3662845492362976
3305,67,4,-0.014476770535111427,0.07419749349355698,-0.28574520349502563,0.3662845492362976
3306,67,5,0.2656307518482208,-0.4141021966934204,-0.28574520349502563,0.3662845492362976
3307,67,6,0.09741843491792679,-0.24127188324928284,-0.28574520349502563,0.3662845492362976
3308,67,7,-0.1793946921825409,-0.6313962936401367,-0.28574520349502563,0.3662845492362976
3309,67,8,-0.22843913733959198,-0.10870413482189178,-0.28574520349502563,0.3662845492362976
3310,67,9,-0.002856808714568615,-0.41546863317489624,-0.28574520349502563,0.3662845492362976
3311,67,10,0.3147995173931122,-0.4638126790523529,-0.28574520349502563,0.3662845492362976
3312,67,11,0.15704591572284698,-0.07126884162425995,-0.28574520349502563,0.3662845492362976
3313,67,12,0.11696480959653854,-0.07432804256677628,-0.28574520349502563,0.3662845492362976
3314,67,13,0.2014758288860321,0.022393163293600082,-0.28574520349502563,0.3662845492362976
3315,67,14,0.24200206995010376,0.050283655524253845,-0.28574520349502563,0.3662845492362976
3316,67,15,0.1562499701976776,-0.2733846604824066,-0.28574520349502563,0.3662845492362976
3317,67,16,0.16354255378246307,-0.42874065041542053,-0.28574520349502563,0.3662845492362976
3318,67,17,0.10513705015182495,-0.28399351239204407,-0.28574520349502563,0.3662845492362976
3319,67,18,0.06551548093557358,-0.6858948469161987,-0.28574520349502563,0.3662845492362976
3320,67,19,0.052154023200273514,-0.6790845990180969,-0.28574520349502563,0.3662845492362976
3321,67,20,0.18143828213214874,-0.28373298048973083,-0.28574520349502563,0.3662845492362976
3322,67,21,0.29749956727027893,-0.1927763968706131,-0.28574520349502563,0.3662845492362976
3323,67,22,0.20241041481494904,-0.186452716588974,-0.28574520349502563,0.3662845492362976
3324,67,23,0.16607387363910675,-0.3096545338630676,-0.28574520349502563,0.3662845492362976
3325,67,24,-0.05630326643586159,0.03972234949469566,-0.28574520349502563,0.3662845492362976
3326,67,25,-0.11052156984806061,-0.173859640955925,-0.28574520349502563,0.3662845492362976
3327,67,26,-0.22015881538391113,-0.12461356073617935,-0.28574520349502563,0.3662845492362976
3328,67,27,-0.06402909010648727,0.020800651982426643,-0.28574520349502563,0.3662845492362976
3329,67,28,0.17819157242774963,-0.42766380310058594,-0.28574520349502563,0.3662845492362976
3330,67,29,0.09861668199300766,-0.8404089212417603,-0.28574520349502563,0.3662845492362976
3331,67,30,-0.03663965314626694,-0.3194889426231384,-0.28574520349502563,0.3662845492362976
3332,67,31,0.014092495664954185,-0.4878197908401489,-0.28574520349502563,0.3662845492362976
3333,67,32,-0.14894841611385345,-0.22780254483222961,-0.28574520349502563,0.3662845492362976
3334,67,33,-0.12028108537197113,-0.3941271901130676,-0.28574520349502563,0.3662845492362976
3335,67,34,-0.0004871569690294564,-0.3069765865802765,-0.28574520349502563,0.3662845492362976
3336,67,35,-0.1986985206604004,0.05898120626807213,-0.28574520349502563,0.3662845492362976
3337,67,36,-0.15447382628917694,-0.5080163478851318,-0.28574520349502563,0.3662845492362976
3338,67,37,0.19949325919151306,-0.6020253896713257,-0.28574520349502563,0.3662845492362976
3339,67,38,-0.11442367732524872,-0.7132626175880432,-0.28574520349502563,0.3662845492362976
3340,67,39,-0.6138316988945007,-0.5003231167793274,-0.28574520349502563,0.3662845492362976
3341,67,40,-0.15582133829593658,-0.29267963767051697,-0.28574520349502563,0.3662845492362976
3342,67,41,0.060644809156656265,-0.9591792225837708,-0.28574520349502563,0.3662845492362976
3343,67,42,0.09656094014644623,-0.3014354407787323,-0.28574520349502563,0.3662845492362976
3344,67,43,-0.008316033519804478,-0.32949283719062805,-0.28574520349502563,0.3662845492362976
3345,67,44,-0.16190940141677856,-0.48894885182380676,-0.28574520349502563,0.3662845492362976
3346,67,45,-0.2921501398086548,-0.14535388350486755,-0.28574520349502563,0.3662845492362976
3347,67,46,-0.04395806044340134,-0.4014061391353607,-0.28574520349502563,0.3662845492362976
3348,67,47,0.2816009819507599,-0.4004048705101013,-0.28574520349502563,0.3662845492362976
3349,67,48,0.3937191963195801,-0.39868950843811035,-0.28574520349502563,0.3662845492362976
3350,67,49,0.097092404961586,-0.3827618360519409,-0.28574520349502563,0.3662845492362976
3351,68,0,0.41671958565711975,-0.15660159289836884,-0.2571108639240265,0.370267778635025
3352,68,1,0.1133122444152832,-0.3926391005516052,-0.2571108639240265,0.370267778635025
3353,68,2,0.005493874661624432,-0.11849050968885422,-0.2571108639240265,0.370267778635025
3354,68,3,-0.12923265993595123,-0.23848631978034973,-0.2571108639240265,0.370267778635025
3355,68,4,-0.05277414619922638,-0.2269224375486374,-0.2571108639240265,0.370267778635025
3356,68,5,0.038247499614953995,-0.7200583815574646,-0.2571108639240265,0.370267778635025
3357,68,6,-0.03199993073940277,-0.049626998603343964,-0.2571108639240265,0.370267778635025
3358,68,7,0.05347980186343193,-0.2661812901496887,-0.2571108639240265,0.370267778635025
3359,68,8,0.17983481287956238,-0.017399000003933907,-0.2571108639240265,0.370267778635025
3360,68,9,0.16210532188415527,-0.33712077140808105,-0.2571108639240265,0.370267778635025
3361,68,10,0.3088524043560028,-0.5559815764427185,-0.2571108639240265,0.370267778635025
3362,68,11,0.18847030401229858,-0.2939220368862152,-0.2571108639240265,0.370267778635025
3363,68,12,0.0932898074388504,-0.3478142023086548,-0.2571108639240265,0.370267778635025
3364,68,13,0.2900042235851288,-0.4913143515586853,-0.2571108639240265,0.370267778635025
3365,68,14,0.02364347130060196,-0.38604411482810974,-0.2571108639240265,0.370267778635025
3366,68,15,0.03095150925219059,-0.21572665870189667,-0.2571108639240265,0.370267778635025
3367,68,16,-0.06732179969549179,-0.39801323413848877,-0.2571108639240265,0.370267778635025
3368,68,17,0.28852537274360657,-0.30892470479011536,-0.2571108639240265,0.370267778635025
3369,68,18,0.00710005359724164,-0.27572450041770935,-0.2571108639240265,0.370267778635025
3370,68,19,0.005248173139989376,0.34144800901412964,-0.2571108639240265,0.370267778635025
3371,68,20,0.050631288439035416,-0.6649115681648254,-0.2571108639240265,0.370267778635025
3372,68,21,-0.026721667498350143,-0.15727892518043518,-0.2571108639240265,0.370267778635025
3373,68,22,0.1432894766330719,0.16782526671886444,-0.2571108639240265,0.370267778635025
3374,68,23,0.29929259419441223,-0.3317098617553711,-0.2571108639240265,0.370267778635025
3375,68,24,0.38952186703681946,-0.5950195789337158,-0.2571108639240265,0.370267778635025
3376,68,25,0.06951963901519775,-0.37633347511291504,-0.2571108639240265,0.370267778635025
3377,68,26,-0.24254004657268524,-0.22389116883277893,-0.2571108639240265,0.370267778635025
3378,68,27,-0.06255751103162766,-0.816234290599823,-0.2571108639240265,0.370267778635025
3379,68,28,0.16694606840610504,0.14211444556713104,-0.2571108639240265,0.370267778635025
3380,68,29,0.226193368434906,-0.0866469293832779,-0.2571108639240265,0.370267778635025
3381,68,30,-0.04758073389530182,-0.06312787532806396,-0.2571108639240265,0.370267778635025
3382,68,31,0.1357431709766388,0.1201799064874649,-0.2571108639240265,0.370267778635025
3383,68,32,0.37746426463127136,0.097586989402771,-0.2571108639240265,0.370267778635025
3384,68,33,-0.008605009876191616,0.017460661008954048,-0.2571108639240265,0.370267778635025
3385,68,34,-0.09283968061208725,-0.5329303741455078,-0.2571108639240265,0.370267778635025
3386,68,35,0.035375192761421204,-0.3527204692363739,-0.2571108639240265,0.370267778635025
3387,68,36,-0.3110363483428955,-0.3376357853412628,-0.2571108639240265,0.370267778635025
3388,68,37,-0.30331218242645264,-0.06862381845712662,-0.2571108639240265,0.370267778635025
3389,68,38,-0.033465515822172165,-0.5394344329833984,-0.2571108639240265,0.370267778635025
3390,68,39,0.14578194916248322,-0.2803381383419037,-0.2571108639240265,0.370267778635025
3391,68,40,0.3262757360935211,-0.5420935153961182,-0.2571108639240265,0.370267778635025
3392,68,41,-0.09158968925476074,-0.668007493019104,-0.2571108639240265,0.370267778635025
3393,68,42,0.38913020491600037,-0.34809717535972595,-0.2571108639240265,0.370267778635025
3394,68,43,0.45425522327423096,-0.20363028347492218,-0.2571108639240265,0.370267778635025
3395,68,44,0.06335566937923431,-0.4282691776752472,-0.2571108639240265,0.370267778635025
3396,68,45,-0.038840897381305695,-0.024451667442917824,-0.2571108639240265,0.370267778635025
3397,68,46,-0.265495240688324,-0.5611424446105957,-0.2571108639240265,0.370267778635025
3398,68,47,0.046723373234272,-0.45416542887687683,-0.2571108639240265,0.370267778635025
3399,68,48,0.15074358880519867,-0.49497950077056885,-0.2571108639240265,0.370267778635025
3400,68,49,0.15534226596355438,0.0635000690817833,-0.2571108639240265,0.370267778635025
3401,69,0,-0.10826002806425095,-0.6372379660606384,-0.249998077750206,0.3715234696865082
3402,69,1,0.0023709230590611696,-0.4333721399307251,-0.249998077750206,0.3715234696865082
3403,69,2,0.07735486328601837,-0.5810228586196899,-0.249998077750206,0.3715234696865082
3404,69,3,-0.4047543704509735,-0.2747792601585388,-0.249998077750206,0.3715234696865082
3405,69,4,-0.35622820258140564,-0.16078200936317444,-0.249998077750206,0.3715234696865082
3406,69,5,0.4029519259929657,-0.47786033153533936,-0.249998077750206,0.3715234696865082
3407,69,6,0.290396124124527,-0.3027789294719696,-0.249998077750206,0.3715234696865082
3408,69,7,0.026528021320700645,0.11046049743890762,-0.249998077750206,0.3715234696865082
3409,69,8,0.02461635135114193,-0.20297867059707642,-0.249998077750206,0.3715234696865082
3410,69,9,-0.15291878581047058,-0.5796043872833252,-0.249998077750206,0.3715234696865082
3411,69,10,-0.15871644020080566,-0.42096757888793945,-0.249998077750206,0.3715234696865082
3412,69,11,-0.14814791083335876,0.19063200056552887,-0.249998077750206,0.3715234696865082
3413,69,12,-0.011147823184728622,-0.4294090270996094,-0.249998077750206,0.3715234696865082
3414,69,13,-0.06205790489912033,-0.35191819071769714,-0.249998077750206,0.3715234696865082
3415,69,14,-0.19039879739284515,-0.17562194168567657,-0.249998077750206,0.3715234696865082
3416,69,15,-0.05616528540849686,-0.21960191428661346,-0.249998077750206,0.3715234696865082
3417,69,16,-0.13824424147605896,-0.21850894391536713,-0.249998077750206,0.3715234696865082
3418,69,17,-0.19757553935050964,0.0087491599842906,-0.249998077750206,0.3715234696865082
3419,69,18,-0.18864455819129944,0.20340919494628906,-0.249998077750206,0.3715234696865082
3420,69,19,0.018270524218678474,0.3119701147079468,-0.249998077750206,0.3715234696865082
3421,69,20,-0.0759073868393898,-0.0611298605799675,-0.249998077750206,0.3715234696865082
3422,69,21,0.01603970117866993,-0.3879070281982422,-0.249998077750206,0.3715234696865082
3423,69,22,0.29564884305000305,-0.11453425884246826,-0.249998077750206,0.3715234696865082
3424,69,23,0.10309487581253052,-0.18963010609149933,-0.249998077750206,0.3715234696865082
3425,69,24,0.1070481687784195,-0.13227517902851105,-0.249998077750206,0.3715234696865082
3426,69,25,0.0074835289269685745,0.49638456106185913,-0.249998077750206,0.3715234696865082
3427,69,26,0.42819684743881226,-0.32760199904441833,-0.249998077750206,0.3715234696865082
3428,69,27,0.39040622115135193,-0.2377583384513855,-0.249998077750206,0.3715234696865082
3429,69,28,0.0002611276286188513,0.018791330978274345,-0.249998077750206,0.3715234696865082
3430,69,29,-0.3164198100566864,-0.28207579255104065,-0.249998077750206,0.3715234696865082
3431,69,30,-0.36091336607933044,-0.19291400909423828,-0.249998077750206,0.3715234696865082
3432,69,31,-0.30132776498794556,-0.7327869534492493,-0.249998077750206,0.3715234696865082
3433,69,32,-0.05107065662741661,-0.42923712730407715,-0.249998077750206,0.3715234696865082
3434,69,33,-0.08004798740148544,-0.7680023312568665,-0.249998077750206,0.3715234696865082
3435,69,34,-0.06099613383412361,0.14246103167533875,-0.249998077750206,0.3715234696865082
3436,69,35,-0.027737941592931747,0.16708964109420776,-0.249998077750206,0.3715234696865082
3437,69,36,-0.5552741289138794,-0.35256463289260864,-0.249998077750206,0.3715234696865082
3438,69,37,0.1500636339187622,-0.09382682293653488,-0.249998077750206,0.3715234696865082
3439,69,38,0.28543394804000854,-0.07027773559093475,-0.249998077750206,0.3715234696865082
3440,69,39,0.23126670718193054,-0.5618575215339661,-0.249998077750206,0.3715234696865082
3441,69,40,0.01822838746011257,-0.01899079978466034,-0.249998077750206,0.3715234696865082
3442,69,41,0.08284855633974075,-0.3035902976989746,-0.249998077750206,0.3715234696865082
3443,69,42,0.08574607968330383,-0.38450178503990173,-0.249998077750206,0.3715234696865082
3444,69,43,0.19231468439102173,-0.07406897097826004,-0.249998077750206,0.3715234696865082
3445,69,44,0.13834339380264282,0.10537496209144592,-0.249998077750206,0.3715234696865082
3446,69,45,0.19763047993183136,-0.13036300241947174,-0.249998077750206,0.3715234696865082
3447,69,46,0.07086614519357681,-0.013783499598503113,-0.249998077750206,0.3715234696865082
3448,69,47,0.04316093400120735,0.06554963439702988,-0.249998077750206,0.3715234696865082
3449,69,48,0.23163174092769623,-0.34414905309677124,-0.249998077750206,0.3715234696865082
3450,69,49,-0.031779590994119644,-0.06789872795343399,-0.249998077750206,0.3715234696865082
3451,70,0,-0.06596778333187103,-0.6255264282226562,-0.23501165211200714,0.3660449981689453
3452,70,1,-0.041037172079086304,-0.1459900438785553,-0.23501165211200714,0.3660449981689453
3453,70,2,0.14380395412445068,-0.6588906645774841,-0.23501165211200714,0.3660449981689453
3454,70,3,0.4487224221229553,-0.3131245970726013,-0.23501165211200714,0.3660449981689453
3455,70,4,0.2861723303794861,-0.2004653364419937,-0.23501165211200714,0.3660449981689453
3456,70,5,0.434906929731369,-0.23483048379421234,-0.23501165211200714,0.3660449981689453
3457,70,6,0.510498046875,-0.31216099858283997,-0.23501165211200714,0.3660449981689453
3458,70,7,0.046337999403476715,0.11776967346668243,-0.23501165211200714,0.3660449981689453
3459,70,8,0.05080650746822357,-0.054808203130960464,-0.23501165211200714,0.3660449981689453
3460,70,9,0.11399439722299576,-0.509763240814209,-0.23501165211200714,0.3660449981689453
3461,70,10,0.22210223972797394,-0.5849764347076416,-0.23501165211200714,0.3660449981689453
3462,70,11,0.20656481385231018,-0.40009161829948425,-0.23501165211200714,0.3660449981689453
3463,70,12,-0.06640982627868652,-0.2394687980413437,-0.23501165211200714,0.3660449981689453
3464,70,13,0.38982465863227844,-0.2676757574081421,-0.23501165211200714,0.3660449981689453
3465,70,14,0.4256410300731659,0.07365883141756058,-0.23501165211200714,0.3660449981689453
3466,70,15,-0.07871563732624054,-0.12874586880207062,-0.23501165211200714,0.3660449981689453
3467,70,16,-0.22323298454284668,-0.10038743913173676,-0.23501165211200714,0.3660449981689453
3468,70,17,0.08732883632183075,-0.3825080692768097,-0.23501165211200714,0.3660449981689453
3469,70,18,0.4089631736278534,-0.08896870166063309,-0.23501165211200714,0.3660449981689453
3470,70,19,0.28666257858276367,-0.49053776264190674,-0.23501165211200714,0.3660449981689453
3471,70,20,0.3160104751586914,-0.5756730437278748,-0.23501165211200714,0.3660449981689453
3472,70,21,0.1615237295627594,-0.18090203404426575,-0.23501165211200714,0.3660449981689453
3473,70,22,-0.17115484178066254,-0.5810738205909729,-0.23501165211200714,0.3660449981689453
3474,70,23,0.06424412131309509,-0.4417989253997803,-0.23501165211200714,0.3660449981689453
3475,70,24,0.35451430082321167,0.16507071256637573,-0.23501165211200714,0.3660449981689453
3476,70,25,0.35574817657470703,0.09143870323896408,-0.23501165211200714,0.3660449981689453
3477,70,26,0.05239688977599144,0.06329771131277084,-0.23501165211200714,0.3660449981689453
3478,70,27,0.0005990201607346535,-0.05565241724252701,-0.23501165211200714,0.3660449981689453
3479,70,28,0.16140460968017578,-0.021444635465741158,-0.23501165211200714,0.3660449981689453
3480,70,29,0.2877427935600281,-0.2815340757369995,-0.23501165211200714,0.3660449981689453
3481,70,30,0.2587641179561615,-0.47306421399116516,-0.23501165211200714,0.3660449981689453
3482,70,31,-0.11108586937189102,-0.17656657099723816,-0.23501165211200714,0.3660449981689453
3483,70,32,-0.14606650173664093,-0.10347163677215576,-0.23501165211200714,0.3660449981689453
3484,70,33,0.09697716683149338,-0.3693847954273224,-0.23501165211200714,0.3660449981689453
3485,70,34,-0.06113840639591217,0.00033361458918079734,-0.23501165211200714,0.3660449981689453
3486,70,35,0.0685562789440155,-0.2007405012845993,-0.23501165211200714,0.3660449981689453
3487,70,36,-0.026467343792319298,-0.3266167938709259,-0.23501165211200714,0.3660449981689453
3488,70,37,-0.02348223514854908,0.3453770875930786,-0.23501165211200714,0.3660449981689453
3489,70,38,0.05520516261458397,-0.09306808561086655,-0.23501165211200714,0.3660449981689453
3490,70,39,0.12261198461055756,-0.41209420561790466,-0.23501165211200714,0.3660449981689453
3491,70,40,0.14982683956623077,-0.301026850938797,-0.23501165211200714,0.3660449981689453
3492,70,41,0.2300645262002945,-0.26694348454475403,-0.23501165211200714,0.3660449981689453
3493,70,42,0.07373998314142227,0.05774911865592003,-0.23501165211200714,0.3660449981689453
3494,70,43,-0.2262353003025055,-0.34873852133750916,-0.23501165211200714,0.3660449981689453
3495,70,44,0.02030542679131031,-0.6771511435508728,-0.23501165211200714,0.3660449981689453
3496,70,45,0.27887189388275146,0.12831129133701324,-0.23501165211200714,0.3660449981689453
3497,70,46,0.14921598136425018,-0.23635390400886536,-0.23501165211200714,0.3660449981689453
3498,70,47,0.00279614026658237,-0.31678420305252075,-0.23501165211200714,0.3660449981689453
3499,70,48,0.22108450531959534,-0.3989979922771454,-0.23501165211200714,0.3660449981689453
3500,70,49,0.1617850959300995,-0.14601530134677887,-0.23501165211200714,0.3660449981689453
3501,71,0,-0.35230040550231934,0.09652499109506607,-0.23686407506465912,0.37274497747421265
3502,71,1,-0.07524684071540833,-0.2025943100452423,-0.23686407506465912,0.37274497747421265
3503,71,2,0.10510237514972687,-0.22406208515167236,-0.23686407506465912,0.37274497747421265
3504,71,3,-0.15186955034732819,-0.02602933906018734,-0.23686407506465912,0.37274497747421265
3505,71,4,0.05682026967406273,-0.6331176161766052,-0.23686407506465912,0.37274497747421265
3506,71,5,0.2360554337501526,-0.1850045919418335,-0.23686407506465912,0.37274497747421265
3507,71,6,0.22533412277698517,-0.10033716261386871,-0.23686407506465912,0.37274497747421265
3508,71,7,0.27225568890571594,-0.40540429949760437,-0.23686407506465912,0.37274497747421265
3509,71,8,0.20290367305278778,-0.4926140308380127,-0.23686407506465912,0.37274497747421265
3510,71,9,0.07020635157823563,0.24336770176887512,-0.23686407506465912,0.37274497747421265
3511,71,10,-0.04863213747739792,-0.4221489429473877,-0.23686407506465912,0.37274497747421265
3512,71,11,0.10389763861894608,0.4755591154098511,-0.23686407506465912,0.37274497747421265
3513,71,12,0.3484233617782593,-0.6255037188529968,-0.23686407506465912,0.37274497747421265
3514,71,13,0.5117647051811218,-0.026402415707707405,-0.23686407506465912,0.37274497747421265
3515,71,14,0.3846983313560486,0.03947305679321289,-0.23686407506465912,0.37274497747421265
3516,71,15,0.43257349729537964,-0.5208553671836853,-0.23686407506465912,0.37274497747421265
3517,71,16,0.2405499368906021,-0.4169948995113373,-0.23686407506465912,0.37274497747421265
3518,71,17,0.35577014088630676,0.06609467417001724,-0.23686407506465912,0.37274497747421265
3519,71,18,0.4620848298072815,-0.16854625940322876,-0.23686407506465912,0.37274497747421265
3520,71,19,0.5461292266845703,-0.03317487612366676,-0.23686407506465912,0.37274497747421265
3521,71,20,0.6871723532676697,-0.12072645127773285,-0.23686407506465912,0.37274497747421265
3522,71,21,0.4531842768192291,-0.004982754122465849,-0.23686407506465912,0.37274497747421265
3523,71,22,0.4359477460384369,-0.24528104066848755,-0.23686407506465912,0.37274497747421265
3524,71,23,0.582485556602478,-0.22209420800209045,-0.23686407506465912,0.37274497747421265
3525,71,24,0.6470653414726257,-0.43347176909446716,-0.23686407506465912,0.37274497747421265
3526,71,25,0.5199053883552551,-0.6469337940216064,-0.23686407506465912,0.37274497747421265
3527,71,26,0.38839414715766907,-0.15227288007736206,-0.23686407506465912,0.37274497747421265
3528,71,27,0.11162038147449493,-0.4222646653652191,-0.23686407506465912,0.37274497747421265
3529,71,28,0.12069592624902725,-0.2497747242450714,-0.23686407506465912,0.37274497747421265
3530,71,29,0.0041673737578094006,-0.04489373043179512,-0.23686407506465912,0.37274497747421265
3531,71,30,-0.07253779470920563,-0.16555318236351013,-0.23686407506465912,0.37274497747421265
3532,71,31,0.07015208154916763,0.16627417504787445,-0.23686407506465912,0.37274497747421265
3533,71,32,0.2234542965888977,-0.38460972905158997,-0.23686407506465912,0.37274497747421265
3534,71,33,0.13540510833263397,-0.038620300590991974,-0.23686407506465912,0.37274497747421265
3535,71,34,0.2107814997434616,-0.4027217924594879,-0.23686407506465912,0.37274497747421265
3536,71,35,0.25264468789100647,-0.0527193546295166,-0.23686407506465912,0.37274497747421265
3537,71,36,0.0029189959168434143,-0.31452178955078125,-0.23686407506465912,0.37274497747421265
3538,71,37,-0.07284478098154068,-0.28470706939697266,-0.23686407506465912,0.37274497747421265
3539,71,38,0.11397171020507812,-0.2007579505443573,-0.23686407506465912,0.37274497747421265
3540,71,39,0.07899077236652374,-0.38056719303131104,-0.23686407506465912,0.37274497747421265
3541,71,40,0.11725533753633499,-0.331073135137558,-0.23686407506465912,0.37274497747421265
3542,71,41,0.33250248432159424,-0.1774863600730896,-0.23686407506465912,0.37274497747421265
3543,71,42,-0.03578276187181473,0.15283605456352234,-0.23686407506465912,0.37274497747421265
3544,71,43,-0.12634597718715668,-0.06058371439576149,-0.23686407506465912,0.37274497747421265
3545,71,44,-0.05721757560968399,-0.5700328946113586,-0.23686407506465912,0.37274497747421265
3546,71,45,0.06558291614055634,-0.32919979095458984,-0.23686407506465912,0.37274497747421265
3547,71,46,0.2593689262866974,0.03672580048441887,-0.23686407506465912,0.37274497747421265
3548,71,47,0.21930710971355438,-0.5543743968009949,-0.23686407506465912,0.37274497747421265
3549,71,48,-0.07228488475084305,-0.16736507415771484,-0.23686407506465912,0.37274497747421265
3550,71,49,0.12159429490566254,0.0916440486907959,-0.23686407506465912,0.37274497747421265
3551,72,0,0.06082713231444359,-0.449869841337204,-0.24535970389842987,0.4232671558856964
3552,72,1,-0.20724035799503326,-0.520068347454071,-0.24535970389842987,0.4232671558856964
3553,72,2,-0.10986986011266708,-0.37234511971473694,-0.24535970389842987,0.4232671558856964
3554,72,3,0.2380632758140564,-0.400724321603775,-0.24535970389842987,0.4232671558856964
3555,72,4,0.25665661692619324,-0.1469055414199829,-0.24535970389842987,0.4232671558856964
3556,72,5,0.42022547125816345,-0.05121762305498123,-0.24535970389842987,0.4232671558856964
3557,72,6,0.39465445280075073,-0.1387982815504074,-0.24535970389842987,0.4232671558856964
3558,72,7,0.2779494822025299,-0.4199129343032837,-0.24535970389842987,0.4232671558856964
3559,72,8,0.14340193569660187,-0.5709562301635742,-0.24535970389842987,0.4232671558856964
3560,72,9,-0.16521072387695312,-0.5110878944396973,-0.24535970389842987,0.4232671558856964
3561,72,10,-0.2846696674823761,-0.45545926690101624,-0.24535970389842987,0.4232671558856964
3562,72,11,0.06813802570104599,-0.4741831421852112,-0.24535970389842987,0.4232671558856964
3563,72,12,0.4215107262134552,-0.5681709051132202,-0.24535970389842987,0.4232671558856964
3564,72,13,0.17440485954284668,-0.47051504254341125,-0.24535970389842987,0.4232671558856964
3565,72,14,-0.11153699457645416,-0.07378442585468292,-0.24535970389842987,0.4232671558856964
3566,72,15,0.028363456949591637,-0.12587645649909973,-0.24535970389842987,0.4232671558856964
3567,72,16,0.17611224949359894,-0.3118966221809387,-0.24535970389842987,0.4232671558856964
3568,72,17,0.1162211000919342,-0.19360056519508362,-0.24535970389842987,0.4232671558856964
3569,72,18,-0.13615544140338898,-0.18140283226966858,-0.24535970389842987,0.4232671558856964
3570,72,19,-0.302625447511673,-0.31113681197166443,-0.24535970389842987,0.4232671558856964
3571,72,20,0.02272864244878292,-0.18254506587982178,-0.24535970389842987,0.4232671558856964
3572,72,21,0.2143586426973343,-0.05171496421098709,-0.24535970389842987,0.4232671558856964
3573,72,22,0.09409187734127045,-0.347781240940094,-0.24535970389842987,0.4232671558856964
3574,72,23,0.15379150211811066,-0.5803573131561279,-0.24535970389842987,0.4232671558856964
3575,72,24,-0.1696588695049286,-0.022645827382802963,-0.24535970389842987,0.4232671558856964
3576,72,25,-0.0034741803538054228,-0.4568750858306885,-0.24535970389842987,0.4232671558856964
3577,72,26,0.16516584157943726,-0.2329034060239792,-0.24535970389842987,0.4232671558856964
3578,72,27,0.26526716351509094,-0.5240774750709534,-0.24535970389842987,0.4232671558856964
3579,72,28,0.3942246437072754,-0.17194195091724396,-0.24535970389842987,0.4232671558856964
3580,72,29,0.20748046040534973,-0.14327919483184814,-0.24535970389842987,0.4232671558856964
3581,72,30,0.3244844675064087,-0.7410691976547241,-0.24535970389842987,0.4232671558856964
3582,72,31,0.2627902626991272,-0.11682984232902527,-0.24535970389842987,0.4232671558856964
3583,72,32,-0.11771278828382492,-0.4256730079650879,-0.24535970389842987,0.4232671558856964
3584,72,33,-0.03654538094997406,-0.4904441833496094,-0.24535970389842987,0.4232671558856964
3585,72,34,-0.0717993825674057,-0.5946075320243835,-0.24535970389842987,0.4232671558856964
3586,72,35,-0.4646671712398529,-0.5354732275009155,-0.24535970389842987,0.4232671558856964
3587,72,36,-0.3498542010784149,0.30677589774131775,-0.24535970389842987,0.4232671558856964
3588,72,37,0.2565867602825165,0.008283063769340515,-0.24535970389842987,0.4232671558856964
3589,72,38,0.4410649240016937,-0.032520975917577744,-0.24535970389842987,0.4232671558856964
3590,72,39,0.5917943716049194,-0.23815622925758362,-0.24535970389842987,0.4232671558856964
3591,72,40,0.5570375919342041,-0.6574610471725464,-0.24535970389842987,0.4232671558856964
3592,72,41,0.31106120347976685,-0.3221491277217865,-0.24535970389842987,0.4232671558856964
3593,72,42,0.08238210529088974,0.07294018566608429,-0.24535970389842987,0.4232671558856964
3594,72,43,0.02383783459663391,-0.2876124680042267,-0.24535970389842987,0.4232671558856964
3595,72,44,-0.04759102314710617,-0.7915482521057129,-0.24535970389842987,0.4232671558856964
3596,72,45,-0.0943450778722763,-0.0425969697535038,-0.24535970389842987,0.4232671558856964
3597,72,46,0.05818669870495796,-0.11755803227424622,-0.24535970389842987,0.4232671558856964
3598,72,47,0.2685607373714447,-0.16023151576519012,-0.24535970389842987,0.4232671558856964
3599,72,48,0.09056787192821503,-0.40183785557746887,-0.24535970389842987,0.4232671558856964
3600,72,49,-0.11096996068954468,-0.11785555630922318,-0.24535970389842987,0.4232671558856964
3601,73,0,0.44774898886680603,-0.4316881000995636,-0.2298380583524704,0.46759313344955444
3602,73,1,0.11651762574911118,-0.19763632118701935,-0.2298380583524704,0.46759313344955444
3603,73,2,-0.09839122742414474,-0.07057549804449081,-0.2298380583524704,0.46759313344955444
3604,73,3,0.11574872583150864,-0.5212580561637878,-0.2298380583524704,0.46759313344955444
3605,73,4,0.20660395920276642,0.2828293740749359,-0.2298380583524704,0.46759313344955444
3606,73,5,0.26818305253982544,-0.12716352939605713,-0.2298380583524704,0.46759313344955444
3607,73,6,-0.12168232351541519,-0.21356117725372314,-0.2298380583524704,0.46759313344955444
3608,73,7,0.003242917824536562,-0.42800796031951904,-0.2298380583524704,0.46759313344955444
3609,73,8,0.062212374061346054,-0.28527751564979553,-0.2298380583524704,0.46759313344955444
3610,73,9,-0.15989726781845093,-0.009571746923029423,-0.2298380583524704,0.46759313344955444
3611,73,10,-0.17184039950370789,0.02684634178876877,-0.2298380583524704,0.46759313344955444
3612,73,11,-0.006482488010078669,-0.580816924571991,-0.2298380583524704,0.46759313344955444
3613,73,12,-0.29472625255584717,-0.04795123636722565,-0.2298380583524704,0.46759313344955444
3614,73,13,-0.2759377956390381,-0.6449639201164246,-0.2298380583524704,0.46759313344955444
3615,73,14,0.5119748115539551,-0.12410905957221985,-0.2298380583524704,0.46759313344955444
3616,73,15,0.3786410391330719,0.035364169627428055,-0.2298380583524704,0.46759313344955444
3617,73,16,0.6689099669456482,-0.6749622225761414,-0.2298380583524704,0.46759313344955444
3618,73,17,0.5721237659454346,0.0041318293660879135,-0.2298380583524704,0.46759313344955444
3619,73,18,0.34642714262008667,-0.2782430350780487,-0.2298380583524704,0.46759313344955444
3620,73,19,0.28806519508361816,-0.07107967138290405,-0.2298380583524704,0.46759313344955444
3621,73,20,0.07782184332609177,-0.3273785412311554,-0.2298380583524704,0.46759313344955444
3622,73,21,0.1252305656671524,-0.259466290473938,-0.2298380583524704,0.46759313344955444
3623,73,22,0.08414557576179504,-0.17707444727420807,-0.2298380583524704,0.46759313344955444
3624,73,23,-0.2840692698955536,-0.12300161272287369,-0.2298380583524704,0.46759313344955444
3625,73,24,-0.2825238108634949,-0.6285398602485657,-0.2298380583524704,0.46759313344955444
3626,73,25,-0.0515226311981678,-0.777769923210144,-0.2298380583524704,0.46759313344955444
3627,73,26,0.07417503744363785,-0.255137175321579,-0.2298380583524704,0.46759313344955444
3628,73,27,-0.07348630577325821,-0.40051984786987305,-0.2298380583524704,0.46759313344955444
3629,73,28,0.0313490591943264,-0.11960574239492416,-0.2298380583524704,0.46759313344955444
3630,73,29,-0.48605993390083313,-0.19091185927391052,-0.2298380583524704,0.46759313344955444
3631,73,30,-0.2816689908504486,-0.35294732451438904,-0.2298380583524704,0.46759313344955444
3632,73,31,0.14368751645088196,-0.5916432738304138,-0.2298380583524704,0.46759313344955444
3633,73,32,0.11196882277727127,-0.4302837550640106,-0.2298380583524704,0.46759313344955444
3634,73,33,0.016713013872504234,-0.2838198244571686,-0.2298380583524704,0.46759313344955444
3635,73,34,0.027688903734087944,-0.42674019932746887,-0.2298380583524704,0.46759313344955444
3636,73,35,-0.29382386803627014,0.04595986008644104,-0.2298380583524704,0.46759313344955444
3637,73,36,-0.4400281012058258,0.08091164380311966,-0.2298380583524704,0.46759313344955444
3638,73,37,-0.2999650835990906,-0.792462944984436,-0.2298380583524704,0.46759313344955444
3639,73,38,0.04172312095761299,-0.5182570815086365,-0.2298380583524704,0.46759313344955444
3640,73,39,-0.006076799239963293,0.18667484819889069,-0.2298380583524704,0.46759313344955444
3641,73,40,-0.009495189413428307,-0.24234020709991455,-0.2298380583524704,0.46759313344955444
3642,73,41,0.2886323928833008,-0.5803154706954956,-0.2298380583524704,0.46759313344955444
3643,73,42,-0.05572660267353058,-0.7457482218742371,-0.2298380583524704,0.46759313344955444
3644,73,43,-0.07441839575767517,-0.8819450736045837,-0.2298380583524704,0.46759313344955444
3645,73,44,-0.014704599976539612,0.11581138521432877,-0.2298380583524704,0.46759313344955444
3646,73,45,0.47519412636756897,0.08332177251577377,-0.2298380583524704,0.46759313344955444
3647,73,46,0.13712935149669647,-0.4102223217487335,-0.2298380583524704,0.46759313344955444
3648,73,47,0.08674802631139755,-0.2847244143486023,-0.2298380583524704,0.46759313344955444
3649,73,48,0.09222697466611862,-0.5257713198661804,-0.2298380583524704,0.46759313344955444
3650,73,49,0.025821082293987274,-0.27992695569992065,-0.2298380583524704,0.46759313344955444
3651,74,0,-0.10870706290006638,-0.3274509310722351,-0.2114773988723755,0.47549986839294434
3652,74,1,-0.323124498128891,0.002953275805339217,-0.2114773988723755,0.47549986839294434
3653,74,2,-0.006311613600701094,-0.14433512091636658,-0.2114773988723755,0.47549986839294434
3654,74,3,0.3383738398551941,0.2960589528083801,-0.2114773988723755,0.47549986839294434
3655,74,4,0.43177130818367004,0.328743577003479,-0.2114773988723755,0.47549986839294434
3656,74,5,0.027918346226215363,-0.3713454306125641,-0.2114773988723755,0.47549986839294434
3657,74,6,-0.14541952311992645,0.028846362605690956,-0.2114773988723755,0.47549986839294434
3658,74,7,0.010866229422390461,-0.34649598598480225,-0.2114773988723755,0.47549986839294434
3659,74,8,-0.12333117425441742,0.012338300235569477,-0.2114773988723755,0.47549986839294434
3660,74,9,-0.3919699192047119,-0.28793948888778687,-0.2114773988723755,0.47549986839294434
3661,74,10,-0.0651957094669342,-0.5824535489082336,-0.2114773988723755,0.47549986839294434
3662,74,11,0.06900450587272644,-0.5944596529006958,-0.2114773988723755,0.47549986839294434
3663,74,12,0.24334266781806946,-0.14723879098892212,-0.2114773988723755,0.47549986839294434
3664,74,13,-0.22344742715358734,-0.26175910234451294,-0.2114773988723755,0.47549986839294434
3665,74,14,0.12262073904275894,-0.0840621218085289,-0.2114773988723755,0.47549986839294434
3666,74,15,0.1904102861881256,-0.5771228671073914,-0.2114773988723755,0.47549986839294434
3667,74,16,-0.11372198909521103,-0.5197935700416565,-0.2114773988723755,0.47549986839294434
3668,74,17,0.013279465958476067,-0.12519480288028717,-0.2114773988723755,0.47549986839294434
3669,74,18,0.3168315291404724,0.10486438125371933,-0.2114773988723755,0.47549986839294434
3670,74,19,0.3147536516189575,0.25693070888519287,-0.2114773988723755,0.47549986839294434
3671,74,20,0.20321394503116608,-0.18831191956996918,-0.2114773988723755,0.47549986839294434
3672,74,21,-0.2513653635978699,0.19140395522117615,-0.2114773988723755,0.47549986839294434
3673,74,22,-0.27877509593963623,-0.12281123548746109,-0.2114773988723755,0.47549986839294434
3674,74,23,-0.04643011838197708,0.4208945631980896,-0.2114773988723755,0.47549986839294434
3675,74,24,0.05602145567536354,-0.5662022233009338,-0.2114773988723755,0.47549986839294434
3676,74,25,0.12896090745925903,-0.046331875026226044,-0.2114773988723755,0.47549986839294434
3677,74,26,0.4660530388355255,-0.428783118724823,-0.2114773988723755,0.47549986839294434
3678,74,27,0.4379928410053253,-0.036170594394207,-0.2114773988723755,0.47549986839294434
3679,74,28,0.35179805755615234,-0.17428556084632874,-0.2114773988723755,0.47549986839294434
3680,74,29,0.28256818652153015,0.1828441619873047,-0.2114773988723755,0.47549986839294434
3681,74,30,0.265788197517395,-0.28105321526527405,-0.2114773988723755,0.47549986839294434
3682,74,31,-0.10882401466369629,0.15271252393722534,-0.2114773988723755,0.47549986839294434
3683,74,32,-0.4194590747356415,-0.2730391025543213,-0.2114773988723755,0.47549986839294434
3684,74,33,-0.23038537800312042,-0.2924424707889557,-0.2114773988723755,0.47549986839294434
3685,74,34,0.19779737293720245,-0.2680882215499878,-0.2114773988723755,0.47549986839294434
3686,74,35,0.35487574338912964,-0.7794317007064819,-0.2114773988723755,0.47549986839294434
3687,74,36,0.227866992354393,0.02010509930551052,-0.2114773988723755,0.47549986839294434
3688,74,37,0.1883273869752884,0.09652115404605865,-0.2114773988723755,0.47549986839294434
3689,74,38,-0.005300813354551792,-0.38304024934768677,-0.2114773988723755,0.47549986839294434
3690,74,39,-0.0023684350308030844,-0.6204698085784912,-0.2114773988723755,0.47549986839294434
3691,74,40,-0.22034038603305817,-0.17860126495361328,-0.2114773988723755,0.47549986839294434
3692,74,41,-0.11408253014087677,0.12411785870790482,-0.2114773988723755,0.47549986839294434
3693,74,42,0.07774468511343002,-0.05967336893081665,-0.2114773988723755,0.47549986839294434
3694,74,43,-0.057601895183324814,-0.02350739762187004,-0.2114773988723755,0.47549986839294434
3695,74,44,0.2611088454723358,-0.1722908914089203,-0.2114773988723755,0.47549986839294434
3696,74,45,0.18124666810035706,-0.49383240938186646,-0.2114773988723755,0.47549986839294434
3697,74,46,-0.07512154430150986,-0.14130853116512299,-0.2114773988723755,0.47549986839294434
3698,74,47,-0.052038222551345825,0.07948431372642517,-0.2114773988723755,0.47549986839294434
3699,74,48,0.1874161660671234,-0.49825993180274963,-0.2114773988723755,0.47549986839294434
3700,74,49,0.18128551542758942,0.18622758984565735,-0.2114773988723755,0.47549986839294434
3701,75,0,-0.423138827085495,-0.12500040233135223,-0.2051813006401062,0.4698961079120636
3702,75,1,-0.3752373158931732,0.011830137111246586,-0.2051813006401062,0.4698961079120636
3703,75,2,0.1272231936454773,-0.37756437063217163,-0.2051813006401062,0.4698961079120636
3704,75,3,0.16654537618160248,-0.11303243041038513,-0.2051813006401062,0.4698961079120636
3705,75,4,0.03376287221908569,-0.8579596877098083,-0.2051813006401062,0.4698961079120636
3706,75,5,-0.05080721154808998,-0.1742410957813263,-0.2051813006401062,0.4698961079120636
3707,75,6,-0.1972164660692215,-0.7862870693206787,-0.2051813006401062,0.4698961079120636
3708,75,7,0.051125843077898026,-0.19549104571342468,-0.2051813006401062,0.4698961079120636
3709,75,8,0.1270989179611206,-0.7239546775817871,-0.2051813006401062,0.4698961079120636
3710,75,9,-0.05313684418797493,-0.281422883272171,-0.2051813006401062,0.4698961079120636
3711,75,10,-0.0908672884106636,-0.1924923211336136,-0.2051813006401062,0.4698961079120636
3712,75,11,-0.11254826933145523,-0.11669479310512543,-0.2051813006401062,0.4698961079120636
3713,75,12,0.03833445534110069,-0.4740196466445923,-0.2051813006401062,0.4698961079120636
3714,75,13,0.1721087545156479,0.6079362630844116,-0.2051813006401062,0.4698961079120636
3715,75,14,0.12051551043987274,-0.2851141393184662,-0.2051813006401062,0.4698961079120636
3716,75,15,-0.08250322192907333,-0.0007709395722486079,-0.2051813006401062,0.4698961079120636
3717,75,16,-0.38425901532173157,-0.05253031849861145,-0.2051813006401062,0.4698961079120636
3718,75,17,-0.20392493903636932,-0.4752886891365051,-0.2051813006401062,0.4698961079120636
3719,75,18,-0.03695717081427574,-0.041016582399606705,-0.2051813006401062,0.4698961079120636
3720,75,19,0.09965011477470398,0.23278413712978363,-0.2051813006401062,0.4698961079120636
3721,75,20,0.3856874704360962,0.012881971895694733,-0.2051813006401062,0.4698961079120636
3722,75,21,0.1932370960712433,-0.03126150742173195,-0.2051813006401062,0.4698961079120636
3723,75,22,0.05250820145010948,-0.1993732899427414,-0.2051813006401062,0.4698961079120636
3724,75,23,0.4271811246871948,-0.2755626142024994,-0.2051813006401062,0.4698961079120636
3725,75,24,0.42139384150505066,-0.27526041865348816,-0.2051813006401062,0.4698961079120636
3726,75,25,0.16571395099163055,-0.09486135095357895,-0.2051813006401062,0.4698961079120636
3727,75,26,-0.29654109477996826,0.057101160287857056,-0.2051813006401062,0.4698961079120636
3728,75,27,-0.3223892152309418,-0.11862856894731522,-0.2051813006401062,0.4698961079120636
3729,75,28,0.060152746737003326,0.02814401313662529,-0.2051813006401062,0.4698961079120636
3730,75,29,0.039806198328733444,-0.17393235862255096,-0.2051813006401062,0.4698961079120636
3731,75,30,-0.02752595581114292,-0.3016592562198639,-0.2051813006401062,0.4698961079120636
3732,75,31,0.2670420706272125,-0.2904704511165619,-0.2051813006401062,0.4698961079120636
3733,75,32,0.5002911686897278,-0.2267294079065323,-0.2051813006401062,0.4698961079120636
3734,75,33,-0.06264080107212067,-0.47246527671813965,-0.2051813006401062,0.4698961079120636
3735,75,34,-0.32015058398246765,-0.22166121006011963,-0.2051813006401062,0.4698961079120636
3736,75,35,-0.1676313430070877,-0.49515801668167114,-0.2051813006401062,0.4698961079120636
3737,75,36,0.24923647940158844,0.06687752902507782,-0.2051813006401062,0.4698961079120636
3738,75,37,0.2100660502910614,-0.8240965604782104,-0.2051813006401062,0.4698961079120636
3739,75,38,-0.019567420706152916,0.09440714865922928,-0.2051813006401062,0.4698961079120636
3740,75,39,-0.5146216750144958,-0.3532751202583313,-0.2051813006401062,0.4698961079120636
3741,75,40,0.055687058717012405,-0.00890043843537569,-0.2051813006401062,0.4698961079120636
3742,75,41,-0.17453533411026,-0.15197326242923737,-0.2051813006401062,0.4698961079120636
3743,75,42,-0.19285790622234344,-0.13064004480838776,-0.2051813006401062,0.4698961079120636
3744,75,43,-0.09539388120174408,-0.5723490118980408,-0.2051813006401062,0.4698961079120636
3745,75,44,-0.2127746045589447,-0.18384359776973724,-0.2051813006401062,0.4698961079120636
3746,75,45,-0.08329001814126968,0.16877266764640808,-0.2051813006401062,0.4698961079120636
3747,75,46,0.08817651867866516,0.19111904501914978,-0.2051813006401062,0.4698961079120636
3748,75,47,-0.18486937880516052,0.3172992765903473,-0.2051813006401062,0.4698961079120636
3749,75,48,-0.15572765469551086,-0.4881886839866638,-0.2051813006401062,0.4698961079120636
3750,75,49,-0.03838009759783745,0.038437437266111374,-0.2051813006401062,0.4698961079120636
3751,76,0,0.06517191231250763,-0.19722245633602142,-0.18869753181934357,0.4471738636493683
3752,76,1,0.29911404848098755,0.3204273581504822,-0.18869753181934357,0.4471738636493683
3753,76,2,0.15440212190151215,0.21185633540153503,-0.18869753181934357,0.4471738636493683
3754,76,3,-0.13245287537574768,-0.03743324428796768,-0.18869753181934357,0.4471738636493683
3755,76,4,-0.23300568759441376,-0.2101159393787384,-0.18869753181934357,0.4471738636493683
3756,76,5,0.08858763426542282,-0.3943443298339844,-0.18869753181934357,0.4471738636493683
3757,76,6,0.02420194260776043,-0.5821465849876404,-0.18869753181934357,0.4471738636493683
3758,76,7,-0.1515779346227646,0.201079323887825,-0.18869753181934357,0.4471738636493683
3759,76,8,-0.032533030956983566,0.11454128473997116,-0.18869753181934357,0.4471738636493683
3760,76,9,0.3356347382068634,0.34047695994377136,-0.18869753181934357,0.4471738636493683
3761,76,10,0.08989118039608002,0.05469575524330139,-0.18869753181934357,0.4471738636493683
3762,76,11,-0.19315862655639648,0.17595700919628143,-0.18869753181934357,0.4471738636493683
3763,76,12,-0.06349536776542664,0.10041502863168716,-0.18869753181934357,0.4471738636493683
3764,76,13,-0.15123894810676575,-0.41253072023391724,-0.18869753181934357,0.4471738636493683
3765,76,14,-0.21368567645549774,-0.2802640199661255,-0.18869753181934357,0.4471738636493683
3766,76,15,-0.1090596616268158,-0.6150452494621277,-0.18869753181934357,0.4471738636493683
3767,76,16,0.07155327498912811,-0.15278685092926025,-0.18869753181934357,0.4471738636493683
3768,76,17,0.24092932045459747,-0.33987700939178467,-0.18869753181934357,0.4471738636493683
3769,76,18,0.14392217993736267,0.1009049043059349,-0.18869753181934357,0.4471738636493683
3770,76,19,-0.024875599890947342,-0.2364100217819214,-0.18869753181934357,0.4471738636493683
3771,76,20,-0.17879846692085266,-0.20137983560562134,-0.18869753181934357,0.4471738636493683
3772,76,21,-0.1720426082611084,-0.19141100347042084,-0.18869753181934357,0.4471738636493683
3773,76,22,-0.08060289919376373,0.17106634378433228,-0.18869753181934357,0.4471738636493683
3774,76,23,-0.2620120942592621,-0.42662519216537476,-0.18869753181934357,0.4471738636493683
3775,76,24,-0.5676726698875427,-0.3503330945968628,-0.18869753181934357,0.4471738636493683
3776,76,25,-0.316171795129776,-0.23974376916885376,-0.18869753181934357,0.4471738636493683
3777,76,26,-0.017350666224956512,-0.4091082811355591,-0.18869753181934357,0.4471738636493683
3778,76,27,0.27587780356407166,-0.2599516808986664,-0.18869753181934357,0.4471738636493683
3779,76,28,0.12510661780834198,0.33168160915374756,-0.18869753181934357,0.4471738636493683
3780,76,29,0.03764404356479645,-0.5394038558006287,-0.18869753181934357,0.4471738636493683
3781,76,30,-0.022199006751179695,-0.349126935005188,-0.18869753181934357,0.4471738636493683
3782,76,31,-0.22953028976917267,-0.07542827725410461,-0.18869753181934357,0.4471738636493683
3783,76,32,-0.12463711202144623,-0.6235398650169373,-0.18869753181934357,0.4471738636493683
3784,76,33,0.21486681699752808,-0.04896555468440056,-0.18869753181934357,0.4471738636493683
3785,76,34,0.5305281281471252,-0.06183282285928726,-0.18869753181934357,0.4471738636493683
3786,76,35,0.5773791670799255,-0.3725370168685913,-0.18869753181934357,0.4471738636493683
3787,76,36,0.43535318970680237,-0.3044937551021576,-0.18869753181934357,0.4471738636493683
3788,76,37,0.24532189965248108,-0.4865108132362366,-0.18869753181934357,0.4471738636493683
3789,76,38,0.17580372095108032,0.2703915238380432,-0.18869753181934357,0.4471738636493683
3790,76,39,-0.2093660980463028,0.07845452427864075,-0.18869753181934357,0.4471738636493683
3791,76,40,-0.048485368490219116,-0.5062582492828369,-0.18869753181934357,0.4471738636493683
3792,76,41,-0.028674859553575516,-0.2518327534198761,-0.18869753181934357,0.4471738636493683
3793,76,42,0.11642569303512573,0.35305121541023254,-0.18869753181934357,0.4471738636493683
3794,76,43,0.07327532023191452,0.011385230347514153,-0.18869753181934357,0.4471738636493683
3795,76,44,0.03583907708525658,-0.033986397087574005,-0.18869753181934357,0.4471738636493683
3796,76,45,0.22102998197078705,-0.2511875033378601,-0.18869753181934357,0.4471738636493683
3797,76,46,0.46341362595558167,0.034805525094270706,-0.18869753181934357,0.4471738636493683
3798,76,47,0.4141642451286316,0.13244013488292694,-0.18869753181934357,0.4471738636493683
3799,76,48,0.23515571653842926,-0.16659468412399292,-0.18869753181934357,0.4471738636493683
3800,76,49,0.14270420372486115,-0.3985603451728821,-0.18869753181934357,0.4471738636493683
3801,77,0,-0.11069300770759583,0.20564746856689453,-0.17738880217075348,0.42283928394317627
3802,77,1,0.006302721332758665,0.42422372102737427,-0.17738880217075348,0.42283928394317627
3803,77,2,-0.14811064302921295,-0.23072212934494019,-0.17738880217075348,0.42283928394317627
3804,77,3,0.1895013451576233,-0.13049563765525818,-0.17738880217075348,0.42283928394317627
3805,77,4,0.22550995647907257,-0.5324260592460632,-0.17738880217075348,0.42283928394317627
3806,77,5,0.2773783802986145,-0.5261465311050415,-0.17738880217075348,0.42283928394317627
3807,77,6,0.4168027341365814,0.2563910186290741,-0.17738880217075348,0.42283928394317627
3808,77,7,0.43193119764328003,-0.19864116609096527,-0.17738880217075348,0.42283928394317627
3809,77,8,0.38517922163009644,-0.05589793995022774,-0.17738880217075348,0.42283928394317627
3810,77,9,0.4070386290550232,-0.47523319721221924,-0.17738880217075348,0.42283928394317627
3811,77,10,0.4099947512149811,0.039371587336063385,-0.17738880217075348,0.42283928394317627
3812,77,11,0.04967006668448448,-0.4510316848754883,-0.17738880217075348,0.42283928394317627
3813,77,12,-0.05183460935950279,-0.8812952041625977,-0.17738880217075348,0.42283928394317627
3814,77,13,-0.021005652844905853,-0.6487247943878174,-0.17738880217075348,0.42283928394317627
3815,77,14,-0.09315381944179535,0.23159539699554443,-0.17738880217075348,0.42283928394317627
3816,77,15,0.1789059191942215,-0.5143158435821533,-0.17738880217075348,0.42283928394317627
3817,77,16,0.5230636596679688,-0.014139139093458652,-0.17738880217075348,0.42283928394317627
3818,77,17,0.4153042435646057,-0.17831829190254211,-0.17738880217075348,0.42283928394317627
3819,77,18,0.33270263671875,-0.6800400018692017,-0.17738880217075348,0.42283928394317627
3820,77,19,0.46962594985961914,-0.0070830537006258965,-0.17738880217075348,0.42283928394317627
3821,77,20,0.19753558933734894,-0.33917665481567383,-0.17738880217075348,0.42283928394317627
3822,77,21,-0.24629339575767517,0.12153740972280502,-0.17738880217075348,0.42283928394317627
3823,77,22,-0.16599927842617035,-0.2297910898923874,-0.17738880217075348,0.42283928394317627
3824,77,23,-0.2109820395708084,-0.38815611600875854,-0.17738880217075348,0.42283928394317627
3825,77,24,-0.3145778477191925,0.09433698654174805,-0.17738880217075348,0.42283928394317627
3826,77,25,-0.16138289868831635,-0.23663252592086792,-0.17738880217075348,0.42283928394317627
3827,77,26,-0.22344516217708588,-0.2787752151489258,-0.17738880217075348,0.42283928394317627
3828,77,27,-0.06055548042058945,-0.44510433077812195,-0.17738880217075348,0.42283928394317627
3829,77,28,0.003946492914110422,-0.7398477792739868,-0.17738880217075348,0.42283928394317627
3830,77,29,-0.03578958660364151,-0.47666630148887634,-0.17738880217075348,0.42283928394317627
3831,77,30,-0.033803075551986694,-0.4256843626499176,-0.17738880217075348,0.42283928394317627
3832,77,31,-0.020667247474193573,0.02317609265446663,-0.17738880217075348,0.42283928394317627
3833,77,32,-0.0754920169711113,-0.5192762017250061,-0.17738880217075348,0.42283928394317627
3834,77,33,-0.1329612284898758,0.09893747419118881,-0.17738880217075348,0.42283928394317627
3835,77,34,0.30401375889778137,-0.16608873009681702,-0.17738880217075348,0.42283928394317627
3836,77,35,0.3240717649459839,-0.6053844094276428,-0.17738880217075348,0.42283928394317627
3837,77,36,0.32117313146591187,-0.0038849215488880873,-0.17738880217075348,0.42283928394317627
3838,77,37,0.08230594545602798,-0.5554520487785339,-0.17738880217075348,0.42283928394317627
3839,77,38,0.17937926948070526,-0.3527321219444275,-0.17738880217075348,0.42283928394317627
3840,77,39,0.17615844309329987,-0.3176618218421936,-0.17738880217075348,0.42283928394317627
3841,77,40,0.18940617144107819,0.6182935833930969,-0.17738880217075348,0.42283928394317627
3842,77,41,0.3616601228713989,0.20572495460510254,-0.17738880217075348,0.42283928394317627
3843,77,42,0.3041100800037384,-0.38649576902389526,-0.17738880217075348,0.42283928394317627
3844,77,43,0.19093208014965057,-0.06366841495037079,-0.17738880217075348,0.42283928394317627
3845,77,44,0.17251373827457428,0.18997415900230408,-0.17738880217075348,0.42283928394317627
3846,77,45,-0.05995120108127594,0.18934234976768494,-0.17738880217075348,0.42283928394317627
3847,77,46,-0.07300334423780441,-0.4956791400909424,-0.17738880217075348,0.42283928394317627
3848,77,47,-0.10873569548130035,-0.39235904812812805,-0.17738880217075348,0.42283928394317627
3849,77,48,-0.04961462691426277,-0.86567223072052,-0.17738880217075348,0.42283928394317627
3850,77,49,0.25746384263038635,-0.20358061790466309,-0.17738880217075348,0.42283928394317627
3851,78,0,0.15163946151733398,0.019455742090940475,-0.17033135890960693,0.4235588014125824
3852,78,1,0.011195257306098938,-0.006399990059435368,-0.17033135890960693,0.4235588014125824
3853,78,2,0.10369555652141571,-0.31056860089302063,-0.17033135890960693,0.4235588014125824
3854,78,3,0.11637500673532486,-0.450762540102005,-0.17033135890960693,0.4235588014125824
3855,78,4,0.028535544872283936,-0.37152013182640076,-0.17033135890960693,0.4235588014125824
3856,78,5,-0.040338605642318726,-0.19918514788150787,-0.17033135890960693,0.4235588014125824
3857,78,6,0.13652300834655762,-0.46333441138267517,-0.17033135890960693,0.4235588014125824
3858,78,7,-0.03977714106440544,-0.13255751132965088,-0.17033135890960693,0.4235588014125824
3859,78,8,-0.28370246291160583,0.12458749860525131,-0.17033135890960693,0.4235588014125824
3860,78,9,-0.14855103194713593,0.04031061753630638,-0.17033135890960693,0.4235588014125824
3861,78,10,-0.13724590837955475,-0.08485344797372818,-0.17033135890960693,0.4235588014125824
3862,78,11,0.025277897715568542,-0.37301352620124817,-0.17033135890960693,0.4235588014125824
3863,78,12,0.11204405874013901,-0.037836264818906784,-0.17033135890960693,0.4235588014125824
3864,78,13,0.07523813098669052,-0.17437922954559326,-0.17033135890960693,0.4235588014125824
3865,78,14,0.3070610463619232,-0.05745183303952217,-0.17033135890960693,0.4235588014125824
3866,78,15,0.2398022711277008,-0.514569878578186,-0.17033135890960693,0.4235588014125824
3867,78,16,0.12380658835172653,-0.29913878440856934,-0.17033135890960693,0.4235588014125824
3868,78,17,-0.08923783898353577,0.07317060977220535,-0.17033135890960693,0.4235588014125824
3869,78,18,-0.15553542971611023,-0.29311978816986084,-0.17033135890960693,0.4235588014125824
3870,78,19,0.20026984810829163,0.02077842690050602,-0.17033135890960693,0.4235588014125824
3871,78,20,0.04433777183294296,0.016476111486554146,-0.17033135890960693,0.4235588014125824
3872,78,21,-0.014308211393654346,-0.18548524379730225,-0.17033135890960693,0.4235588014125824
3873,78,22,0.12537457048892975,-0.683735728263855,-0.17033135890960693,0.4235588014125824
3874,78,23,0.1028403639793396,-0.5040110945701599,-0.17033135890960693,0.4235588014125824
3875,78,24,0.15747301280498505,-0.10343685001134872,-0.17033135890960693,0.4235588014125824
3876,78,25,0.1080789789557457,-0.3980671465396881,-0.17033135890960693,0.4235588014125824
3877,78,26,0.28554654121398926,-0.013476471416652203,-0.17033135890960693,0.4235588014125824
3878,78,27,0.4230790436267853,0.012867249548435211,-0.17033135890960693,0.4235588014125824
3879,78,28,0.2730244994163513,-0.3720349371433258,-0.17033135890960693,0.4235588014125824
3880,78,29,0.2379557192325592,-0.22966960072517395,-0.17033135890960693,0.4235588014125824
3881,78,30,0.5930987000465393,-0.6618649959564209,-0.17033135890960693,0.4235588014125824
3882,78,31,0.1499561220407486,-0.3827127516269684,-0.17033135890960693,0.4235588014125824
3883,78,32,0.05955294519662857,0.3435046076774597,-0.17033135890960693,0.4235588014125824
3884,78,33,0.07134579122066498,0.4319109320640564,-0.17033135890960693,0.4235588014125824
3885,78,34,-0.08817904442548752,-0.09365008771419525,-0.17033135890960693,0.4235588014125824
3886,78,35,-0.13811887800693512,-0.801435649394989,-0.17033135890960693,0.4235588014125824
3887,78,36,0.08742696791887283,-0.30467790365219116,-0.17033135890960693,0.4235588014125824
3888,78,37,0.30783742666244507,-0.035405632108449936,-0.17033135890960693,0.4235588014125824
3889,78,38,-0.06996051222085953,0.005960302427411079,-0.17033135890960693,0.4235588014125824
3890,78,39,-0.01960754208266735,-0.00739230727776885,-0.17033135890960693,0.4235588014125824
3891,78,40,0.2384316772222519,-0.4078490436077118,-0.17033135890960693,0.4235588014125824
3892,78,41,0.12705621123313904,-0.08183995634317398,-0.17033135890960693,0.4235588014125824
3893,78,42,-0.16007272899150848,-0.3500548005104065,-0.17033135890960693,0.4235588014125824
3894,78,43,-0.03354529291391373,0.06688729673624039,-0.17033135890960693,0.4235588014125824
3895,78,44,0.21750198304653168,-0.14814038574695587,-0.17033135890960693,0.4235588014125824
3896,78,45,0.2222064733505249,-0.13409540057182312,-0.17033135890960693,0.4235588014125824
3897,78,46,0.291397362947464,0.15746799111366272,-0.17033135890960693,0.4235588014125824
3898,78,47,0.2997908890247345,-0.016354702413082123,-0.17033135890960693,0.4235588014125824
3899,78,48,-0.003196388715878129,-0.062012843787670135,-0.17033135890960693,0.4235588014125824
3900,78,49,0.007479480467736721,-0.07391660660505295,-0.17033135890960693,0.4235588014125824
3901,79,0,0.07185407727956772,-0.07372251898050308,-0.1792440563440323,0.4391661584377289
3902,79,1,-0.19402608275413513,-0.030539104714989662,-0.1792440563440323,0.4391661584377289
3903,79,2,-0.3852708339691162,0.07347751408815384,-0.1792440563440323,0.4391661584377289
3904,79,3,-0.19984489679336548,-0.2313571274280548,-0.1792440563440323,0.4391661584377289
3905,79,4,0.1376122236251831,-0.0716295838356018,-0.1792440563440323,0.4391661584377289
3906,79,5,0.40431198477745056,-0.3228749930858612,-0.1792440563440323,0.4391661584377289
3907,79,6,0.2573889493942261,0.09988079220056534,-0.1792440563440323,0.4391661584377289
3908,79,7,-0.10194651037454605,-0.32376527786254883,-0.1792440563440323,0.4391661584377289
3909,79,8,-0.2930631637573242,-0.2926832139492035,-0.1792440563440323,0.4391661584377289
3910,79,9,-0.15205958485603333,-0.3622215986251831,-0.1792440563440323,0.4391661584377289
3911,79,10,-0.05987319350242615,-0.17941951751708984,-0.1792440563440323,0.4391661584377289
3912,79,11,-0.0732225552201271,-0.1504974663257599,-0.1792440563440323,0.4391661584377289
3913,79,12,-0.11572514474391937,0.008468188345432281,-0.1792440563440323,0.4391661584377289
3914,79,13,-0.1803269386291504,-0.683944582939148,-0.1792440563440323,0.4391661584377289
3915,79,14,-0.048131804913282394,-0.19087928533554077,-0.1792440563440323,0.4391661584377289
3916,79,15,0.13468234241008759,-0.2684498429298401,-0.1792440563440323,0.4391661584377289
3917,79,16,-0.038712430745363235,-0.15847747027873993,-0.1792440563440323,0.4391661584377289
3918,79,17,-0.31074729561805725,-0.32886287569999695,-0.1792440563440323,0.4391661584377289
3919,79,18,-0.1367691159248352,-0.14494538307189941,-0.1792440563440323,0.4391661584377289
3920,79,19,-0.17528577148914337,-0.17774255573749542,-0.1792440563440323,0.4391661584377289
3921,79,20,-0.3337513208389282,-0.2476186603307724,-0.1792440563440323,0.4391661584377289
3922,79,21,-0.2379601001739502,-0.06871609389781952,-0.1792440563440323,0.4391661584377289
3923,79,22,0.19115416705608368,0.12442974746227264,-0.1792440563440323,0.4391661584377289
3924,79,23,0.2807648479938507,-0.5683993101119995,-0.1792440563440323,0.4391661584377289
3925,79,24,-0.02981840819120407,-0.18865354359149933,-0.1792440563440323,0.4391661584377289
3926,79,25,0.182503342628479,0.2857072651386261,-0.1792440563440323,0.4391661584377289
3927,79,26,0.05085638910531998,-0.41349050402641296,-0.1792440563440323,0.4391661584377289
3928,79,27,-0.30105990171432495,-0.4840594232082367,-0.1792440563440323,0.4391661584377289
3929,79,28,-0.34926095604896545,-0.2706957757472992,-0.1792440563440323,0.4391661584377289
3930,79,29,-0.33436813950538635,-0.4600180387496948,-0.1792440563440323,0.4391661584377289
3931,79,30,0.024271441623568535,-0.034906622022390366,-0.1792440563440323,0.4391661584377289
3932,79,31,0.13715746998786926,-0.22516325116157532,-0.1792440563440323,0.4391661584377289
3933,79,32,0.118975430727005,0.2051481157541275,-0.1792440563440323,0.4391661584377289
3934,79,33,-0.02263217233121395,-0.04599207267165184,-0.1792440563440323,0.4391661584377289
3935,79,34,-0.005048483610153198,-0.3783194124698639,-0.1792440563440323,0.4391661584377289
3936,79,35,0.42203348875045776,-0.025567227974534035,-0.1792440563440323,0.4391661584377289
3937,79,36,0.12867356836795807,0.14395466446876526,-0.1792440563440323,0.4391661584377289
3938,79,37,-0.008507090620696545,0.0777423232793808,-0.1792440563440323,0.4391661584377289
3939,79,38,0.07777602225542068,-0.2222307026386261,-0.1792440563440323,0.4391661584377289
3940,79,39,-0.12320422381162643,0.46317216753959656,-0.1792440563440323,0.4391661584377289
3941,79,40,-0.1934192180633545,0.04455874115228653,-0.1792440563440323,0.4391661584377289
3942,79,41,-0.2392132580280304,-0.33723780512809753,-0.1792440563440323,0.4391661584377289
3943,79,42,-0.28868579864501953,-0.0897446945309639,-0.1792440563440323,0.4391661584377289
3944,79,43,-0.3651052713394165,0.17451974749565125,-0.1792440563440323,0.4391661584377289
3945,79,44,-0.22299690544605255,-0.4568195044994354,-0.1792440563440323,0.4391661584377289
3946,79,45,-0.3433815538883209,0.09869518876075745,-0.1792440563440323,0.4391661584377289
3947,79,46,-0.3196118474006653,-0.6527291536331177,-0.1792440563440323,0.4391661584377289
3948,79,47,0.044342681765556335,0.5334780812263489,-0.1792440563440323,0.4391661584377289
3949,79,48,0.33285245299339294,-0.28827184438705444,-0.1792440563440323,0.4391661584377289
3950,79,49,0.19819070398807526,0.0719345211982727,-0.1792440563440323,0.4391661584377289
3951,80,0,0.2377857267856598,-0.4805038273334503,-0.18068362772464752,0.41707679629325867
3952,80,1,0.26780077815055847,0.2523193061351776,-0.18068362772464752,0.41707679629325867
3953,80,2,0.2649903893470764,-0.16394110023975372,-0.18068362772464752,0.41707679629325867
3954,80,3,0.22416944801807404,-0.21083679795265198,-0.18068362772464752,0.41707679629325867
3955,80,4,0.07336732745170593,-0.40369412302970886,-0.18068362772464752,0.41707679629325867
3956,80,5,-0.15104366838932037,-0.821932852268219,-0.18068362772464752,0.41707679629325867
3957,80,6,-0.35967952013015747,-0.23799960315227509,-0.18068362772464752,0.41707679629325867
3958,80,7,-0.2463233917951584,-0.24479760229587555,-0.18068362772464752,0.41707679629325867
3959,80,8,-0.06212002784013748,-0.46972760558128357,-0.18068362772464752,0.41707679629325867
3960,80,9,-0.06338082998991013,0.5543632507324219,-0.18068362772464752,0.41707679629325867
3961,80,10,-0.1357896476984024,-0.015278110280632973,-0.18068362772464752,0.41707679629325867
3962,80,11,-0.012525280937552452,-0.1773502379655838,-0.18068362772464752,0.41707679629325867
3963,80,12,0.11829814314842224,-0.26652050018310547,-0.18068362772464752,0.41707679629325867
3964,80,13,0.36779794096946716,-0.37598294019699097,-0.18068362772464752,0.41707679629325867
3965,80,14,0.10173135995864868,0.37595218420028687,-0.18068362772464752,0.41707679629325867
3966,80,15,0.09883995354175568,0.18519949913024902,-0.18068362772464752,0.41707679629325867
3967,80,16,-0.0755288302898407,-0.291347473859787,-0.18068362772464752,0.41707679629325867
3968,80,17,-0.2468867301940918,-0.2468448132276535,-0.18068362772464752,0.41707679629325867
3969,80,18,0.12696780264377594,-0.11405915766954422,-0.18068362772464752,0.41707679629325867
3970,80,19,0.1783858686685562,-0.33885201811790466,-0.18068362772464752,0.41707679629325867
3971,80,20,0.26463910937309265,-0.13167163729667664,-0.18068362772464752,0.41707679629325867
3972,80,21,0.06725908070802689,0.1281905472278595,-0.18068362772464752,0.41707679629325867
3973,80,22,0.130586177110672,0.1401486098766327,-0.18068362772464752,0.41707679629325867
3974,80,23,-0.2203289121389389,-0.2088228017091751,-0.18068362772464752,0.41707679629325867
3975,80,24,-0.2856852412223816,0.2392531782388687,-0.18068362772464752,0.41707679629325867
3976,80,25,-0.09407206624746323,0.4574979245662689,-0.18068362772464752,0.41707679629325867
3977,80,26,-0.10125372558832169,-0.17987488210201263,-0.18068362772464752,0.41707679629325867
3978,80,27,-0.14127163589000702,-0.01576865464448929,-0.18068362772464752,0.41707679629325867
3979,80,28,-0.0362032875418663,-0.17819033563137054,-0.18068362772464752,0.41707679629325867
3980,80,29,0.3416662812232971,-0.012049461714923382,-0.18068362772464752,0.41707679629325867
3981,80,30,0.43602609634399414,0.08854707330465317,-0.18068362772464752,0.41707679629325867
3982,80,31,0.1588718295097351,-0.5431347489356995,-0.18068362772464752,0.41707679629325867
3983,80,32,0.13788770139217377,-0.2616168260574341,-0.18068362772464752,0.41707679629325867
3984,80,33,0.37537428736686707,0.05539711192250252,-0.18068362772464752,0.41707679629325867
3985,80,34,0.2156425267457962,0.4191347062587738,-0.18068362772464752,0.41707679629325867
3986,80,35,0.29943832755088806,0.4852527678012848,-0.18068362772464752,0.41707679629325867
3987,80,36,-0.08958672732114792,0.24273023009300232,-0.18068362772464752,0.41707679629325867
3988,80,37,-0.18083961308002472,-0.8225614428520203,-0.18068362772464752,0.41707679629325867
3989,80,38,0.02614264003932476,-0.7902481555938721,-0.18068362772464752,0.41707679629325867
3990,80,39,0.04974216967821121,0.12460974603891373,-0.18068362772464752,0.41707679629325867
3991,80,40,0.14036130905151367,-0.20202596485614777,-0.18068362772464752,0.41707679629325867
3992,80,41,-0.07621296495199203,-0.20882342755794525,-0.18068362772464752,0.41707679629325867
3993,80,42,-0.23201361298561096,-0.5681633353233337,-0.18068362772464752,0.41707679629325867
3994,80,43,-0.0646812841296196,0.17552843689918518,-0.18068362772464752,0.41707679629325867
3995,80,44,0.35750335454940796,-0.31494301557540894,-0.18068362772464752,0.41707679629325867
3996,80,45,0.4620494842529297,-0.16303245723247528,-0.18068362772464752,0.41707679629325867
3997,80,46,-0.11631923168897629,-0.21581734716892242,-0.18068362772464752,0.41707679629325867
3998,80,47,-0.2817603051662445,-0.3677043616771698,-0.18068362772464752,0.41707679629325867
3999,80,48,-0.03696154057979584,-0.02810700796544552,-0.18068362772464752,0.41707679629325867
4000,80,49,-0.04429161921143532,-0.20949172973632812,-0.18068362772464752,0.41707679629325867
4001,81,0,0.09534498304128647,-0.25126203894615173,-0.15968649089336395,0.3864099085330963
4002,81,1,-0.13328240811824799,-0.07414080202579498,-0.15968649089336395,0.3864099085330963
4003,81,2,0.2097405344247818,0.3451806902885437,-0.15968649089336395,0.3864099085330963
4004,81,3,0.4156539738178253,-0.055110905319452286,-0.15968649089336395,0.3864099085330963
4005,81,4,0.2104419320821762,-0.2574925124645233,-0.15968649089336395,0.3864099085330963
4006,81,5,0.1467193067073822,-0.3861279785633087,-0.15968649089336395,0.3864099085330963
4007,81,6,-0.17588907480239868,-0.5369594097137451,-0.15968649089336395,0.3864099085330963
4008,81,7,-0.30263859033584595,0.17657287418842316,-0.15968649089336395,0.3864099085330963
4009,81,8,-0.016929220408201218,-0.3343285024166107,-0.15968649089336395,0.3864099085330963
4010,81,9,0.032453905791044235,-0.197421595454216,-0.15968649089336395,0.3864099085330963
4011,81,10,-0.13502927124500275,-0.3304911255836487,-0.15968649089336395,0.3864099085330963
4012,81,11,-0.3954264521598816,0.2956400215625763,-0.15968649089336395,0.3864099085330963
4013,81,12,-0.27183640003204346,-0.3189854323863983,-0.15968649089336395,0.3864099085330963
4014,81,13,-0.1657567322254181,-0.3396807312965393,-0.15968649089336395,0.3864099085330963
4015,81,14,-0.15883910655975342,-0.21856094896793365,-0.15968649089336395,0.3864099085330963
4016,81,15,-0.17711083590984344,0.32364773750305176,-0.15968649089336395,0.3864099085330963
4017,81,16,-0.32449841499328613,0.017268603667616844,-0.15968649089336395,0.3864099085330963
4018,81,17,-0.2385745346546173,0.5766910910606384,-0.15968649089336395,0.3864099085330963
4019,81,18,0.05445554852485657,0.32546719908714294,-0.15968649089336395,0.3864099085330963
4020,81,19,0.19061940908432007,-0.6357430219650269,-0.15968649089336395,0.3864099085330963
4021,81,20,-0.1974886953830719,0.15511226654052734,-0.15968649089336395,0.3864099085330963
4022,81,21,0.032917968928813934,-0.18201373517513275,-0.15968649089336395,0.3864099085330963
4023,81,22,0.2093489021062851,0.10274062305688858,-0.15968649089336395,0.3864099085330963
4024,81,23,0.07598825544118881,-0.10561641305685043,-0.15968649089336395,0.3864099085330963
4025,81,24,0.08095663785934448,0.4109870493412018,-0.15968649089336395,0.3864099085330963
4026,81,25,-0.0094248466193676,0.1849183440208435,-0.15968649089336395,0.3864099085330963
4027,81,26,-0.02636706456542015,-0.012918965891003609,-0.15968649089336395,0.3864099085330963
4028,81,27,-0.1995297372341156,-0.7114295959472656,-0.15968649089336395,0.3864099085330963
4029,81,28,0.16795393824577332,0.1847262978553772,-0.15968649089336395,0.3864099085330963
4030,81,29,0.41345757246017456,-0.00011536398233147338,-0.15968649089336395,0.3864099085330963
4031,81,30,-0.08642159402370453,-0.49432066082954407,-0.15968649089336395,0.3864099085330963
4032,81,31,-0.2814702093601227,0.513846218585968,-0.15968649089336395,0.3864099085330963
4033,81,32,0.02943211793899536,-0.40821343660354614,-0.15968649089336395,0.3864099085330963
4034,81,33,0.19505126774311066,0.13763701915740967,-0.15968649089336395,0.3864099085330963
4035,81,34,-0.00225442904047668,-0.5624037981033325,-0.15968649089336395,0.3864099085330963
4036,81,35,-0.1435234397649765,0.11542128771543503,-0.15968649089336395,0.3864099085330963
4037,81,36,0.4193364679813385,-0.4296620488166809,-0.15968649089336395,0.3864099085330963
4038,81,37,0.2669571340084076,0.09534893184900284,-0.15968649089336395,0.3864099085330963
4039,81,38,0.09515441954135895,-0.14345161616802216,-0.15968649089336395,0.3864099085330963
4040,81,39,0.35101261734962463,-0.0473310761153698,-0.15968649089336395,0.3864099085330963
4041,81,40,0.2976251542568207,-0.12769335508346558,-0.15968649089336395,0.3864099085330963
4042,81,41,0.1933983862400055,0.3834455609321594,-0.15968649089336395,0.3864099085330963
4043,81,42,0.1443174183368683,-0.28330758213996887,-0.15968649089336395,0.3864099085330963
4044,81,43,-0.3056430220603943,0.31304800510406494,-0.15968649089336395,0.3864099085330963
4045,81,44,-0.4457104504108429,-0.28263092041015625,-0.15968649089336395,0.3864099085330963
4046,81,45,-0.3309171795845032,-0.04688744246959686,-0.15968649089336395,0.3864099085330963
4047,81,46,-0.2621327042579651,0.26187124848365784,-0.15968649089336395,0.3864099085330963
4048,81,47,0.062613345682621,-0.11928360164165497,-0.15968649089336395,0.3864099085330963
4049,81,48,0.19919022917747498,-0.25583234429359436,-0.15968649089336395,0.3864099085330963
4050,81,49,0.17190881073474884,0.4531628489494324,-0.15968649089336395,0.3864099085330963
4051,82,0,-0.06891816109418869,-0.12085912376642227,-0.1339341402053833,0.3574729263782501
4052,82,1,-0.026649361476302147,0.22379478812217712,-0.1339341402053833,0.3574729263782501
4053,82,2,0.1683153212070465,-0.5586627125740051,-0.1339341402053833,0.3574729263782501
4054,82,3,0.3252273499965668,0.039214324206113815,-0.1339341402053833,0.3574729263782501
4055,82,4,0.4030236601829529,-0.3993402421474457,-0.1339341402053833,0.3574729263782501
4056,82,5,0.15138114988803864,0.022182349115610123,-0.1339341402053833,0.3574729263782501
4057,82,6,-0.055989399552345276,-0.6116371750831604,-0.1339341402053833,0.3574729263782501
4058,82,7,-0.11440394073724747,-0.034686844795942307,-0.1339341402053833,0.3574729263782501
4059,82,8,-0.29602694511413574,-0.13996794819831848,-0.1339341402053833,0.3574729263782501
4060,82,9,0.2661436200141907,0.05527548864483833,-0.1339341402053833,0.3574729263782501
4061,82,10,0.14367352426052094,-0.20905038714408875,-0.1339341402053833,0.3574729263782501
4062,82,11,-0.11567824333906174,0.09648387879133224,-0.1339341402053833,0.3574729263782501
4063,82,12,-0.0036525579635053873,0.14175444841384888,-0.1339341402053833,0.3574729263782501
4064,82,13,0.003141622059047222,0.1431855708360672,-0.1339341402053833,0.3574729263782501
4065,82,14,-0.13771547377109528,0.2747231721878052,-0.1339341402053833,0.3574729263782501
4066,82,15,-0.2305682748556137,-0.1206938847899437,-0.1339341402053833,0.3574729263782501
4067,82,16,0.0051176780834794044,-0.8069350719451904,-0.1339341402053833,0.3574729263782501
4068,82,17,0.19236457347869873,-1.0,-0.1339341402053833,0.3574729263782501
4069,82,18,-0.029712699353694916,0.514075517654419,-0.1339341402053833,0.3574729263782501
4070,82,19,-0.39199504256248474,-0.16313359141349792,-0.1339341402053833,0.3574729263782501
4071,82,20,-0.39200645685195923,-0.1456870585680008,-0.1339341402053833,0.3574729263782501
4072,82,21,-0.31279096007347107,0.4298723042011261,-0.1339341402053833,0.3574729263782501
4073,82,22,-0.11417780071496964,-0.13591095805168152,-0.1339341402053833,0.3574729263782501
4074,82,23,-0.15087902545928955,-0.4483374059200287,-0.1339341402053833,0.3574729263782501
4075,82,24,-0.21023526787757874,-0.4987809360027313,-0.1339341402053833,0.3574729263782501
4076,82,25,-0.293236643075943,-0.04953005909919739,-0.1339341402053833,0.3574729263782501
4077,82,26,-0.182407408952713,-0.1360216587781906,-0.1339341402053833,0.3574729263782501
4078,82,27,0.19052065908908844,-0.05908374860882759,-0.1339341402053833,0.3574729263782501
4079,82,28,0.18892128765583038,0.22218137979507446,-0.1339341402053833,0.3574729263782501
4080,82,29,0.14391693472862244,0.1480177491903305,-0.1339341402053833,0.3574729263782501
4081,82,30,-0.05807633325457573,-0.1736009269952774,-0.1339341402053833,0.3574729263782501
4082,82,31,-0.09465241432189941,0.4438028037548065,-0.1339341402053833,0.3574729263782501
4083,82,32,-0.0689607784152031,-0.1323409378528595,-0.1339341402053833,0.3574729263782501
4084,82,33,-0.03432485833764076,-0.1842334270477295,-0.1339341402053833,0.3574729263782501
4085,82,34,-0.16011875867843628,-0.2869013249874115,-0.1339341402053833,0.3574729263782501
4086,82,35,-0.22604148089885712,-0.019090993329882622,-0.1339341402053833,0.3574729263782501
4087,82,36,-0.3192642033100128,-0.0246450062841177,-0.1339341402053833,0.3574729263782501
4088,82,37,0.21679025888442993,-0.00390622322447598,-0.1339341402053833,0.3574729263782501
4089,82,38,0.1093636006116867,0.4881537854671478,-0.1339341402053833,0.3574729263782501
4090,82,39,0.37175989151000977,-0.7319409251213074,-0.1339341402053833,0.3574729263782501
4091,82,40,0.387786328792572,-0.5411255359649658,-0.1339341402053833,0.3574729263782501
4092,82,41,0.00019494998559821397,-0.36209356784820557,-0.1339341402053833,0.3574729263782501
4093,82,42,-0.1598270833492279,-0.12953341007232666,-0.1339341402053833,0.3574729263782501
4094,82,43,0.033978477120399475,0.06289063394069672,-0.1339341402053833,0.3574729263782501
4095,82,44,0.053612057119607925,-0.34428438544273376,-0.1339341402053833,0.3574729263782501
4096,82,45,0.06849023699760437,-0.3418501913547516,-0.1339341402053833,0.3574729263782501
4097,82,46,-0.04203134402632713,-0.6554710268974304,-0.1339341402053833,0.3574729263782501
4098,82,47,-0.018723245710134506,0.3306270241737366,-0.1339341402053833,0.3574729263782501
4099,82,48,0.24015231430530548,-0.2816106081008911,-0.1339341402053833,0.3574729263782501
4100,82,49,0.3412352204322815,-0.684631884098053,-0.1339341402053833,0.3574729263782501
4101,83,0,0.09167119860649109,-0.21710015833377838,-0.12354253977537155,0.32282739877700806
4102,83,1,-0.0375361368060112,0.21116073429584503,-0.12354253977537155,0.32282739877700806
4103,83,2,-0.12033551186323166,0.07523071020841599,-0.12354253977537155,0.32282739877700806
4104,83,3,-0.22479020059108734,-0.6753794550895691,-0.12354253977537155,0.32282739877700806
4105,83,4,-0.21916604042053223,0.18068067729473114,-0.12354253977537155,0.32282739877700806
4106,83,5,-0.03582713007926941,-0.19386637210845947,-0.12354253977537155,0.32282739877700806
4107,83,6,-0.12903492152690887,-0.13412195444107056,-0.12354253977537155,0.32282739877700806
4108,83,7,-0.24614277482032776,0.2960042655467987,-0.12354253977537155,0.32282739877700806
4109,83,8,-0.08913887292146683,-0.24304908514022827,-0.12354253977537155,0.32282739877700806
4110,83,9,0.042697012424468994,-0.03758443892002106,-0.12354253977537155,0.32282739877700806
4111,83,10,-0.15194955468177795,-0.759315013885498,-0.12354253977537155,0.32282739877700806
4112,83,11,-0.0768248587846756,0.052519239485263824,-0.12354253977537155,0.32282739877700806
4113,83,12,-0.1443936675786972,-0.18628016114234924,-0.12354253977537155,0.32282739877700806
4114,83,13,-0.30234354734420776,0.12859150767326355,-0.12354253977537155,0.32282739877700806
4115,83,14,0.034970786422491074,-0.3811309337615967,-0.12354253977537155,0.32282739877700806
4116,83,15,0.06265843659639359,-0.19840624928474426,-0.12354253977537155,0.32282739877700806
4117,83,16,0.2076888233423233,-0.18908797204494476,-0.12354253977537155,0.32282739877700806
4118,83,17,0.15788809955120087,-0.20194333791732788,-0.12354253977537155,0.32282739877700806
4119,83,18,0.23071707785129547,0.028313372284173965,-0.12354253977537155,0.32282739877700806
4120,83,19,0.23559576272964478,0.1532430499792099,-0.12354253977537155,0.32282739877700806
4121,83,20,0.3027311861515045,-0.4186328649520874,-0.12354253977537155,0.32282739877700806
4122,83,21,-0.043156422674655914,-0.057991769164800644,-0.12354253977537155,0.32282739877700806
4123,83,22,-0.010145253501832485,0.22511769831180573,-0.12354253977537155,0.32282739877700806
4124,83,23,0.1256456971168518,-0.11037492007017136,-0.12354253977537155,0.32282739877700806
4125,83,24,-0.0896359458565712,-0.46163997054100037,-0.12354253977537155,0.32282739877700806
4126,83,25,-0.17714104056358337,0.15645503997802734,-0.12354253977537155,0.32282739877700806
4127,83,26,-0.05987677350640297,0.22156448662281036,-0.12354253977537155,0.32282739877700806
4128,83,27,-0.2509298324584961,-0.4932035803794861,-0.12354253977537155,0.32282739877700806
4129,83,28,-0.3722932040691376,-0.45004743337631226,-0.12354253977537155,0.32282739877700806
4130,83,29,-0.24616551399230957,-0.28674593567848206,-0.12354253977537155,0.32282739877700806
4131,83,30,0.31507930159568787,-0.4125690460205078,-0.12354253977537155,0.32282739877700806
4132,83,31,0.370874285697937,0.22964085638523102,-0.12354253977537155,0.32282739877700806
4133,83,32,-0.1040305644273758,-0.25777167081832886,-0.12354253977537155,0.32282739877700806
4134,83,33,-0.20608320832252502,-0.2760077714920044,-0.12354253977537155,0.32282739877700806
4135,83,34,-0.1267559826374054,-0.26253917813301086,-0.12354253977537155,0.32282739877700806
4136,83,35,-0.01478828676044941,-0.31613093614578247,-0.12354253977537155,0.32282739877700806
4137,83,36,0.03033570386469364,-0.5010824203491211,-0.12354253977537155,0.32282739877700806
4138,83,37,0.1298692673444748,0.08914095163345337,-0.12354253977537155,0.32282739877700806
4139,83,38,0.3109259307384491,0.15936006605625153,-0.12354253977537155,0.32282739877700806
4140,83,39,0.3738400936126709,-0.22445683181285858,-0.12354253977537155,0.32282739877700806
4141,83,40,0.187672957777977,-0.19565823674201965,-0.12354253977537155,0.32282739877700806
4142,83,41,0.08324455469846725,-0.17827244102954865,-0.12354253977537155,0.32282739877700806
4143,83,42,0.13052049279212952,0.19957731664180756,-0.12354253977537155,0.32282739877700806
4144,83,43,-0.07591845095157623,0.23563286662101746,-0.12354253977537155,0.32282739877700806
4145,83,44,-0.3480582535266876,-0.3231063187122345,-0.12354253977537155,0.32282739877700806
4146,83,45,-0.08809233456850052,-0.33571574091911316,-0.12354253977537155,0.32282739877700806
4147,83,46,0.1443486213684082,-0.07360494881868362,-0.12354253977537155,0.32282739877700806
4148,83,47,0.12035869807004929,0.39206263422966003,-0.12354253977537155,0.32282739877700806
4149,83,48,0.29859215021133423,0.09858807176351547,-0.12354253977537155,0.32282739877700806
4150,83,49,0.2457575500011444,-0.269104540348053,-0.12354253977537155,0.32282739877700806
4151,84,0,-0.1862645149230957,0.041829001158475876,-0.12367808073759079,0.293220579624176
4152,84,1,-0.08628956228494644,-0.16504468023777008,-0.12367808073759079,0.293220579624176
4153,84,2,-0.14513880014419556,-0.09180610626935959,-0.12367808073759079,0.293220579624176
4154,84,3,-0.16408811509609222,-0.07243453711271286,-0.12367808073759079,0.293220579624176
4155,84,4,0.05039362609386444,-0.12626896798610687,-0.12367808073759079,0.293220579624176
4156,84,5,0.1273004561662674,-0.18869680166244507,-0.12367808073759079,0.293220579624176
4157,84,6,-0.11420667171478271,-0.168974831700325,-0.12367808073759079,0.293220579624176
4158,84,7,-0.17975252866744995,0.19813351333141327,-0.12367808073759079,0.293220579624176
4159,84,8,-0.2876772880554199,0.12059004604816437,-0.12367808073759079,0.293220579624176
4160,84,9,-0.3441115617752075,-0.5181254744529724,-0.12367808073759079,0.293220579624176
4161,84,10,-0.29960599541664124,-0.19784949719905853,-0.12367808073759079,0.293220579624176
4162,84,11,0.14933183789253235,0.0084551265463233,-0.12367808073759079,0.293220579624176
4163,84,12,0.20157261192798615,-0.09972189366817474,-0.12367808073759079,0.293220579624176
4164,84,13,0.1427096575498581,0.3680368959903717,-0.12367808073759079,0.293220579624176
4165,84,14,0.10066691786050797,-0.05169204622507095,-0.12367808073759079,0.293220579624176
4166,84,15,0.24790425598621368,-0.3811936378479004,-0.12367808073759079,0.293220579624176
4167,84,16,0.32402122020721436,0.03166121244430542,-0.12367808073759079,0.293220579624176
4168,84,17,0.1448812186717987,0.043372806161642075,-0.12367808073759079,0.293220579624176
4169,84,18,-0.3155014216899872,-0.052772264927625656,-0.12367808073759079,0.293220579624176
4170,84,19,-0.5212051272392273,-0.3059861361980438,-0.12367808073759079,0.293220579624176
4171,84,20,-0.020482337102293968,-0.20630165934562683,-0.12367808073759079,0.293220579624176
4172,84,21,0.12468541413545609,-0.14229217171669006,-0.12367808073759079,0.293220579624176
4173,84,22,-0.013757562264800072,-0.2119133472442627,-0.12367808073759079,0.293220579624176
4174,84,23,-0.2640534043312073,-0.21598030626773834,-0.12367808073759079,0.293220579624176
4175,84,24,-0.14108097553253174,0.4115825891494751,-0.12367808073759079,0.293220579624176
4176,84,25,0.02438458800315857,-0.5130413770675659,-0.12367808073759079,0.293220579624176
4177,84,26,-0.12794353067874908,-0.22833316028118134,-0.12367808073759079,0.293220579624176
4178,84,27,0.01871720887720585,-0.2770315110683441,-0.12367808073759079,0.293220579624176
4179,84,28,0.1903935968875885,-0.40526658296585083,-0.12367808073759079,0.293220579624176
4180,84,29,0.6073895692825317,-0.6225053668022156,-0.12367808073759079,0.293220579624176
4181,84,30,0.5468004941940308,0.0006214153254404664,-0.12367808073759079,0.293220579624176
4182,84,31,0.404445081949234,-0.5592518448829651,-0.12367808073759079,0.293220579624176
4183,84,32,0.318057656288147,0.26917698979377747,-0.12367808073759079,0.293220579624176
4184,84,33,0.27439093589782715,0.5417249202728271,-0.12367808073759079,0.293220579624176
4185,84,34,0.628134548664093,-0.24859541654586792,-0.12367808073759079,0.293220579624176
4186,84,35,0.22800283133983612,-0.022317273542284966,-0.12367808073759079,0.293220579624176
4187,84,36,-0.1570902168750763,0.12492454797029495,-0.12367808073759079,0.293220579624176
4188,84,37,0.3261720836162567,-0.2594554126262665,-0.12367808073759079,0.293220579624176
4189,84,38,0.48051685094833374,-0.3164331614971161,-0.12367808073759079,0.293220579624176
4190,84,39,0.22430302202701569,-0.17069144546985626,-0.12367808073759079,0.293220579624176
4191,84,40,0.018426090478897095,-0.21956463158130646,-0.12367808073759079,0.293220579624176
4192,84,41,-0.08925279229879379,0.4575013816356659,-0.12367808073759079,0.293220579624176
4193,84,42,0.03210515156388283,-0.22751761972904205,-0.12367808073759079,0.293220579624176
4194,84,43,0.08445107936859131,-0.2888488471508026,-0.12367808073759079,0.293220579624176
4195,84,44,-0.285737007856369,-0.3477264940738678,-0.12367808073759079,0.293220579624176
4196,84,45,-0.24979306757450104,0.014461095444858074,-0.12367808073759079,0.293220579624176
4197,84,46,-0.2042468786239624,-0.39220836758613586,-0.12367808073759079,0.293220579624176
4198,84,47,-0.07276593893766403,0.3508041501045227,-0.12367808073759079,0.293220579624176
4199,84,48,0.13548927009105682,-0.24080976843833923,-0.12367808073759079,0.293220579624176
4200,84,49,-0.007527623325586319,-0.031623419374227524,-0.12367808073759079,0.293220579624176
4201,85,0,-0.1198837086558342,-0.04719896987080574,-0.13891088962554932,0.2795344889163971
4202,85,1,-0.18896253407001495,-0.027534492313861847,-0.13891088962554932,0.2795344889163971
4203,85,2,0.08189394325017929,-0.4524398446083069,-0.13891088962554932,0.2795344889163971
4204,85,3,0.19950754940509796,0.33627575635910034,-0.13891088962554932,0.2795344889163971
4205,85,4,0.13880956172943115,-0.04970163106918335,-0.13891088962554932,0.2795344889163971
4206,85,5,-0.16218599677085876,-0.1082686260342598,-0.13891088962554932,0.2795344889163971
4207,85,6,-0.011420521885156631,0.1490100622177124,-0.13891088962554932,0.2795344889163971
4208,85,7,0.17106662690639496,0.4664935767650604,-0.13891088962554932,0.2795344889163971
4209,85,8,-0.06262964010238647,0.1510808765888214,-0.13891088962554932,0.2795344889163971
4210,85,9,-0.1341378092765808,-0.20119203627109528,-0.13891088962554932,0.2795344889163971
4211,85,10,-0.2818662226200104,0.2321338951587677,-0.13891088962554932,0.2795344889163971
4212,85,11,-0.2929932773113251,-0.08092495054006577,-0.13891088962554932,0.2795344889163971
4213,85,12,-0.22187335789203644,-0.44254180788993835,-0.13891088962554932,0.2795344889163971
4214,85,13,-0.09060791879892349,0.04357852414250374,-0.13891088962554932,0.2795344889163971
4215,85,14,-0.039495572447776794,-0.32141801714897156,-0.13891088962554932,0.2795344889163971
4216,85,15,-0.19034446775913239,-0.5103065371513367,-0.13891088962554932,0.2795344889163971
4217,85,16,-0.3570327162742615,-0.2008795291185379,-0.13891088962554932,0.2795344889163971
4218,85,17,-0.22926642000675201,-0.3734717071056366,-0.13891088962554932,0.2795344889163971
4219,85,18,0.06123558059334755,0.2853594422340393,-0.13891088962554932,0.2795344889163971
4220,85,19,-0.03629354014992714,0.038487695157527924,-0.13891088962554932,0.2795344889163971
4221,85,20,0.3217225670814514,-0.39012521505355835,-0.13891088962554932,0.2795344889163971
4222,85,21,0.12212523072957993,-0.32071852684020996,-0.13891088962554932,0.2795344889163971
4223,85,22,-0.183083638548851,0.007006271276623011,-0.13891088962554932,0.2795344889163971
4224,85,23,-0.29960811138153076,-0.2574831247329712,-0.13891088962554932,0.2795344889163971
4225,85,24,-0.1503753662109375,-0.24688659608364105,-0.13891088962554932,0.2795344889163971
4226,85,25,-0.12914913892745972,-0.046333860605955124,-0.13891088962554932,0.2795344889163971
4227,85,26,-0.2243603616952896,-0.026317084208130836,-0.13891088962554932,0.2795344889163971
4228,85,27,-0.020171552896499634,-0.08524436503648758,-0.13891088962554932,0.2795344889163971
4229,85,28,0.0587482787668705,0.03952809050679207,-0.13891088962554932,0.2795344889163971
4230,85,29,0.12959638237953186,-0.6083547472953796,-0.13891088962554932,0.2795344889163971
4231,85,30,-0.283143013715744,-0.22530516982078552,-0.13891088962554932,0.2795344889163971
4232,85,31,-0.4701420068740845,-0.5654311180114746,-0.13891088962554932,0.2795344889163971
4233,85,32,0.0851789116859436,-0.22599969804286957,-0.13891088962554932,0.2795344889163971
4234,85,33,0.2666514217853546,-0.09451707452535629,-0.13891088962554932,0.2795344889163971
4235,85,34,0.06232579052448273,0.09556829184293747,-0.13891088962554932,0.2795344889163971
4236,85,35,0.4084590971469879,-0.11505126953125,-0.13891088962554932,0.2795344889163971
4237,85,36,-0.06656453758478165,0.07293295115232468,-0.13891088962554932,0.2795344889163971
4238,85,37,0.012439104728400707,-0.2098562866449356,-0.13891088962554932,0.2795344889163971
4239,85,38,0.06834547966718674,-0.17006774246692657,-0.13891088962554932,0.2795344889163971
4240,85,39,-0.158732607960701,-0.1646631956100464,-0.13891088962554932,0.2795344889163971
4241,85,40,-0.14961165189743042,-0.2034938931465149,-0.13891088962554932,0.2795344889163971
4242,85,41,-0.18230979144573212,0.31869620084762573,-0.13891088962554932,0.2795344889163971
4243,85,42,-0.16908559203147888,-0.2726587653160095,-0.13891088962554932,0.2795344889163971
4244,85,43,-0.07392289489507675,-0.15310777723789215,-0.13891088962554932,0.2795344889163971
4245,85,44,0.06285180896520615,0.3653255105018616,-0.13891088962554932,0.2795344889163971
4246,85,45,0.09991297125816345,-0.14292815327644348,-0.13891088962554932,0.2795344889163971
4247,85,46,0.17613033950328827,0.09786076098680496,-0.13891088962554932,0.2795344889163971
4248,85,47,0.23246268928050995,-0.3691393733024597,-0.13891088962554932,0.2795344889163971
4249,85,48,0.01997915841639042,-0.17645719647407532,-0.13891088962554932,0.2795344889163971
4250,85,49,0.007270267698913813,0.35749712586402893,-0.13891088962554932,0.2795344889163971
4251,86,0,-0.4430103302001953,-0.10672420263290405,-0.14404790103435516,0.25434574484825134
4252,86,1,-0.3347773253917694,-0.32538866996765137,-0.14404790103435516,0.25434574484825134
4253,86,2,0.3279341757297516,-0.38471418619155884,-0.14404790103435516,0.25434574484825134
4254,86,3,0.2429337054491043,-0.4901103973388672,-0.14404790103435516,0.25434574484825134
4255,86,4,-0.07994670420885086,-0.35470473766326904,-0.14404790103435516,0.25434574484825134
4256,86,5,-0.15355093777179718,-0.527674674987793,-0.14404790103435516,0.25434574484825134
4257,86,6,-0.045443903654813766,-0.10251053422689438,-0.14404790103435516,0.25434574484825134
4258,86,7,0.19964464008808136,-0.32149380445480347,-0.14404790103435516,0.25434574484825134
4259,86,8,0.18937422335147858,-0.1280863732099533,-0.14404790103435516,0.25434574484825134
4260,86,9,0.17576280236244202,-0.0959048643708229,-0.14404790103435516,0.25434574484825134
4261,86,10,0.3171875774860382,-0.23331986367702484,-0.14404790103435516,0.25434574484825134
4262,86,11,0.32590335607528687,-0.2176607996225357,-0.14404790103435516,0.25434574484825134
4263,86,12,0.4489908814430237,-0.11442293971776962,-0.14404790103435516,0.25434574484825134
4264,86,13,0.36612987518310547,0.019434509798884392,-0.14404790103435516,0.25434574484825134
4265,86,14,0.13543261587619781,-0.15331457555294037,-0.14404790103435516,0.25434574484825134
4266,86,15,0.32691818475723267,0.06473109126091003,-0.14404790103435516,0.25434574484825134
4267,86,16,0.2640454173088074,-0.37045446038246155,-0.14404790103435516,0.25434574484825134
4268,86,17,0.1197783425450325,-0.08665475249290466,-0.14404790103435516,0.25434574484825134
4269,86,18,0.07210710644721985,-0.12041456997394562,-0.14404790103435516,0.25434574484825134
4270,86,19,0.18153813481330872,-0.4377741813659668,-0.14404790103435516,0.25434574484825134
4271,86,20,0.11281830817461014,-0.4195062816143036,-0.14404790103435516,0.25434574484825134
4272,86,21,-0.00041220421553589404,0.03273502737283707,-0.14404790103435516,0.25434574484825134
4273,86,22,-0.2268131673336029,-0.18389545381069183,-0.14404790103435516,0.25434574484825134
4274,86,23,-0.35794124007225037,-0.5432320833206177,-0.14404790103435516,0.25434574484825134
4275,86,24,0.16950450837612152,-0.39648836851119995,-0.14404790103435516,0.25434574484825134
4276,86,25,0.4492756128311157,-0.25383785367012024,-0.14404790103435516,0.25434574484825134
4277,86,26,0.3292784094810486,-0.049266934394836426,-0.14404790103435516,0.25434574484825134
4278,86,27,0.40331342816352844,0.045171476900577545,-0.14404790103435516,0.25434574484825134
4279,86,28,0.5242059230804443,-0.16144780814647675,-0.14404790103435516,0.25434574484825134
4280,86,29,0.16922907531261444,-0.7461229562759399,-0.14404790103435516,0.25434574484825134
4281,86,30,0.21256692707538605,-0.4127207100391388,-0.14404790103435516,0.25434574484825134
4282,86,31,0.46501174569129944,-0.3102758824825287,-0.14404790103435516,0.25434574484825134
4283,86,32,0.034869346767663956,-0.18160000443458557,-0.14404790103435516,0.25434574484825134
4284,86,33,-0.05190102383494377,-0.323102742433548,-0.14404790103435516,0.25434574484825134
4285,86,34,-0.13730648159980774,-0.3388160169124603,-0.14404790103435516,0.25434574484825134
4286,86,35,0.057786110788583755,-0.36138856410980225,-0.14404790103435516,0.25434574484825134
4287,86,36,0.13717950880527496,0.07048370689153671,-0.14404790103435516,0.25434574484825134
4288,86,37,-0.14166806638240814,-0.34557193517684937,-0.14404790103435516,0.25434574484825134
4289,86,38,-0.23556557297706604,-0.23935526609420776,-0.14404790103435516,0.25434574484825134
4290,86,39,-0.3850271701812744,0.06311371177434921,-0.14404790103435516,0.25434574484825134
4291,86,40,-0.13291147351264954,-0.3340579867362976,-0.14404790103435516,0.25434574484825134
4292,86,41,-0.08222118020057678,-0.26128798723220825,-0.14404790103435516,0.25434574484825134
4293,86,42,-0.26625797152519226,0.1871655136346817,-0.14404790103435516,0.25434574484825134
4294,86,43,-0.2981734871864319,-0.44335830211639404,-0.14404790103435516,0.25434574484825134
4295,86,44,-0.16791404783725739,-0.10916612297296524,-0.14404790103435516,0.25434574484825134
4296,86,45,-0.1562548130750656,0.2891915738582611,-0.14404790103435516,0.25434574484825134
4297,86,46,0.13379275798797607,-0.34059226512908936,-0.14404790103435516,0.25434574484825134
4298,86,47,0.13048548996448517,-0.5122950077056885,-0.14404790103435516,0.25434574484825134
4299,86,48,0.14041723310947418,0.12971173226833344,-0.14404790103435516,0.25434574484825134
4300,86,49,0.05836400017142296,-0.025213608518242836,-0.14404790103435516,0.25434574484825134
4301,87,0,-0.28159618377685547,0.035958658903837204,-0.142797589302063,0.24461261928081512
4302,87,1,0.037457432597875595,0.17581753432750702,-0.142797589302063,0.24461261928081512
4303,87,2,0.02767435647547245,-0.5005251169204712,-0.142797589302063,0.24461261928081512
4304,87,3,-0.23003068566322327,-0.13851667940616608,-0.142797589302063,0.24461261928081512
4305,87,4,-0.07478035986423492,0.08272196352481842,-0.142797589302063,0.24461261928081512
4306,87,5,0.18770267069339752,-0.25683319568634033,-0.142797589302063,0.24461261928081512
4307,87,6,0.17463189363479614,0.15641537308692932,-0.142797589302063,0.24461261928081512
4308,87,7,0.08408717811107635,-0.15268705785274506,-0.142797589302063,0.24461261928081512
4309,87,8,0.026882661506533623,0.12381289899349213,-0.142797589302063,0.24461261928081512
4310,87,9,-0.16393741965293884,0.21427711844444275,-0.142797589302063,0.24461261928081512
4311,87,10,-0.19363662600517273,-0.2936198115348816,-0.142797589302063,0.24461261928081512
4312,87,11,0.18037918210029602,-0.4375927150249481,-0.142797589302063,0.24461261928081512
4313,87,12,-0.06191490590572357,-0.24409697949886322,-0.142797589302063,0.24461261928081512
4314,87,13,-0.35302767157554626,-0.294571191072464,-0.142797589302063,0.24461261928081512
4315,87,14,-0.22227773070335388,-0.3704479932785034,-0.142797589302063,0.24461261928081512
4316,87,15,-0.3242352306842804,-0.16043151915073395,-0.142797589302063,0.24461261928081512
4317,87,16,-0.14053477346897125,-0.18705180287361145,-0.142797589302063,0.24461261928081512
4318,87,17,-0.17291642725467682,-0.20801635086536407,-0.142797589302063,0.24461261928081512
4319,87,18,-0.14184515178203583,-0.490193635225296,-0.142797589302063,0.24461261928081512
4320,87,19,-0.21711961925029755,-0.15574465692043304,-0.142797589302063,0.24461261928081512
4321,87,20,-0.02461547963321209,-0.4682280421257019,-0.142797589302063,0.24461261928081512
4322,87,21,0.19032716751098633,-0.4615134000778198,-0.142797589302063,0.24461261928081512
4323,87,22,0.06863109767436981,-0.21287977695465088,-0.142797589302063,0.24461261928081512
4324,87,23,-0.14078442752361298,-0.1328066885471344,-0.142797589302063,0.24461261928081512
4325,87,24,0.16720053553581238,-0.48074671626091003,-0.142797589302063,0.24461261928081512
4326,87,25,0.1940138190984726,-0.13890835642814636,-0.142797589302063,0.24461261928081512
4327,87,26,-0.13112300634384155,-0.21851910650730133,-0.142797589302063,0.24461261928081512
4328,87,27,0.22137930989265442,0.12735474109649658,-0.142797589302063,0.24461261928081512
4329,87,28,0.30306655168533325,-0.14601604640483856,-0.142797589302063,0.24461261928081512
4330,87,29,0.0051463632844388485,-0.015449320897459984,-0.142797589302063,0.24461261928081512
4331,87,30,-0.20148402452468872,0.21722237765789032,-0.142797589302063,0.24461261928081512
4332,87,31,0.044709544628858566,-0.3283917009830475,-0.142797589302063,0.24461261928081512
4333,87,32,-0.11086030304431915,-0.07328908145427704,-0.142797589302063,0.24461261928081512
4334,87,33,-0.23283615708351135,0.28593629598617554,-0.142797589302063,0.24461261928081512
4335,87,34,0.007543189451098442,-0.303030788898468,-0.142797589302063,0.24461261928081512
4336,87,35,0.028947025537490845,-0.20282182097434998,-0.142797589302063,0.24461261928081512
4337,87,36,-0.16035257279872894,0.02758885733783245,-0.142797589302063,0.24461261928081512
4338,87,37,-0.04596249759197235,-0.033324360847473145,-0.142797589302063,0.24461261928081512
4339,87,38,0.2321116030216217,0.005960437469184399,-0.142797589302063,0.24461261928081512
4340,87,39,0.1847275346517563,-0.28253382444381714,-0.142797589302063,0.24461261928081512
4341,87,40,0.2762601375579834,0.3340434432029724,-0.142797589302063,0.24461261928081512
4342,87,41,0.22597168385982513,0.04410518333315849,-0.142797589302063,0.24461261928081512
4343,87,42,-0.004897738341242075,-0.09470558166503906,-0.142797589302063,0.24461261928081512
4344,87,43,-0.037159550935029984,-0.091367706656456,-0.142797589302063,0.24461261928081512
4345,87,44,0.06981869041919708,-0.13191847503185272,-0.142797589302063,0.24461261928081512
4346,87,45,0.08262760192155838,0.0842650830745697,-0.142797589302063,0.24461261928081512
4347,87,46,0.07908375561237335,-0.42796480655670166,-0.142797589302063,0.24461261928081512
4348,87,47,-0.30356910824775696,0.08837057650089264,-0.142797589302063,0.24461261928081512
4349,87,48,-0.5465776324272156,0.21521387994289398,-0.142797589302063,0.24461261928081512
4350,87,49,-0.32681265473365784,-0.4001995325088501,-0.142797589302063,0.24461261928081512
4351,88,0,-0.03688909113407135,-0.2976066768169403,-0.1472964584827423,0.23055796325206757
4352,88,1,-0.17370006442070007,-0.3947012424468994,-0.1472964584827423,0.23055796325206757
4353,88,2,-0.4525885283946991,-0.45641183853149414,-0.1472964584827423,0.23055796325206757
4354,88,3,-0.4737628400325775,-0.4787527024745941,-0.1472964584827423,0.23055796325206757
4355,88,4,-0.2358846217393875,-0.1443067342042923,-0.1472964584827423,0.23055796325206757
4356,88,5,0.20240455865859985,-0.40410906076431274,-0.1472964584827423,0.23055796325206757
4357,88,6,0.20712977647781372,-0.05580786243081093,-0.1472964584827423,0.23055796325206757
4358,88,7,0.027523688971996307,-0.27177339792251587,-0.1472964584827423,0.23055796325206757
4359,88,8,-0.05844449996948242,-0.19443735480308533,-0.1472964584827423,0.23055796325206757
4360,88,9,-0.0975307896733284,0.3973977863788605,-0.1472964584827423,0.23055796325206757
4361,88,10,-0.04516333341598511,0.14378954470157623,-0.1472964584827423,0.23055796325206757
4362,88,11,-0.058643415570259094,0.029831241816282272,-0.1472964584827423,0.23055796325206757
4363,88,12,-0.43487074971199036,0.01815650798380375,-0.1472964584827423,0.23055796325206757
4364,88,13,-0.36092835664749146,-0.5164596438407898,-0.1472964584827423,0.23055796325206757
4365,88,14,0.1016567125916481,-0.223689466714859,-0.1472964584827423,0.23055796325206757
4366,88,15,0.41103455424308777,-0.37462106347084045,-0.1472964584827423,0.23055796325206757
4367,88,16,0.3033035397529602,-0.24206329882144928,-0.1472964584827423,0.23055796325206757
4368,88,17,0.22724203765392303,-0.34158891439437866,-0.1472964584827423,0.23055796325206757
4369,88,18,-0.0649121031165123,0.03279280662536621,-0.1472964584827423,0.23055796325206757
4370,88,19,-0.35338208079338074,-0.21861720085144043,-0.1472964584827423,0.23055796325206757
4371,88,20,-0.22520063817501068,0.10712694376707077,-0.1472964584827423,0.23055796325206757
4372,88,21,0.18461476266384125,0.02652742713689804,-0.1472964584827423,0.23055796325206757
4373,88,22,0.2205190509557724,-0.1657240241765976,-0.1472964584827423,0.23055796325206757
4374,88,23,0.2108658403158188,-0.016607431694865227,-0.1472964584827423,0.23055796325206757
4375,88,24,0.1373683214187622,-0.4705996513366699,-0.1472964584827423,0.23055796325206757
4376,88,25,0.047409940510988235,0.2571812570095062,-0.1472964584827423,0.23055796325206757
4377,88,26,0.38183921575546265,-0.05325346440076828,-0.1472964584827423,0.23055796325206757
4378,88,27,0.2996254861354828,-0.424429714679718,-0.1472964584827423,0.23055796325206757
4379,88,28,0.18784601986408234,-0.26903361082077026,-0.1472964584827423,0.23055796325206757
4380,88,29,0.08321558684110641,-0.7086807489395142,-0.1472964584827423,0.23055796325206757
4381,88,30,0.2129264920949936,-0.08423358201980591,-0.1472964584827423,0.23055796325206757
4382,88,31,0.28714555501937866,-0.02525247260928154,-0.1472964584827423,0.23055796325206757
4383,88,32,0.10947342962026596,-0.6663944125175476,-0.1472964584827423,0.23055796325206757
4384,88,33,-0.03336836397647858,0.2172732651233673,-0.1472964584827423,0.23055796325206757
4385,88,34,-0.042223572731018066,-0.5591095685958862,-0.1472964584827423,0.23055796325206757
4386,88,35,0.1583854854106903,0.22833386063575745,-0.1472964584827423,0.23055796325206757
4387,88,36,0.05417898669838905,-0.5126811861991882,-0.1472964584827423,0.23055796325206757
4388,88,37,0.43577438592910767,0.3095499575138092,-0.1472964584827423,0.23055796325206757
4389,88,38,0.20401588082313538,-0.3551813066005707,-0.1472964584827423,0.23055796325206757
4390,88,39,0.021362241357564926,-0.6336712837219238,-0.1472964584827423,0.23055796325206757
4391,88,40,0.03664383292198181,-0.38545310497283936,-0.1472964584827423,0.23055796325206757
4392,88,41,0.35387495160102844,0.11497557163238525,-0.1472964584827423,0.23055796325206757
4393,88,42,0.3122221827507019,0.008506892248988152,-0.1472964584827423,0.23055796325206757
4394,88,43,0.32518428564071655,-0.34303462505340576,-0.1472964584827423,0.23055796325206757
4395,88,44,-0.00024463151930831373,-0.1294594258069992,-0.1472964584827423,0.23055796325206757
4396,88,45,-0.24912028014659882,0.0752449706196785,-0.1472964584827423,0.23055796325206757
4397,88,46,-0.14676740765571594,0.1898312270641327,-0.1472964584827423,0.23055796325206757
4398,88,47,-0.013487682677805424,-0.12127146869897842,-0.1472964584827423,0.23055796325206757
4399,88,48,0.04267314448952675,-0.2387627214193344,-0.1472964584827423,0.23055796325206757
4400,88,49,0.20152482390403748,0.052247703075408936,-0.1472964584827423,0.23055796325206757
4401,89,0,0.00834209006279707,0.33024439215660095,-0.14714887738227844,0.22413678467273712
4402,89,1,0.10506419837474823,-0.33332064747810364,-0.14714887738227844,0.22413678467273712
4403,89,2,0.09053044766187668,0.16406671702861786,-0.14714887738227844,0.22413678467273712
4404,89,3,0.014170348644256592,-0.20059698820114136,-0.14714887738227844,0.22413678467273712
4405,89,4,-0.45589977502822876,-0.1002650335431099,-0.14714887738227844,0.22413678467273712
4406,89,5,-0.3227546513080597,0.12890776991844177,-0.14714887738227844,0.22413678467273712
4407,89,6,0.1596958041191101,-0.07753592729568481,-0.14714887738227844,0.22413678467273712
4408,89,7,-0.016118571162223816,0.15285009145736694,-0.14714887738227844,0.22413678467273712
4409,89,8,0.005728317890316248,0.2113271951675415,-0.14714887738227844,0.22413678467273712
4410,89,9,-0.21158923208713531,-0.06384503096342087,-0.14714887738227844,0.22413678467273712
4411,89,10,-0.2375389188528061,-0.08433619141578674,-0.14714887738227844,0.22413678467273712
4412,89,11,0.1430249959230423,-0.30842170119285583,-0.14714887738227844,0.22413678467273712
4413,89,12,0.29318010807037354,0.44520843029022217,-0.14714887738227844,0.22413678467273712
4414,89,13,-0.13703228533267975,0.24060633778572083,-0.14714887738227844,0.22413678467273712
4415,89,14,-0.3065575659275055,-0.3643916845321655,-0.14714887738227844,0.22413678467273712
4416,89,15,-0.14119379222393036,0.0781174898147583,-0.14714887738227844,0.22413678467273712
4417,89,16,-0.12892301380634308,0.035401079803705215,-0.14714887738227844,0.22413678467273712
4418,89,17,-0.10730244219303131,-0.44975388050079346,-0.14714887738227844,0.22413678467273712
4419,89,18,-0.18828590214252472,-0.40338948369026184,-0.14714887738227844,0.22413678467273712
4420,89,19,-0.14349229633808136,0.7757945656776428,-0.14714887738227844,0.22413678467273712
4421,89,20,-0.11919330060482025,-0.3794473111629486,-0.14714887738227844,0.22413678467273712
4422,89,21,-0.1597156822681427,-0.32836127281188965,-0.14714887738227844,0.22413678467273712
4423,89,22,0.05750221759080887,-0.31923708319664,-0.14714887738227844,0.22413678467273712
4424,89,23,0.00490020215511322,-0.02070864662528038,-0.14714887738227844,0.22413678467273712
4425,89,24,-0.26623183488845825,0.06842593103647232,-0.14714887738227844,0.22413678467273712
4426,89,25,-0.08157839626073837,-0.3315322697162628,-0.14714887738227844,0.22413678467273712
4427,89,26,0.37691912055015564,-0.44208765029907227,-0.14714887738227844,0.22413678467273712
4428,89,27,0.1814931184053421,-0.47793886065483093,-0.14714887738227844,0.22413678467273712
4429,89,28,-0.19153368473052979,-0.08171924948692322,-0.14714887738227844,0.22413678467273712
4430,89,29,-0.1091296449303627,-0.28421926498413086,-0.14714887738227844,0.22413678467273712
4431,89,30,-0.09192831069231033,0.24172376096248627,-0.14714887738227844,0.22413678467273712
4432,89,31,0.4475961923599243,0.022897783666849136,-0.14714887738227844,0.22413678467273712
4433,89,32,0.170894056558609,-0.06644399464130402,-0.14714887738227844,0.22413678467273712
4434,89,33,0.30529606342315674,-0.360851913690567,-0.14714887738227844,0.22413678467273712
4435,89,34,0.5092863440513611,-0.36752280592918396,-0.14714887738227844,0.22413678467273712
4436,89,35,0.2922627925872803,0.030088581144809723,-0.14714887738227844,0.22413678467273712
4437,89,36,-0.21577562391757965,-0.2351311445236206,-0.14714887738227844,0.22413678467273712
4438,89,37,-0.02330724336206913,-0.5892648696899414,-0.14714887738227844,0.22413678467273712
4439,89,38,0.08007309585809708,0.07157270610332489,-0.14714887738227844,0.22413678467273712
4440,89,39,-0.4535242021083832,0.19971194863319397,-0.14714887738227844,0.22413678467273712
4441,89,40,0.13715523481369019,0.5232859253883362,-0.14714887738227844,0.22413678467273712
4442,89,41,0.5467655062675476,-0.184601292014122,-0.14714887738227844,0.22413678467273712
4443,89,42,0.17008961737155914,-0.006645115092396736,-0.14714887738227844,0.22413678467273712
4444,89,43,0.14064112305641174,-0.08929447084665298,-0.14714887738227844,0.22413678467273712
4445,89,44,0.4805108308792114,-0.5224841833114624,-0.14714887738227844,0.22413678467273712
4446,89,45,0.48140373826026917,0.37702134251594543,-0.14714887738227844,0.22413678467273712
4447,89,46,-0.00604185601696372,-0.23612548410892487,-0.14714887738227844,0.22413678467273712
4448,89,47,0.14940997958183289,0.1246819943189621,-0.14714887738227844,0.22413678467273712
4449,89,48,0.30677157640457153,-0.20256857573986053,-0.14714887738227844,0.22413678467273712
4450,89,49,0.219419464468956,-0.26916807889938354,-0.14714887738227844,0.22413678467273712
4451,90,0,-0.036856334656476974,-0.14656902849674225,-0.1560579389333725,0.2285453826189041
4452,90,1,0.14989431202411652,-0.10988868772983551,-0.1560579389333725,0.2285453826189041
4453,90,2,0.329664409160614,-0.3076271712779999,-0.1560579389333725,0.2285453826189041
4454,90,3,0.18541477620601654,-0.2436002492904663,-0.1560579389333725,0.2285453826189041
4455,90,4,-0.15864653885364532,-0.18350760638713837,-0.1560579389333725,0.2285453826189041
4456,90,5,-0.33121198415756226,-0.40481629967689514,-0.1560579389333725,0.2285453826189041
4457,90,6,-0.1484726071357727,-0.25911396741867065,-0.1560579389333725,0.2285453826189041
4458,90,7,-0.004099666606634855,0.2006569355726242,-0.1560579389333725,0.2285453826189041
4459,90,8,-0.04036770015954971,-0.0557979978621006,-0.1560579389333725,0.2285453826189041
4460,90,9,0.03211189806461334,-0.25642332434654236,-0.1560579389333725,0.2285453826189041
4461,90,10,0.16992975771427155,0.24985994398593903,-0.1560579389333725,0.2285453826189041
4462,90,11,-0.10361642390489578,-0.4811750650405884,-0.1560579389333725,0.2285453826189041
4463,90,12,-0.244638130068779,-0.27172398567199707,-0.1560579389333725,0.2285453826189041
4464,90,13,-0.19638143479824066,-0.3924458920955658,-0.1560579389333725,0.2285453826189041
4465,90,14,-0.21492671966552734,0.053655680269002914,-0.1560579389333725,0.2285453826189041
4466,90,15,-0.3534250855445862,0.20351465046405792,-0.1560579389333725,0.2285453826189041
4467,90,16,-0.13733495771884918,0.1782708466053009,-0.1560579389333725,0.2285453826189041
4468,90,17,-0.2762223482131958,-0.47170352935791016,-0.1560579389333725,0.2285453826189041
4469,90,18,-0.4273010194301605,-0.2634165585041046,-0.1560579389333725,0.2285453826189041
4470,90,19,-0.034778814762830734,-0.3502569794654846,-0.1560579389333725,0.2285453826189041
4471,90,20,0.18525494635105133,0.21564607322216034,-0.1560579389333725,0.2285453826189041
4472,90,21,-0.2577754557132721,-0.017754705622792244,-0.1560579389333725,0.2285453826189041
4473,90,22,-0.2884320318698883,-0.3780597746372223,-0.1560579389333725,0.2285453826189041
4474,90,23,0.0781569853425026,-0.0753154382109642,-0.1560579389333725,0.2285453826189041
4475,90,24,0.24542959034442902,-0.18317382037639618,-0.1560579389333725,0.2285453826189041
4476,90,25,0.2593739330768585,0.42363959550857544,-0.1560579389333725,0.2285453826189041
4477,90,26,0.06632190942764282,0.2178727239370346,-0.1560579389333725,0.2285453826189041
4478,90,27,-0.24968618154525757,0.14241088926792145,-0.1560579389333725,0.2285453826189041
4479,90,28,-0.21092991530895233,-0.10987506806850433,-0.1560579389333725,0.2285453826189041
4480,90,29,-0.06808354705572128,0.14373980462551117,-0.1560579389333725,0.2285453826189041
4481,90,30,0.18895314633846283,-0.1005745455622673,-0.1560579389333725,0.2285453826189041
4482,90,31,-0.013542084023356438,-0.22057569026947021,-0.1560579389333725,0.2285453826189041
4483,90,32,0.019218038767576218,-0.20579136908054352,-0.1560579389333725,0.2285453826189041
4484,90,33,0.06306702643632889,-0.09766927361488342,-0.1560579389333725,0.2285453826189041
4485,90,34,-0.17291079461574554,-0.017218338325619698,-0.1560579389333725,0.2285453826189041
4486,90,35,-0.04556118696928024,-0.07564887404441833,-0.1560579389333725,0.2285453826189041
4487,90,36,0.386081725358963,-0.552622377872467,-0.1560579389333725,0.2285453826189041
4488,90,37,0.496620237827301,0.13687600195407867,-0.1560579389333725,0.2285453826189041
4489,90,38,0.40493372082710266,-0.11708653718233109,-0.1560579389333725,0.2285453826189041
4490,90,39,0.2909695506095886,-0.27105021476745605,-0.1560579389333725,0.2285453826189041
4491,90,40,0.3238128125667572,-0.15425105392932892,-0.1560579389333725,0.2285453826189041
4492,90,41,0.31319674849510193,0.6922608613967896,-0.1560579389333725,0.2285453826189041
4493,90,42,0.28947746753692627,-0.11404981464147568,-0.1560579389333725,0.2285453826189041
4494,90,43,0.18909882009029388,0.41156232357025146,-0.1560579389333725,0.2285453826189041
4495,90,44,0.0706186518073082,-0.4307869076728821,-0.1560579389333725,0.2285453826189041
4496,90,45,-0.12336727976799011,-0.4950536787509918,-0.1560579389333725,0.2285453826189041
4497,90,46,-0.28107258677482605,-0.10677208006381989,-0.1560579389333725,0.2285453826189041
4498,90,47,-0.318195641040802,-0.12155350297689438,-0.1560579389333725,0.2285453826189041
4499,90,48,-0.12028700858354568,0.20481185615062714,-0.1560579389333725,0.2285453826189041
4500,90,49,0.3260362148284912,0.12882186472415924,-0.1560579389333725,0.2285453826189041
4501,91,0,-0.20613603293895721,-0.036114491522312164,-0.15129651129245758,0.22317804396152496
4502,91,1,-0.12356610596179962,-0.5136076211929321,-0.15129651129245758,0.22317804396152496
4503,91,2,0.05219805985689163,-0.3913479447364807,-0.15129651129245758,0.22317804396152496
4504,91,3,0.11411181092262268,0.07254176586866379,-0.15129651129245758,0.22317804396152496
4505,91,4,0.034118134528398514,0.021238168701529503,-0.15129651129245758,0.22317804396152496
4506,91,5,0.08311481028795242,-0.5994617938995361,-0.15129651129245758,0.22317804396152496
4507,91,6,-0.1929996907711029,-0.008316573686897755,-0.15129651129245758,0.22317804396152496
4508,91,7,-0.1457134187221527,-0.6454890370368958,-0.15129651129245758,0.22317804396152496
4509,91,8,0.26290270686149597,-0.3611482083797455,-0.15129651129245758,0.22317804396152496
4510,91,9,0.5282034277915955,0.17478804290294647,-0.15129651129245758,0.22317804396152496
4511,91,10,0.40104302763938904,-0.0906929299235344,-0.15129651129245758,0.22317804396152496
4512,91,11,0.10772469639778137,0.3684307634830475,-0.15129651129245758,0.22317804396152496
4513,91,12,-0.2646840214729309,-0.15776778757572174,-0.15129651129245758,0.22317804396152496
4514,91,13,-0.13068407773971558,-0.2206656038761139,-0.15129651129245758,0.22317804396152496
4515,91,14,0.10401599854230881,-0.24032101035118103,-0.15129651129245758,0.22317804396152496
4516,91,15,0.17368429899215698,-0.08700987696647644,-0.15129651129245758,0.22317804396152496
4517,91,16,0.14600010216236115,-0.5762705206871033,-0.15129651129245758,0.22317804396152496
4518,91,17,-0.5568527579307556,0.22237902879714966,-0.15129651129245758,0.22317804396152496
4519,91,18,-0.14289826154708862,-0.28193557262420654,-0.15129651129245758,0.22317804396152496
4520,91,19,0.25598493218421936,-0.15250106155872345,-0.15129651129245758,0.22317804396152496
4521,91,20,0.41225555539131165,0.30830612778663635,-0.15129651129245758,0.22317804396152496
4522,91,21,0.5076355338096619,-0.49414873123168945,-0.15129651129245758,0.22317804396152496
4523,91,22,0.3161056935787201,0.22286450862884521,-0.15129651129245758,0.22317804396152496
4524,91,23,0.37164849042892456,-0.03248617425560951,-0.15129651129245758,0.22317804396152496
4525,91,24,0.3500206768512726,-0.4574870765209198,-0.15129651129245758,0.22317804396152496
4526,91,25,0.3191990852355957,-0.09241967648267746,-0.15129651129245758,0.22317804396152496
4527,91,26,0.031231490895152092,0.003224843181669712,-0.15129651129245758,0.22317804396152496
4528,91,27,-0.026677992194890976,0.30069535970687866,-0.15129651129245758,0.22317804396152496
4529,91,28,0.4795568883419037,-0.21963149309158325,-0.15129651129245758,0.22317804396152496
4530,91,29,0.5359817147254944,0.4046582579612732,-0.15129651129245758,0.22317804396152496
4531,91,30,0.14839909970760345,-0.2187964916229248,-0.15129651129245758,0.22317804396152496
4532,91,31,-0.17360623180866241,-0.3059777021408081,-0.15129651129245758,0.22317804396152496
4533,91,32,-0.04445105791091919,-0.006515072658658028,-0.15129651129245758,0.22317804396152496
4534,91,33,-0.07962241023778915,-0.28498682379722595,-0.15129651129245758,0.22317804396152496
4535,91,34,-0.10678856074810028,-0.22579529881477356,-0.15129651129245758,0.22317804396152496
4536,91,35,-0.15472498536109924,0.02280202880501747,-0.15129651129245758,0.22317804396152496
4537,91,36,-0.3230292797088623,-0.4946257770061493,-0.15129651129245758,0.22317804396152496
4538,91,37,-0.24356867372989655,-0.010084669105708599,-0.15129651129245758,0.22317804396152496
4539,91,38,0.15158861875534058,-0.6473059058189392,-0.15129651129245758,0.22317804396152496
4540,91,39,0.5317414402961731,0.4217696785926819,-0.15129651129245758,0.22317804396152496
4541,91,40,0.5895614624023438,0.458230584859848,-0.15129651129245758,0.22317804396152496
4542,91,41,0.551051139831543,-0.1029704213142395,-0.15129651129245758,0.22317804396152496
4543,91,42,0.2687635123729706,0.11065851897001266,-0.15129651129245758,0.22317804396152496
4544,91,43,0.22765061259269714,-0.4250793755054474,-0.15129651129245758,0.22317804396152496
4545,91,44,-0.05599585548043251,-0.04399111866950989,-0.15129651129245758,0.22317804396152496
4546,91,45,-0.18121695518493652,-0.41734254360198975,-0.15129651129245758,0.22317804396152496
4547,91,46,-0.16127416491508484,-0.23380309343338013,-0.15129651129245758,0.22317804396152496
4548,91,47,0.14787502586841583,-0.16085655987262726,-0.15129651129245758,0.22317804396152496
4549,91,48,0.21379926800727844,-0.06809202581644058,-0.15129651129245758,0.22317804396152496
4550,91,49,0.2537323236465454,0.38629424571990967,-0.15129651129245758,0.22317804396152496
4551,92,0,0.0008944974979385734,-0.051439329981803894,-0.1282603144645691,0.2321496605873108
4552,92,1,-0.03703578561544418,-0.32368308305740356,-0.1282603144645691,0.2321496605873108
4553,92,2,0.07403577864170074,-0.4178006649017334,-0.1282603144645691,0.2321496605873108
4554,92,3,0.01974364183843136,-0.2772083282470703,-0.1282603144645691,0.2321496605873108
4555,92,4,-0.2749122381210327,-0.17918074131011963,-0.1282603144645691,0.2321496605873108
4556,92,5,-0.434574693441391,-0.34479010105133057,-0.1282603144645691,0.2321496605873108
4557,92,6,-0.41414108872413635,0.17402449250221252,-0.1282603144645691,0.2321496605873108
4558,92,7,-0.32278141379356384,-0.11977141350507736,-0.1282603144645691,0.2321496605873108
4559,92,8,-0.23112505674362183,-0.5219638347625732,-0.1282603144645691,0.2321496605873108
4560,92,9,0.011303668841719627,-0.2642998695373535,-0.1282603144645691,0.2321496605873108
4561,92,10,-0.16551631689071655,0.6396710872650146,-0.1282603144645691,0.2321496605873108
4562,92,11,0.060775961726903915,-0.09256602078676224,-0.1282603144645691,0.2321496605873108
4563,92,12,0.1422969102859497,-0.7228197455406189,-0.1282603144645691,0.2321496605873108
4564,92,13,0.07246969640254974,0.1852448582649231,-0.1282603144645691,0.2321496605873108
4565,92,14,-0.0806192010641098,-0.15854871273040771,-0.1282603144645691,0.2321496605873108
4566,92,15,0.0721215009689331,-0.26064640283584595,-0.1282603144645691,0.2321496605873108
4567,92,16,0.3460347652435303,-0.37563663721084595,-0.1282603144645691,0.2321496605873108
4568,92,17,0.008480475284159184,0.2364545613527298,-0.1282603144645691,0.2321496605873108
4569,92,18,-0.14769141376018524,0.29468053579330444,-0.1282603144645691,0.2321496605873108
4570,92,19,-0.15538084506988525,-0.1773659735918045,-0.1282603144645691,0.2321496605873108
4571,92,20,-0.095838762819767,-0.630223274230957,-0.1282603144645691,0.2321496605873108
4572,92,21,-0.06326508522033691,-0.672719419002533,-0.1282603144645691,0.2321496605873108
4573,92,22,0.03431744873523712,0.33290377259254456,-0.1282603144645691,0.2321496605873108
4574,92,23,0.32217103242874146,0.5237793922424316,-0.1282603144645691,0.2321496605873108
4575,92,24,0.21109086275100708,-0.24744990468025208,-0.1282603144645691,0.2321496605873108
4576,92,25,-0.03780607506632805,-0.055177778005599976,-0.1282603144645691,0.2321496605873108
4577,92,26,-0.18944792449474335,-0.533031702041626,-0.1282603144645691,0.2321496605873108
4578,92,27,0.04819890111684799,-0.28757593035697937,-0.1282603144645691,0.2321496605873108
4579,92,28,0.19353656470775604,0.4650361239910126,-0.1282603144645691,0.2321496605873108
4580,92,29,0.11869200319051743,-0.24321012198925018,-0.1282603144645691,0.2321496605873108
4581,92,30,-0.020391743630170822,-0.3991440534591675,-0.1282603144645691,0.2321496605873108
4582,92,31,-0.059314414858818054,0.00840982049703598,-0.1282603144645691,0.2321496605873108
4583,92,32,0.20294980704784393,0.003374038962647319,-0.1282603144645691,0.2321496605873108
4584,92,33,0.15033142268657684,-0.19044902920722961,-0.1282603144645691,0.2321496605873108
4585,92,34,0.07072180509567261,0.15037447214126587,-0.1282603144645691,0.2321496605873108
4586,92,35,0.08596960455179214,-0.0892566442489624,-0.1282603144645691,0.2321496605873108
4587,92,36,-0.2361200600862503,0.10468228906393051,-0.1282603144645691,0.2321496605873108
4588,92,37,-0.3421879708766937,-0.2585828900337219,-0.1282603144645691,0.2321496605873108
4589,92,38,-0.4404130280017853,-0.08710982650518417,-0.1282603144645691,0.2321496605873108
4590,92,39,-0.49139460921287537,-0.7932308912277222,-0.1282603144645691,0.2321496605873108
4591,92,40,0.10316202789545059,-0.1521017849445343,-0.1282603144645691,0.2321496605873108
4592,92,41,0.09113001823425293,0.1037813350558281,-0.1282603144645691,0.2321496605873108
4593,92,42,0.019217507913708687,0.005434747785329819,-0.1282603144645691,0.2321496605873108
4594,92,43,-0.10959652811288834,-0.2760376036167145,-0.1282603144645691,0.2321496605873108
4595,92,44,0.15861853957176208,-0.4226824641227722,-0.1282603144645691,0.2321496605873108
4596,92,45,-0.06390958279371262,0.08471721410751343,-0.1282603144645691,0.2321496605873108
4597,92,46,-0.48792901635169983,-0.5111261010169983,-0.1282603144645691,0.2321496605873108
4598,92,47,-0.2939385771751404,0.24151301383972168,-0.1282603144645691,0.2321496605873108
4599,92,48,-0.09654339402914047,0.13728724420070648,-0.1282603144645691,0.2321496605873108
4600,92,49,0.028241503983736038,0.06780264526605606,-0.1282603144645691,0.2321496605873108
4601,93,0,-0.14652732014656067,0.6400055885314941,-0.1056099534034729,0.22831067442893982
4602,93,1,0.04020317643880844,-0.0901443287730217,-0.1056099534034729,0.22831067442893982
4603,93,2,0.2412669062614441,0.027190890163183212,-0.1056099534034729,0.22831067442893982
4604,93,3,0.1831277459859848,0.2611922323703766,-0.1056099534034729,0.22831067442893982
4605,93,4,0.187442809343338,-0.08215536177158356,-0.1056099534034729,0.22831067442893982
4606,93,5,-0.09965445101261139,0.3740178942680359,-0.1056099534034729,0.22831067442893982
4607,93,6,-0.25724315643310547,0.05135083198547363,-0.1056099534034729,0.22831067442893982
4608,93,7,-0.24185384809970856,0.2478017508983612,-0.1056099534034729,0.22831067442893982
4609,93,8,-0.04701526090502739,-0.24445024132728577,-0.1056099534034729,0.22831067442893982
4610,93,9,0.0627942681312561,0.10108236223459244,-0.1056099534034729,0.22831067442893982
4611,93,10,-0.15131229162216187,0.35670706629753113,-0.1056099534034729,0.22831067442893982
4612,93,11,-0.29037904739379883,-0.08926985412836075,-0.1056099534034729,0.22831067442893982
4613,93,12,0.04124949127435684,-0.13912321627140045,-0.1056099534034729,0.22831067442893982
4614,93,13,0.32817408442497253,-0.2844070494174957,-0.1056099534034729,0.22831067442893982
4615,93,14,0.12168308347463608,0.08043728023767471,-0.1056099534034729,0.22831067442893982
4616,93,15,-0.006251979153603315,-0.8841061592102051,-0.1056099534034729,0.22831067442893982
4617,93,16,0.06681529432535172,-0.2520497739315033,-0.1056099534034729,0.22831067442893982
4618,93,17,0.02910117618739605,-0.04896785691380501,-0.1056099534034729,0.22831067442893982
4619,93,18,-0.2091924101114273,-0.14226394891738892,-0.1056099534034729,0.22831067442893982
4620,93,19,0.032070331275463104,-0.45294108986854553,-0.1056099534034729,0.22831067442893982
4621,93,20,-0.010167856700718403,-0.4649259150028229,-0.1056099534034729,0.22831067442893982
4622,93,21,-0.09500094503164291,-0.2904745638370514,-0.1056099534034729,0.22831067442893982
4623,93,22,0.1132146567106247,-0.011379365809261799,-0.1056099534034729,0.22831067442893982
4624,93,23,0.06964398920536041,-0.4501095712184906,-0.1056099534034729,0.22831067442893982
4625,93,24,-0.08249581605195999,-0.17754612863063812,-0.1056099534034729,0.22831067442893982
4626,93,25,-0.2988468408584595,0.29847589135169983,-0.1056099534034729,0.22831067442893982
4627,93,26,-0.1541265845298767,-0.23137439787387848,-0.1056099534034729,0.22831067442893982
4628,93,27,-0.13108402490615845,0.18888252973556519,-0.1056099534034729,0.22831067442893982
4629,93,28,-0.1434715837240219,-0.24680399894714355,-0.1056099534034729,0.22831067442893982
4630,93,29,-0.3017737567424774,-0.3239465057849884,-0.1056099534034729,0.22831067442893982
4631,93,30,-0.25832247734069824,-0.4199950397014618,-0.1056099534034729,0.22831067442893982
4632,93,31,-0.3820257782936096,-0.37469708919525146,-0.1056099534034729,0.22831067442893982
4633,93,32,-0.25795942544937134,0.31949475407600403,-0.1056099534034729,0.22831067442893982
4634,93,33,-0.12132507562637329,-0.2792544364929199,-0.1056099534034729,0.22831067442893982
4635,93,34,0.06850418448448181,-0.31598877906799316,-0.1056099534034729,0.22831067442893982
4636,93,35,0.2546483874320984,0.19351418316364288,-0.1056099534034729,0.22831067442893982
4637,93,36,-0.0003675476764328778,-0.3409247100353241,-0.1056099534034729,0.22831067442893982
4638,93,37,0.007333262357860804,-0.19717621803283691,-0.1056099534034729,0.22831067442893982
4639,93,38,-0.07427545636892319,0.06516654789447784,-0.1056099534034729,0.22831067442893982
4640,93,39,-0.2737495005130768,-0.2923618257045746,-0.1056099534034729,0.22831067442893982
4641,93,40,-0.08383013308048248,-0.12027665227651596,-0.1056099534034729,0.22831067442893982
4642,93,41,0.0156539436429739,0.20541124045848846,-0.1056099534034729,0.22831067442893982
4643,93,42,0.08710713684558868,-0.44363656640052795,-0.1056099534034729,0.22831067442893982
4644,93,43,-0.3200069069862366,0.5829029679298401,-0.1056099534034729,0.22831067442893982
4645,93,44,-0.6065712571144104,-0.3328583240509033,-0.1056099534034729,0.22831067442893982
4646,93,45,-0.12226708233356476,-0.241481214761734,-0.1056099534034729,0.22831067442893982
4647,93,46,0.139357328414917,-0.14394599199295044,-0.1056099534034729,0.22831067442893982
4648,93,47,-0.05665653571486473,-0.17708051204681396,-0.1056099534034729,0.22831067442893982
4649,93,48,0.07944989204406738,0.009714717045426369,-0.1056099534034729,0.22831067442893982
4650,93,49,-0.022800114005804062,0.028029676526784897,-0.1056099534034729,0.22831067442893982
4651,94,0,0.1254635453224182,0.08147850632667542,-0.09177093207836151,0.1912926584482193
4652,94,1,0.21466919779777527,-0.34962713718414307,-0.09177093207836151,0.1912926584482193
4653,94,2,0.36114880442619324,0.3088836073875427,-0.09177093207836151,0.1912926584482193
4654,94,3,0.15847329795360565,-0.5886058211326599,-0.09177093207836151,0.1912926584482193
4655,94,4,0.1772347092628479,0.10478807240724564,-0.09177093207836151,0.1912926584482193
4656,94,5,-0.08419010043144226,-0.20096565783023834,-0.09177093207836151,0.1912926584482193
4657,94,6,0.3983316123485565,0.33348461985588074,-0.09177093207836151,0.1912926584482193
4658,94,7,0.2848051190376282,0.028706276789307594,-0.09177093207836151,0.1912926584482193
4659,94,8,-0.14095886051654816,-0.31931641697883606,-0.09177093207836151,0.1912926584482193
4660,94,9,-0.25179263949394226,-0.5850059390068054,-0.09177093207836151,0.1912926584482193
4661,94,10,-0.3214741051197052,-0.40944281220436096,-0.09177093207836151,0.1912926584482193
4662,94,11,-0.17776831984519958,-0.4328145682811737,-0.09177093207836151,0.1912926584482193
4663,94,12,0.1765735149383545,-0.21149922907352448,-0.09177093207836151,0.1912926584482193
4664,94,13,-0.016732066869735718,0.05030606687068939,-0.09177093207836151,0.1912926584482193
4665,94,14,-0.16581641137599945,-0.15970654785633087,-0.09177093207836151,0.1912926584482193
4666,94,15,-0.26132166385650635,-0.19543041288852692,-0.09177093207836151,0.1912926584482193
4667,94,16,-0.10717956721782684,-0.11894170939922333,-0.09177093207836151,0.1912926584482193
4668,94,17,-0.04269853234291077,0.3327195644378662,-0.09177093207836151,0.1912926584482193
4669,94,18,0.05506495013833046,-0.43391168117523193,-0.09177093207836151,0.1912926584482193
4670,94,19,-0.1253557950258255,0.07621950656175613,-0.09177093207836151,0.1912926584482193
4671,94,20,-0.36309316754341125,0.14298312366008759,-0.09177093207836151,0.1912926584482193
4672,94,21,-0.12499755620956421,-0.17316778004169464,-0.09177093207836151,0.1912926584482193
4673,94,22,0.05047430470585823,0.42582812905311584,-0.09177093207836151,0.1912926584482193
4674,94,23,0.2861574590206146,0.0421086810529232,-0.09177093207836151,0.1912926584482193
4675,94,24,0.18958570063114166,0.21606488525867462,-0.09177093207836151,0.1912926584482193
4676,94,25,-0.14089861512184143,0.3011273145675659,-0.09177093207836151,0.1912926584482193
4677,94,26,-0.3277910351753235,-0.2661159932613373,-0.09177093207836151,0.1912926584482193
4678,94,27,-0.4875125586986542,0.11013678461313248,-0.09177093207836151,0.1912926584482193
4679,94,28,-0.2549143135547638,0.03361007198691368,-0.09177093207836151,0.1912926584482193
4680,94,29,-0.044904924929142,0.060896798968315125,-0.09177093207836151,0.1912926584482193
4681,94,30,0.10737253725528717,-0.06912986189126968,-0.09177093207836151,0.1912926584482193
4682,94,31,0.20293238759040833,0.1470661759376526,-0.09177093207836151,0.1912926584482193
4683,94,32,0.3486987054347992,-2.4284730898216367e-05,-0.09177093207836151,0.1912926584482193
4684,94,33,0.24592164158821106,-0.5688338279724121,-0.09177093207836151,0.1912926584482193
4685,94,34,0.30844369530677795,-0.12150867283344269,-0.09177093207836151,0.1912926584482193
4686,94,35,0.1935538798570633,-0.5773851871490479,-0.09177093207836151,0.1912926584482193
4687,94,36,0.1092771589756012,-0.6070709824562073,-0.09177093207836151,0.1912926584482193
4688,94,37,-0.24997873604297638,0.22734737396240234,-0.09177093207836151,0.1912926584482193
4689,94,38,-0.39573755860328674,-0.2968393862247467,-0.09177093207836151,0.1912926584482193
4690,94,39,0.07308810949325562,-0.36677807569503784,-0.09177093207836151,0.1912926584482193
4691,94,40,0.3548283576965332,-0.3022288978099823,-0.09177093207836151,0.1912926584482193
4692,94,41,0.15289825201034546,0.20857231318950653,-0.09177093207836151,0.1912926584482193
4693,94,42,-0.0828850120306015,0.06194997578859329,-0.09177093207836151,0.1912926584482193
4694,94,43,-0.38726308941841125,-0.09595277160406113,-0.09177093207836151,0.1912926584482193
4695,94,44,-0.13046377897262573,0.185775026679039,-0.09177093207836151,0.1912926584482193
4696,94,45,-0.24035196006298065,-0.5274481177330017,-0.09177093207836151,0.1912926584482193
4697,94,46,-0.27388203144073486,-0.17887616157531738,-0.09177093207836151,0.1912926584482193
4698,94,47,0.011066718958318233,0.15432816743850708,-0.09177093207836151,0.1912926584482193
4699,94,48,0.23161055147647858,-0.14094001054763794,-0.09177093207836151,0.1912926584482193
4700,94,49,0.1853938102722168,0.03473779186606407,-0.09177093207836151,0.1912926584482193
4701,95,0,-0.10089610517024994,-0.7059420347213745,-0.07470634579658508,0.15444329380989075
4702,95,1,-0.31033748388290405,-0.11187886446714401,-0.07470634579658508,0.15444329380989075
4703,95,2,-0.21927690505981445,0.19791574776172638,-0.07470634579658508,0.15444329380989075
4704,95,3,-0.04207836836576462,0.014790004119277,-0.07470634579658508,0.15444329380989075
4705,95,4,-0.18680354952812195,-0.4867730736732483,-0.07470634579658508,0.15444329380989075
4706,95,5,-0.28033074736595154,0.681642472743988,-0.07470634579658508,0.15444329380989075
4707,95,6,-0.046886805444955826,0.22918516397476196,-0.07470634579658508,0.15444329380989075
4708,95,7,0.17167098820209503,0.11175715178251266,-0.07470634579658508,0.15444329380989075
4709,95,8,-0.0013637931551784277,0.036003194749355316,-0.07470634579658508,0.15444329380989075
4710,95,9,-0.04246750473976135,-0.03951825201511383,-0.07470634579658508,0.15444329380989075
4711,95,10,-0.045651938766241074,0.46108970046043396,-0.07470634579658508,0.15444329380989075
4712,95,11,0.11001299321651459,-0.2546420395374298,-0.07470634579658508,0.15444329380989075
4713,95,12,0.13222123682498932,-0.4061070680618286,-0.07470634579658508,0.15444329380989075
4714,95,13,-0.15400388836860657,-0.5404576659202576,-0.07470634579658508,0.15444329380989075
4715,95,14,0.11575919389724731,0.004730683751404285,-0.07470634579658508,0.15444329380989075
4716,95,15,0.0025058963801711798,0.18322549760341644,-0.07470634579658508,0.15444329380989075
4717,95,16,0.21643611788749695,-0.47799745202064514,-0.07470634579658508,0.15444329380989075
4718,95,17,0.015024096705019474,0.14728163182735443,-0.07470634579658508,0.15444329380989075
4719,95,18,-0.23634494841098785,-0.40041112899780273,-0.07470634579658508,0.15444329380989075
4720,95,19,-0.2581423819065094,-0.13368552923202515,-0.07470634579658508,0.15444329380989075
4721,95,20,0.13075067102909088,0.028568964451551437,-0.07470634579658508,0.15444329380989075
4722,95,21,0.15186911821365356,-0.5325532555580139,-0.07470634579658508,0.15444329380989075
4723,95,22,-0.021050292998552322,0.06897813081741333,-0.07470634579658508,0.15444329380989075
4724,95,23,0.19437214732170105,-0.5221424102783203,-0.07470634579658508,0.15444329380989075
4725,95,24,0.20279818773269653,0.576972484588623,-0.07470634579658508,0.15444329380989075
4726,95,25,0.3946882486343384,0.3235052227973938,-0.07470634579658508,0.15444329380989075
4727,95,26,0.2839996814727783,-0.45531582832336426,-0.07470634579658508,0.15444329380989075
4728,95,27,0.14446546137332916,-0.2856849730014801,-0.07470634579658508,0.15444329380989075
4729,95,28,0.3997749388217926,-0.1784212738275528,-0.07470634579658508,0.15444329380989075
4730,95,29,0.42435938119888306,0.14768537878990173,-0.07470634579658508,0.15444329380989075
4731,95,30,0.1911011040210724,-0.15947090089321136,-0.07470634579658508,0.15444329380989075
4732,95,31,-0.12074828147888184,0.050261158496141434,-0.07470634579658508,0.15444329380989075
4733,95,32,-0.2980853319168091,-0.4183475971221924,-0.07470634579658508,0.15444329380989075
4734,95,33,-0.20686306059360504,-0.06115098297595978,-0.07470634579658508,0.15444329380989075
4735,95,34,-0.07015738636255264,-0.04326503723859787,-0.07470634579658508,0.15444329380989075
4736,95,35,0.3166057765483856,0.17076560854911804,-0.07470634579658508,0.15444329380989075
4737,95,36,0.25757718086242676,0.3000424802303314,-0.07470634579658508,0.15444329380989075
4738,95,37,-0.2646348774433136,-0.6684788465499878,-0.07470634579658508,0.15444329380989075
4739,95,38,-0.041476164013147354,0.33207058906555176,-0.07470634579658508,0.15444329380989075
4740,95,39,0.3970250189304352,-0.6121065616607666,-0.07470634579658508,0.15444329380989075
4741,95,40,-0.6433825492858887,0.15491195023059845,-0.07470634579658508,0.15444329380989075
4742,95,41,-0.412471204996109,0.45684128999710083,-0.07470634579658508,0.15444329380989075
4743,95,42,0.13350112736225128,0.819713830947876,-0.07470634579658508,0.15444329380989075
4744,95,43,-0.19075852632522583,-0.3430688679218292,-0.07470634579658508,0.15444329380989075
4745,95,44,-0.2364986538887024,-0.3291439116001129,-0.07470634579658508,0.15444329380989075
4746,95,45,-0.2017284333705902,-0.22350801527500153,-0.07470634579658508,0.15444329380989075
4747,95,46,-0.28705480694770813,-0.08542630821466446,-0.07470634579658508,0.15444329380989075
4748,95,47,0.04411343112587929,-0.048566192388534546,-0.07470634579658508,0.15444329380989075
4749,95,48,-0.028368957340717316,-0.3549317717552185,-0.07470634579658508,0.15444329380989075
4750,95,49,0.22376346588134766,0.028802650049328804,-0.07470634579658508,0.15444329380989075
4751,96,0,-0.08061226457357407,-0.5164278745651245,-0.06040649861097336,0.13189896941184998
4752,96,1,0.027064524590969086,-0.1309237778186798,-0.06040649861097336,0.13189896941184998
4753,96,2,0.04859567806124687,-0.5622661113739014,-0.06040649861097336,0.13189896941184998
4754,96,3,0.04113081470131874,0.22908000648021698,-0.06040649861097336,0.13189896941184998
4755,96,4,0.19411887228488922,-0.13989309966564178,-0.06040649861097336,0.13189896941184998
4756,96,5,0.0917433574795723,-0.1319144368171692,-0.06040649861097336,0.13189896941184998
4757,96,6,-0.029103321954607964,1.0,-0.06040649861097336,0.13189896941184998
4758,96,7,0.03674483671784401,0.010981295257806778,-0.06040649861097336,0.13189896941184998
4759,96,8,0.05634944513440132,-0.3458922207355499,-0.06040649861097336,0.13189896941184998
4760,96,9,0.20473256707191467,-0.29825636744499207,-0.06040649861097336,0.13189896941184998
4761,96,10,0.29870373010635376,0.22478659451007843,-0.06040649861097336,0.13189896941184998
4762,96,11,0.005211163312196732,0.004868610296398401,-0.06040649861097336,0.13189896941184998
4763,96,12,-0.3940979838371277,-0.44550278782844543,-0.06040649861097336,0.13189896941184998
4764,96,13,-0.31255123019218445,0.6441596150398254,-0.06040649861097336,0.13189896941184998
4765,96,14,-0.06432576477527618,-0.12046025693416595,-0.06040649861097336,0.13189896941184998
4766,96,15,-0.10835132747888565,-0.0036253088619560003,-0.06040649861097336,0.13189896941184998
4767,96,16,0.10972476750612259,-0.7723987698554993,-0.06040649861097336,0.13189896941184998
4768,96,17,0.1568220555782318,-0.3482339680194855,-0.06040649861097336,0.13189896941184998
4769,96,18,-0.08388636261224747,-0.3766114115715027,-0.06040649861097336,0.13189896941184998
4770,96,19,-0.2453889548778534,-0.3020361363887787,-0.06040649861097336,0.13189896941184998
4771,96,20,-0.033363036811351776,-0.13155409693717957,-0.06040649861097336,0.13189896941184998
4772,96,21,0.04449400305747986,0.19079303741455078,-0.06040649861097336,0.13189896941184998
4773,96,22,-0.03225545585155487,-0.10751926153898239,-0.06040649861097336,0.13189896941184998
4774,96,23,-0.14336037635803223,-0.04104818031191826,-0.06040649861097336,0.13189896941184998
4775,96,24,-0.18049125373363495,0.5748279094696045,-0.06040649861097336,0.13189896941184998
4776,96,25,0.03435284644365311,-0.12501877546310425,-0.06040649861097336,0.13189896941184998
4777,96,26,0.42886969447135925,-0.15233050286769867,-0.06040649861097336,0.13189896941184998
4778,96,27,0.44016796350479126,0.192271888256073,-0.06040649861097336,0.13189896941184998
4779,96,28,0.22910156846046448,0.005811410024762154,-0.06040649861097336,0.13189896941184998
4780,96,29,-0.049565184861421585,0.47111043334007263,-0.06040649861097336,0.13189896941184998
4781,96,30,-0.18715471029281616,-0.30327579379081726,-0.06040649861097336,0.13189896941184998
4782,96,31,-0.16363421082496643,-0.6228588819503784,-0.06040649861097336,0.13189896941184998
4783,96,32,-0.04256073758006096,0.3849928379058838,-0.06040649861097336,0.13189896941184998
4784,96,33,0.1563708335161209,0.22635242342948914,-0.06040649861097336,0.13189896941184998
4785,96,34,0.009613712318241596,0.7691562175750732,-0.06040649861097336,0.13189896941184998
4786,96,35,-0.15748117864131927,0.28289467096328735,-0.06040649861097336,0.13189896941184998
4787,96,36,-0.12403400242328644,0.3539394438266754,-0.06040649861097336,0.13189896941184998
4788,96,37,-0.13113486766815186,-0.1651182472705841,-0.06040649861097336,0.13189896941184998
4789,96,38,-0.056905146688222885,-0.30609411001205444,-0.06040649861097336,0.13189896941184998
4790,96,39,0.04831833764910698,-0.4906046986579895,-0.06040649861097336,0.13189896941184998
4791,96,40,-0.09175330400466919,-0.18853017687797546,-0.06040649861097336,0.13189896941184998
4792,96,41,-0.18962247669696808,0.1397593766450882,-0.06040649861097336,0.13189896941184998
4793,96,42,0.11085809022188187,0.06312079727649689,-0.06040649861097336,0.13189896941184998
4794,96,43,-0.16389727592468262,-0.21023181080818176,-0.06040649861097336,0.13189896941184998
4795,96,44,-0.18250541388988495,-0.40469256043434143,-0.06040649861097336,0.13189896941184998
4796,96,45,0.17359481751918793,-0.36782097816467285,-0.06040649861097336,0.13189896941184998
4797,96,46,-0.12366051226854324,0.3434974253177643,-0.06040649861097336,0.13189896941184998
4798,96,47,0.02548201195895672,0.015179403126239777,-0.06040649861097336,0.13189896941184998
4799,96,48,-0.12170670926570892,-0.23745927214622498,-0.06040649861097336,0.13189896941184998
4800,96,49,-0.023887036368250847,0.05483179911971092,-0.06040649861097336,0.13189896941184998
4801,97,0,-0.13137947022914886,-0.5119600892066956,-0.06472653150558472,0.11382557451725006
4802,97,1,-0.0860968753695488,-0.0887150689959526,-0.06472653150558472,0.11382557451725006
4803,97,2,-0.0492258183658123,0.050001055002212524,-0.06472653150558472,0.11382557451725006
4804,97,3,0.1259273737668991,-0.12217316776514053,-0.06472653150558472,0.11382557451725006
4805,97,4,0.23602226376533508,-0.7781563997268677,-0.06472653150558472,0.11382557451725006
4806,97,5,0.43237292766571045,-0.2027042806148529,-0.06472653150558472,0.11382557451725006
4807,97,6,0.278957724571228,-0.10720565915107727,-0.06472653150558472,0.11382557451725006
4808,97,7,0.02599848061800003,-0.12610666453838348,-0.06472653150558472,0.11382557451725006
4809,97,8,-0.08278794586658478,0.053836382925510406,-0.06472653150558472,0.11382557451725006
4810,97,9,-0.07015948742628098,-0.21333502233028412,-0.06472653150558472,0.11382557451725006
4811,97,10,0.07936923205852509,0.08554594963788986,-0.06472653150558472,0.11382557451725006
4812,97,11,0.39156046509742737,0.0888931006193161,-0.06472653150558472,0.11382557451725006
4813,97,12,0.4345925748348236,-0.2702687680721283,-0.06472653150558472,0.11382557451725006
4814,97,13,-0.06945826858282089,-0.3973849415779114,-0.06472653150558472,0.11382557451725006
4815,97,14,-0.11767202615737915,0.4328782260417938,-0.06472653150558472,0.11382557451725006
4816,97,15,-0.0733385980129242,0.5912796258926392,-0.06472653150558472,0.11382557451725006
4817,97,16,-0.08809411525726318,-0.2630748748779297,-0.06472653150558472,0.11382557451725006
4818,97,17,0.08092774450778961,-0.295117050409317,-0.06472653150558472,0.11382557451725006
4819,97,18,-0.2692543566226959,0.023717645555734634,-0.06472653150558472,0.11382557451725006
4820,97,19,-0.40388423204421997,0.6556568741798401,-0.06472653150558472,0.11382557451725006
4821,97,20,-0.16670939326286316,0.35661253333091736,-0.06472653150558472,0.11382557451725006
4822,97,21,-0.14926105737686157,-0.16240926086902618,-0.06472653150558472,0.11382557451725006
4823,97,22,-0.3101148009300232,0.2865138351917267,-0.06472653150558472,0.11382557451725006
4824,97,23,-0.19443291425704956,0.14790958166122437,-0.06472653150558472,0.11382557451725006
4825,97,24,-0.1394612193107605,-0.09034688025712967,-0.06472653150558472,0.11382557451725006
4826,97,25,0.023745188489556313,-0.011950302869081497,-0.06472653150558472,0.11382557451725006
4827,97,26,0.2069326639175415,-0.23579619824886322,-0.06472653150558472,0.11382557451725006
4828,97,27,0.2094009816646576,-0.025432908907532692,-0.06472653150558472,0.11382557451725006
4829,97,28,0.16861900687217712,-0.19281567633152008,-0.06472653150558472,0.11382557451725006
4830,97,29,0.03275187686085701,0.6427785754203796,-0.06472653150558472,0.11382557451725006
4831,97,30,0.0157319363206625,0.07985204458236694,-0.06472653150558472,0.11382557451725006
4832,97,31,-0.11941319704055786,0.2748226821422577,-0.06472653150558472,0.11382557451725006
4833,97,32,-0.11446955054998398,0.06852554529905319,-0.06472653150558472,0.11382557451725006
4834,97,33,-0.21897821128368378,-0.007875046692788601,-0.06472653150558472,0.11382557451725006
4835,97,34,-0.26895081996917725,0.2564752697944641,-0.06472653150558472,0.11382557451725006
4836,97,35,0.15721750259399414,-0.30336421728134155,-0.06472653150558472,0.11382557451725006
4837,97,36,0.20378269255161285,-0.6967699527740479,-0.06472653150558472,0.11382557451725006
4838,97,37,0.1013474091887474,-0.09850966185331345,-0.06472653150558472,0.11382557451725006
4839,97,38,0.30752456188201904,-0.45573705434799194,-0.06472653150558472,0.11382557451725006
4840,97,39,0.30302178859710693,-0.037582237273454666,-0.06472653150558472,0.11382557451725006
4841,97,40,0.3896244764328003,-0.07480980455875397,-0.06472653150558472,0.11382557451725006
4842,97,41,0.5448837280273438,-0.1690162569284439,-0.06472653150558472,0.11382557451725006
4843,97,42,0.3709608316421509,-0.49134913086891174,-0.06472653150558472,0.11382557451725006
4844,97,43,0.12593892216682434,0.12338253855705261,-0.06472653150558472,0.11382557451725006
4845,97,44,-0.20317845046520233,0.3536657989025116,-0.06472653150558472,0.11382557451725006
4846,97,45,-0.27252820134162903,-0.07510995119810104,-0.06472653150558472,0.11382557451725006
4847,97,46,0.224467933177948,-0.03979243338108063,-0.06472653150558472,0.11382557451725006
4848,97,47,0.16890189051628113,0.23505036532878876,-0.06472653150558472,0.11382557451725006
4849,97,48,0.31160369515419006,-0.14827196300029755,-0.06472653150558472,0.11382557451725006
4850,97,49,0.08771888166666031,0.04329853504896164,-0.06472653150558472,0.11382557451725006
4851,98,0,-0.031190158799290657,-0.3620942533016205,-0.08910166472196579,0.10597309470176697
4852,98,1,0.029730387032032013,0.2764696180820465,-0.08910166472196579,0.10597309470176697
4853,98,2,0.021291952580213547,0.011921288445591927,-0.08910166472196579,0.10597309470176697
4854,98,3,-0.03006928786635399,0.08022443950176239,-0.08910166472196579,0.10597309470176697
4855,98,4,-0.03817695006728172,-0.4597088694572449,-0.08910166472196579,0.10597309470176697
4856,98,5,-0.011860505677759647,-0.2788322865962982,-0.08910166472196579,0.10597309470176697
4857,98,6,-0.003524035681039095,-0.3285478949546814,-0.08910166472196579,0.10597309470176697
4858,98,7,-0.22450174391269684,0.10322551429271698,-0.08910166472196579,0.10597309470176697
4859,98,8,-0.2645055651664734,-0.11874452233314514,-0.08910166472196579,0.10597309470176697
4860,98,9,-0.08187330514192581,-0.32510748505592346,-0.08910166472196579,0.10597309470176697
4861,98,10,0.06847216188907623,-0.20005448162555695,-0.08910166472196579,0.10597309470176697
4862,98,11,-0.14489994943141937,0.20981816947460175,-0.08910166472196579,0.10597309470176697
4863,98,12,-0.23042336106300354,0.12317202985286713,-0.08910166472196579,0.10597309470176697
4864,98,13,-0.06453707069158554,0.12934014201164246,-0.08910166472196579,0.10597309470176697
4865,98,14,-0.1391344964504242,0.12321857362985611,-0.08910166472196579,0.10597309470176697
4866,98,15,-0.21244676411151886,-0.0842561423778534,-0.08910166472196579,0.10597309470176697
4867,98,16,-0.1393703818321228,-0.3488345742225647,-0.08910166472196579,0.10597309470176697
4868,98,17,0.2542456388473511,-0.19478081166744232,-0.08910166472196579,0.10597309470176697
4869,98,18,0.048304881900548935,-0.5073574781417847,-0.08910166472196579,0.10597309470176697
4870,98,19,-0.03841553255915642,-0.3756520450115204,-0.08910166472196579,0.10597309470176697
4871,98,20,-0.10823234170675278,0.3247881233692169,-0.08910166472196579,0.10597309470176697
4872,98,21,0.2822987139225006,-0.22709240019321442,-0.08910166472196579,0.10597309470176697
4873,98,22,-0.068942591547966,-0.5297043919563293,-0.08910166472196579,0.10597309470176697
4874,98,23,0.038585416972637177,-0.014531602151691914,-0.08910166472196579,0.10597309470176697
4875,98,24,0.21502819657325745,-0.1938953995704651,-0.08910166472196579,0.10597309470176697
4876,98,25,0.4651012718677521,-0.6249316930770874,-0.08910166472196579,0.10597309470176697
4877,98,26,0.4594922661781311,-0.9458906650543213,-0.08910166472196579,0.10597309470176697
4878,98,27,0.4150777757167816,-0.4298492670059204,-0.08910166472196579,0.10597309470176697
4879,98,28,0.398377001285553,-0.28505271673202515,-0.08910166472196579,0.10597309470176697
4880,98,29,-0.006345337722450495,-0.22706545889377594,-0.08910166472196579,0.10597309470176697
4881,98,30,-0.24571442604064941,-0.4748907685279846,-0.08910166472196579,0.10597309470176697
4882,98,31,-0.05267711728811264,0.09834252297878265,-0.08910166472196579,0.10597309470176697
4883,98,32,-0.04097239300608635,-0.08450242877006531,-0.08910166472196579,0.10597309470176697
4884,98,33,-0.020152436569333076,0.12339263409376144,-0.08910166472196579,0.10597309470176697
4885,98,34,0.019695058465003967,0.060349538922309875,-0.08910166472196579,0.10597309470176697
4886,98,35,-0.04030054062604904,0.03218835964798927,-0.08910166472196579,0.10597309470176697
4887,98,36,-0.2659766674041748,-0.4301534593105316,-0.08910166472196579,0.10597309470176697
4888,98,37,-0.21546810865402222,-0.532918393611908,-0.08910166472196579,0.10597309470176697
4889,98,38,-0.022975319996476173,0.03412408381700516,-0.08910166472196579,0.10597309470176697
4890,98,39,0.1788060963153839,-0.0717405453324318,-0.08910166472196579,0.10597309470176697
4891,98,40,0.25185030698776245,0.11906194686889648,-0.08910166472196579,0.10597309470176697
4892,98,41,0.10882420837879181,0.058949973434209824,-0.08910166472196579,0.10597309470176697
4893,98,42,0.1287718564271927,-0.015698706731200218,-0.08910166472196579,0.10597309470176697
4894,98,43,0.20475853979587555,0.02894764393568039,-0.08910166472196579,0.10597309470176697
4895,98,44,0.03256068378686905,0.13913382589817047,-0.08910166472196579,0.10597309470176697
4896,98,45,0.13807639479637146,0.4559936821460724,-0.08910166472196579,0.10597309470176697
4897,98,46,-0.036599043756723404,-0.04927113652229309,-0.08910166472196579,0.10597309470176697
4898,98,47,0.055193282663822174,0.09150949120521545,-0.08910166472196579,0.10597309470176697
4899,98,48,0.3979392945766449,-0.13584472239017487,-0.08910166472196579,0.10597309470176697
4900,98,49,0.3296884298324585,-0.27342286705970764,-0.08910166472196579,0.10597309470176697
4901,99,0,0.021097416058182716,-0.4258593022823334,-0.12231386452913284,0.1106131374835968
4902,99,1,-0.24342741072177887,0.009594213217496872,-0.12231386452913284,0.1106131374835968
4903,99,2,-0.02877131663262844,-0.44063878059387207,-0.12231386452913284,0.1106131374835968
4904,99,3,-3.119752000202425e-05,-0.24559050798416138,-0.12231386452913284,0.1106131374835968
4905,99,4,0.05942485108971596,-0.21833865344524384,-0.12231386452913284,0.1106131374835968
4906,99,5,0.1635216772556305,0.22077806293964386,-0.12231386452913284,0.1106131374835968
4907,99,6,-0.13850650191307068,0.2065853327512741,-0.12231386452913284,0.1106131374835968
4908,99,7,-0.14422710239887238,0.06988564133644104,-0.12231386452913284,0.1106131374835968
4909,99,8,-0.06582988798618317,-0.2943480610847473,-0.12231386452913284,0.1106131374835968
4910,99,9,-0.09864158183336258,-0.08166415244340897,-0.12231386452913284,0.1106131374835968
4911,99,10,-0.12643401324748993,-0.37475281953811646,-0.12231386452913284,0.1106131374835968
4912,99,11,0.11508341133594513,-0.6236714720726013,-0.12231386452913284,0.1106131374835968
4913,99,12,0.19777438044548035,-0.37820684909820557,-0.12231386452913284,0.1106131374835968
4914,99,13,-0.01859552599489689,0.4708302319049835,-0.12231386452913284,0.1106131374835968
4915,99,14,0.5439393520355225,0.06651019304990768,-0.12231386452913284,0.1106131374835968
4916,99,15,0.2344583421945572,-0.10660659521818161,-0.12231386452913284,0.1106131374835968
4917,99,16,-0.003946408163756132,-0.2167171984910965,-0.12231386452913284,0.1106131374835968
4918,99,17,0.09149125963449478,-0.6323432922363281,-0.12231386452913284,0.1106131374835968
4919,99,18,0.16630390286445618,-0.41181668639183044,-0.12231386452913284,0.1106131374835968
4920,99,19,0.37001490592956543,-0.09153123199939728,-0.12231386452913284,0.1106131374835968
4921,99,20,0.01677848771214485,0.38531413674354553,-0.12231386452913284,0.1106131374835968
4922,99,21,-0.12142223864793777,-0.42345884442329407,-0.12231386452913284,0.1106131374835968
4923,99,22,-0.04408654570579529,-0.24130605161190033,-0.12231386452913284,0.1106131374835968
4924,99,23,0.12204019725322723,-0.06740069389343262,-0.12231386452913284,0.1106131374835968
4925,99,24,0.10973689705133438,-0.7116032838821411,-0.12231386452913284,0.1106131374835968
4926,99,25,0.12050539255142212,0.08124537765979767,-0.12231386452913284,0.1106131374835968
4927,99,26,0.10316026955842972,-0.21847248077392578,-0.12231386452913284,0.1106131374835968
4928,99,27,0.02770867571234703,-0.21375195682048798,-0.12231386452913284,0.1106131374835968
4929,99,28,0.2302321046590805,-0.028054779395461082,-0.12231386452913284,0.1106131374835968
4930,99,29,0.3708656132221222,-0.07300124317407608,-0.12231386452913284,0.1106131374835968
4931,99,30,0.5679099559783936,-0.12067509442567825,-0.12231386452913284,0.1106131374835968
4932,99,31,0.5775455236434937,0.30662307143211365,-0.12231386452913284,0.1106131374835968
4933,99,32,0.4153691530227661,-0.4112568199634552,-0.12231386452913284,0.1106131374835968
4934,99,33,0.142500102519989,0.12875771522521973,-0.12231386452913284,0.1106131374835968
4935,99,34,0.043909355998039246,0.37291690707206726,-0.12231386452913284,0.1106131374835968
4936,99,35,0.1792401820421219,0.17404377460479736,-0.12231386452913284,0.1106131374835968
4937,99,36,0.12187938392162323,-0.05178503692150116,-0.12231386452913284,0.1106131374835968
4938,99,37,0.014901242218911648,0.16541412472724915,-0.12231386452913284,0.1106131374835968
4939,99,38,0.009067043662071228,0.059737514704465866,-0.12231386452913284,0.1106131374835968
4940,99,39,-0.0013717937981709838,-0.38220447301864624,-0.12231386452913284,0.1106131374835968
4941,99,40,0.04315963760018349,-0.05759672820568085,-0.12231386452913284,0.1106131374835968
4942,99,41,0.18529802560806274,-0.13476431369781494,-0.12231386452913284,0.1106131374835968
4943,99,42,-0.059513192623853683,0.09776011854410172,-0.12231386452913284,0.1106131374835968
4944,99,43,-0.001602465519681573,0.5622855424880981,-0.12231386452913284,0.1106131374835968
4945,99,44,0.009388518519699574,0.15344148874282837,-0.12231386452913284,0.1106131374835968
4946,99,45,-0.03362105041742325,-0.3708135783672333,-0.12231386452913284,0.1106131374835968
4947,99,46,-0.23734599351882935,-0.3015289008617401,-0.12231386452913284,0.1106131374835968
4948,99,47,-0.14076511561870575,0.19892965257167816,-0.12231386452913284,0.1106131374835968
4949,99,48,0.16073675453662872,-0.05832197889685631,-0.12231386452913284,0.1106131374835968
4950,99,49,0.17844350636005402,-0.11719810217618942,-0.12231386452913284,0.1106131374835968
4951,100,0,0.09602206200361252,-0.28550097346305847,-0.15498216450214386,0.1346103698015213
4952,100,1,-0.030771877616643906,-0.04673689976334572,-0.15498216450214386,0.1346103698015213
4953,100,2,-0.2588062882423401,-0.20213070511817932,-0.15498216450214386,0.1346103698015213
4954,100,3,0.0443032905459404,0.1360379159450531,-0.15498216450214386,0.1346103698015213
4955,100,4,-0.12368401139974594,-0.26880547404289246,-0.15498216450214386,0.1346103698015213
4956,100,5,-0.034252628684043884,-0.3222687542438507,-0.15498216450214386,0.1346103698015213
4957,100,6,-0.008304200135171413,-0.328552782535553,-0.15498216450214386,0.1346103698015213
4958,100,7,0.030033009126782417,-0.35684284567832947,-0.15498216450214386,0.1346103698015213
4959,100,8,-0.0426972471177578,-0.38680246472358704,-0.15498216450214386,0.1346103698015213
4960,100,9,-0.293844610452652,-0.3792808949947357,-0.15498216450214386,0.1346103698015213
4961,100,10,-0.22168460488319397,-0.1333671510219574,-0.15498216450214386,0.1346103698015213
4962,100,11,-0.30328959226608276,0.35007110238075256,-0.15498216450214386,0.1346103698015213
4963,100,12,-0.2954491376876831,-0.7952005863189697,-0.15498216450214386,0.1346103698015213
4964,100,13,0.06436344981193542,-0.23938846588134766,-0.15498216450214386,0.1346103698015213
4965,100,14,0.1439918875694275,0.0615106001496315,-0.15498216450214386,0.1346103698015213
4966,100,15,0.23357123136520386,-0.3112882077693939,-0.15498216450214386,0.1346103698015213
4967,100,16,0.20105428993701935,-0.2833714783191681,-0.15498216450214386,0.1346103698015213
4968,100,17,0.026557883247733116,0.17373277246952057,-0.15498216450214386,0.1346103698015213
4969,100,18,0.21438533067703247,0.008804315701127052,-0.15498216450214386,0.1346103698015213
4970,100,19,0.07135871052742004,-0.6451022028923035,-0.15498216450214386,0.1346103698015213
4971,100,20,-0.06553450971841812,-0.10785241425037384,-0.15498216450214386,0.1346103698015213
4972,100,21,0.14098317921161652,0.023835044354200363,-0.15498216450214386,0.1346103698015213
4973,100,22,0.32041218876838684,-1.0,-0.15498216450214386,0.1346103698015213
4974,100,23,0.08302316814661026,0.02070014923810959,-0.15498216450214386,0.1346103698015213
4975,100,24,-0.26415887475013733,-0.679426908493042,-0.15498216450214386,0.1346103698015213
4976,100,25,-0.10388576239347458,-0.8669939637184143,-0.15498216450214386,0.1346103698015213
4977,100,26,0.2998470664024353,-0.022828001528978348,-0.15498216450214386,0.1346103698015213
4978,100,27,0.44203972816467285,-0.2647908926010132,-0.15498216450214386,0.1346103698015213
4979,100,28,0.17368660867214203,0.0365859754383564,-0.15498216450214386,0.1346103698015213
4980,100,29,-0.13625019788742065,-0.08057574927806854,-0.15498216450214386,0.1346103698015213
4981,100,30,-0.27567097544670105,-0.3135789632797241,-0.15498216450214386,0.1346103698015213
4982,100,31,0.12248271703720093,-0.15782083570957184,-0.15498216450214386,0.1346103698015213
4983,100,32,0.04490039497613907,0.054959993809461594,-0.15498216450214386,0.1346103698015213
4984,100,33,-0.3169633448123932,-0.2956056594848633,-0.15498216450214386,0.1346103698015213
4985,100,34,-0.051975954324007034,0.13232018053531647,-0.15498216450214386,0.1346103698015213
4986,100,35,0.15318278968334198,-0.19285212457180023,-0.15498216450214386,0.1346103698015213
4987,100,36,-0.07877792418003082,-0.05745884031057358,-0.15498216450214386,0.1346103698015213
4988,100,37,-0.2914094924926758,-0.004681062418967485,-0.15498216450214386,0.1346103698015213
4989,100,38,0.05949229374527931,-0.30307143926620483,-0.15498216450214386,0.1346103698015213
4990,100,39,0.19699519872665405,0.2103828489780426,-0.15498216450214386,0.1346103698015213
4991,100,40,0.2304946631193161,-0.08880651742219925,-0.15498216450214386,0.1346103698015213
4992,100,41,-0.06513839960098267,0.1364663988351822,-0.15498216450214386,0.1346103698015213
4993,100,42,-0.06194271519780159,-0.1616959422826767,-0.15498216450214386,0.1346103698015213
4994,100,43,0.012498960830271244,0.05306278169155121,-0.15498216450214386,0.1346103698015213
4995,100,44,-0.022202733904123306,-0.04780783876776695,-0.15498216450214386,0.1346103698015213
4996,100,45,-0.08207805454730988,0.21330097317695618,-0.15498216450214386,0.1346103698015213
4997,100,46,0.20131553709506989,-0.8099833726882935,-0.15498216450214386,0.1346103698015213
4998,100,47,0.151417538523674,-0.20306894183158875,-0.15498216450214386,0.1346103698015213
4999,100,48,-0.05603751167654991,-0.0968862920999527,-0.15498216450214386,0.1346103698015213
5000,100,49,-0.17181439697742462,0.04398965463042259,-0.15498216450214386,0.1346103698015213
5001,101,0,-0.21960191428661346,-0.10938683897256851,-0.17397592961788177,0.14980846643447876
5002,101,1,-0.16828729212284088,-0.08281894028186798,-0.17397592961788177,0.14980846643447876
5003,101,2,-0.053937721997499466,0.06787897646427155,-0.17397592961788177,0.14980846643447876
5004,101,3,0.3012641370296478,-0.3540498912334442,-0.17397592961788177,0.14980846643447876
5005,101,4,0.2431030124425888,-0.1453120857477188,-0.17397592961788177,0.14980846643447876
5006,101,5,0.022601399570703506,0.4011777341365814,-0.17397592961788177,0.14980846643447876
5007,101,6,0.08695366233587265,-0.017295485362410545,-0.17397592961788177,0.14980846643447876
5008,101,7,0.0911000669002533,-0.0416729636490345,-0.17397592961788177,0.14980846643447876
5009,101,8,0.08118636906147003,-0.05935884639620781,-0.17397592961788177,0.14980846643447876
5010,101,9,0.22078408300876617,-0.5087568163871765,-0.17397592961788177,0.14980846643447876
5011,101,10,0.34029367566108704,0.3190869390964508,-0.17397592961788177,0.14980846643447876
5012,101,11,0.07300329953432083,-0.07427024841308594,-0.17397592961788177,0.14980846643447876
5013,101,12,-0.1279185712337494,-0.21093416213989258,-0.17397592961788177,0.14980846643447876
5014,101,13,-0.02002580836415291,0.08190659433603287,-0.17397592961788177,0.14980846643447876
5015,101,14,-0.12580369412899017,0.19731496274471283,-0.17397592961788177,0.14980846643447876
5016,101,15,-0.22895117104053497,0.10796085000038147,-0.17397592961788177,0.14980846643447876
5017,101,16,-0.3100421726703644,-0.039687566459178925,-0.17397592961788177,0.14980846643447876
5018,101,17,-0.16041460633277893,-0.2454281896352768,-0.17397592961788177,0.14980846643447876
5019,101,18,0.3388257622718811,-0.526878297328949,-0.17397592961788177,0.14980846643447876
5020,101,19,0.3171912133693695,-0.23203745484352112,-0.17397592961788177,0.14980846643447876
5021,101,20,0.11776295304298401,0.29641517996788025,-0.17397592961788177,0.14980846643447876
5022,101,21,0.3102499544620514,-0.3209453523159027,-0.17397592961788177,0.14980846643447876
5023,101,22,0.4211026132106781,-0.28030943870544434,-0.17397592961788177,0.14980846643447876
5024,101,23,0.10583095997571945,0.10625164210796356,-0.17397592961788177,0.14980846643447876
5025,101,24,-0.16091516613960266,-0.7929644584655762,-0.17397592961788177,0.14980846643447876
5026,101,25,-0.3234834372997284,-0.39115771651268005,-0.17397592961788177,0.14980846643447876
5027,101,26,-0.17126776278018951,-0.34305429458618164,-0.17397592961788177,0.14980846643447876
5028,101,27,0.07173005491495132,-0.6188485026359558,-0.17397592961788177,0.14980846643447876
5029,101,28,-0.06108662113547325,0.0274676326662302,-0.17397592961788177,0.14980846643447876
5030,101,29,-0.23161959648132324,-0.32990723848342896,-0.17397592961788177,0.14980846643447876
5031,101,30,0.11465748399496078,-0.09357509762048721,-0.17397592961788177,0.14980846643447876
5032,101,31,-0.03707865625619888,-0.20142704248428345,-0.17397592961788177,0.14980846643447876
5033,101,32,-0.0032206177711486816,0.4486868381500244,-0.17397592961788177,0.14980846643447876
5034,101,33,0.18443268537521362,0.4247782230377197,-0.17397592961788177,0.14980846643447876
5035,101,34,0.20395906269550323,-0.036849409341812134,-0.17397592961788177,0.14980846643447876
5036,101,35,0.028363652527332306,-0.9251856803894043,-0.17397592961788177,0.14980846643447876
5037,101,36,0.24078014492988586,-0.19148722290992737,-0.17397592961788177,0.14980846643447876
5038,101,37,0.19706991314888,-0.5365030765533447,-0.17397592961788177,0.14980846643447876
5039,101,38,0.17114776372909546,-0.30379581451416016,-0.17397592961788177,0.14980846643447876
5040,101,39,-0.04261559247970581,-0.01592271588742733,-0.17397592961788177,0.14980846643447876
5041,101,40,-0.15793916583061218,-0.3961147665977478,-0.17397592961788177,0.14980846643447876
5042,101,41,0.3446553945541382,-0.41061753034591675,-0.17397592961788177,0.14980846643447876
5043,101,42,0.5828664302825928,-0.3221537470817566,-0.17397592961788177,0.14980846643447876
5044,101,43,0.2688269019126892,0.35375094413757324,-0.17397592961788177,0.14980846643447876
5045,101,44,0.18305334448814392,-0.5212081074714661,-0.17397592961788177,0.14980846643447876
5046,101,45,0.11436750739812851,0.012956970371305943,-0.17397592961788177,0.14980846643447876
5047,101,46,-0.06584793329238892,-0.11216356605291367,-0.17397592961788177,0.14980846643447876
5048,101,47,0.06244157627224922,-0.49873512983322144,-0.17397592961788177,0.14980846643447876
5049,101,48,-0.051462769508361816,-0.3781745731830597,-0.17397592961788177,0.14980846643447876
5050,101,49,-0.15475642681121826,-0.1996488720178604,-0.17397592961788177,0.14980846643447876
5051,102,0,0.1570245325565338,-0.4314263164997101,-0.18100513517856598,0.1631610095500946
5052,102,1,0.028803246095776558,-0.2057153433561325,-0.18100513517856598,0.1631610095500946
5053,102,2,-0.1809212863445282,-0.7086319923400879,-0.18100513517856598,0.1631610095500946
5054,102,3,0.10395185649394989,-0.22094608843326569,-0.18100513517856598,0.1631610095500946
5055,102,4,0.32173654437065125,-0.9420726299285889,-0.18100513517856598,0.1631610095500946
5056,102,5,0.00816254410892725,-0.005145086906850338,-0.18100513517856598,0.1631610095500946
5057,102,6,-0.045152533799409866,-0.09689929336309433,-0.18100513517856598,0.1631610095500946
5058,102,7,0.22826988995075226,0.11631171405315399,-0.18100513517856598,0.1631610095500946
5059,102,8,0.25499439239501953,-0.5926474928855896,-0.18100513517856598,0.1631610095500946
5060,102,9,0.04511595144867897,0.4516875445842743,-0.18100513517856598,0.1631610095500946
5061,102,10,-0.7791882157325745,-0.4325404465198517,-0.18100513517856598,0.1631610095500946
5062,102,11,-0.32996630668640137,0.4204007685184479,-0.18100513517856598,0.1631610095500946
5063,102,12,0.3155052363872528,0.0357222855091095,-0.18100513517856598,0.1631610095500946
5064,102,13,-0.10485011339187622,-0.42422381043434143,-0.18100513517856598,0.1631610095500946
5065,102,14,-0.21318607032299042,0.5404006242752075,-0.18100513517856598,0.1631610095500946
5066,102,15,0.07745042443275452,-0.05832193046808243,-0.18100513517856598,0.1631610095500946
5067,102,16,0.0026051062159240246,-0.24316620826721191,-0.18100513517856598,0.1631610095500946
5068,102,17,0.024859819561243057,-0.036274004727602005,-0.18100513517856598,0.1631610095500946
5069,102,18,0.01777401566505432,-0.559596598148346,-0.18100513517856598,0.1631610095500946
5070,102,19,-0.051333237439394,0.3181630074977875,-0.18100513517856598,0.1631610095500946
5071,102,20,0.08188940584659576,-0.45816946029663086,-0.18100513517856598,0.1631610095500946
5072,102,21,0.06373150646686554,-0.43761348724365234,-0.18100513517856598,0.1631610095500946
5073,102,22,0.11404796689748764,-0.061634279787540436,-0.18100513517856598,0.1631610095500946
5074,102,23,0.28976911306381226,0.008987737819552422,-0.18100513517856598,0.1631610095500946
5075,102,24,0.16747887432575226,-0.6660200357437134,-0.18100513517856598,0.1631610095500946
5076,102,25,0.04447034373879433,-0.015050685964524746,-0.18100513517856598,0.1631610095500946
5077,102,26,0.192881777882576,-0.0848219245672226,-0.18100513517856598,0.1631610095500946
5078,102,27,0.33664602041244507,0.38538530468940735,-0.18100513517856598,0.1631610095500946
5079,102,28,0.39103034138679504,-0.2527634799480438,-0.18100513517856598,0.1631610095500946
5080,102,29,0.2315191626548767,0.11243487894535065,-0.18100513517856598,0.1631610095500946
5081,102,30,-0.11929979920387268,-0.9087085723876953,-0.18100513517856598,0.1631610095500946
5082,102,31,-0.28275710344314575,-0.3496364653110504,-0.18100513517856598,0.1631610095500946
5083,102,32,0.10827667266130447,-0.1600651890039444,-0.18100513517856598,0.1631610095500946
5084,102,33,0.2171449065208435,-0.2517375349998474,-0.18100513517856598,0.1631610095500946
5085,102,34,0.20142324268817902,0.0608159638941288,-0.18100513517856598,0.1631610095500946
5086,102,35,-0.23080648481845856,-0.9458543658256531,-0.18100513517856598,0.1631610095500946
5087,102,36,-0.3754303753376007,0.06854987144470215,-0.18100513517856598,0.1631610095500946
5088,102,37,-0.3472939729690552,-0.09762682020664215,-0.18100513517856598,0.1631610095500946
5089,102,38,-0.17685480415821075,0.0639687031507492,-0.18100513517856598,0.1631610095500946
5090,102,39,0.06640226393938065,0.469632089138031,-0.18100513517856598,0.1631610095500946
5091,102,40,0.02565472200512886,-0.15992604196071625,-0.18100513517856598,0.1631610095500946
5092,102,41,-0.027559418231248856,-0.2688262164592743,-0.18100513517856598,0.1631610095500946
5093,102,42,0.005629451014101505,-0.008934407494962215,-0.18100513517856598,0.1631610095500946
5094,102,43,-0.1767648607492447,-0.26230815052986145,-0.18100513517856598,0.1631610095500946
5095,102,44,-0.2655883729457855,-0.6154253482818604,-0.18100513517856598,0.1631610095500946
5096,102,45,-0.09388663619756699,-0.11830687522888184,-0.18100513517856598,0.1631610095500946
5097,102,46,-0.007104816846549511,0.08056283742189407,-0.18100513517856598,0.1631610095500946
5098,102,47,0.30221685767173767,-0.5232430696487427,-0.18100513517856598,0.1631610095500946
5099,102,48,0.6977113485336304,0.19301959872245789,-0.18100513517856598,0.1631610095500946
5100,102,49,0.3215322196483612,-0.2151036560535431,-0.18100513517856598,0.1631610095500946
5101,103,0,-0.09648244827985764,-0.14271590113639832,-0.17641045153141022,0.1752159744501114
5102,103,1,0.09818803519010544,0.22928187251091003,-0.17641045153141022,0.1752159744501114
5103,103,2,0.11874260753393173,-0.3455721437931061,-0.17641045153141022,0.1752159744501114
5104,103,3,0.11584461480379105,0.06677348911762238,-0.17641045153141022,0.1752159744501114
5105,103,4,0.0461617037653923,-0.3352770507335663,-0.17641045153141022,0.1752159744501114
5106,103,5,-0.09373704344034195,0.4246850907802582,-0.17641045153141022,0.1752159744501114
5107,103,6,-0.18977274000644684,-0.6270511150360107,-0.17641045153141022,0.1752159744501114
5108,103,7,-0.11622258275747299,0.3044201135635376,-0.17641045153141022,0.1752159744501114
5109,103,8,0.16139677166938782,-0.021996594965457916,-0.17641045153141022,0.1752159744501114
5110,103,9,0.26857930421829224,-0.5851863026618958,-0.17641045153141022,0.1752159744501114
5111,103,10,-0.7990503311157227,-0.3398471772670746,-0.17641045153141022,0.1752159744501114
5112,103,11,-0.6538822054862976,-0.5577588677406311,-0.17641045153141022,0.1752159744501114
5113,103,12,-0.1612752079963684,-0.11539454758167267,-0.17641045153141022,0.1752159744501114
5114,103,13,0.009835675358772278,-0.8164824843406677,-0.17641045153141022,0.1752159744501114
5115,103,14,-0.17816004157066345,-0.6907777786254883,-0.17641045153141022,0.1752159744501114
5116,103,15,-0.05601562559604645,0.37064146995544434,-0.17641045153141022,0.1752159744501114
5117,103,16,0.17487405240535736,0.24303196370601654,-0.17641045153141022,0.1752159744501114
5118,103,17,0.009549842216074467,-0.27184200286865234,-0.17641045153141022,0.1752159744501114
5119,103,18,0.11056890338659286,-0.18039575219154358,-0.17641045153141022,0.1752159744501114
5120,103,19,0.11325150728225708,0.02992118149995804,-0.17641045153141022,0.1752159744501114
5121,103,20,0.11479676514863968,0.08305896073579788,-0.17641045153141022,0.1752159744501114
5122,103,21,0.20608527958393097,0.06042554974555969,-0.17641045153141022,0.1752159744501114
5123,103,22,0.03872479498386383,0.16979894042015076,-0.17641045153141022,0.1752159744501114
5124,103,23,-0.04206493869423866,-0.2847173511981964,-0.17641045153141022,0.1752159744501114
5125,103,24,-0.12135965377092361,-0.5281612277030945,-0.17641045153141022,0.1752159744501114
5126,103,25,-0.02157561108469963,0.3910621702671051,-0.17641045153141022,0.1752159744501114
5127,103,26,-0.06469924747943878,-0.3313829302787781,-0.17641045153141022,0.1752159744501114
5128,103,27,-0.019715897738933563,-0.622839629650116,-0.17641045153141022,0.1752159744501114
5129,103,28,0.12954986095428467,0.04484276846051216,-0.17641045153141022,0.1752159744501114
5130,103,29,0.21846260130405426,-0.0004909895360469818,-0.17641045153141022,0.1752159744501114
5131,103,30,0.5323958992958069,-0.42712950706481934,-0.17641045153141022,0.1752159744501114
5132,103,31,0.5835370421409607,-0.5206677317619324,-0.17641045153141022,0.1752159744501114
5133,103,32,0.07551330327987671,-0.34305664896965027,-0.17641045153141022,0.1752159744501114
5134,103,33,0.022808676585555077,-0.046914465725421906,-0.17641045153141022,0.1752159744501114
5135,103,34,0.19354887306690216,-0.8852946162223816,-0.17641045153141022,0.1752159744501114
5136,103,35,0.3224312663078308,0.18714512884616852,-0.17641045153141022,0.1752159744501114
5137,103,36,0.1239672377705574,-0.5000532865524292,-0.17641045153141022,0.1752159744501114
5138,103,37,-0.022161047905683517,-0.7525742650032043,-0.17641045153141022,0.1752159744501114
5139,103,38,0.10892972350120544,-0.20779526233673096,-0.17641045153141022,0.1752159744501114
5140,103,39,0.39510294795036316,0.01482449658215046,-0.17641045153141022,0.1752159744501114
5141,103,40,0.09297571331262589,0.20067539811134338,-0.17641045153141022,0.1752159744501114
5142,103,41,0.06770962476730347,-0.14619490504264832,-0.17641045153141022,0.1752159744501114
5143,103,42,0.009201064705848694,-0.30134275555610657,-0.17641045153141022,0.1752159744501114
5144,103,43,-0.004827503580600023,-0.5857852101325989,-0.17641045153141022,0.1752159744501114
5145,103,44,0.05586627125740051,0.04197065904736519,-0.17641045153141022,0.1752159744501114
5146,103,45,-0.5307741761207581,0.08873441815376282,-0.17641045153141022,0.1752159744501114
5147,103,46,-0.040789443999528885,-0.0680929645895958,-0.17641045153141022,0.1752159744501114
5148,103,47,0.45576196908950806,-0.032914407551288605,-0.17641045153141022,0.1752159744501114
5149,103,48,0.46870726346969604,-0.16319489479064941,-0.17641045153141022,0.1752159744501114
5150,103,49,0.5569626092910767,0.11095355451107025,-0.17641045153141022,0.1752159744501114
5151,104,0,-0.15844377875328064,0.38844481110572815,-0.1632554680109024,0.18902379274368286
5152,104,1,-0.23693104088306427,-0.3430878221988678,-0.1632554680109024,0.18902379274368286
5153,104,2,0.07016274333000183,0.36096614599227905,-0.1632554680109024,0.18902379274368286
5154,104,3,0.11292485147714615,0.20113041996955872,-0.1632554680109024,0.18902379274368286
5155,104,4,0.06912307441234589,0.6193068027496338,-0.1632554680109024,0.18902379274368286
5156,104,5,-0.11949969083070755,0.10055508464574814,-0.1632554680109024,0.18902379274368286
5157,104,6,0.06047644466161728,-0.24722783267498016,-0.1632554680109024,0.18902379274368286
5158,104,7,0.2487207055091858,-0.21011102199554443,-0.1632554680109024,0.18902379274368286
5159,104,8,0.09234292805194855,-0.20604217052459717,-0.1632554680109024,0.18902379274368286
5160,104,9,0.05942985415458679,-0.17339681088924408,-0.1632554680109024,0.18902379274368286
5161,104,10,-0.12870098650455475,-0.5149257779121399,-0.1632554680109024,0.18902379274368286
5162,104,11,-0.30992555618286133,0.4557251036167145,-0.1632554680109024,0.18902379274368286
5163,104,12,-0.23614436388015747,-0.0926131084561348,-0.1632554680109024,0.18902379274368286
5164,104,13,0.12419415265321732,-0.07008633017539978,-0.1632554680109024,0.18902379274368286
5165,104,14,0.4203738868236542,-0.0629442110657692,-0.1632554680109024,0.18902379274368286
5166,104,15,0.6254130601882935,-0.16998156905174255,-0.1632554680109024,0.18902379274368286
5167,104,16,0.42680931091308594,-0.104029081761837,-0.1632554680109024,0.18902379274368286
5168,104,17,0.25140148401260376,0.06405676156282425,-0.1632554680109024,0.18902379274368286
5169,104,18,0.20968934893608093,-0.5314005017280579,-0.1632554680109024,0.18902379274368286
5170,104,19,0.3055848479270935,-0.3126737177371979,-0.1632554680109024,0.18902379274368286
5171,104,20,0.06163174659013748,-0.4711499512195587,-0.1632554680109024,0.18902379274368286
5172,104,21,-0.16949990391731262,-0.3648122251033783,-0.1632554680109024,0.18902379274368286
5173,104,22,0.06666209548711777,-0.6400001049041748,-0.1632554680109024,0.18902379274368286
5174,104,23,-0.03409118577837944,0.33885976672172546,-0.1632554680109024,0.18902379274368286
5175,104,24,-0.0025036323349922895,0.18838544189929962,-0.1632554680109024,0.18902379274368286
5176,104,25,-0.07986881583929062,0.2308618426322937,-0.1632554680109024,0.18902379274368286
5177,104,26,-0.25388839840888977,0.15977203845977783,-0.1632554680109024,0.18902379274368286
5178,104,27,-0.15906858444213867,-0.1487058848142624,-0.1632554680109024,0.18902379274368286
5179,104,28,-0.25982654094696045,0.09082622826099396,-0.1632554680109024,0.18902379274368286
5180,104,29,-0.05593801662325859,-0.2821798324584961,-0.1632554680109024,0.18902379274368286
5181,104,30,0.18485918641090393,-0.33570221066474915,-0.1632554680109024,0.18902379274368286
5182,104,31,0.21086294949054718,0.26137664914131165,-0.1632554680109024,0.18902379274368286
5183,104,32,0.22943246364593506,-0.3229852318763733,-0.1632554680109024,0.18902379274368286
5184,104,33,0.04013839736580849,-0.3359861671924591,-0.1632554680109024,0.18902379274368286
5185,104,34,0.07470673322677612,-0.04889450967311859,-0.1632554680109024,0.18902379274368286
5186,104,35,-0.008816070854663849,-0.04839315637946129,-0.1632554680109024,0.18902379274368286
5187,104,36,0.12360116839408875,0.3291182816028595,-0.1632554680109024,0.18902379274368286
5188,104,37,0.3495791256427765,0.2571103870868683,-0.1632554680109024,0.18902379274368286
5189,104,38,-0.028452642261981964,-0.1362922042608261,-0.1632554680109024,0.18902379274368286
5190,104,39,-0.13770723342895508,0.15101002156734467,-0.1632554680109024,0.18902379274368286
5191,104,40,-0.1019873172044754,-0.003030963707715273,-0.1632554680109024,0.18902379274368286
5192,104,41,-0.3021225333213806,-0.18509837985038757,-0.1632554680109024,0.18902379274368286
5193,104,42,-0.23177574574947357,0.25073978304862976,-0.1632554680109024,0.18902379274368286
5194,104,43,-0.3094034492969513,-0.28286758065223694,-0.1632554680109024,0.18902379274368286
5195,104,44,-0.2629213035106659,0.23079319298267365,-0.1632554680109024,0.18902379274368286
5196,104,45,-0.23795653879642487,-0.6084340214729309,-0.1632554680109024,0.18902379274368286
5197,104,46,-0.09944581240415573,-0.09197895228862762,-0.1632554680109024,0.18902379274368286
5198,104,47,-0.2450479418039322,-0.34539827704429626,-0.1632554680109024,0.18902379274368286
5199,104,48,0.42709118127822876,-0.12302915751934052,-0.1632554680109024,0.18902379274368286
5200,104,49,0.14323753118515015,0.23113171756267548,-0.1632554680109024,0.18902379274368286
5201,105,0,-0.14123281836509705,-0.5806331634521484,-0.167111337184906,0.196580171585083
5202,105,1,0.014286384917795658,0.002330807037651539,-0.167111337184906,0.196580171585083
5203,105,2,-0.21743877232074738,-0.4596657454967499,-0.167111337184906,0.196580171585083
5204,105,3,0.14319953322410583,0.04729241877794266,-0.167111337184906,0.196580171585083
5205,105,4,0.08630181849002838,0.2662412226200104,-0.167111337184906,0.196580171585083
5206,105,5,-0.05885728821158409,-0.2780952453613281,-0.167111337184906,0.196580171585083
5207,105,6,0.23688450455665588,0.21199141442775726,-0.167111337184906,0.196580171585083
5208,105,7,0.20451620221138,-0.4834471642971039,-0.167111337184906,0.196580171585083
5209,105,8,-0.29913294315338135,-0.41733115911483765,-0.167111337184906,0.196580171585083
5210,105,9,-0.2772548198699951,-0.5935145020484924,-0.167111337184906,0.196580171585083
5211,105,10,-0.0929589495062828,-0.11708737164735794,-0.167111337184906,0.196580171585083
5212,105,11,-0.6337284445762634,0.21882875263690948,-0.167111337184906,0.196580171585083
5213,105,12,-0.11920186877250671,-0.47446495294570923,-0.167111337184906,0.196580171585083
5214,105,13,-0.12529532611370087,-0.13474515080451965,-0.167111337184906,0.196580171585083
5215,105,14,-0.12348642945289612,0.1892462521791458,-0.167111337184906,0.196580171585083
5216,105,15,-0.0252245906740427,-0.37484976649284363,-0.167111337184906,0.196580171585083
5217,105,16,-0.06117108091711998,-0.012119482271373272,-0.167111337184906,0.196580171585083
5218,105,17,0.04157476872205734,-0.8714326620101929,-0.167111337184906,0.196580171585083
5219,105,18,0.15465806424617767,-0.10524889826774597,-0.167111337184906,0.196580171585083
5220,105,19,0.07748516649007797,-0.6344988346099854,-0.167111337184906,0.196580171585083
5221,105,20,0.0018812924390658736,-0.08580980449914932,-0.167111337184906,0.196580171585083
5222,105,21,0.39521434903144836,-0.49275901913642883,-0.167111337184906,0.196580171585083
5223,105,22,0.07638272643089294,-0.23589976131916046,-0.167111337184906,0.196580171585083
5224,105,23,0.15753227472305298,0.2550641894340515,-0.167111337184906,0.196580171585083
5225,105,24,0.02742530219256878,-0.41034048795700073,-0.167111337184906,0.196580171585083
5226,105,25,0.058362945914268494,-0.19873356819152832,-0.167111337184906,0.196580171585083
5227,105,26,0.011460074223577976,0.01846911571919918,-0.167111337184906,0.196580171585083
5228,105,27,-0.07030340284109116,-0.06527633219957352,-0.167111337184906,0.196580171585083
5229,105,28,0.016372254118323326,0.182956725358963,-0.167111337184906,0.196580171585083
5230,105,29,0.2705598771572113,-0.43275186419487,-0.167111337184906,0.196580171585083
5231,105,30,0.05696335807442665,-0.3425107002258301,-0.167111337184906,0.196580171585083
5232,105,31,-0.281606525182724,-0.31628721952438354,-0.167111337184906,0.196580171585083
5233,105,32,0.09286865592002869,0.29792872071266174,-0.167111337184906,0.196580171585083
5234,105,33,-0.18553473055362701,0.06862027943134308,-0.167111337184906,0.196580171585083
5235,105,34,-0.2595338225364685,-0.16414855420589447,-0.167111337184906,0.196580171585083
5236,105,35,-0.07630759477615356,0.46807533502578735,-0.167111337184906,0.196580171585083
5237,105,36,0.09570189565420151,0.1150936633348465,-0.167111337184906,0.196580171585083
5238,105,37,0.1624675840139389,0.07380983233451843,-0.167111337184906,0.196580171585083
5239,105,38,0.03193874657154083,0.1735309511423111,-0.167111337184906,0.196580171585083
5240,105,39,-0.23066414892673492,-0.23290254175662994,-0.167111337184906,0.196580171585083
5241,105,40,-0.31035247445106506,-0.34374281764030457,-0.167111337184906,0.196580171585083
5242,105,41,-0.2671521008014679,-0.44427189230918884,-0.167111337184906,0.196580171585083
5243,105,42,-0.3889268636703491,0.09604312479496002,-0.167111337184906,0.196580171585083
5244,105,43,-0.44441214203834534,0.4930098056793213,-0.167111337184906,0.196580171585083
5245,105,44,-0.10499219596385956,-0.3534470200538635,-0.167111337184906,0.196580171585083
5246,105,45,0.033848222345113754,0.1438690423965454,-0.167111337184906,0.196580171585083
5247,105,46,-0.2996111512184143,0.09203633666038513,-0.167111337184906,0.196580171585083
5248,105,47,-0.20513565838336945,-0.4061949849128723,-0.167111337184906,0.196580171585083
5249,105,48,-0.11985623091459274,0.15924720466136932,-0.167111337184906,0.196580171585083
5250,105,49,0.04592014104127884,0.09288972616195679,-0.167111337184906,0.196580171585083
5251,106,0,-0.13336457312107086,-0.3935946822166443,-0.19062772393226624,0.17560537159442902
5252,106,1,-0.12281927466392517,0.4516300559043884,-0.19062772393226624,0.17560537159442902
5253,106,2,0.23755855858325958,-0.639983594417572,-0.19062772393226624,0.17560537159442902
5254,106,3,0.07768423855304718,-0.43980109691619873,-0.19062772393226624,0.17560537159442902
5255,106,4,0.01282020378857851,0.10600515455007553,-0.19062772393226624,0.17560537159442902
5256,106,5,0.10469353199005127,-0.3789482116699219,-0.19062772393226624,0.17560537159442902
5257,106,6,-0.036240145564079285,0.012883883900940418,-0.19062772393226624,0.17560537159442902
5258,106,7,-0.014398504048585892,-0.37844979763031006,-0.19062772393226624,0.17560537159442902
5259,106,8,0.08182833343744278,-0.6889880299568176,-0.19062772393226624,0.17560537159442902
5260,106,9,-0.04948301240801811,-0.2597561180591583,-0.19062772393226624,0.17560537159442902
5261,106,10,-0.19176295399665833,0.3387531638145447,-0.19062772393226624,0.17560537159442902
5262,106,11,-0.13908690214157104,-0.00954582542181015,-0.19062772393226624,0.17560537159442902
5263,106,12,-0.20021629333496094,-0.07470694929361343,-0.19062772393226624,0.17560537159442902
5264,106,13,-0.28745484352111816,0.023868758231401443,-0.19062772393226624,0.17560537159442902
5265,106,14,-0.05465146154165268,-0.5965871810913086,-0.19062772393226624,0.17560537159442902
5266,106,15,-0.3645254969596863,-0.09615746140480042,-0.19062772393226624,0.17560537159442902
5267,106,16,-0.4067889451980591,0.5505533218383789,-0.19062772393226624,0.17560537159442902
5268,106,17,0.014670100063085556,-0.08753219991922379,-0.19062772393226624,0.17560537159442902
5269,106,18,0.2924167215824127,-0.28364795446395874,-0.19062772393226624,0.17560537159442902
5270,106,19,0.04998205974698067,-0.2013765573501587,-0.19062772393226624,0.17560537159442902
5271,106,20,0.2152431607246399,0.3537537753582001,-0.19062772393226624,0.17560537159442902
5272,106,21,0.09101223945617676,0.28236183524131775,-0.19062772393226624,0.17560537159442902
5273,106,22,-0.006523631047457457,-0.32273685932159424,-0.19062772393226624,0.17560537159442902
5274,106,23,0.21268607676029205,-0.00620624516159296,-0.19062772393226624,0.17560537159442902
5275,106,24,0.32581958174705505,0.2247573584318161,-0.19062772393226624,0.17560537159442902
5276,106,25,0.4334706664085388,0.13490189611911774,-0.19062772393226624,0.17560537159442902
5277,106,26,0.3859618902206421,0.17975477874279022,-0.19062772393226624,0.17560537159442902
5278,106,27,0.00026533310301601887,-0.18322378396987915,-0.19062772393226624,0.17560537159442902
5279,106,28,-0.0712101012468338,0.026792731136083603,-0.19062772393226624,0.17560537159442902
5280,106,29,-0.06811297684907913,-0.29992958903312683,-0.19062772393226624,0.17560537159442902
5281,106,30,0.036985673010349274,-0.10112247616052628,-0.19062772393226624,0.17560537159442902
5282,106,31,0.10216984897851944,-0.09528195112943649,-0.19062772393226624,0.17560537159442902
5283,106,32,0.27528056502342224,-0.068984754383564,-0.19062772393226624,0.17560537159442902
5284,106,33,0.3640679121017456,-0.5102827548980713,-0.19062772393226624,0.17560537159442902
5285,106,34,0.334379643201828,-0.13253208994865417,-0.19062772393226624,0.17560537159442902
5286,106,35,-0.032475490123033524,-0.36081939935684204,-0.19062772393226624,0.17560537159442902
5287,106,36,0.009235882200300694,-0.5170175433158875,-0.19062772393226624,0.17560537159442902
5288,106,37,0.18120981752872467,0.28230607509613037,-0.19062772393226624,0.17560537159442902
5289,106,38,0.14428912103176117,0.04879068210721016,-0.19062772393226624,0.17560537159442902
5290,106,39,-0.029485927894711494,-0.18395072221755981,-0.19062772393226624,0.17560537159442902
5291,106,40,-0.0911937952041626,-0.4098423719406128,-0.19062772393226624,0.17560537159442902
5292,106,41,-0.10469715297222137,0.13473203778266907,-0.19062772393226624,0.17560537159442902
5293,106,42,-0.053191397339105606,-0.456820547580719,-0.19062772393226624,0.17560537159442902
5294,106,43,-0.1791122853755951,-0.041406430304050446,-0.19062772393226624,0.17560537159442902
5295,106,44,-0.18424366414546967,-0.57485032081604,-0.19062772393226624,0.17560537159442902
5296,106,45,0.13992613554000854,-0.19676852226257324,-0.19062772393226624,0.17560537159442902
5297,106,46,0.06819072365760803,-0.08519232273101807,-0.19062772393226624,0.17560537159442902
5298,106,47,0.09161512553691864,0.050019826740026474,-0.19062772393226624,0.17560537159442902
5299,106,48,0.39805251359939575,-0.17431814968585968,-0.19062772393226624,0.17560537159442902
5300,106,49,0.0842747613787651,-0.10899797827005386,-0.19062772393226624,0.17560537159442902
5301,107,0,-0.00545514514669776,-0.15989543497562408,-0.1870630532503128,0.1598544716835022
5302,107,1,-0.27403903007507324,-0.41255414485931396,-0.1870630532503128,0.1598544716835022
5303,107,2,-0.1359769105911255,-0.22775037586688995,-0.1870630532503128,0.1598544716835022
5304,107,3,-0.08769439905881882,-0.22491498291492462,-0.1870630532503128,0.1598544716835022
5305,107,4,-0.23349089920520782,-0.3295447826385498,-0.1870630532503128,0.1598544716835022
5306,107,5,-0.1699783354997635,-0.2588750720024109,-0.1870630532503128,0.1598544716835022
5307,107,6,-0.15389735996723175,-0.30259254574775696,-0.1870630532503128,0.1598544716835022
5308,107,7,-0.40127167105674744,-0.4325018525123596,-0.1870630532503128,0.1598544716835022
5309,107,8,-0.4179188311100006,-0.5340384244918823,-0.1870630532503128,0.1598544716835022
5310,107,9,-0.23807287216186523,-0.15110069513320923,-0.1870630532503128,0.1598544716835022
5311,107,10,0.23942585289478302,0.04478428512811661,-0.1870630532503128,0.1598544716835022
5312,107,11,0.2999749481678009,-0.07317116111516953,-0.1870630532503128,0.1598544716835022
5313,107,12,0.32174167037010193,-0.08412346243858337,-0.1870630532503128,0.1598544716835022
5314,107,13,0.3915706276893616,-0.3131450414657593,-0.1870630532503128,0.1598544716835022
5315,107,14,0.39230775833129883,0.3086310029029846,-0.1870630532503128,0.1598544716835022
5316,107,15,-0.15128570795059204,0.08575743436813354,-0.1870630532503128,0.1598544716835022
5317,107,16,-0.1960013061761856,-0.2817469537258148,-0.1870630532503128,0.1598544716835022
5318,107,17,0.0598791241645813,-0.0492493212223053,-0.1870630532503128,0.1598544716835022
5319,107,18,-0.029774360358715057,-0.3441360592842102,-0.1870630532503128,0.1598544716835022
5320,107,19,-0.1039997786283493,-0.2843606472015381,-0.1870630532503128,0.1598544716835022
5321,107,20,0.3197779357433319,-0.22432830929756165,-0.1870630532503128,0.1598544716835022
5322,107,21,0.07767096906900406,0.22995057702064514,-0.1870630532503128,0.1598544716835022
5323,107,22,-0.2976642847061157,-0.07191544771194458,-0.1870630532503128,0.1598544716835022
5324,107,23,-0.17518562078475952,-0.3665089011192322,-0.1870630532503128,0.1598544716835022
5325,107,24,0.2424844652414322,-0.4106557369232178,-0.1870630532503128,0.1598544716835022
5326,107,25,0.20006005465984344,-0.1954648792743683,-0.1870630532503128,0.1598544716835022
5327,107,26,-0.3728969991207123,-0.3311784863471985,-0.1870630532503128,0.1598544716835022
5328,107,27,-0.38167309761047363,-0.09661054611206055,-0.1870630532503128,0.1598544716835022
5329,107,28,-0.004481758456677198,-0.024295175448060036,-0.1870630532503128,0.1598544716835022
5330,107,29,0.21491795778274536,-0.4967085123062134,-0.1870630532503128,0.1598544716835022
5331,107,30,0.1172638013958931,-0.26719918847084045,-0.1870630532503128,0.1598544716835022
5332,107,31,0.3261686861515045,-0.7424737215042114,-0.1870630532503128,0.1598544716835022
5333,107,32,0.1497776061296463,-0.33160510659217834,-0.1870630532503128,0.1598544716835022
5334,107,33,0.14116518199443817,0.15560472011566162,-0.1870630532503128,0.1598544716835022
5335,107,34,-0.03766753152012825,-0.3344273567199707,-0.1870630532503128,0.1598544716835022
5336,107,35,-0.15340422093868256,-0.40566200017929077,-0.1870630532503128,0.1598544716835022
5337,107,36,-0.2552447021007538,-0.5077816247940063,-0.1870630532503128,0.1598544716835022
5338,107,37,-0.394869863986969,-0.0338614396750927,-0.1870630532503128,0.1598544716835022
5339,107,38,-0.16883507370948792,0.14529995620250702,-0.1870630532503128,0.1598544716835022
5340,107,39,0.14294396340847015,0.032757434993982315,-0.1870630532503128,0.1598544716835022
5341,107,40,0.21294406056404114,-0.11611878871917725,-0.1870630532503128,0.1598544716835022
5342,107,41,0.02128073014318943,-0.3015819787979126,-0.1870630532503128,0.1598544716835022
5343,107,42,0.23663190007209778,0.02387174218893051,-0.1870630532503128,0.1598544716835022
5344,107,43,0.18717603385448456,-0.04480227455496788,-0.1870630532503128,0.1598544716835022
5345,107,44,-0.09250451624393463,-0.5733751654624939,-0.1870630532503128,0.1598544716835022
5346,107,45,0.06301029771566391,-0.3388664126396179,-0.1870630532503128,0.1598544716835022
5347,107,46,0.19911311566829681,-0.2666124999523163,-0.1870630532503128,0.1598544716835022
5348,107,47,0.1100713387131691,-0.11372483521699905,-0.1870630532503128,0.1598544716835022
5349,107,48,0.1303306668996811,-0.1065547913312912,-0.1870630532503128,0.1598544716835022
5350,107,49,-0.019731327891349792,0.1139165610074997,-0.1870630532503128,0.1598544716835022
5351,108,0,-0.034811925143003464,0.4367225468158722,-0.15626898407936096,0.1535252034664154
5352,108,1,-0.38818269968032837,0.03837002068758011,-0.15626898407936096,0.1535252034664154
5353,108,2,-0.5504603385925293,-0.4852656424045563,-0.15626898407936096,0.1535252034664154
5354,108,3,-0.3613930642604828,-0.5121371150016785,-0.15626898407936096,0.1535252034664154
5355,108,4,-0.3367216885089874,0.014288926497101784,-0.15626898407936096,0.1535252034664154
5356,108,5,0.24435624480247498,-0.2764319181442261,-0.15626898407936096,0.1535252034664154
5357,108,6,0.26827067136764526,-0.3235127925872803,-0.15626898407936096,0.1535252034664154
5358,108,7,0.007843905128538609,-0.15637466311454773,-0.15626898407936096,0.1535252034664154
5359,108,8,0.026048900559544563,0.019114473834633827,-0.15626898407936096,0.1535252034664154
5360,108,9,-0.013289757072925568,0.23200593888759613,-0.15626898407936096,0.1535252034664154
5361,108,10,-0.047424618154764175,-0.2827134430408478,-0.15626898407936096,0.1535252034664154
5362,108,11,0.12900181114673615,-0.3412623107433319,-0.15626898407936096,0.1535252034664154
5363,108,12,0.2160753458738327,0.16913087666034698,-0.15626898407936096,0.1535252034664154
5364,108,13,-0.07818257808685303,-0.37820306420326233,-0.15626898407936096,0.1535252034664154
5365,108,14,-0.31147703528404236,-0.38951998949050903,-0.15626898407936096,0.1535252034664154
5366,108,15,-0.3080618381500244,0.07321568578481674,-0.15626898407936096,0.1535252034664154
5367,108,16,-0.19175760447978973,-0.09167135506868362,-0.15626898407936096,0.1535252034664154
5368,108,17,-0.11465375125408173,-0.018617283552885056,-0.15626898407936096,0.1535252034664154
5369,108,18,-0.20319616794586182,-0.4989047944545746,-0.15626898407936096,0.1535252034664154
5370,108,19,0.049102552235126495,-0.19058337807655334,-0.15626898407936096,0.1535252034664154
5371,108,20,0.3527984023094177,-0.26384004950523376,-0.15626898407936096,0.1535252034664154
5372,108,21,0.3217577040195465,-0.3212350010871887,-0.15626898407936096,0.1535252034664154
5373,108,22,0.13422717154026031,-0.12709234654903412,-0.15626898407936096,0.1535252034664154
5374,108,23,-0.07311668246984482,-0.13356472551822662,-0.15626898407936096,0.1535252034664154
5375,108,24,0.01624377816915512,-0.3535381853580475,-0.15626898407936096,0.1535252034664154
5376,108,25,-0.05132582038640976,0.11938054859638214,-0.15626898407936096,0.1535252034664154
5377,108,26,-0.3738856613636017,-0.4421566128730774,-0.15626898407936096,0.1535252034664154
5378,108,27,-0.49174341559410095,-0.07395061105489731,-0.15626898407936096,0.1535252034664154
5379,108,28,-0.07071543484926224,0.019650226458907127,-0.15626898407936096,0.1535252034664154
5380,108,29,0.046278808265924454,0.40621623396873474,-0.15626898407936096,0.1535252034664154
5381,108,30,0.1310255229473114,-0.048665210604667664,-0.15626898407936096,0.1535252034664154
5382,108,31,0.15404565632343292,-0.23165136575698853,-0.15626898407936096,0.1535252034664154
5383,108,32,0.13338813185691833,-0.06531981378793716,-0.15626898407936096,0.1535252034664154
5384,108,33,0.24498562514781952,0.1083059161901474,-0.15626898407936096,0.1535252034664154
5385,108,34,0.2969749867916107,-0.23517820239067078,-0.15626898407936096,0.1535252034664154
5386,108,35,0.21378937363624573,0.34799376130104065,-0.15626898407936096,0.1535252034664154
5387,108,36,0.10918177664279938,0.17988163232803345,-0.15626898407936096,0.1535252034664154
5388,108,37,0.12132999300956726,-0.468406617641449,-0.15626898407936096,0.1535252034664154
5389,108,38,-0.06415857374668121,-0.31790050864219666,-0.15626898407936096,0.1535252034664154
5390,108,39,-0.12622982263565063,-0.8218729496002197,-0.15626898407936096,0.1535252034664154
5391,108,40,0.05831964313983917,-0.7144002318382263,-0.15626898407936096,0.1535252034664154
5392,108,41,-0.03699846565723419,-0.09068900346755981,-0.15626898407936096,0.1535252034664154
5393,108,42,0.2915811240673065,0.0880516842007637,-0.15626898407936096,0.1535252034664154
5394,108,43,0.260419636964798,-0.07741256803274155,-0.15626898407936096,0.1535252034664154
5395,108,44,0.25528383255004883,-0.5420876741409302,-0.15626898407936096,0.1535252034664154
5396,108,45,0.5021388530731201,-0.2117658406496048,-0.15626898407936096,0.1535252034664154
5397,108,46,0.4199214279651642,-0.38447141647338867,-0.15626898407936096,0.1535252034664154
5398,108,47,0.08447478711605072,-0.06895504891872406,-0.15626898407936096,0.1535252034664154
5399,108,48,0.22751428186893463,-0.08275061845779419,-0.15626898407936096,0.1535252034664154
5400,108,49,0.4323994815349579,-0.03908566012978554,-0.15626898407936096,0.1535252034664154
5401,109,0,-0.27255111932754517,-0.21991600096225739,-0.14262224733829498,0.15611335635185242
5402,109,1,-0.19298742711544037,-0.40878525376319885,-0.14262224733829498,0.15611335635185242
5403,109,2,-0.2346022129058838,-0.16855226457118988,-0.14262224733829498,0.15611335635185242
5404,109,3,-0.34121665358543396,0.22438521683216095,-0.14262224733829498,0.15611335635185242
5405,109,4,-0.27316001057624817,-0.30703005194664,-0.14262224733829498,0.15611335635185242
5406,109,5,-0.08164463192224503,-0.3265340328216553,-0.14262224733829498,0.15611335635185242
5407,109,6,0.06308329105377197,-0.32433435320854187,-0.14262224733829498,0.15611335635185242
5408,109,7,0.21157637238502502,0.09960104525089264,-0.14262224733829498,0.15611335635185242
5409,109,8,-0.023758916184306145,-0.07540462166070938,-0.14262224733829498,0.15611335635185242
5410,109,9,-0.06633797287940979,-0.3486558794975281,-0.14262224733829498,0.15611335635185242
5411,109,10,0.2060592770576477,-0.3191441297531128,-0.14262224733829498,0.15611335635185242
5412,109,11,0.1620306819677353,-0.23475275933742523,-0.14262224733829498,0.15611335635185242
5413,109,12,0.2031261920928955,-0.09051744639873505,-0.14262224733829498,0.15611335635185242
5414,109,13,0.22197012603282928,0.021866850554943085,-0.14262224733829498,0.15611335635185242
5415,109,14,0.18837293982505798,-0.1388804018497467,-0.14262224733829498,0.15611335635185242
5416,109,15,-0.09919720143079758,-0.2002280354499817,-0.14262224733829498,0.15611335635185242
5417,109,16,-0.07704228162765503,0.011978961527347565,-0.14262224733829498,0.15611335635185242
5418,109,17,-0.021419700235128403,0.1936044991016388,-0.14262224733829498,0.15611335635185242
5419,109,18,-0.06401345878839493,-0.17598487436771393,-0.14262224733829498,0.15611335635185242
5420,109,19,-0.3206384479999542,-0.3987039625644684,-0.14262224733829498,0.15611335635185242
5421,109,20,-0.438559889793396,-0.5049439072608948,-0.14262224733829498,0.15611335635185242
5422,109,21,-0.4211808741092682,-0.5502461791038513,-0.14262224733829498,0.15611335635185242
5423,109,22,-0.20977671444416046,0.0741981789469719,-0.14262224733829498,0.15611335635185242
5424,109,23,-0.017037542536854744,0.2286957949399948,-0.14262224733829498,0.15611335635185242
5425,109,24,0.1917363852262497,-0.15784215927124023,-0.14262224733829498,0.15611335635185242
5426,109,25,-0.027344200760126114,0.20577487349510193,-0.14262224733829498,0.15611335635185242
5427,109,26,-0.0025681520346552134,0.26685795187950134,-0.14262224733829498,0.15611335635185242
5428,109,27,0.004086834844201803,-0.27394577860832214,-0.14262224733829498,0.15611335635185242
5429,109,28,0.12198513001203537,-0.0071011935360729694,-0.14262224733829498,0.15611335635185242
5430,109,29,0.14845407009124756,-0.008505481295287609,-0.14262224733829498,0.15611335635185242
5431,109,30,0.0032118039671331644,-0.09940483421087265,-0.14262224733829498,0.15611335635185242
5432,109,31,0.07681964337825775,-0.034375403076410294,-0.14262224733829498,0.15611335635185242
5433,109,32,-0.03514617308974266,-0.280848890542984,-0.14262224733829498,0.15611335635185242
5434,109,33,0.1732870191335678,0.37068942189216614,-0.14262224733829498,0.15611335635185242
5435,109,34,0.21621663868427277,-0.29077374935150146,-0.14262224733829498,0.15611335635185242
5436,109,35,0.28045007586479187,-0.03907060623168945,-0.14262224733829498,0.15611335635185242
5437,109,36,0.12699274718761444,0.22855110466480255,-0.14262224733829498,0.15611335635185242
5438,109,37,0.08463498950004578,-0.8621655106544495,-0.14262224733829498,0.15611335635185242
5439,109,38,-0.1434481292963028,0.016120241954922676,-0.14262224733829498,0.15611335635185242
5440,109,39,-0.2904761731624603,-0.32798880338668823,-0.14262224733829498,0.15611335635185242
5441,109,40,-0.043721433728933334,0.50681072473526,-0.14262224733829498,0.15611335635185242
5442,109,41,-0.28405022621154785,0.2300686240196228,-0.14262224733829498,0.15611335635185242
5443,109,42,-0.31780940294265747,0.19114091992378235,-0.14262224733829498,0.15611335635185242
5444,109,43,-0.10408671200275421,-0.17579737305641174,-0.14262224733829498,0.15611335635185242
5445,109,44,-0.2428397238254547,0.022550247609615326,-0.14262224733829498,0.15611335635185242
5446,109,45,-0.2589438855648041,0.15133492648601532,-0.14262224733829498,0.15611335635185242
5447,109,46,0.005101862829178572,-0.21789070963859558,-0.14262224733829498,0.15611335635185242
5448,109,47,-0.28643733263015747,-0.2833671271800995,-0.14262224733829498,0.15611335635185242
5449,109,48,-0.10654611885547638,0.05353290215134621,-0.14262224733829498,0.15611335635185242
5450,109,49,0.044360045343637466,0.20369988679885864,-0.14262224733829498,0.15611335635185242
5451,110,0,0.04361705482006073,0.1296396255493164,-0.13313935697078705,0.1442277729511261
5452,110,1,0.22733287513256073,-0.07756295800209045,-0.13313935697078705,0.1442277729511261
5453,110,2,-0.034795135259628296,-0.645999014377594,-0.13313935697078705,0.1442277729511261
5454,110,3,-0.11471384018659592,-0.48241451382637024,-0.13313935697078705,0.1442277729511261
5455,110,4,0.15334708988666534,0.2777412235736847,-0.13313935697078705,0.1442277729511261
5456,110,5,0.40997835993766785,-0.37973785400390625,-0.13313935697078705,0.1442277729511261
5457,110,6,0.5341005325317383,0.00244309613481164,-0.13313935697078705,0.1442277729511261
5458,110,7,0.4382931888103485,0.02286619506776333,-0.13313935697078705,0.1442277729511261
5459,110,8,0.2726972997188568,0.0922369584441185,-0.13313935697078705,0.1442277729511261
5460,110,9,0.3118339776992798,-0.14429457485675812,-0.13313935697078705,0.1442277729511261
5461,110,10,0.1285247951745987,-0.20046201348304749,-0.13313935697078705,0.1442277729511261
5462,110,11,0.15482139587402344,-0.4536292850971222,-0.13313935697078705,0.1442277729511261
5463,110,12,0.1260792762041092,0.13987071812152863,-0.13313935697078705,0.1442277729511261
5464,110,13,-0.11436470597982407,-0.42925387620925903,-0.13313935697078705,0.1442277729511261
5465,110,14,-0.24169287085533142,-0.09381788223981857,-0.13313935697078705,0.1442277729511261
5466,110,15,-0.09978809952735901,-0.09774386137723923,-0.13313935697078705,0.1442277729511261
5467,110,16,-0.028176259249448776,-0.1243504136800766,-0.13313935697078705,0.1442277729511261
5468,110,17,0.3057778477668762,0.14455044269561768,-0.13313935697078705,0.1442277729511261
5469,110,18,0.2687007486820221,0.22837942838668823,-0.13313935697078705,0.1442277729511261
5470,110,19,-0.13688494265079498,-0.1562136709690094,-0.13313935697078705,0.1442277729511261
5471,110,20,-0.44902899861335754,0.5077963471412659,-0.13313935697078705,0.1442277729511261
5472,110,21,-0.2078581154346466,-0.1238284558057785,-0.13313935697078705,0.1442277729511261
5473,110,22,0.12957605719566345,-0.31564927101135254,-0.13313935697078705,0.1442277729511261
5474,110,23,0.17748793959617615,-0.24361106753349304,-0.13313935697078705,0.1442277729511261
5475,110,24,-0.12006799876689911,-0.3471812605857849,-0.13313935697078705,0.1442277729511261
5476,110,25,-0.17777250707149506,0.036599673330783844,-0.13313935697078705,0.1442277729511261
5477,110,26,0.1883900761604309,-0.24763651192188263,-0.13313935697078705,0.1442277729511261
5478,110,27,-0.06261508166790009,-0.1903529018163681,-0.13313935697078705,0.1442277729511261
5479,110,28,-0.2305864691734314,-0.3437144160270691,-0.13313935697078705,0.1442277729511261
5480,110,29,-0.164592444896698,-0.0689634159207344,-0.13313935697078705,0.1442277729511261
5481,110,30,-0.18919754028320312,0.08507915586233139,-0.13313935697078705,0.1442277729511261
5482,110,31,-0.009650123305618763,-0.08663757145404816,-0.13313935697078705,0.1442277729511261
5483,110,32,0.2716166377067566,0.01707364059984684,-0.13313935697078705,0.1442277729511261
5484,110,33,0.2770797312259674,-0.23474103212356567,-0.13313935697078705,0.1442277729511261
5485,110,34,0.43063223361968994,-0.1894228309392929,-0.13313935697078705,0.1442277729511261
5486,110,35,-0.1442020982503891,0.23370958864688873,-0.13313935697078705,0.1442277729511261
5487,110,36,-0.3065336048603058,-0.1589111089706421,-0.13313935697078705,0.1442277729511261
5488,110,37,-0.17108753323554993,0.14111214876174927,-0.13313935697078705,0.1442277729511261
5489,110,38,-0.06993349641561508,0.43975701928138733,-0.13313935697078705,0.1442277729511261
5490,110,39,0.050681039690971375,-0.14434735476970673,-0.13313935697078705,0.1442277729511261
5491,110,40,0.08182009309530258,-0.12957289814949036,-0.13313935697078705,0.1442277729511261
5492,110,41,-0.054965145885944366,-0.07354702055454254,-0.13313935697078705,0.1442277729511261
5493,110,42,-0.2023375928401947,-0.005072508007287979,-0.13313935697078705,0.1442277729511261
5494,110,43,-0.07840793579816818,-0.13384240865707397,-0.13313935697078705,0.1442277729511261
5495,110,44,0.1883140653371811,-0.42006438970565796,-0.13313935697078705,0.1442277729511261
5496,110,45,0.18593834340572357,-0.3745487630367279,-0.13313935697078705,0.1442277729511261
5497,110,46,0.1909460723400116,0.1260715276002884,-0.13313935697078705,0.1442277729511261
5498,110,47,0.10931622236967087,-0.6673704385757446,-0.13313935697078705,0.1442277729511261
5499,110,48,-1.9788376448559575e-05,0.2091762125492096,-0.13313935697078705,0.1442277729511261
5500,110,49,0.28560981154441833,-0.20795416831970215,-0.13313935697078705,0.1442277729511261
5501,111,0,0.07676257938146591,-0.3563327193260193,-0.14178328216075897,0.13631917536258698
5502,111,1,-0.05448275804519653,-0.1016920879483223,-0.14178328216075897,0.13631917536258698
5503,111,2,-0.2821825444698334,-0.2268274873495102,-0.14178328216075897,0.13631917536258698
5504,111,3,-0.3948211967945099,-0.46420836448669434,-0.14178328216075897,0.13631917536258698
5505,111,4,-0.37965667247772217,0.05988302454352379,-0.14178328216075897,0.13631917536258698
5506,111,5,-0.35465845465660095,0.05312788486480713,-0.14178328216075897,0.13631917536258698
5507,111,6,0.052530739456415176,-0.3418973386287689,-0.14178328216075897,0.13631917536258698
5508,111,7,0.27460527420043945,0.11997979879379272,-0.14178328216075897,0.13631917536258698
5509,111,8,0.1941813826560974,-0.22960610687732697,-0.14178328216075897,0.13631917536258698
5510,111,9,-0.14797534048557281,0.16491283476352692,-0.14178328216075897,0.13631917536258698
5511,111,10,-0.23664072155952454,0.21114204823970795,-0.14178328216075897,0.13631917536258698
5512,111,11,-0.3085622787475586,0.45350325107574463,-0.14178328216075897,0.13631917536258698
5513,111,12,-0.18540184199810028,-0.35105961561203003,-0.14178328216075897,0.13631917536258698
5514,111,13,0.01558765396475792,-0.48156681656837463,-0.14178328216075897,0.13631917536258698
5515,111,14,-0.02796834520995617,-0.5131262540817261,-0.14178328216075897,0.13631917536258698
5516,111,15,0.19533388316631317,-0.12328653037548065,-0.14178328216075897,0.13631917536258698
5517,111,16,0.17468060553073883,-0.040543101727962494,-0.14178328216075897,0.13631917536258698
5518,111,17,0.15659022331237793,-0.14022526144981384,-0.14178328216075897,0.13631917536258698
5519,111,18,0.46983572840690613,-0.42584508657455444,-0.14178328216075897,0.13631917536258698
5520,111,19,0.2706339955329895,-0.45816564559936523,-0.14178328216075897,0.13631917536258698
5521,111,20,-0.13330624997615814,-0.2774539589881897,-0.14178328216075897,0.13631917536258698
5522,111,21,-0.11660979688167572,-0.4970211982727051,-0.14178328216075897,0.13631917536258698
5523,111,22,-0.0960431843996048,-0.6440660953521729,-0.14178328216075897,0.13631917536258698
5524,111,23,-0.15224473178386688,0.15287187695503235,-0.14178328216075897,0.13631917536258698
5525,111,24,0.10945547372102737,-0.07674229890108109,-0.14178328216075897,0.13631917536258698
5526,111,25,0.27987584471702576,-0.49410280585289,-0.14178328216075897,0.13631917536258698
5527,111,26,-0.13755038380622864,0.08523441851139069,-0.14178328216075897,0.13631917536258698
5528,111,27,-0.06482475996017456,-0.13698776066303253,-0.14178328216075897,0.13631917536258698
5529,111,28,0.040248457342386246,-0.14436040818691254,-0.14178328216075897,0.13631917536258698
5530,111,29,0.010365898720920086,-0.0397980771958828,-0.14178328216075897,0.13631917536258698
5531,111,30,0.036559369415044785,-0.22036944329738617,-0.14178328216075897,0.13631917536258698
5532,111,31,0.09924649447202682,0.15434952080249786,-0.14178328216075897,0.13631917536258698
5533,111,32,0.11129093170166016,0.2661643922328949,-0.14178328216075897,0.13631917536258698
5534,111,33,-0.21658597886562347,0.12345699965953827,-0.14178328216075897,0.13631917536258698
5535,111,34,-0.08909865468740463,-0.10872547328472137,-0.14178328216075897,0.13631917536258698
5536,111,35,-0.12920254468917847,-0.062145426869392395,-0.14178328216075897,0.13631917536258698
5537,111,36,-0.022021694108843803,0.1493789404630661,-0.14178328216075897,0.13631917536258698
5538,111,37,0.35611438751220703,-0.08677317947149277,-0.14178328216075897,0.13631917536258698
5539,111,38,0.17017874121665955,-0.1200464740395546,-0.14178328216075897,0.13631917536258698
5540,111,39,-0.029103919863700867,-0.1668480932712555,-0.14178328216075897,0.13631917536258698
5541,111,40,0.02159939892590046,-0.5281174778938293,-0.14178328216075897,0.13631917536258698
5542,111,41,0.05679414048790932,0.17363804578781128,-0.14178328216075897,0.13631917536258698
5543,111,42,0.1988871544599533,-0.1389651745557785,-0.14178328216075897,0.13631917536258698
5544,111,43,0.31540682911872864,-0.4378889203071594,-0.14178328216075897,0.13631917536258698
5545,111,44,0.1559899002313614,-0.36203399300575256,-0.14178328216075897,0.13631917536258698
5546,111,45,-0.1830398291349411,0.14134933054447174,-0.14178328216075897,0.13631917536258698
5547,111,46,-0.35968488454818726,-0.8242946267127991,-0.14178328216075897,0.13631917536258698
5548,111,47,-0.42202872037887573,0.12372324615716934,-0.14178328216075897,0.13631917536258698
5549,111,48,-0.3729320764541626,-0.054809555411338806,-0.14178328216075897,0.13631917536258698
5550,111,49,-0.10029405355453491,0.40216273069381714,-0.14178328216075897,0.13631917536258698
5551,112,0,0.0686059221625328,-0.5182749032974243,-0.15381143987178802,0.12795111536979675
5552,112,1,0.11191225796937943,-0.2722829580307007,-0.15381143987178802,0.12795111536979675
5553,112,2,0.21147119998931885,-0.3078322112560272,-0.15381143987178802,0.12795111536979675
5554,112,3,0.2801366150379181,-0.325570285320282,-0.15381143987178802,0.12795111536979675
5555,112,4,0.13395431637763977,0.49189630150794983,-0.15381143987178802,0.12795111536979675
5556,112,5,-0.2140774428844452,0.2501334846019745,-0.15381143987178802,0.12795111536979675
5557,112,6,-0.024265334010124207,-0.7158064246177673,-0.15381143987178802,0.12795111536979675
5558,112,7,0.2516939640045166,-0.24899473786354065,-0.15381143987178802,0.12795111536979675
5559,112,8,0.10364289581775665,0.0027746250852942467,-0.15381143987178802,0.12795111536979675
5560,112,9,-0.10631516575813293,-0.43397337198257446,-0.15381143987178802,0.12795111536979675
5561,112,10,-0.13482461869716644,0.11141809076070786,-0.15381143987178802,0.12795111536979675
5562,112,11,0.001000095740891993,0.22491243481636047,-0.15381143987178802,0.12795111536979675
5563,112,12,-0.08006735146045685,-0.5024405121803284,-0.15381143987178802,0.12795111536979675
5564,112,13,-0.22438567876815796,0.1991664618253708,-0.15381143987178802,0.12795111536979675
5565,112,14,0.10107119381427765,-0.20260269939899445,-0.15381143987178802,0.12795111536979675
5566,112,15,-0.027773763984441757,-0.5338159799575806,-0.15381143987178802,0.12795111536979675
5567,112,16,-0.12401314824819565,-0.19153060019016266,-0.15381143987178802,0.12795111536979675
5568,112,17,0.06730246543884277,0.17305496335029602,-0.15381143987178802,0.12795111536979675
5569,112,18,0.012919104658067226,0.05452112853527069,-0.15381143987178802,0.12795111536979675
5570,112,19,0.08081646263599396,0.043968211859464645,-0.15381143987178802,0.12795111536979675
5571,112,20,-0.056007202714681625,-0.05035179480910301,-0.15381143987178802,0.12795111536979675
5572,112,21,-0.1943860799074173,-0.03938356414437294,-0.15381143987178802,0.12795111536979675
5573,112,22,0.15101855993270874,0.05687246844172478,-0.15381143987178802,0.12795111536979675
5574,112,23,0.3457415997982025,-0.3625596761703491,-0.15381143987178802,0.12795111536979675
5575,112,24,0.36727553606033325,0.423435240983963,-0.15381143987178802,0.12795111536979675
5576,112,25,0.13549718260765076,-0.1828269511461258,-0.15381143987178802,0.12795111536979675
5577,112,26,-0.14025500416755676,-0.26274174451828003,-0.15381143987178802,0.12795111536979675
5578,112,27,-0.18352057039737701,-0.14971677958965302,-0.15381143987178802,0.12795111536979675
5579,112,28,-0.3076307773590088,-0.16383503377437592,-0.15381143987178802,0.12795111536979675
5580,112,29,-0.17035676538944244,0.10996871441602707,-0.15381143987178802,0.12795111536979675
5581,112,30,0.13358770310878754,-0.5960543751716614,-0.15381143987178802,0.12795111536979675
5582,112,31,0.024746449664235115,-0.060405850410461426,-0.15381143987178802,0.12795111536979675
5583,112,32,-0.09170220047235489,-0.28195831179618835,-0.15381143987178802,0.12795111536979675
5584,112,33,0.15559853613376617,-0.31620121002197266,-0.15381143987178802,0.12795111536979675
5585,112,34,0.4218142330646515,-0.2617030441761017,-0.15381143987178802,0.12795111536979675
5586,112,35,0.291258305311203,-0.06394562125205994,-0.15381143987178802,0.12795111536979675
5587,112,36,0.23440615832805634,-0.11648789793252945,-0.15381143987178802,0.12795111536979675
5588,112,37,0.25410088896751404,0.13869132101535797,-0.15381143987178802,0.12795111536979675
5589,112,38,0.26812639832496643,-0.05269508436322212,-0.15381143987178802,0.12795111536979675
5590,112,39,0.13866710662841797,-0.12596248090267181,-0.15381143987178802,0.12795111536979675
5591,112,40,0.20843908190727234,-0.1048782467842102,-0.15381143987178802,0.12795111536979675
5592,112,41,0.2260473519563675,-0.25581640005111694,-0.15381143987178802,0.12795111536979675
5593,112,42,0.15506330132484436,0.1987759917974472,-0.15381143987178802,0.12795111536979675
5594,112,43,0.19765950739383698,0.2634078562259674,-0.15381143987178802,0.12795111536979675
5595,112,44,-0.14665119349956512,-0.40581923723220825,-0.15381143987178802,0.12795111536979675
5596,112,45,-0.21065574884414673,0.0679180696606636,-0.15381143987178802,0.12795111536979675
5597,112,46,-0.16993822157382965,0.2662195861339569,-0.15381143987178802,0.12795111536979675
5598,112,47,-0.22639164328575134,-0.028109172359108925,-0.15381143987178802,0.12795111536979675
5599,112,48,-0.15419059991836548,-0.029250800609588623,-0.15381143987178802,0.12795111536979675
5600,112,49,0.10039397329092026,-0.5962414741516113,-0.15381143987178802,0.12795111536979675
5601,113,0,0.14736023545265198,-0.422343909740448,-0.17504030466079712,0.12373492866754532
5602,113,1,0.022477520629763603,-0.17221961915493011,-0.17504030466079712,0.12373492866754532
5603,113,2,-0.1800096184015274,-0.22973012924194336,-0.17504030466079712,0.12373492866754532
5604,113,3,-0.25455257296562195,-0.07679213583469391,-0.17504030466079712,0.12373492866754532
5605,113,4,0.06946839392185211,-0.23291265964508057,-0.17504030466079712,0.12373492866754532
5606,113,5,0.04034019261598587,0.24938593804836273,-0.17504030466079712,0.12373492866754532
5607,113,6,-0.1887662261724472,-0.10036109387874603,-0.17504030466079712,0.12373492866754532
5608,113,7,-0.043772242963314056,0.10586660355329514,-0.17504030466079712,0.12373492866754532
5609,113,8,0.41906049847602844,-0.4152224659919739,-0.17504030466079712,0.12373492866754532
5610,113,9,0.08319301903247833,-0.4445837140083313,-0.17504030466079712,0.12373492866754532
5611,113,10,-0.15713483095169067,-0.05786137655377388,-0.17504030466079712,0.12373492866754532
5612,113,11,-0.12453782558441162,0.35018202662467957,-0.17504030466079712,0.12373492866754532
5613,113,12,-0.2868393659591675,-0.06617292016744614,-0.17504030466079712,0.12373492866754532
5614,113,13,-0.14463135600090027,-0.14184202253818512,-0.17504030466079712,0.12373492866754532
5615,113,14,0.23854126036167145,-0.02170761488378048,-0.17504030466079712,0.12373492866754532
5616,113,15,0.3704760670661926,-0.11023221909999847,-0.17504030466079712,0.12373492866754532
5617,113,16,0.27564430236816406,-0.23919834196567535,-0.17504030466079712,0.12373492866754532
5618,113,17,0.10492614656686783,-0.29682251811027527,-0.17504030466079712,0.12373492866754532
5619,113,18,0.11866449564695358,0.1724650263786316,-0.17504030466079712,0.12373492866754532
5620,113,19,-0.09238424897193909,-0.06585194915533066,-0.17504030466079712,0.12373492866754532
5621,113,20,-0.03609977290034294,-0.21422700583934784,-0.17504030466079712,0.12373492866754532
5622,113,21,0.12180560827255249,-0.5845572352409363,-0.17504030466079712,0.12373492866754532
5623,113,22,-0.06456685066223145,0.3110782206058502,-0.17504030466079712,0.12373492866754532
5624,113,23,0.1213797926902771,-0.08257360756397247,-0.17504030466079712,0.12373492866754532
5625,113,24,0.39943867921829224,-0.07272523641586304,-0.17504030466079712,0.12373492866754532
5626,113,25,0.4283515512943268,-0.15450531244277954,-0.17504030466079712,0.12373492866754532
5627,113,26,0.6483261585235596,0.002494445303454995,-0.17504030466079712,0.12373492866754532
5628,113,27,0.6965606212615967,-0.22869521379470825,-0.17504030466079712,0.12373492866754532
5629,113,28,0.24077856540679932,0.4206571578979492,-0.17504030466079712,0.12373492866754532
5630,113,29,-0.1757512092590332,-0.2991556227207184,-0.17504030466079712,0.12373492866754532
5631,113,30,-0.2742880880832672,-0.6216026544570923,-0.17504030466079712,0.12373492866754532
5632,113,31,0.044364817440509796,0.08710230141878128,-0.17504030466079712,0.12373492866754532
5633,113,32,0.20351679623126984,-0.5257373452186584,-0.17504030466079712,0.12373492866754532
5634,113,33,0.42910778522491455,0.1112028956413269,-0.17504030466079712,0.12373492866754532
5635,113,34,0.20431938767433167,-0.17786277830600739,-0.17504030466079712,0.12373492866754532
5636,113,35,-0.17351104319095612,-0.33850663900375366,-0.17504030466079712,0.12373492866754532
5637,113,36,-0.14107534289360046,-0.0772286057472229,-0.17504030466079712,0.12373492866754532
5638,113,37,-0.2602478861808777,0.2363060712814331,-0.17504030466079712,0.12373492866754532
5639,113,38,0.07248234003782272,0.02252987213432789,-0.17504030466079712,0.12373492866754532
5640,113,39,0.10072697699069977,0.0551285594701767,-0.17504030466079712,0.12373492866754532
5641,113,40,-0.25895994901657104,-0.33944058418273926,-0.17504030466079712,0.12373492866754532
5642,113,41,-0.23473884165287018,-0.012560674920678139,-0.17504030466079712,0.12373492866754532
5643,113,42,-0.1610584855079651,0.38634568452835083,-0.17504030466079712,0.12373492866754532
5644,113,43,-0.10147587954998016,-0.16008228063583374,-0.17504030466079712,0.12373492866754532
5645,113,44,-0.000743373588193208,-0.20404359698295593,-0.17504030466079712,0.12373492866754532
5646,113,45,0.2032904028892517,-0.34701037406921387,-0.17504030466079712,0.12373492866754532
5647,113,46,0.45137855410575867,-0.012361105531454086,-0.17504030466079712,0.12373492866754532
5648,113,47,0.36675843596458435,-0.3198738694190979,-0.17504030466079712,0.12373492866754532
5649,113,48,0.49824705719947815,0.3299754559993744,-0.17504030466079712,0.12373492866754532
5650,113,49,0.15218979120254517,0.38104933500289917,-0.17504030466079712,0.12373492866754532
5651,114,0,-0.4801523685455322,0.2709224820137024,-0.19106721878051758,0.14183589816093445
5652,114,1,0.112298384308815,-0.03920732066035271,-0.19106721878051758,0.14183589816093445
5653,114,2,-0.21660512685775757,-0.10998480021953583,-0.19106721878051758,0.14183589816093445
5654,114,3,-0.038366880267858505,-0.07074617594480515,-0.19106721878051758,0.14183589816093445
5655,114,4,0.2749760150909424,-0.468247652053833,-0.19106721878051758,0.14183589816093445
5656,114,5,0.30457934737205505,-0.12518535554409027,-0.19106721878051758,0.14183589816093445
5657,114,6,-0.23258061707019806,-0.16782310605049133,-0.19106721878051758,0.14183589816093445
5658,114,7,-0.15810760855674744,-0.009699377231299877,-0.19106721878051758,0.14183589816093445
5659,114,8,0.1439191699028015,-0.282998263835907,-0.19106721878051758,0.14183589816093445
5660,114,9,-0.009039691649377346,0.04737875610589981,-0.19106721878051758,0.14183589816093445
5661,114,10,-0.27369070053100586,-0.1818433552980423,-0.19106721878051758,0.14183589816093445
5662,114,11,-0.32108768820762634,0.22887422144412994,-0.19106721878051758,0.14183589816093445
5663,114,12,0.012847992591559887,-0.12399976700544357,-0.19106721878051758,0.14183589816093445
5664,114,13,0.1382169872522354,-0.4608238637447357,-0.19106721878051758,0.14183589816093445
5665,114,14,0.21033701300621033,-0.06397217512130737,-0.19106721878051758,0.14183589816093445
5666,114,15,-0.1454545110464096,-0.10174688696861267,-0.19106721878051758,0.14183589816093445
5667,114,16,0.03673775494098663,-0.011165664531290531,-0.19106721878051758,0.14183589816093445
5668,114,17,0.3515866696834564,-0.14035527408123016,-0.19106721878051758,0.14183589816093445
5669,114,18,0.18428276479244232,-0.1356978416442871,-0.19106721878051758,0.14183589816093445
5670,114,19,-0.10842860490083694,-0.03456779941916466,-0.19106721878051758,0.14183589816093445
5671,114,20,-0.2421538084745407,-0.18944264948368073,-0.19106721878051758,0.14183589816093445
5672,114,21,-0.18510082364082336,-0.1661403775215149,-0.19106721878051758,0.14183589816093445
5673,114,22,-0.24540427327156067,-0.3157539665699005,-0.19106721878051758,0.14183589816093445
5674,114,23,-0.19343441724777222,-0.14715971052646637,-0.19106721878051758,0.14183589816093445
5675,114,24,-0.2675086259841919,0.16280576586723328,-0.19106721878051758,0.14183589816093445
5676,114,25,-0.29159340262413025,-0.029421159997582436,-0.19106721878051758,0.14183589816093445
5677,114,26,-0.18154284358024597,-0.31189078092575073,-0.19106721878051758,0.14183589816093445
5678,114,27,-0.09409459680318832,-0.011889941990375519,-0.19106721878051758,0.14183589816093445
5679,114,28,-0.09399666637182236,0.2585545480251312,-0.19106721878051758,0.14183589816093445
5680,114,29,-0.2710078954696655,-0.24794495105743408,-0.19106721878051758,0.14183589816093445
5681,114,30,-0.2020646333694458,-0.1588326245546341,-0.19106721878051758,0.14183589816093445
5682,114,31,-0.048576947301626205,-0.01303865946829319,-0.19106721878051758,0.14183589816093445
5683,114,32,-0.263687402009964,-0.18634755909442902,-0.19106721878051758,0.14183589816093445
5684,114,33,-0.20448890328407288,0.17225396633148193,-0.19106721878051758,0.14183589816093445
5685,114,34,-0.05926467850804329,-0.3773529827594757,-0.19106721878051758,0.14183589816093445
5686,114,35,-0.20574598014354706,-0.3986949622631073,-0.19106721878051758,0.14183589816093445
5687,114,36,-0.17034278810024261,-0.40289708971977234,-0.19106721878051758,0.14183589816093445
5688,114,37,-0.18556644022464752,-0.2946074903011322,-0.19106721878051758,0.14183589816093445
5689,114,38,-0.1734023094177246,-0.045126840472221375,-0.19106721878051758,0.14183589816093445
5690,114,39,-0.1241152212023735,-0.5195696353912354,-0.19106721878051758,0.14183589816093445
5691,114,40,0.005935091990977526,0.07721857726573944,-0.19106721878051758,0.14183589816093445
5692,114,41,0.27224093675613403,-0.1532941460609436,-0.19106721878051758,0.14183589816093445
5693,114,42,0.4640832245349884,-0.416860967874527,-0.19106721878051758,0.14183589816093445
5694,114,43,0.3053150177001953,0.2124316543340683,-0.19106721878051758,0.14183589816093445
5695,114,44,-0.25520995259284973,-0.4579688310623169,-0.19106721878051758,0.14183589816093445
5696,114,45,-0.5109991431236267,-0.493429034948349,-0.19106721878051758,0.14183589816093445
5697,114,46,-0.34104543924331665,-0.1001814603805542,-0.19106721878051758,0.14183589816093445
5698,114,47,-0.10763558745384216,0.06543593108654022,-0.19106721878051758,0.14183589816093445
5699,114,48,-0.269896537065506,0.05166046693921089,-0.19106721878051758,0.14183589816093445
5700,114,49,0.041537344455718994,0.1745939552783966,-0.19106721878051758,0.14183589816093445
5701,115,0,-0.2135184407234192,-0.2258003205060959,-0.1918146014213562,0.13044852018356323
5702,115,1,-0.1255067139863968,0.12594686448574066,-0.1918146014213562,0.13044852018356323
5703,115,2,0.314786434173584,0.3160557448863983,-0.1918146014213562,0.13044852018356323
5704,115,3,-0.0748135969042778,-0.44230252504348755,-0.1918146014213562,0.13044852018356323
5705,115,4,-0.11337390542030334,-0.37232843041419983,-0.1918146014213562,0.13044852018356323
5706,115,5,0.19212447106838226,-0.47051745653152466,-0.1918146014213562,0.13044852018356323
5707,115,6,0.2179989516735077,-0.4639860689640045,-0.1918146014213562,0.13044852018356323
5708,115,7,0.354143351316452,-0.006816226523369551,-0.1918146014213562,0.13044852018356323
5709,115,8,0.09180343896150589,-0.38378939032554626,-0.1918146014213562,0.13044852018356323
5710,115,9,-0.14001867175102234,0.2047017365694046,-0.1918146014213562,0.13044852018356323
5711,115,10,-0.16975529491901398,-0.5274405479431152,-0.1918146014213562,0.13044852018356323
5712,115,11,-0.26054853200912476,-0.43719303607940674,-0.1918146014213562,0.13044852018356323
5713,115,12,-0.051746219396591187,0.11677753180265427,-0.1918146014213562,0.13044852018356323
5714,115,13,0.19383805990219116,0.031655453145504,-0.1918146014213562,0.13044852018356323
5715,115,14,0.1469167172908783,-0.2502254545688629,-0.1918146014213562,0.13044852018356323
5716,115,15,-0.035494543612003326,-0.26391899585723877,-0.1918146014213562,0.13044852018356323
5717,115,16,-0.12540926039218903,-0.17768602073192596,-0.1918146014213562,0.13044852018356323
5718,115,17,-0.15326029062271118,-0.6608566641807556,-0.1918146014213562,0.13044852018356323
5719,115,18,-0.2774925231933594,-0.4929085075855255,-0.1918146014213562,0.13044852018356323
5720,115,19,0.045423686504364014,0.10217926651239395,-0.1918146014213562,0.13044852018356323
5721,115,20,0.08297809213399887,-0.36816221475601196,-0.1918146014213562,0.13044852018356323
5722,115,21,0.13346101343631744,-0.144429013133049,-0.1918146014213562,0.13044852018356323
5723,115,22,0.4849701225757599,-0.42532840371131897,-0.1918146014213562,0.13044852018356323
5724,115,23,0.2517428696155548,0.00017616180412005633,-0.1918146014213562,0.13044852018356323
5725,115,24,-0.29122069478034973,-0.34247297048568726,-0.1918146014213562,0.13044852018356323
5726,115,25,0.026850350201129913,-0.03451760113239288,-0.1918146014213562,0.13044852018356323
5727,115,26,0.23595969378948212,-0.14563027024269104,-0.1918146014213562,0.13044852018356323
5728,115,27,0.21383807063102722,0.20153719186782837,-0.1918146014213562,0.13044852018356323
5729,115,28,0.14017809927463531,0.05649169906973839,-0.1918146014213562,0.13044852018356323
5730,115,29,-0.07711141556501389,-0.49262747168540955,-0.1918146014213562,0.13044852018356323
5731,115,30,-0.3430298864841461,-0.04810238257050514,-0.1918146014213562,0.13044852018356323
5732,115,31,-0.369105726480484,-0.33430877327919006,-0.1918146014213562,0.13044852018356323
5733,115,32,0.08182495832443237,0.08575564622879028,-0.1918146014213562,0.13044852018356323
5734,115,33,0.16286715865135193,-0.5457380414009094,-0.1918146014213562,0.13044852018356323
5735,115,34,0.576974093914032,0.06121983006596565,-0.1918146014213562,0.13044852018356323
5736,115,35,0.6045964360237122,-0.08555377274751663,-0.1918146014213562,0.13044852018356323
5737,115,36,0.21927008032798767,-0.4858042895793915,-0.1918146014213562,0.13044852018356323
5738,115,37,-0.17372111976146698,-0.09347596019506454,-0.1918146014213562,0.13044852018356323
5739,115,38,-0.10043016076087952,-0.5361014604568481,-0.1918146014213562,0.13044852018356323
5740,115,39,-0.02375113032758236,-0.1340235471725464,-0.1918146014213562,0.13044852018356323
5741,115,40,0.19941535592079163,-0.37798118591308594,-0.1918146014213562,0.13044852018356323
5742,115,41,0.2501058578491211,-0.17678451538085938,-0.1918146014213562,0.13044852018356323
5743,115,42,0.0914839580655098,-0.24026481807231903,-0.1918146014213562,0.13044852018356323
5744,115,43,-0.1941617727279663,-0.3327234387397766,-0.1918146014213562,0.13044852018356323
5745,115,44,-0.32251086831092834,-0.26624831557273865,-0.1918146014213562,0.13044852018356323
5746,115,45,-0.21050307154655457,-0.3212762475013733,-0.1918146014213562,0.13044852018356323
5747,115,46,-0.14261601865291595,-0.08528829365968704,-0.1918146014213562,0.13044852018356323
5748,115,47,-0.2083272486925125,-0.29712316393852234,-0.1918146014213562,0.13044852018356323
5749,115,48,0.0543377585709095,-0.3267022371292114,-0.1918146014213562,0.13044852018356323
5750,115,49,0.009955985471606255,-0.3752310276031494,-0.1918146014213562,0.13044852018356323
5751,116,0,-0.3728398084640503,-0.4918684661388397,-0.17307351529598236,0.11246799677610397
5752,116,1,-0.3164198696613312,0.06368380784988403,-0.17307351529598236,0.11246799677610397
5753,116,2,-0.18643344938755035,-0.17946575582027435,-0.17307351529598236,0.11246799677610397
5754,116,3,0.4308568835258484,-0.20168276131153107,-0.17307351529598236,0.11246799677610397
5755,116,4,0.7152557969093323,-0.4051094055175781,-0.17307351529598236,0.11246799677610397
5756,116,5,0.19321885704994202,-0.5371459126472473,-0.17307351529598236,0.11246799677610397
5757,116,6,-0.38373470306396484,-0.09282571822404861,-0.17307351529598236,0.11246799677610397
5758,116,7,-0.3175343871116638,-0.04997698962688446,-0.17307351529598236,0.11246799677610397
5759,116,8,-0.19143106043338776,-0.18409214913845062,-0.17307351529598236,0.11246799677610397
5760,116,9,-0.06373508274555206,-0.012000740505754948,-0.17307351529598236,0.11246799677610397
5761,116,10,-0.030848762020468712,-0.29503771662712097,-0.17307351529598236,0.11246799677610397
5762,116,11,0.002944381209090352,-0.003543751547113061,-0.17307351529598236,0.11246799677610397
5763,116,12,-0.33115580677986145,-0.37582552433013916,-0.17307351529598236,0.11246799677610397
5764,116,13,-0.10659608244895935,-0.39931708574295044,-0.17307351529598236,0.11246799677610397
5765,116,14,0.1408933699131012,-0.09555232524871826,-0.17307351529598236,0.11246799677610397
5766,116,15,-0.0909128487110138,-0.09392748773097992,-0.17307351529598236,0.11246799677610397
5767,116,16,0.12289454787969589,-0.3633010685443878,-0.17307351529598236,0.11246799677610397
5768,116,17,0.3053869605064392,-0.22966693341732025,-0.17307351529598236,0.11246799677610397
5769,116,18,-0.04110840708017349,-0.16667217016220093,-0.17307351529598236,0.11246799677610397
5770,116,19,-0.3395441472530365,-0.36122068762779236,-0.17307351529598236,0.11246799677610397
5771,116,20,0.02861155942082405,-0.3139462471008301,-0.17307351529598236,0.11246799677610397
5772,116,21,0.13676191866397858,-0.3884226977825165,-0.17307351529598236,0.11246799677610397
5773,116,22,-0.17721790075302124,-0.5758969783782959,-0.17307351529598236,0.11246799677610397
5774,116,23,-0.1010102927684784,-0.3012726902961731,-0.17307351529598236,0.11246799677610397
5775,116,24,0.22534547746181488,-0.2604305148124695,-0.17307351529598236,0.11246799677610397
5776,116,25,0.46285948157310486,-0.3148157596588135,-0.17307351529598236,0.11246799677610397
5777,116,26,0.1646665781736374,-0.10501755774021149,-0.17307351529598236,0.11246799677610397
5778,116,27,-0.04671724885702133,-0.4115610122680664,-0.17307351529598236,0.11246799677610397
5779,116,28,-0.24103888869285583,-0.504633903503418,-0.17307351529598236,0.11246799677610397
5780,116,29,-0.20373079180717468,-0.5641306042671204,-0.17307351529598236,0.11246799677610397
5781,116,30,-0.056707173585891724,-0.32366129755973816,-0.17307351529598236,0.11246799677610397
5782,116,31,0.3129020035266876,-0.17813001573085785,-0.17307351529598236,0.11246799677610397
5783,116,32,0.2466958612203598,-0.3150953948497772,-0.17307351529598236,0.11246799677610397
5784,116,33,-0.12733706831932068,0.004981274250894785,-0.17307351529598236,0.11246799677610397
5785,116,34,-0.1315094530582428,-0.5359044075012207,-0.17307351529598236,0.11246799677610397
5786,116,35,-0.0870150551199913,-0.14543209969997406,-0.17307351529598236,0.11246799677610397
5787,116,36,0.28365734219551086,-0.3700210154056549,-0.17307351529598236,0.11246799677610397
5788,116,37,0.4768945276737213,-0.2919899821281433,-0.17307351529598236,0.11246799677610397
5789,116,38,0.5019751191139221,-0.09122232347726822,-0.17307351529598236,0.11246799677610397
5790,116,39,0.1995270848274231,0.0673256441950798,-0.17307351529598236,0.11246799677610397
5791,116,40,0.06852319091558456,-0.28454938530921936,-0.17307351529598236,0.11246799677610397
5792,116,41,0.08110099285840988,-0.21126791834831238,-0.17307351529598236,0.11246799677610397
5793,116,42,-0.06983867287635803,-0.2743309736251831,-0.17307351529598236,0.11246799677610397
5794,116,43,-0.050031211227178574,-0.4843359887599945,-0.17307351529598236,0.11246799677610397
5795,116,44,-0.029667876660823822,-0.08161117881536484,-0.17307351529598236,0.11246799677610397
5796,116,45,-0.2447027862071991,-0.1807735711336136,-0.17307351529598236,0.11246799677610397
5797,116,46,-0.2809455990791321,-0.1789475679397583,-0.17307351529598236,0.11246799677610397
5798,116,47,0.17862533032894135,-0.22330595552921295,-0.17307351529598236,0.11246799677610397
5799,116,48,-0.10366129130125046,-0.28556838631629944,-0.17307351529598236,0.11246799677610397
5800,116,49,0.015111693181097507,0.05306005850434303,-0.17307351529598236,0.11246799677610397
5801,117,0,-0.05523090064525604,-0.32656329870224,-0.1656910479068756,0.10781688243150711
5802,117,1,0.013431691564619541,-0.3691861033439636,-0.1656910479068756,0.10781688243150711
5803,117,2,-0.10899712890386581,0.35591840744018555,-0.1656910479068756,0.10781688243150711
5804,117,3,-0.26873713731765747,0.1651609092950821,-0.1656910479068756,0.10781688243150711
5805,117,4,-0.2968928813934326,0.3041006922721863,-0.1656910479068756,0.10781688243150711
5806,117,5,-0.5215809941291809,-0.4145367443561554,-0.1656910479068756,0.10781688243150711
5807,117,6,-0.46597054600715637,-0.15348578989505768,-0.1656910479068756,0.10781688243150711
5808,117,7,-0.1147429347038269,-0.05190233141183853,-0.1656910479068756,0.10781688243150711
5809,117,8,-0.124597929418087,0.03655442222952843,-0.1656910479068756,0.10781688243150711
5810,117,9,0.06235009804368019,-0.6281940340995789,-0.1656910479068756,0.10781688243150711
5811,117,10,0.1476907730102539,-0.2176666110754013,-0.1656910479068756,0.10781688243150711
5812,117,11,0.29952460527420044,-0.241041362285614,-0.1656910479068756,0.10781688243150711
5813,117,12,0.29675883054733276,0.12186893820762634,-0.1656910479068756,0.10781688243150711
5814,117,13,-0.1852353811264038,-0.5017144083976746,-0.1656910479068756,0.10781688243150711
5815,117,14,-0.43336552381515503,-0.2347702831029892,-0.1656910479068756,0.10781688243150711
5816,117,15,-0.1594133973121643,0.22386455535888672,-0.1656910479068756,0.10781688243150711
5817,117,16,0.028744999319314957,-0.29281818866729736,-0.1656910479068756,0.10781688243150711
5818,117,17,-0.015937967225909233,-0.24195128679275513,-0.1656910479068756,0.10781688243150711
5819,117,18,-0.03730040416121483,-0.10227863490581512,-0.1656910479068756,0.10781688243150711
5820,117,19,-0.125038281083107,-0.2246980220079422,-0.1656910479068756,0.10781688243150711
5821,117,20,-0.04586583003401756,-0.13606129586696625,-0.1656910479068756,0.10781688243150711
5822,117,21,0.02385740354657173,-0.6350340247154236,-0.1656910479068756,0.10781688243150711
5823,117,22,-0.0252352487295866,-0.13742919266223907,-0.1656910479068756,0.10781688243150711
5824,117,23,0.022620873525738716,-0.4446568489074707,-0.1656910479068756,0.10781688243150711
5825,117,24,0.14878983795642853,-0.5141865015029907,-0.1656910479068756,0.10781688243150711
5826,117,25,-0.13772907853126526,-0.1184864491224289,-0.1656910479068756,0.10781688243150711
5827,117,26,-0.26514050364494324,-0.14712265133857727,-0.1656910479068756,0.10781688243150711
5828,117,27,0.27405157685279846,0.2103346586227417,-0.1656910479068756,0.10781688243150711
5829,117,28,0.29138800501823425,-0.4786432683467865,-0.1656910479068756,0.10781688243150711
5830,117,29,-0.1014336422085762,-0.6373615860939026,-0.1656910479068756,0.10781688243150711
5831,117,30,-0.12095487117767334,-0.3322121500968933,-0.1656910479068756,0.10781688243150711
5832,117,31,0.15743888914585114,-0.6504551768302917,-0.1656910479068756,0.10781688243150711
5833,117,32,0.16800622642040253,-0.39033007621765137,-0.1656910479068756,0.10781688243150711
5834,117,33,0.15959703922271729,-0.4677698016166687,-0.1656910479068756,0.10781688243150711
5835,117,34,0.22174952924251556,-0.6951674222946167,-0.1656910479068756,0.10781688243150711
5836,117,35,-0.024165038019418716,-0.4411661922931671,-0.1656910479068756,0.10781688243150711
5837,117,36,-0.05083445459604263,-0.09206705540418625,-0.1656910479068756,0.10781688243150711
5838,117,37,-0.14603078365325928,-0.18224169313907623,-0.1656910479068756,0.10781688243150711
5839,117,38,0.1027054712176323,-0.42575666308403015,-0.1656910479068756,0.10781688243150711
5840,117,39,0.04699955880641937,-0.08305368572473526,-0.1656910479068756,0.10781688243150711
5841,117,40,-0.09553053230047226,-0.343399316072464,-0.1656910479068756,0.10781688243150711
5842,117,41,-0.20292702317237854,-0.41821789741516113,-0.1656910479068756,0.10781688243150711
5843,117,42,0.040518540889024734,-0.2115241140127182,-0.1656910479068756,0.10781688243150711
5844,117,43,-0.1511983573436737,-0.36785781383514404,-0.1656910479068756,0.10781688243150711
5845,117,44,-0.01743755117058754,-0.37548452615737915,-0.1656910479068756,0.10781688243150711
5846,117,45,0.41205206513404846,-0.27389055490493774,-0.1656910479068756,0.10781688243150711
5847,117,46,-0.08782695233821869,-0.2917537987232208,-0.1656910479068756,0.10781688243150711
5848,117,47,-0.05646391957998276,-0.16011613607406616,-0.1656910479068756,0.10781688243150711
5849,117,48,0.031186548992991447,-0.056384410709142685,-0.1656910479068756,0.10781688243150711
5850,117,49,-0.032857853919267654,-0.6287479400634766,-0.1656910479068756,0.10781688243150711
5851,118,0,-0.12335769832134247,-0.15002846717834473,-0.18755728006362915,0.1039252057671547
5852,118,1,-0.19260521233081818,-0.24428489804267883,-0.18755728006362915,0.1039252057671547
5853,118,2,-0.03626655414700508,-0.538791298866272,-0.18755728006362915,0.1039252057671547
5854,118,3,0.03688254579901695,-0.09571367502212524,-0.18755728006362915,0.1039252057671547
5855,118,4,0.08117881417274475,-0.6437389254570007,-0.18755728006362915,0.1039252057671547
5856,118,5,0.1266055405139923,-0.27476608753204346,-0.18755728006362915,0.1039252057671547
5857,118,6,0.36226794123649597,-0.0030729216523468494,-0.18755728006362915,0.1039252057671547
5858,118,7,0.36281341314315796,-0.02413843385875225,-0.18755728006362915,0.1039252057671547
5859,118,8,0.14371357858181,-0.34993335604667664,-0.18755728006362915,0.1039252057671547
5860,118,9,0.11800862103700638,-0.04093802347779274,-0.18755728006362915,0.1039252057671547
5861,118,10,0.2155310958623886,0.16224689781665802,-0.18755728006362915,0.1039252057671547
5862,118,11,0.13609878718852997,-0.1019197404384613,-0.18755728006362915,0.1039252057671547
5863,118,12,0.08137232810258865,0.14656676352024078,-0.18755728006362915,0.1039252057671547
5864,118,13,0.032253991812467575,-0.3474668860435486,-0.18755728006362915,0.1039252057671547
5865,118,14,-0.13572415709495544,0.23837797343730927,-0.18755728006362915,0.1039252057671547
5866,118,15,-0.29989174008369446,-0.4687984585762024,-0.18755728006362915,0.1039252057671547
5867,118,16,-0.3313460946083069,0.28805863857269287,-0.18755728006362915,0.1039252057671547
5868,118,17,-0.24529598653316498,-0.0362846776843071,-0.18755728006362915,0.1039252057671547
5869,118,18,-0.030818220227956772,-0.7696125507354736,-0.18755728006362915,0.1039252057671547
5870,118,19,0.23293183743953705,0.037025485187768936,-0.18755728006362915,0.1039252057671547
5871,118,20,0.00024752196623012424,0.10932890325784683,-0.18755728006362915,0.1039252057671547
5872,118,21,-0.10642688721418381,-0.20227870345115662,-0.18755728006362915,0.1039252057671547
5873,118,22,0.16840440034866333,-0.2577528953552246,-0.18755728006362915,0.1039252057671547
5874,118,23,0.08637715876102448,-0.5530511140823364,-0.18755728006362915,0.1039252057671547
5875,118,24,0.07900470495223999,-0.14945107698440552,-0.18755728006362915,0.1039252057671547
5876,118,25,0.2243974655866623,-0.31013691425323486,-0.18755728006362915,0.1039252057671547
5877,118,26,0.3055620789527893,-0.43079450726509094,-0.18755728006362915,0.1039252057671547
5878,118,27,0.26243093609809875,0.1144578605890274,-0.18755728006362915,0.1039252057671547
5879,118,28,0.06163404509425163,0.0782187432050705,-0.18755728006362915,0.1039252057671547
5880,118,29,-0.052667900919914246,-0.1621238887310028,-0.18755728006362915,0.1039252057671547
5881,118,30,-0.10350508242845535,0.04818374291062355,-0.18755728006362915,0.1039252057671547
5882,118,31,-0.12047085911035538,0.12352541089057922,-0.18755728006362915,0.1039252057671547
5883,118,32,0.057983025908470154,0.006786217913031578,-0.18755728006362915,0.1039252057671547
5884,118,33,0.09855702519416809,-0.04833492264151573,-0.18755728006362915,0.1039252057671547
5885,118,34,0.08246565610170364,-0.0886274129152298,-0.18755728006362915,0.1039252057671547
5886,118,35,0.28783735632896423,-0.377032607793808,-0.18755728006362915,0.1039252057671547
5887,118,36,0.5095201730728149,-0.36670535802841187,-0.18755728006362915,0.1039252057671547
5888,118,37,0.06007988005876541,-0.14741161465644836,-0.18755728006362915,0.1039252057671547
5889,118,38,-0.2066805511713028,-0.24770936369895935,-0.18755728006362915,0.1039252057671547
5890,118,39,0.021319681778550148,-0.06544946134090424,-0.18755728006362915,0.1039252057671547
5891,118,40,-0.01640169695019722,0.1332961469888687,-0.18755728006362915,0.1039252057671547
5892,118,41,0.16126678884029388,-0.23229938745498657,-0.18755728006362915,0.1039252057671547
5893,118,42,-0.02412267215549946,-0.29224255681037903,-0.18755728006362915,0.1039252057671547
5894,118,43,0.025387849658727646,-0.00724159786477685,-0.18755728006362915,0.1039252057671547
5895,118,44,-0.07280584424734116,-0.2716021239757538,-0.18755728006362915,0.1039252057671547
5896,118,45,-0.03253687173128128,0.14688430726528168,-0.18755728006362915,0.1039252057671547
5897,118,46,-0.11252094060182571,0.15994608402252197,-0.18755728006362915,0.1039252057671547
5898,118,47,-0.2361956536769867,-0.37953513860702515,-0.18755728006362915,0.1039252057671547
5899,118,48,-0.00210451427847147,-0.3133305013179779,-0.18755728006362915,0.1039252057671547
5900,118,49,-0.041694410145282745,-0.29010826349258423,-0.18755728006362915,0.1039252057671547
5901,119,0,-0.049623068422079086,-0.08935645967721939,-0.22323112189769745,0.10438528656959534
5902,119,1,0.4463531970977783,-0.19912578165531158,-0.22323112189769745,0.10438528656959534
5903,119,2,0.5617167949676514,-0.13731515407562256,-0.22323112189769745,0.10438528656959534
5904,119,3,0.27019229531288147,-0.10462991148233414,-0.22323112189769745,0.10438528656959534
5905,119,4,0.07231282442808151,0.18053486943244934,-0.22323112189769745,0.10438528656959534
5906,119,5,0.011312340386211872,-0.13594670593738556,-0.22323112189769745,0.10438528656959534
5907,119,6,-0.15935739874839783,-0.050491344183683395,-0.22323112189769745,0.10438528656959534
5908,119,7,-0.14722581207752228,-0.50771164894104,-0.22323112189769745,0.10438528656959534
5909,119,8,-0.08944781869649887,0.32776206731796265,-0.22323112189769745,0.10438528656959534
5910,119,9,0.23166275024414062,-0.17448028922080994,-0.22323112189769745,0.10438528656959534
5911,119,10,0.2895292639732361,0.00444469740614295,-0.22323112189769745,0.10438528656959534
5912,119,11,0.3516767621040344,0.07327236980199814,-0.22323112189769745,0.10438528656959534
5913,119,12,0.3054044246673584,-0.5005865097045898,-0.22323112189769745,0.10438528656959534
5914,119,13,0.003370864549651742,-0.43491771817207336,-0.22323112189769745,0.10438528656959534
5915,119,14,0.09112298488616943,-0.32049325108528137,-0.22323112189769745,0.10438528656959534
5916,119,15,0.21273022890090942,-0.19444264471530914,-0.22323112189769745,0.10438528656959534
5917,119,16,0.1975085735321045,-0.0658988282084465,-0.22323112189769745,0.10438528656959534
5918,119,17,0.3699851632118225,-0.34426021575927734,-0.22323112189769745,0.10438528656959534
5919,119,18,-0.036795057356357574,-0.8271586894989014,-0.22323112189769745,0.10438528656959534
5920,119,19,-0.14894329011440277,-0.0546710267663002,-0.22323112189769745,0.10438528656959534
5921,119,20,-0.05627185478806496,-0.37265780568122864,-0.22323112189769745,0.10438528656959534
5922,119,21,0.17761817574501038,-0.2922191321849823,-0.22323112189769745,0.10438528656959534
5923,119,22,-0.11309952288866043,0.010071270167827606,-0.22323112189769745,0.10438528656959534
5924,119,23,-0.22045770287513733,-0.19837652146816254,-0.22323112189769745,0.10438528656959534
5925,119,24,-0.03087656758725643,-0.09705674648284912,-0.22323112189769745,0.10438528656959534
5926,119,25,-0.28821638226509094,-0.017849648371338844,-0.22323112189769745,0.10438528656959534
5927,119,26,-0.2992585003376007,-0.0884903073310852,-0.22323112189769745,0.10438528656959534
5928,119,27,0.24206748604774475,-0.2417553961277008,-0.22323112189769745,0.10438528656959534
5929,119,28,0.2207130342721939,-0.32681408524513245,-0.22323112189769745,0.10438528656959534
5930,119,29,-0.05393980070948601,-0.11064130812883377,-0.22323112189769745,0.10438528656959534
5931,119,30,-0.04898606240749359,-0.7296630144119263,-0.22323112189769745,0.10438528656959534
5932,119,31,0.18536938726902008,-0.5350401401519775,-0.22323112189769745,0.10438528656959534
5933,119,32,0.14250753819942474,-0.25386205315589905,-0.22323112189769745,0.10438528656959534
5934,119,33,0.2770017087459564,-0.5669459700584412,-0.22323112189769745,0.10438528656959534
5935,119,34,0.22892549633979797,-0.11759939789772034,-0.22323112189769745,0.10438528656959534
5936,119,35,0.19249245524406433,-0.43556341528892517,-0.22323112189769745,0.10438528656959534
5937,119,36,0.17428754270076752,-0.15724313259124756,-0.22323112189769745,0.10438528656959534
5938,119,37,-0.09048923850059509,0.3078666031360626,-0.22323112189769745,0.10438528656959534
5939,119,38,-0.2298894077539444,-0.06271827220916748,-0.22323112189769745,0.10438528656959534
5940,119,39,-0.021019935607910156,-0.6203328371047974,-0.22323112189769745,0.10438528656959534
5941,119,40,0.24049846827983856,-0.20225189626216888,-0.22323112189769745,0.10438528656959534
5942,119,41,0.37109285593032837,-0.045858368277549744,-0.22323112189769745,0.10438528656959534
5943,119,42,0.1869981437921524,-0.7172334790229797,-0.22323112189769745,0.10438528656959534
5944,119,43,-0.014101986773312092,0.04548655450344086,-0.22323112189769745,0.10438528656959534
5945,119,44,-0.021640202030539513,-0.18449679017066956,-0.22323112189769745,0.10438528656959534
5946,119,45,0.28398895263671875,-0.33786290884017944,-0.22323112189769745,0.10438528656959534
5947,119,46,0.23674660921096802,-0.04439364746212959,-0.22323112189769745,0.10438528656959534
5948,119,47,0.0682668462395668,-0.08640167862176895,-0.22323112189769745,0.10438528656959534
5949,119,48,0.2832440435886383,-0.3202241063117981,-0.22323112189769745,0.10438528656959534
5950,119,49,0.38885927200317383,-0.07376403361558914,-0.22323112189769745,0.10438528656959534
5951,120,0,0.6070338487625122,-0.5807304382324219,-0.24665817618370056,0.12795013189315796
5952,120,1,-0.09821303933858871,-0.25048011541366577,-0.24665817618370056,0.12795013189315796
5953,120,2,-0.21119947731494904,0.04396408796310425,-0.24665817618370056,0.12795013189315796
5954,120,3,0.27209463715553284,-0.48970091342926025,-0.24665817618370056,0.12795013189315796
5955,120,4,-0.06292574107646942,-0.2649369239807129,-0.24665817618370056,0.12795013189315796
5956,120,5,-0.07257503271102905,-0.21796543896198273,-0.24665817618370056,0.12795013189315796
5957,120,6,0.11143268644809723,-0.6548510193824768,-0.24665817618370056,0.12795013189315796
5958,120,7,0.0988881066441536,-0.03820483759045601,-0.24665817618370056,0.12795013189315796
5959,120,8,0.30354639887809753,-0.029106760397553444,-0.24665817618370056,0.12795013189315796
5960,120,9,0.4598767161369324,0.1937771737575531,-0.24665817618370056,0.12795013189315796
5961,120,10,0.46794700622558594,-0.08763977885246277,-0.24665817618370056,0.12795013189315796
5962,120,11,0.3633035719394684,0.014104594476521015,-0.24665817618370056,0.12795013189315796
5963,120,12,0.1386333853006363,-0.1644030064344406,-0.24665817618370056,0.12795013189315796
5964,120,13,0.22998028993606567,-0.18992576003074646,-0.24665817618370056,0.12795013189315796
5965,120,14,0.27019011974334717,-0.41022706031799316,-0.24665817618370056,0.12795013189315796
5966,120,15,0.013061538338661194,-0.5324758887290955,-0.24665817618370056,0.12795013189315796
5967,120,16,-0.1270621418952942,-0.2404705137014389,-0.24665817618370056,0.12795013189315796
5968,120,17,-0.02113669365644455,0.27111947536468506,-0.24665817618370056,0.12795013189315796
5969,120,18,0.0817035660147667,-0.5127278566360474,-0.24665817618370056,0.12795013189315796
5970,120,19,0.13363680243492126,-0.43888068199157715,-0.24665817618370056,0.12795013189315796
5971,120,20,0.11435709148645401,-0.48845815658569336,-0.24665817618370056,0.12795013189315796
5972,120,21,0.173288956284523,-0.09813230484724045,-0.24665817618370056,0.12795013189315796
5973,120,22,-0.06495653837919235,-0.6459627747535706,-0.24665817618370056,0.12795013189315796
5974,120,23,-0.025894491001963615,-0.2594956159591675,-0.24665817618370056,0.12795013189315796
5975,120,24,0.3066847324371338,-0.4740912914276123,-0.24665817618370056,0.12795013189315796
5976,120,25,0.30548131465911865,-0.21293377876281738,-0.24665817618370056,0.12795013189315796
5977,120,26,-0.06070084497332573,-0.45625951886177063,-0.24665817618370056,0.12795013189315796
5978,120,27,-0.40472808480262756,-0.47846946120262146,-0.24665817618370056,0.12795013189315796
5979,120,28,-0.32201653718948364,-0.4486582279205322,-0.24665817618370056,0.12795013189315796
5980,120,29,-0.288810133934021,-0.24630704522132874,-0.24665817618370056,0.12795013189315796
5981,120,30,0.11159919947385788,0.04699009284377098,-0.24665817618370056,0.12795013189315796
5982,120,31,0.16656847298145294,0.11432620137929916,-0.24665817618370056,0.12795013189315796
5983,120,32,0.18141932785511017,0.06018802523612976,-0.24665817618370056,0.12795013189315796
5984,120,33,0.06073835864663124,-0.606238842010498,-0.24665817618370056,0.12795013189315796
5985,120,34,-0.21629106998443604,0.20304085314273834,-0.24665817618370056,0.12795013189315796
5986,120,35,-0.3540675938129425,-0.2101939469575882,-0.24665817618370056,0.12795013189315796
5987,120,36,0.17296698689460754,-0.10076960921287537,-0.24665817618370056,0.12795013189315796
5988,120,37,0.060243986546993256,-0.2823691964149475,-0.24665817618370056,0.12795013189315796
5989,120,38,-0.01714487560093403,-0.371112585067749,-0.24665817618370056,0.12795013189315796
5990,120,39,-0.14220896363258362,0.23951944708824158,-0.24665817618370056,0.12795013189315796
5991,120,40,-0.18936674296855927,-0.1563504934310913,-0.24665817618370056,0.12795013189315796
5992,120,41,-0.07074754685163498,-0.2611086964607239,-0.24665817618370056,0.12795013189315796
5993,120,42,0.009030314162373543,-0.06349827349185944,-0.24665817618370056,0.12795013189315796
5994,120,43,-0.09390848875045776,-0.26688453555107117,-0.24665817618370056,0.12795013189315796
5995,120,44,0.14715944230556488,-0.07263991236686707,-0.24665817618370056,0.12795013189315796
5996,120,45,0.27302491664886475,-0.2847697138786316,-0.24665817618370056,0.12795013189315796
5997,120,46,0.27685195207595825,-0.43891197443008423,-0.24665817618370056,0.12795013189315796
5998,120,47,-0.14382107555866241,-0.02117179147899151,-0.24665817618370056,0.12795013189315796
5999,120,48,-0.3136211037635803,-0.1384361982345581,-0.24665817618370056,0.12795013189315796
6000,120,49,0.10415449738502502,-0.2727053463459015,-0.24665817618370056,0.12795013189315796
6001,121,0,-0.2777557969093323,-0.4361702501773834,-0.2379617989063263,0.15286678075790405
6002,121,1,-0.09858962893486023,-0.5538110136985779,-0.2379617989063263,0.15286678075790405
6003,121,2,-0.01843501441180706,-0.16043126583099365,-0.2379617989063263,0.15286678075790405
6004,121,3,0.1911589503288269,0.060615867376327515,-0.2379617989063263,0.15286678075790405
6005,121,4,0.22767511010169983,0.02085798978805542,-0.2379617989063263,0.15286678075790405
6006,121,5,0.27758315205574036,-0.35297125577926636,-0.2379617989063263,0.15286678075790405
6007,121,6,0.22921252250671387,-0.23569521307945251,-0.2379617989063263,0.15286678075790405
6008,121,7,0.44154471158981323,-0.13315658271312714,-0.2379617989063263,0.15286678075790405
6009,121,8,0.5753259062767029,-0.5126490592956543,-0.2379617989063263,0.15286678075790405
6010,121,9,0.3021499216556549,-0.2751156687736511,-0.2379617989063263,0.15286678075790405
6011,121,10,0.19919408857822418,-0.8465737700462341,-0.2379617989063263,0.15286678075790405
6012,121,11,0.22805286943912506,-0.4403245151042938,-0.2379617989063263,0.15286678075790405
6013,121,12,0.09849558025598526,-0.40128347277641296,-0.2379617989063263,0.15286678075790405
6014,121,13,-0.02701059728860855,-0.5853609442710876,-0.2379617989063263,0.15286678075790405
6015,121,14,-0.00961912889033556,-0.1131860539317131,-0.2379617989063263,0.15286678075790405
6016,121,15,0.41511061787605286,-0.24944522976875305,-0.2379617989063263,0.15286678075790405
6017,121,16,0.2878131568431854,-0.4703294336795807,-0.2379617989063263,0.15286678075790405
6018,121,17,0.11705289781093597,-0.35245826840400696,-0.2379617989063263,0.15286678075790405
6019,121,18,-0.044175274670124054,-0.05932587385177612,-0.2379617989063263,0.15286678075790405
6020,121,19,-0.29847267270088196,-0.29148298501968384,-0.2379617989063263,0.15286678075790405
6021,121,20,-0.1797209084033966,-0.18117563426494598,-0.2379617989063263,0.15286678075790405
6022,121,21,-0.04141870513558388,-0.17115063965320587,-0.2379617989063263,0.15286678075790405
6023,121,22,-0.07076597958803177,-0.2611680030822754,-0.2379617989063263,0.15286678075790405
6024,121,23,-0.2555961012840271,-0.3908819258213043,-0.2379617989063263,0.15286678075790405
6025,121,24,-0.3033103048801422,-0.41555774211883545,-0.2379617989063263,0.15286678075790405
6026,121,25,-0.3491814434528351,-0.5409782528877258,-0.2379617989063263,0.15286678075790405
6027,121,26,-0.3434242308139801,-0.0388810932636261,-0.2379617989063263,0.15286678075790405
6028,121,27,0.14896030724048615,-0.21376536786556244,-0.2379617989063263,0.15286678075790405
6029,121,28,0.23118868470191956,-0.24097199738025665,-0.2379617989063263,0.15286678075790405
6030,121,29,0.33605602383613586,-0.4000988304615021,-0.2379617989063263,0.15286678075790405
6031,121,30,-0.1829192340373993,0.010175595059990883,-0.2379617989063263,0.15286678075790405
6032,121,31,-0.24413268268108368,-0.33501577377319336,-0.2379617989063263,0.15286678075790405
6033,121,32,0.06362789124250412,-0.33131012320518494,-0.2379617989063263,0.15286678075790405
6034,121,33,0.12615838646888733,-0.16154487431049347,-0.2379617989063263,0.15286678075790405
6035,121,34,-0.03762562572956085,-0.4032779037952423,-0.2379617989063263,0.15286678075790405
6036,121,35,-0.3719801604747772,-0.34504467248916626,-0.2379617989063263,0.15286678075790405
6037,121,36,-0.3908589780330658,0.022250346839427948,-0.2379617989063263,0.15286678075790405
6038,121,37,-0.22720776498317719,-0.43371737003326416,-0.2379617989063263,0.15286678075790405
6039,121,38,-0.24964967370033264,-0.1699279397726059,-0.2379617989063263,0.15286678075790405
6040,121,39,-0.12156761437654495,-0.5391075611114502,-0.2379617989063263,0.15286678075790405
6041,121,40,-0.17302031815052032,-0.2817498743534088,-0.2379617989063263,0.15286678075790405
6042,121,41,0.17010456323623657,-0.4945080578327179,-0.2379617989063263,0.15286678075790405
6043,121,42,-0.03569504991173744,0.11725066602230072,-0.2379617989063263,0.15286678075790405
6044,121,43,0.1809711456298828,-0.15950416028499603,-0.2379617989063263,0.15286678075790405
6045,121,44,0.2838442325592041,-0.39084863662719727,-0.2379617989063263,0.15286678075790405
6046,121,45,-0.001074517029337585,-0.2674178183078766,-0.2379617989063263,0.15286678075790405
6047,121,46,-0.1020432710647583,-0.36799293756484985,-0.2379617989063263,0.15286678075790405
6048,121,47,0.0760250836610794,-0.25845596194267273,-0.2379617989063263,0.15286678075790405
6049,121,48,0.1529754400253296,0.04014066606760025,-0.2379617989063263,0.15286678075790405
6050,121,49,-0.10213620215654373,-0.39413338899612427,-0.2379617989063263,0.15286678075790405
6051,122,0,0.24399307370185852,-0.6285324096679688,-0.21989805996418,0.16138912737369537
6052,122,1,0.28541237115859985,-0.15656600892543793,-0.21989805996418,0.16138912737369537
6053,122,2,0.34510067105293274,-0.20924492180347443,-0.21989805996418,0.16138912737369537
6054,122,3,0.33515921235084534,-0.08759322762489319,-0.21989805996418,0.16138912737369537
6055,122,4,0.17154979705810547,-0.21409392356872559,-0.21989805996418,0.16138912737369537
6056,122,5,-0.05685081332921982,-0.46385112404823303,-0.21989805996418,0.16138912737369537
6057,122,6,-0.13420045375823975,-0.3772672116756439,-0.21989805996418,0.16138912737369537
6058,122,7,0.15554440021514893,0.14182256162166595,-0.21989805996418,0.16138912737369537
6059,122,8,0.24739782512187958,-0.23954716324806213,-0.21989805996418,0.16138912737369537
6060,122,9,0.12832286953926086,-0.21611694991588593,-0.21989805996418,0.16138912737369537
6061,122,10,0.1478070169687271,-0.24588339030742645,-0.21989805996418,0.16138912737369537
6062,122,11,0.009291780181229115,-0.5475701689720154,-0.21989805996418,0.16138912737369537
6063,122,12,-0.1176004633307457,-0.17240864038467407,-0.21989805996418,0.16138912737369537
6064,122,13,0.007467035669833422,-0.16251593828201294,-0.21989805996418,0.16138912737369537
6065,122,14,0.17057296633720398,-0.23321694135665894,-0.21989805996418,0.16138912737369537
6066,122,15,0.16304898262023926,-0.1672203689813614,-0.21989805996418,0.16138912737369537
6067,122,16,0.02462233416736126,-0.12267077714204788,-0.21989805996418,0.16138912737369537
6068,122,17,-0.026914849877357483,-0.4522697925567627,-0.21989805996418,0.16138912737369537
6069,122,18,0.10174679011106491,0.26384565234184265,-0.21989805996418,0.16138912737369537
6070,122,19,0.07797953486442566,-0.3184860348701477,-0.21989805996418,0.16138912737369537
6071,122,20,0.1445939689874649,-0.16317574679851532,-0.21989805996418,0.16138912737369537
6072,122,21,-0.021242165938019753,-0.1924225091934204,-0.21989805996418,0.16138912737369537
6073,122,22,-0.3449512720108032,0.0022465225774794817,-0.21989805996418,0.16138912737369537
6074,122,23,-0.17453385889530182,-0.290760338306427,-0.21989805996418,0.16138912737369537
6075,122,24,-0.1923573613166809,0.4011356830596924,-0.21989805996418,0.16138912737369537
6076,122,25,-0.2354639172554016,-0.12334359437227249,-0.21989805996418,0.16138912737369537
6077,122,26,-0.0683223083615303,0.2321687936782837,-0.21989805996418,0.16138912737369537
6078,122,27,0.14039388298988342,-0.5539618730545044,-0.21989805996418,0.16138912737369537
6079,122,28,-0.0020114751532673836,-0.2642495930194855,-0.21989805996418,0.16138912737369537
6080,122,29,0.2174479216337204,-0.19287002086639404,-0.21989805996418,0.16138912737369537
6081,122,30,0.3891017436981201,-0.006657055579125881,-0.21989805996418,0.16138912737369537
6082,122,31,0.18705078959465027,-0.1100820004940033,-0.21989805996418,0.16138912737369537
6083,122,32,0.04473942518234253,-0.3985286355018616,-0.21989805996418,0.16138912737369537
6084,122,33,-0.12108725309371948,-0.2133864462375641,-0.21989805996418,0.16138912737369537
6085,122,34,-0.09747488051652908,-0.10971008986234665,-0.21989805996418,0.16138912737369537
6086,122,35,-0.17783741652965546,-0.4633175730705261,-0.21989805996418,0.16138912737369537
6087,122,36,-0.1107461228966713,-0.5876865983009338,-0.21989805996418,0.16138912737369537
6088,122,37,0.07981635630130768,-0.37288543581962585,-0.21989805996418,0.16138912737369537
6089,122,38,0.06443406641483307,-0.36289453506469727,-0.21989805996418,0.16138912737369537
6090,122,39,-0.11628444492816925,0.03500742465257645,-0.21989805996418,0.16138912737369537
6091,122,40,-0.12033513188362122,-0.09228869527578354,-0.21989805996418,0.16138912737369537
6092,122,41,0.026069631800055504,-0.08638887107372284,-0.21989805996418,0.16138912737369537
6093,122,42,0.17558260262012482,-0.20898939669132233,-0.21989805996418,0.16138912737369537
6094,122,43,0.31352534890174866,-0.19926071166992188,-0.21989805996418,0.16138912737369537
6095,122,44,-0.07288484275341034,-0.4170811176300049,-0.21989805996418,0.16138912737369537
6096,122,45,-0.2715919315814972,-0.33540770411491394,-0.21989805996418,0.16138912737369537
6097,122,46,-0.1066427007317543,-0.45999768376350403,-0.21989805996418,0.16138912737369537
6098,122,47,-0.10106083750724792,-0.09375012665987015,-0.21989805996418,0.16138912737369537
6099,122,48,-0.169534832239151,-0.7050566673278809,-0.21989805996418,0.16138912737369537
6100,122,49,0.19483530521392822,-0.4263680577278137,-0.21989805996418,0.16138912737369537
6101,123,0,-0.045128993690013885,-0.4030902087688446,-0.21793250739574432,0.1615782529115677
6102,123,1,-0.005160644184798002,-0.21404829621315002,-0.21793250739574432,0.1615782529115677
6103,123,2,-0.09782141447067261,-0.18720872700214386,-0.21793250739574432,0.1615782529115677
6104,123,3,-0.2941848039627075,-0.31272685527801514,-0.21793250739574432,0.1615782529115677
6105,123,4,-0.17893996834754944,-0.31238868832588196,-0.21793250739574432,0.1615782529115677
6106,123,5,-0.09055280685424805,-0.29269057512283325,-0.21793250739574432,0.1615782529115677
6107,123,6,0.20595595240592957,-0.5262949466705322,-0.21793250739574432,0.1615782529115677
6108,123,7,-0.06975454837083817,-0.4098445773124695,-0.21793250739574432,0.1615782529115677
6109,123,8,-0.126306414604187,-0.34050777554512024,-0.21793250739574432,0.1615782529115677
6110,123,9,0.05326302349567413,-0.0725535899400711,-0.21793250739574432,0.1615782529115677
6111,123,10,-0.0930180475115776,-0.25055187940597534,-0.21793250739574432,0.1615782529115677
6112,123,11,0.1820066124200821,0.09292116016149521,-0.21793250739574432,0.1615782529115677
6113,123,12,0.1727605164051056,-0.039356574416160583,-0.21793250739574432,0.1615782529115677
6114,123,13,0.20442701876163483,-0.08363250643014908,-0.21793250739574432,0.1615782529115677
6115,123,14,0.08848274499177933,-0.1806507110595703,-0.21793250739574432,0.1615782529115677
6116,123,15,0.12993530929088593,-0.5540868639945984,-0.21793250739574432,0.1615782529115677
6117,123,16,0.14699587225914001,-0.0695267915725708,-0.21793250739574432,0.1615782529115677
6118,123,17,0.3820011615753174,-0.2645449638366699,-0.21793250739574432,0.1615782529115677
6119,123,18,0.5183398127555847,-0.06621556729078293,-0.21793250739574432,0.1615782529115677
6120,123,19,0.4381589889526367,-0.3676661550998688,-0.21793250739574432,0.1615782529115677
6121,123,20,0.38429689407348633,-0.25914832949638367,-0.21793250739574432,0.1615782529115677
6122,123,21,0.15625178813934326,-0.2962300181388855,-0.21793250739574432,0.1615782529115677
6123,123,22,-0.1590045541524887,-0.18055981397628784,-0.21793250739574432,0.1615782529115677
6124,123,23,-0.15584392845630646,-0.20893314480781555,-0.21793250739574432,0.1615782529115677
6125,123,24,-0.14103244245052338,0.14678139984607697,-0.21793250739574432,0.1615782529115677
6126,123,25,-0.0535537526011467,-0.29938584566116333,-0.21793250739574432,0.1615782529115677
6127,123,26,0.1639930158853531,-0.05717473849654198,-0.21793250739574432,0.1615782529115677
6128,123,27,0.09221787750720978,-0.35807836055755615,-0.21793250739574432,0.1615782529115677
6129,123,28,0.34759244322776794,-0.09455431252717972,-0.21793250739574432,0.1615782529115677
6130,123,29,0.13737504184246063,-0.13136646151542664,-0.21793250739574432,0.1615782529115677
6131,123,30,-0.05068711191415787,-0.3466840386390686,-0.21793250739574432,0.1615782529115677
6132,123,31,0.07595403492450714,0.6936547160148621,-0.21793250739574432,0.1615782529115677
6133,123,32,-0.04618484154343605,-0.2755824625492096,-0.21793250739574432,0.1615782529115677
6134,123,33,-0.10502211004495621,-0.10855287313461304,-0.21793250739574432,0.1615782529115677
6135,123,34,0.02512701228260994,-0.3964880406856537,-0.21793250739574432,0.1615782529115677
6136,123,35,0.036047786474227905,-0.20422950387001038,-0.21793250739574432,0.1615782529115677
6137,123,36,-0.05899323895573616,-0.3457922041416168,-0.21793250739574432,0.1615782529115677
6138,123,37,0.019902152940630913,-0.2000747174024582,-0.21793250739574432,0.1615782529115677
6139,123,38,0.2590313255786896,-0.19646424055099487,-0.21793250739574432,0.1615782529115677
6140,123,39,0.04320443421602249,0.07290181517601013,-0.21793250739574432,0.1615782529115677
6141,123,40,-0.30671200156211853,-0.6226810812950134,-0.21793250739574432,0.1615782529115677
6142,123,41,-0.21626542508602142,-0.3159828186035156,-0.21793250739574432,0.1615782529115677
6143,123,42,-0.07747021317481995,-0.23039746284484863,-0.21793250739574432,0.1615782529115677
6144,123,43,0.10115295648574829,-0.0713106095790863,-0.21793250739574432,0.1615782529115677
6145,123,44,0.08301055431365967,-0.24496275186538696,-0.21793250739574432,0.1615782529115677
6146,123,45,0.1153831034898758,0.06475621461868286,-0.21793250739574432,0.1615782529115677
6147,123,46,0.18854407966136932,-0.6263545155525208,-0.21793250739574432,0.1615782529115677
6148,123,47,0.2333342730998993,-0.0835060104727745,-0.21793250739574432,0.1615782529115677
6149,123,48,0.35951104760169983,-0.5025094151496887,-0.21793250739574432,0.1615782529115677
6150,123,49,0.44383516907691956,-0.19142483174800873,-0.21793250739574432,0.1615782529115677
6151,124,0,-0.1475953459739685,0.07557384669780731,-0.21336565911769867,0.17514805495738983
6152,124,1,-0.17353324592113495,-0.749767541885376,-0.21336565911769867,0.17514805495738983
6153,124,2,-0.0008079156395979226,-0.2756899297237396,-0.21336565911769867,0.17514805495738983
6154,124,3,0.215118870139122,0.023183850571513176,-0.21336565911769867,0.17514805495738983
6155,124,4,0.13688962161540985,0.07101485133171082,-0.21336565911769867,0.17514805495738983
6156,124,5,0.05905136466026306,-0.300166517496109,-0.21336565911769867,0.17514805495738983
6157,124,6,0.04007410630583763,-0.3947053551673889,-0.21336565911769867,0.17514805495738983
6158,124,7,0.07524081319570541,-0.2872091233730316,-0.21336565911769867,0.17514805495738983
6159,124,8,0.13009709119796753,-0.5348501801490784,-0.21336565911769867,0.17514805495738983
6160,124,9,-0.1073945164680481,-0.15011249482631683,-0.21336565911769867,0.17514805495738983
6161,124,10,-0.09795400500297546,-0.11161713302135468,-0.21336565911769867,0.17514805495738983
6162,124,11,0.21120266616344452,-0.016637446358799934,-0.21336565911769867,0.17514805495738983
6163,124,12,0.11912903189659119,-0.527735710144043,-0.21336565911769867,0.17514805495738983
6164,124,13,-0.0232692901045084,-0.42619168758392334,-0.21336565911769867,0.17514805495738983
6165,124,14,0.14220863580703735,-0.2475542575120926,-0.21336565911769867,0.17514805495738983
6166,124,15,0.14679685235023499,-0.3360179364681244,-0.21336565911769867,0.17514805495738983
6167,124,16,0.28575053811073303,0.1906883865594864,-0.21336565911769867,0.17514805495738983
6168,124,17,-0.07249753922224045,-0.44080618023872375,-0.21336565911769867,0.17514805495738983
6169,124,18,-0.27085620164871216,-0.6988648772239685,-0.21336565911769867,0.17514805495738983
6170,124,19,-0.2438754141330719,0.0652734562754631,-0.21336565911769867,0.17514805495738983
6171,124,20,0.027126310393214226,-0.2144002914428711,-0.21336565911769867,0.17514805495738983
6172,124,21,0.0685456395149231,-0.4449656009674072,-0.21336565911769867,0.17514805495738983
6173,124,22,-0.22904929518699646,-0.21195746958255768,-0.21336565911769867,0.17514805495738983
6174,124,23,-0.3772704601287842,-0.0008830820443108678,-0.21336565911769867,0.17514805495738983
6175,124,24,-0.4426809847354889,0.08649995177984238,-0.21336565911769867,0.17514805495738983
6176,124,25,-0.32039812207221985,-0.5250787734985352,-0.21336565911769867,0.17514805495738983
6177,124,26,-0.21293485164642334,-0.3749856948852539,-0.21336565911769867,0.17514805495738983
6178,124,27,-0.2456260770559311,0.03119930624961853,-0.21336565911769867,0.17514805495738983
6179,124,28,0.15858887135982513,-0.06894802302122116,-0.21336565911769867,0.17514805495738983
6180,124,29,0.41319555044174194,-0.22238069772720337,-0.21336565911769867,0.17514805495738983
6181,124,30,0.38896891474723816,0.03644951805472374,-0.21336565911769867,0.17514805495738983
6182,124,31,0.4332479238510132,0.031629495322704315,-0.21336565911769867,0.17514805495738983
6183,124,32,0.4063638150691986,-0.1862872987985611,-0.21336565911769867,0.17514805495738983
6184,124,33,-0.01628066971898079,-0.14139893651008606,-0.21336565911769867,0.17514805495738983
6185,124,34,-0.16123168170452118,-0.3481137156486511,-0.21336565911769867,0.17514805495738983
6186,124,35,-0.04613259434700012,-0.15154145658016205,-0.21336565911769867,0.17514805495738983
6187,124,36,-0.10741113871335983,-0.526019811630249,-0.21336565911769867,0.17514805495738983
6188,124,37,-0.1318248212337494,-0.2646641433238983,-0.21336565911769867,0.17514805495738983
6189,124,38,-0.15892294049263,-0.12360158562660217,-0.21336565911769867,0.17514805495738983
6190,124,39,-0.11768362671136856,-0.06713789701461792,-0.21336565911769867,0.17514805495738983
6191,124,40,0.3093065619468689,-0.1612391620874405,-0.21336565911769867,0.17514805495738983
6192,124,41,0.5010148286819458,-0.38650864362716675,-0.21336565911769867,0.17514805495738983
6193,124,42,0.39864009618759155,-0.4623262882232666,-0.21336565911769867,0.17514805495738983
6194,124,43,0.2071118801832199,0.07220813632011414,-0.21336565911769867,0.17514805495738983
6195,124,44,0.1695542335510254,-0.4018499553203583,-0.21336565911769867,0.17514805495738983
6196,124,45,0.2628510594367981,0.02462247759103775,-0.21336565911769867,0.17514805495738983
6197,124,46,-0.00937032513320446,-0.4282812774181366,-0.21336565911769867,0.17514805495738983
6198,124,47,-0.30380699038505554,-0.18699327111244202,-0.21336565911769867,0.17514805495738983
6199,124,48,-0.24131709337234497,-0.0017389676067978144,-0.21336565911769867,0.17514805495738983
6200,124,49,-0.25211289525032043,-0.024135684594511986,-0.21336565911769867,0.17514805495738983
6201,125,0,0.05863860622048378,-0.011747692711651325,-0.19092191755771637,0.18550759553909302
6202,125,1,0.04122641310095787,-0.3072519898414612,-0.19092191755771637,0.18550759553909302
6203,125,2,0.2307787835597992,0.10220153629779816,-0.19092191755771637,0.18550759553909302
6204,125,3,0.022772636264562607,-0.1281590759754181,-0.19092191755771637,0.18550759553909302
6205,125,4,-0.08215736597776413,-0.17142681777477264,-0.19092191755771637,0.18550759553909302
6206,125,5,0.108277827501297,-0.025281786918640137,-0.19092191755771637,0.18550759553909302
6207,125,6,0.026952402666211128,-0.03766661137342453,-0.19092191755771637,0.18550759553909302
6208,125,7,0.11859747767448425,-0.277875155210495,-0.19092191755771637,0.18550759553909302
6209,125,8,0.1160530373454094,-0.13161946833133698,-0.19092191755771637,0.18550759553909302
6210,125,9,0.23818451166152954,-0.42796021699905396,-0.19092191755771637,0.18550759553909302
6211,125,10,0.2114364355802536,-0.23297308385372162,-0.19092191755771637,0.18550759553909302
6212,125,11,-0.13034316897392273,-0.30962011218070984,-0.19092191755771637,0.18550759553909302
6213,125,12,-0.2869188189506531,-0.19860215485095978,-0.19092191755771637,0.18550759553909302
6214,125,13,-0.25092679262161255,-0.5963323712348938,-0.19092191755771637,0.18550759553909302
6215,125,14,0.09021661430597305,-0.2540513277053833,-0.19092191755771637,0.18550759553909302
6216,125,15,-0.16140829026699066,-0.2715127468109131,-0.19092191755771637,0.18550759553909302
6217,125,16,0.09031635522842407,-0.3494635224342346,-0.19092191755771637,0.18550759553909302
6218,125,17,-0.10234850645065308,0.0014315902953967452,-0.19092191755771637,0.18550759553909302
6219,125,18,0.009128646925091743,-0.2843562066555023,-0.19092191755771637,0.18550759553909302
6220,125,19,0.14575199782848358,-0.3727162778377533,-0.19092191755771637,0.18550759553909302
6221,125,20,-0.0921829342842102,-0.14738212525844574,-0.19092191755771637,0.18550759553909302
6222,125,21,-0.4045695662498474,-0.23827287554740906,-0.19092191755771637,0.18550759553909302
6223,125,22,-0.4306705892086029,-0.6126000881195068,-0.19092191755771637,0.18550759553909302
6224,125,23,-0.3552839159965515,-0.4432273507118225,-0.19092191755771637,0.18550759553909302
6225,125,24,-0.10946113616228104,-0.4655052125453949,-0.19092191755771637,0.18550759553909302
6226,125,25,0.16318506002426147,-0.13464288413524628,-0.19092191755771637,0.18550759553909302
6227,125,26,0.3578752875328064,-0.1526302695274353,-0.19092191755771637,0.18550759553909302
6228,125,27,0.15133114159107208,0.012800035998225212,-0.19092191755771637,0.18550759553909302
6229,125,28,-0.028806181624531746,-0.12190183252096176,-0.19092191755771637,0.18550759553909302
6230,125,29,0.2929311990737915,-0.10579302906990051,-0.19092191755771637,0.18550759553909302
6231,125,30,0.28108158707618713,-0.09490557014942169,-0.19092191755771637,0.18550759553909302
6232,125,31,0.21783947944641113,-0.09222282469272614,-0.19092191755771637,0.18550759553909302
6233,125,32,0.4053518772125244,0.1062074601650238,-0.19092191755771637,0.18550759553909302
6234,125,33,0.4565032720565796,-0.40150272846221924,-0.19092191755771637,0.18550759553909302
6235,125,34,0.19300171732902527,-0.5081812143325806,-0.19092191755771637,0.18550759553909302
6236,125,35,-0.04681294783949852,-0.33950039744377136,-0.19092191755771637,0.18550759553909302
6237,125,36,-0.1113298311829567,-0.5452813506126404,-0.19092191755771637,0.18550759553909302
6238,125,37,-0.24988476932048798,0.1307091861963272,-0.19092191755771637,0.18550759553909302
6239,125,38,0.014055841602385044,-0.2652350664138794,-0.19092191755771637,0.18550759553909302
6240,125,39,0.5841345191001892,-0.21222779154777527,-0.19092191755771637,0.18550759553909302
6241,125,40,0.29207009077072144,-0.2582876682281494,-0.19092191755771637,0.18550759553909302
6242,125,41,-0.10394090414047241,-0.14487391710281372,-0.19092191755771637,0.18550759553909302
6243,125,42,-0.09855165332555771,-0.3272620737552643,-0.19092191755771637,0.18550759553909302
6244,125,43,0.27192798256874084,0.054205793887376785,-0.19092191755771637,0.18550759553909302
6245,125,44,0.13762453198432922,-0.2687903642654419,-0.19092191755771637,0.18550759553909302
6246,125,45,0.051422346383333206,-0.12848983705043793,-0.19092191755771637,0.18550759553909302
6247,125,46,-0.025367334485054016,-0.18261802196502686,-0.19092191755771637,0.18550759553909302
6248,125,47,-0.14488284289836884,-0.061434920877218246,-0.19092191755771637,0.18550759553909302
6249,125,48,-0.33395376801490784,-0.24096620082855225,-0.19092191755771637,0.18550759553909302
6250,125,49,-0.14395672082901,-0.1784365028142929,-0.19092191755771637,0.18550759553909302
6251,126,0,0.2974015474319458,-0.06895038485527039,-0.15765686333179474,0.18811607360839844
6252,126,1,0.011271601542830467,-0.010397643782198429,-0.15765686333179474,0.18811607360839844
6253,126,2,0.28950873017311096,-0.28114771842956543,-0.15765686333179474,0.18811607360839844
6254,126,3,0.2979913651943207,-0.30708810687065125,-0.15765686333179474,0.18811607360839844
6255,126,4,0.08691657334566116,0.15382352471351624,-0.15765686333179474,0.18811607360839844
6256,126,5,0.1722574234008789,0.15974877774715424,-0.15765686333179474,0.18811607360839844
6257,126,6,0.1316586434841156,-0.10562372207641602,-0.15765686333179474,0.18811607360839844
6258,126,7,0.091200090944767,-0.26938673853874207,-0.15765686333179474,0.18811607360839844
6259,126,8,0.259766161441803,-0.5313172936439514,-0.15765686333179474,0.18811607360839844
6260,126,9,0.13725493848323822,0.09484343975782394,-0.15765686333179474,0.18811607360839844
6261,126,10,0.05876850336790085,-0.08893132209777832,-0.15765686333179474,0.18811607360839844
6262,126,11,0.2374926060438156,-0.19926387071609497,-0.15765686333179474,0.18811607360839844
6263,126,12,0.10107353329658508,-0.1085713803768158,-0.15765686333179474,0.18811607360839844
6264,126,13,-0.2342870831489563,-0.3549780249595642,-0.15765686333179474,0.18811607360839844
6265,126,14,-0.03422924131155014,0.18791432678699493,-0.15765686333179474,0.18811607360839844
6266,126,15,0.047384969890117645,-0.29452890157699585,-0.15765686333179474,0.18811607360839844
6267,126,16,-0.02493182197213173,0.20550085604190826,-0.15765686333179474,0.18811607360839844
6268,126,17,-0.011313457041978836,-0.7094449996948242,-0.15765686333179474,0.18811607360839844
6269,126,18,-0.06324543058872223,-0.2328062802553177,-0.15765686333179474,0.18811607360839844
6270,126,19,0.05471913889050484,-0.37259700894355774,-0.15765686333179474,0.18811607360839844
6271,126,20,-0.03342127799987793,-0.13218528032302856,-0.15765686333179474,0.18811607360839844
6272,126,21,0.28436318039894104,-0.2718411087989807,-0.15765686333179474,0.18811607360839844
6273,126,22,0.332096666097641,0.007876815274357796,-0.15765686333179474,0.18811607360839844
6274,126,23,-0.004069771617650986,0.46481359004974365,-0.15765686333179474,0.18811607360839844
6275,126,24,-0.17039863765239716,-0.416965514421463,-0.15765686333179474,0.18811607360839844
6276,126,25,-0.1305026412010193,-0.5371684432029724,-0.15765686333179474,0.18811607360839844
6277,126,26,-0.32667988538742065,0.35334160923957825,-0.15765686333179474,0.18811607360839844
6278,126,27,0.0013848170638084412,-0.18298645317554474,-0.15765686333179474,0.18811607360839844
6279,126,28,0.033138569444417953,0.014473669230937958,-0.15765686333179474,0.18811607360839844
6280,126,29,0.1418304145336151,-0.21355216205120087,-0.15765686333179474,0.18811607360839844
6281,126,30,0.48243457078933716,-0.4622262418270111,-0.15765686333179474,0.18811607360839844
6282,126,31,0.14693552255630493,-0.26791587471961975,-0.15765686333179474,0.18811607360839844
6283,126,32,-0.11783861368894577,-0.2427472472190857,-0.15765686333179474,0.18811607360839844
6284,126,33,-0.1994178295135498,-0.30116385221481323,-0.15765686333179474,0.18811607360839844
6285,126,34,-0.19423963129520416,0.3213047683238983,-0.15765686333179474,0.18811607360839844
6286,126,35,-0.012963446788489819,-0.3378766179084778,-0.15765686333179474,0.18811607360839844
6287,126,36,0.2411327362060547,-0.47038018703460693,-0.15765686333179474,0.18811607360839844
6288,126,37,0.21633705496788025,0.048326026648283005,-0.15765686333179474,0.18811607360839844
6289,126,38,-0.12150511145591736,-0.057824015617370605,-0.15765686333179474,0.18811607360839844
6290,126,39,-0.11762156337499619,-0.23599646985530853,-0.15765686333179474,0.18811607360839844
6291,126,40,0.0014504470163956285,-0.0958566665649414,-0.15765686333179474,0.18811607360839844
6292,126,41,0.09901680797338486,-0.7801010608673096,-0.15765686333179474,0.18811607360839844
6293,126,42,-0.04458274692296982,-0.28736332058906555,-0.15765686333179474,0.18811607360839844
6294,126,43,-0.18189655244350433,-0.0733911395072937,-0.15765686333179474,0.18811607360839844
6295,126,44,0.05803857743740082,-0.3557991087436676,-0.15765686333179474,0.18811607360839844
6296,126,45,0.24734678864479065,-0.23520299792289734,-0.15765686333179474,0.18811607360839844
6297,126,46,0.14525830745697021,0.1421419084072113,-0.15765686333179474,0.18811607360839844
6298,126,47,-0.15500614047050476,-0.12171268463134766,-0.15765686333179474,0.18811607360839844
6299,126,48,-0.3467346429824829,0.040785983204841614,-0.15765686333179474,0.18811607360839844
6300,126,49,-0.2553064227104187,-0.17096886038780212,-0.15765686333179474,0.18811607360839844
6301,127,0,-0.03944219648838043,0.23219923675060272,-0.1489257961511612,0.18876732885837555
6302,127,1,0.2887280285358429,-0.4200829267501831,-0.1489257961511612,0.18876732885837555
6303,127,2,0.07496178150177002,0.09141875058412552,-0.1489257961511612,0.18876732885837555
6304,127,3,-0.14887173473834991,-0.2122262716293335,-0.1489257961511612,0.18876732885837555
6305,127,4,-0.2676244080066681,0.04941127449274063,-0.1489257961511612,0.18876732885837555
6306,127,5,-0.03337987884879112,-0.07194914668798447,-0.1489257961511612,0.18876732885837555
6307,127,6,0.282131552696228,-0.3893834054470062,-0.1489257961511612,0.18876732885837555
6308,127,7,0.39938223361968994,0.1374749392271042,-0.1489257961511612,0.18876732885837555
6309,127,8,0.12529774010181427,-0.2167806774377823,-0.1489257961511612,0.18876732885837555
6310,127,9,-0.12800151109695435,-0.14520388841629028,-0.1489257961511612,0.18876732885837555
6311,127,10,0.1304832100868225,-0.13679638504981995,-0.1489257961511612,0.18876732885837555
6312,127,11,0.20060411095619202,-0.1442318856716156,-0.1489257961511612,0.18876732885837555
6313,127,12,0.02535066567361355,0.2192760705947876,-0.1489257961511612,0.18876732885837555
6314,127,13,-0.09946804493665695,0.10174086689949036,-0.1489257961511612,0.18876732885837555
6315,127,14,-0.16392813622951508,0.2028404325246811,-0.1489257961511612,0.18876732885837555
6316,127,15,-0.2213287204504013,-0.1143256351351738,-0.1489257961511612,0.18876732885837555
6317,127,16,-0.3180459141731262,-0.5140157341957092,-0.1489257961511612,0.18876732885837555
6318,127,17,-0.16738389432430267,-0.028922095894813538,-0.1489257961511612,0.18876732885837555
6319,127,18,0.19532184302806854,0.06633806228637695,-0.1489257961511612,0.18876732885837555
6320,127,19,-0.23615172505378723,-0.7184792757034302,-0.1489257961511612,0.18876732885837555
6321,127,20,0.20172883570194244,0.2883756458759308,-0.1489257961511612,0.18876732885837555
6322,127,21,0.2508883476257324,-0.3765122890472412,-0.1489257961511612,0.18876732885837555
6323,127,22,0.042917400598526,-0.10413142293691635,-0.1489257961511612,0.18876732885837555
6324,127,23,0.14108458161354065,-0.3540642261505127,-0.1489257961511612,0.18876732885837555
6325,127,24,0.2798384428024292,0.2876226603984833,-0.1489257961511612,0.18876732885837555
6326,127,25,-0.004863481502979994,0.06624460965394974,-0.1489257961511612,0.18876732885837555
6327,127,26,-0.1187969297170639,-0.05228453874588013,-0.1489257961511612,0.18876732885837555
6328,127,27,-0.05303099378943443,-0.03690670058131218,-0.1489257961511612,0.18876732885837555
6329,127,28,-0.044309403747320175,-0.39507949352264404,-0.1489257961511612,0.18876732885837555
6330,127,29,0.18163704872131348,0.21588990092277527,-0.1489257961511612,0.18876732885837555
6331,127,30,0.22668927907943726,-0.4382946193218231,-0.1489257961511612,0.18876732885837555
6332,127,31,0.017908144742250443,0.15253616869449615,-0.1489257961511612,0.18876732885837555
6333,127,32,-0.24043546617031097,-0.045033425092697144,-0.1489257961511612,0.18876732885837555
6334,127,33,-0.15404382348060608,-0.47047972679138184,-0.1489257961511612,0.18876732885837555
6335,127,34,0.17776109278202057,-0.0023421472869813442,-0.1489257961511612,0.18876732885837555
6336,127,35,0.4645259380340576,-0.06639375537633896,-0.1489257961511612,0.18876732885837555
6337,127,36,0.5187394022941589,-0.0010268617188557982,-0.1489257961511612,0.18876732885837555
6338,127,37,0.4173024594783783,-0.22692270576953888,-0.1489257961511612,0.18876732885837555
6339,127,38,0.42288070917129517,0.13170161843299866,-0.1489257961511612,0.18876732885837555
6340,127,39,0.5441127419471741,0.17686009407043457,-0.1489257961511612,0.18876732885837555
6341,127,40,0.13250452280044556,0.08591753244400024,-0.1489257961511612,0.18876732885837555
6342,127,41,-0.17204783856868744,-0.22592829167842865,-0.1489257961511612,0.18876732885837555
6343,127,42,-0.15923631191253662,0.12104690819978714,-0.1489257961511612,0.18876732885837555
6344,127,43,0.05371690168976784,-0.2533826231956482,-0.1489257961511612,0.18876732885837555
6345,127,44,0.08499063551425934,0.3025921881198883,-0.1489257961511612,0.18876732885837555
6346,127,45,-0.04920206964015961,-0.378864049911499,-0.1489257961511612,0.18876732885837555
6347,127,46,0.048824623227119446,-0.15320616960525513,-0.1489257961511612,0.18876732885837555
6348,127,47,0.20147234201431274,-0.06193440780043602,-0.1489257961511612,0.18876732885837555
6349,127,48,0.2580069303512573,-0.27833330631256104,-0.1489257961511612,0.18876732885837555
6350,127,49,0.5611273050308228,-0.5037237405776978,-0.1489257961511612,0.18876732885837555
6351,128,0,0.0383228100836277,-0.36653026938438416,-0.17209334671497345,0.2030332386493683
6352,128,1,-0.17013831436634064,-0.17308682203292847,-0.17209334671497345,0.2030332386493683
6353,128,2,-0.34229812026023865,-0.2151547372341156,-0.17209334671497345,0.2030332386493683
6354,128,3,-0.11754053086042404,-0.3731224536895752,-0.17209334671497345,0.2030332386493683
6355,128,4,0.33394289016723633,-0.2760646939277649,-0.17209334671497345,0.2030332386493683
6356,128,5,0.4059068262577057,-0.17259491980075836,-0.17209334671497345,0.2030332386493683
6357,128,6,0.007022937759757042,-0.11697166413068771,-0.17209334671497345,0.2030332386493683
6358,128,7,-0.08021695911884308,-0.059358421713113785,-0.17209334671497345,0.2030332386493683
6359,128,8,0.03842926025390625,-0.19176404178142548,-0.17209334671497345,0.2030332386493683
6360,128,9,-0.009190049953758717,-0.22799131274223328,-0.17209334671497345,0.2030332386493683
6361,128,10,-0.24170133471488953,-0.15004462003707886,-0.17209334671497345,0.2030332386493683
6362,128,11,-0.1580551266670227,-0.22028833627700806,-0.17209334671497345,0.2030332386493683
6363,128,12,0.09674805402755737,-0.3189847469329834,-0.17209334671497345,0.2030332386493683
6364,128,13,0.10815366357564926,-0.0031136919278651476,-0.17209334671497345,0.2030332386493683
6365,128,14,-0.25013425946235657,0.004023240879178047,-0.17209334671497345,0.2030332386493683
6366,128,15,-0.1794261485338211,-0.18445754051208496,-0.17209334671497345,0.2030332386493683
6367,128,16,0.03413393348455429,0.13603104650974274,-0.17209334671497345,0.2030332386493683
6368,128,17,-0.08695115149021149,-0.03881438821554184,-0.17209334671497345,0.2030332386493683
6369,128,18,-0.22674737870693207,-0.40924111008644104,-0.17209334671497345,0.2030332386493683
6370,128,19,-0.020513271912932396,-0.07455648481845856,-0.17209334671497345,0.2030332386493683
6371,128,20,0.3554653823375702,-0.049935389310121536,-0.17209334671497345,0.2030332386493683
6372,128,21,0.3449312150478363,-0.23526139557361603,-0.17209334671497345,0.2030332386493683
6373,128,22,0.159876748919487,-0.17033465206623077,-0.17209334671497345,0.2030332386493683
6374,128,23,-0.07626596093177795,0.05732664838433266,-0.17209334671497345,0.2030332386493683
6375,128,24,-0.17346417903900146,-0.22197890281677246,-0.17209334671497345,0.2030332386493683
6376,128,25,0.024652324616909027,-0.12698230147361755,-0.17209334671497345,0.2030332386493683
6377,128,26,0.2403346598148346,-0.4524770975112915,-0.17209334671497345,0.2030332386493683
6378,128,27,0.006453908048570156,0.054704587906599045,-0.17209334671497345,0.2030332386493683
6379,128,28,-0.20991955697536469,-0.3807675540447235,-0.17209334671497345,0.2030332386493683
6380,128,29,0.058602795004844666,-0.5268011093139648,-0.17209334671497345,0.2030332386493683
6381,128,30,-0.1066589206457138,-0.47312965989112854,-0.17209334671497345,0.2030332386493683
6382,128,31,0.06025266274809837,-0.32199981808662415,-0.17209334671497345,0.2030332386493683
6383,128,32,0.4443879723548889,-0.47947409749031067,-0.17209334671497345,0.2030332386493683
6384,128,33,0.2377667874097824,-0.12439410388469696,-0.17209334671497345,0.2030332386493683
6385,128,34,0.0868891254067421,0.057044122368097305,-0.17209334671497345,0.2030332386493683
6386,128,35,0.15882563591003418,0.08003103733062744,-0.17209334671497345,0.2030332386493683
6387,128,36,-0.05998726561665535,-0.3231494426727295,-0.17209334671497345,0.2030332386493683
6388,128,37,-0.014665034599602222,-0.008149384520947933,-0.17209334671497345,0.2030332386493683
6389,128,38,-0.1105247512459755,-0.10403607785701752,-0.17209334671497345,0.2030332386493683
6390,128,39,-0.0755191519856453,0.15580882132053375,-0.17209334671497345,0.2030332386493683
6391,128,40,-0.05089286342263222,0.06707960367202759,-0.17209334671497345,0.2030332386493683
6392,128,41,-0.23771661520004272,-0.10610197484493256,-0.17209334671497345,0.2030332386493683
6393,128,42,-0.2137383073568344,-0.32708513736724854,-0.17209334671497345,0.2030332386493683
6394,128,43,-0.03160911425948143,-0.11089716851711273,-0.17209334671497345,0.2030332386493683
6395,128,44,-0.0453951358795166,-0.4397049844264984,-0.17209334671497345,0.2030332386493683
6396,128,45,-0.239503413438797,-0.19513307511806488,-0.17209334671497345,0.2030332386493683
6397,128,46,-0.31166112422943115,0.039307765662670135,-0.17209334671497345,0.2030332386493683
6398,128,47,-0.5315074324607849,-0.2575635015964508,-0.17209334671497345,0.2030332386493683
6399,128,48,-0.31363219022750854,-0.248800128698349,-0.17209334671497345,0.2030332386493683
6400,128,49,0.12476716190576553,-0.1280389279127121,-0.17209334671497345,0.2030332386493683
6401,129,0,-0.05489737167954445,-0.20947273075580597,-0.20683377981185913,0.209153413772583
6402,129,1,-0.2716304063796997,-0.3032258152961731,-0.20683377981185913,0.209153413772583
6403,129,2,-0.14646974205970764,-0.24713052809238434,-0.20683377981185913,0.209153413772583
6404,129,3,-0.22413642704486847,-0.12284885346889496,-0.20683377981185913,0.209153413772583
6405,129,4,-0.12342649698257446,-0.259214848279953,-0.20683377981185913,0.209153413772583
6406,129,5,0.18492022156715393,0.04807581380009651,-0.20683377981185913,0.209153413772583
6407,129,6,-0.1402871459722519,0.07257775962352753,-0.20683377981185913,0.209153413772583
6408,129,7,-0.24822799861431122,-0.15428170561790466,-0.20683377981185913,0.209153413772583
6409,129,8,0.007887473329901695,0.034422434866428375,-0.20683377981185913,0.209153413772583
6410,129,9,-0.15203726291656494,-0.5018292665481567,-0.20683377981185913,0.209153413772583
6411,129,10,-0.2052851915359497,-0.42730602622032166,-0.20683377981185913,0.209153413772583
6412,129,11,-0.0266554057598114,0.06961208581924438,-0.20683377981185913,0.209153413772583
6413,129,12,0.15821774303913116,-0.27349284291267395,-0.20683377981185913,0.209153413772583
6414,129,13,0.2384762018918991,-0.09627994894981384,-0.20683377981185913,0.209153413772583
6415,129,14,0.0027495811227709055,-0.10739713907241821,-0.20683377981185913,0.209153413772583
6416,129,15,-0.16995912790298462,-0.1445748507976532,-0.20683377981185913,0.209153413772583
6417,129,16,-0.08051660656929016,-0.26694798469543457,-0.20683377981185913,0.209153413772583
6418,129,17,-0.18601615726947784,-0.20647825300693512,-0.20683377981185913,0.209153413772583
6419,129,18,-0.3110888600349426,-0.21079601347446442,-0.20683377981185913,0.209153413772583
6420,129,19,-0.1460752636194229,-0.28564155101776123,-0.20683377981185913,0.209153413772583
6421,129,20,0.008070151321589947,-0.20993991196155548,-0.20683377981185913,0.209153413772583
6422,129,21,-0.0833500549197197,-0.134156733751297,-0.20683377981185913,0.209153413772583
6423,129,22,-0.04804268851876259,0.0747935026884079,-0.20683377981185913,0.209153413772583
6424,129,23,-0.3243480324745178,-0.23631125688552856,-0.20683377981185913,0.209153413772583
6425,129,24,-0.24374932050704956,-0.6298682689666748,-0.20683377981185913,0.209153413772583
6426,129,25,-0.01729138195514679,-0.18925975263118744,-0.20683377981185913,0.209153413772583
6427,129,26,0.19717417657375336,-0.3182218670845032,-0.20683377981185913,0.209153413772583
6428,129,27,0.34594759345054626,-0.14757955074310303,-0.20683377981185913,0.209153413772583
6429,129,28,0.4637080132961273,-0.7194713950157166,-0.20683377981185913,0.209153413772583
6430,129,29,0.3156619369983673,-0.4928598999977112,-0.20683377981185913,0.209153413772583
6431,129,30,0.04165174439549446,-0.13341668248176575,-0.20683377981185913,0.209153413772583
6432,129,31,0.21335747838020325,0.10362615436315536,-0.20683377981185913,0.209153413772583
6433,129,32,0.44676491618156433,-0.21402716636657715,-0.20683377981185913,0.209153413772583
6434,129,33,0.3752495348453522,-0.16683612763881683,-0.20683377981185913,0.209153413772583
6435,129,34,0.4866878092288971,0.0480143278837204,-0.20683377981185913,0.209153413772583
6436,129,35,0.3073287606239319,0.03916645050048828,-0.20683377981185913,0.209153413772583
6437,129,36,0.2262270599603653,-0.3283878564834595,-0.20683377981185913,0.209153413772583
6438,129,37,0.4464138448238373,-0.026247264817357063,-0.20683377981185913,0.209153413772583
6439,129,38,0.3999427258968353,-0.08381398767232895,-0.20683377981185913,0.209153413772583
6440,129,39,0.5408791899681091,-0.16899605095386505,-0.20683377981185913,0.209153413772583
6441,129,40,0.7201003432273865,-0.14511722326278687,-0.20683377981185913,0.209153413772583
6442,129,41,0.5404720306396484,-0.3264312446117401,-0.20683377981185913,0.209153413772583
6443,129,42,0.24023358523845673,-0.17235472798347473,-0.20683377981185913,0.209153413772583
6444,129,43,0.018328862264752388,-0.23620592057704926,-0.20683377981185913,0.209153413772583
6445,129,44,-0.2195303738117218,-0.4485781788825989,-0.20683377981185913,0.209153413772583
6446,129,45,-0.34884414076805115,-0.13547587394714355,-0.20683377981185913,0.209153413772583
6447,129,46,-0.22051919996738434,-0.2653859853744507,-0.20683377981185913,0.209153413772583
6448,129,47,0.16705213487148285,-0.19304220378398895,-0.20683377981185913,0.209153413772583
6449,129,48,0.07187744975090027,-0.1889902651309967,-0.20683377981185913,0.209153413772583
6450,129,49,-0.006905518472194672,-0.3088987171649933,-0.20683377981185913,0.209153413772583
6451,130,0,0.20839937031269073,0.012675102800130844,-0.2247672826051712,0.21867096424102783
6452,130,1,0.01962296850979328,-0.2636822462081909,-0.2247672826051712,0.21867096424102783
6453,130,2,-0.0885758250951767,-0.2193283885717392,-0.2247672826051712,0.21867096424102783
6454,130,3,-0.13796603679656982,-0.10874103009700775,-0.2247672826051712,0.21867096424102783
6455,130,4,0.00795698631554842,-0.42343398928642273,-0.2247672826051712,0.21867096424102783
6456,130,5,0.23566997051239014,-0.3522290587425232,-0.2247672826051712,0.21867096424102783
6457,130,6,0.18583931028842926,-0.0991438627243042,-0.2247672826051712,0.21867096424102783
6458,130,7,0.09460393339395523,0.02126089669764042,-0.2247672826051712,0.21867096424102783
6459,130,8,-0.08616508543491364,0.35542991757392883,-0.2247672826051712,0.21867096424102783
6460,130,9,-0.013440786860883236,-0.17034384608268738,-0.2247672826051712,0.21867096424102783
6461,130,10,-0.08447402715682983,-0.562483549118042,-0.2247672826051712,0.21867096424102783
6462,130,11,-0.13423727452754974,-0.18960271775722504,-0.2247672826051712,0.21867096424102783
6463,130,12,-0.14856867492198944,-0.16193266212940216,-0.2247672826051712,0.21867096424102783
6464,130,13,0.27410247921943665,-0.41054898500442505,-0.2247672826051712,0.21867096424102783
6465,130,14,0.1546560674905777,-0.28748801350593567,-0.2247672826051712,0.21867096424102783
6466,130,15,-0.1010751873254776,-0.49860960245132446,-0.2247672826051712,0.21867096424102783
6467,130,16,0.10012514889240265,-0.25991302728652954,-0.2247672826051712,0.21867096424102783
6468,130,17,-0.05124792456626892,-0.18774773180484772,-0.2247672826051712,0.21867096424102783
6469,130,18,0.22261472046375275,0.12785203754901886,-0.2247672826051712,0.21867096424102783
6470,130,19,0.34588852524757385,-0.11247651278972626,-0.2247672826051712,0.21867096424102783
6471,130,20,0.023202061653137207,-0.16955797374248505,-0.2247672826051712,0.21867096424102783
6472,130,21,-0.052775487303733826,-0.21446853876113892,-0.2247672826051712,0.21867096424102783
6473,130,22,0.16409851610660553,-0.05334220454096794,-0.2247672826051712,0.21867096424102783
6474,130,23,0.11055134236812592,0.09661368280649185,-0.2247672826051712,0.21867096424102783
6475,130,24,0.0915956050157547,-0.24534501135349274,-0.2247672826051712,0.21867096424102783
6476,130,25,0.04591573029756546,0.05485324189066887,-0.2247672826051712,0.21867096424102783
6477,130,26,-0.06469916552305222,-0.24728798866271973,-0.2247672826051712,0.21867096424102783
6478,130,27,-0.042672254145145416,-0.5464869737625122,-0.2247672826051712,0.21867096424102783
6479,130,28,0.15532372891902924,-0.552936315536499,-0.2247672826051712,0.21867096424102783
6480,130,29,0.42372840642929077,0.02693094126880169,-0.2247672826051712,0.21867096424102783
6481,130,30,0.6298955678939819,-0.24002593755722046,-0.2247672826051712,0.21867096424102783
6482,130,31,0.4985515773296356,-0.18213143944740295,-0.2247672826051712,0.21867096424102783
6483,130,32,0.4429938793182373,-0.540061891078949,-0.2247672826051712,0.21867096424102783
6484,130,33,-0.08245875686407089,-0.23694977164268494,-0.2247672826051712,0.21867096424102783
6485,130,34,-0.07597663998603821,-0.5513920783996582,-0.2247672826051712,0.21867096424102783
6486,130,35,0.2794035077095032,-0.37760287523269653,-0.2247672826051712,0.21867096424102783
6487,130,36,0.30084332823753357,0.2421664148569107,-0.2247672826051712,0.21867096424102783
6488,130,37,0.2553645372390747,-0.15413446724414825,-0.2247672826051712,0.21867096424102783
6489,130,38,0.37353435158729553,-0.522902250289917,-0.2247672826051712,0.21867096424102783
6490,130,39,0.27783626317977905,-0.13717666268348694,-0.2247672826051712,0.21867096424102783
6491,130,40,0.08561042696237564,-0.5988131165504456,-0.2247672826051712,0.21867096424102783
6492,130,41,0.41059425473213196,-0.3234950602054596,-0.2247672826051712,0.21867096424102783
6493,130,42,0.07676272094249725,-0.16241800785064697,-0.2247672826051712,0.21867096424102783
6494,130,43,0.2951054573059082,-0.19102351367473602,-0.2247672826051712,0.21867096424102783
6495,130,44,0.25994208455085754,-0.1687634438276291,-0.2247672826051712,0.21867096424102783
6496,130,45,-0.20669476687908173,-0.44947174191474915,-0.2247672826051712,0.21867096424102783
6497,130,46,-0.3815940320491791,-0.08251822739839554,-0.2247672826051712,0.21867096424102783
6498,130,47,-0.12127137184143066,-0.05048906430602074,-0.2247672826051712,0.21867096424102783
6499,130,48,0.3669227361679077,-0.1248609721660614,-0.2247672826051712,0.21867096424102783
6500,130,49,0.49125945568084717,-0.08969230204820633,-0.2247672826051712,0.21867096424102783
6501,131,0,-0.010961216874420643,-0.1467139571905136,-0.24151617288589478,0.24869826436042786
6502,131,1,-0.1600724309682846,-0.2642797529697418,-0.24151617288589478,0.24869826436042786
6503,131,2,-0.004431460052728653,-0.4166981875896454,-0.24151617288589478,0.24869826436042786
6504,131,3,-0.04490227997303009,-0.3314209580421448,-0.24151617288589478,0.24869826436042786
6505,131,4,-0.1341191679239273,-0.06426052749156952,-0.24151617288589478,0.24869826436042786
6506,131,5,-0.2614787817001343,-0.37896791100502014,-0.24151617288589478,0.24869826436042786
6507,131,6,0.03388426452875137,-0.36682990193367004,-0.24151617288589478,0.24869826436042786
6508,131,7,0.031398896127939224,0.11331074684858322,-0.24151617288589478,0.24869826436042786
6509,131,8,-0.3505420684814453,-0.21090693771839142,-0.24151617288589478,0.24869826436042786
6510,131,9,-0.07703123986721039,-0.345283180475235,-0.24151617288589478,0.24869826436042786
6511,131,10,0.06187400221824646,-0.31569990515708923,-0.24151617288589478,0.24869826436042786
6512,131,11,0.011803795583546162,-0.38400888442993164,-0.24151617288589478,0.24869826436042786
6513,131,12,-0.10907047241926193,-0.2612171769142151,-0.24151617288589478,0.24869826436042786
6514,131,13,-0.20308303833007812,-0.23130875825881958,-0.24151617288589478,0.24869826436042786
6515,131,14,-0.31861546635627747,-0.4899618625640869,-0.24151617288589478,0.24869826436042786
6516,131,15,-0.33875274658203125,-0.1559063196182251,-0.24151617288589478,0.24869826436042786
6517,131,16,-0.20906414091587067,-0.21403086185455322,-0.24151617288589478,0.24869826436042786
6518,131,17,-0.08505454659461975,-0.2783067226409912,-0.24151617288589478,0.24869826436042786
6519,131,18,0.03593475744128227,-0.3548263907432556,-0.24151617288589478,0.24869826436042786
6520,131,19,0.02313641831278801,-0.23627126216888428,-0.24151617288589478,0.24869826436042786
6521,131,20,0.28440022468566895,-0.6295650601387024,-0.24151617288589478,0.24869826436042786
6522,131,21,0.2779920697212219,-0.14045259356498718,-0.24151617288589478,0.24869826436042786
6523,131,22,0.31878459453582764,-0.02647770382463932,-0.24151617288589478,0.24869826436042786
6524,131,23,0.45995253324508667,-0.26867949962615967,-0.24151617288589478,0.24869826436042786
6525,131,24,0.25193172693252563,-0.39405447244644165,-0.24151617288589478,0.24869826436042786
6526,131,25,0.09040046483278275,-0.24611741304397583,-0.24151617288589478,0.24869826436042786
6527,131,26,-0.017427362501621246,0.07881978154182434,-0.24151617288589478,0.24869826436042786
6528,131,27,-0.046099353581666946,-0.020642060786485672,-0.24151617288589478,0.24869826436042786
6529,131,28,-0.025406938046216965,-0.12177231162786484,-0.24151617288589478,0.24869826436042786
6530,131,29,0.024383574724197388,-0.36602845788002014,-0.24151617288589478,0.24869826436042786
6531,131,30,0.07849430292844772,-0.4566238224506378,-0.24151617288589478,0.24869826436042786
6532,131,31,0.12164314091205597,-0.6018916368484497,-0.24151617288589478,0.24869826436042786
6533,131,32,0.09985595941543579,0.11262053996324539,-0.24151617288589478,0.24869826436042786
6534,131,33,-0.29697203636169434,-0.136688694357872,-0.24151617288589478,0.24869826436042786
6535,131,34,0.10272741317749023,0.12310346215963364,-0.24151617288589478,0.24869826436042786
6536,131,35,0.6187806129455566,-0.2954523265361786,-0.24151617288589478,0.24869826436042786
6537,131,36,0.455035537481308,-0.03662724420428276,-0.24151617288589478,0.24869826436042786
6538,131,37,0.2767498791217804,-0.1784631311893463,-0.24151617288589478,0.24869826436042786
6539,131,38,0.01694454997777939,-0.6011061072349548,-0.24151617288589478,0.24869826436042786
6540,131,39,-0.09363862127065659,-0.45198488235473633,-0.24151617288589478,0.24869826436042786
6541,131,40,-0.63542240858078,-0.3566628098487854,-0.24151617288589478,0.24869826436042786
6542,131,41,-0.21053509414196014,-0.3587230145931244,-0.24151617288589478,0.24869826436042786
6543,131,42,0.2655388116836548,-0.06444816291332245,-0.24151617288589478,0.24869826436042786
6544,131,43,-0.10375582426786423,-0.36004823446273804,-0.24151617288589478,0.24869826436042786
6545,131,44,-0.013948175124824047,-0.3612982928752899,-0.24151617288589478,0.24869826436042786
6546,131,45,-0.07530514150857925,-0.3661094009876251,-0.24151617288589478,0.24869826436042786
6547,131,46,-0.2906460762023926,-0.3674170970916748,-0.24151617288589478,0.24869826436042786
6548,131,47,-0.1748969554901123,-0.19679100811481476,-0.24151617288589478,0.24869826436042786
6549,131,48,-0.13789750635623932,-0.34179726243019104,-0.24151617288589478,0.24869826436042786
6550,131,49,0.011998049914836884,-0.3232748210430145,-0.24151617288589478,0.24869826436042786
6551,132,0,0.3044261038303375,0.09972015768289566,-0.2397652417421341,0.26128727197647095
6552,132,1,0.5526447296142578,-0.28878599405288696,-0.2397652417421341,0.26128727197647095
6553,132,2,0.30155423283576965,-0.3150477111339569,-0.2397652417421341,0.26128727197647095
6554,132,3,-0.09734584391117096,-0.2898333966732025,-0.2397652417421341,0.26128727197647095
6555,132,4,-0.16688208281993866,-0.28584057092666626,-0.2397652417421341,0.26128727197647095
6556,132,5,0.1273750215768814,-0.5177141427993774,-0.2397652417421341,0.26128727197647095
6557,132,6,0.2304912805557251,-0.27222591638565063,-0.2397652417421341,0.26128727197647095
6558,132,7,0.2664465010166168,-0.2192452847957611,-0.2397652417421341,0.26128727197647095
6559,132,8,0.5037854313850403,-0.25559860467910767,-0.2397652417421341,0.26128727197647095
6560,132,9,-0.022779328748583794,-0.588168740272522,-0.2397652417421341,0.26128727197647095
6561,132,10,-0.26852473616600037,-0.2361362725496292,-0.2397652417421341,0.26128727197647095
6562,132,11,-0.33396780490875244,-0.2025299370288849,-0.2397652417421341,0.26128727197647095
6563,132,12,-0.08848883956670761,-0.019063761457800865,-0.2397652417421341,0.26128727197647095
6564,132,13,-0.15568673610687256,-0.30579549074172974,-0.2397652417421341,0.26128727197647095
6565,132,14,-0.16297657787799835,0.12347698956727982,-0.2397652417421341,0.26128727197647095
6566,132,15,-0.053278110921382904,-0.1994607299566269,-0.2397652417421341,0.26128727197647095
6567,132,16,-0.1640809029340744,-0.1011548563838005,-0.2397652417421341,0.26128727197647095
6568,132,17,-0.007063191384077072,-0.4686894416809082,-0.2397652417421341,0.26128727197647095
6569,132,18,0.31501004099845886,-0.29364049434661865,-0.2397652417421341,0.26128727197647095
6570,132,19,0.18304531276226044,-0.19249612092971802,-0.2397652417421341,0.26128727197647095
6571,132,20,0.2393723428249359,-0.19210651516914368,-0.2397652417421341,0.26128727197647095
6572,132,21,0.21516922116279602,-0.5749497413635254,-0.2397652417421341,0.26128727197647095
6573,132,22,0.18468204140663147,-0.4796963632106781,-0.2397652417421341,0.26128727197647095
6574,132,23,-0.2105156034231186,0.1550915539264679,-0.2397652417421341,0.26128727197647095
6575,132,24,-0.19881844520568848,-0.1445569545030594,-0.2397652417421341,0.26128727197647095
6576,132,25,0.11608030647039413,-0.19560152292251587,-0.2397652417421341,0.26128727197647095
6577,132,26,0.24928997457027435,-0.31996360421180725,-0.2397652417421341,0.26128727197647095
6578,132,27,-0.12349124997854233,-0.2263360321521759,-0.2397652417421341,0.26128727197647095
6579,132,28,-0.39843857288360596,-0.23711349070072174,-0.2397652417421341,0.26128727197647095
6580,132,29,-0.2710795998573303,-0.535477876663208,-0.2397652417421341,0.26128727197647095
6581,132,30,-0.10231868922710419,0.0034753785002976656,-0.2397652417421341,0.26128727197647095
6582,132,31,-0.10693498700857162,-0.4132893681526184,-0.2397652417421341,0.26128727197647095
6583,132,32,-0.012289347127079964,-0.04136623442173004,-0.2397652417421341,0.26128727197647095
6584,132,33,-0.06039510294795036,-0.025531889870762825,-0.2397652417421341,0.26128727197647095
6585,132,34,0.03087235987186432,-0.1701159030199051,-0.2397652417421341,0.26128727197647095
6586,132,35,0.24569381773471832,-0.3532995581626892,-0.2397652417421341,0.26128727197647095
6587,132,36,0.1407080590724945,-0.28736501932144165,-0.2397652417421341,0.26128727197647095
6588,132,37,0.15984317660331726,-0.4457974135875702,-0.2397652417421341,0.26128727197647095
6589,132,38,-0.05977499485015869,-0.39737942814826965,-0.2397652417421341,0.26128727197647095
6590,132,39,-0.3320696949958801,-0.19363325834274292,-0.2397652417421341,0.26128727197647095
6591,132,40,-0.38388246297836304,-0.39204928278923035,-0.2397652417421341,0.26128727197647095
6592,132,41,0.0010204706341028214,-0.24105529487133026,-0.2397652417421341,0.26128727197647095
6593,132,42,0.23501569032669067,-0.39877650141716003,-0.2397652417421341,0.26128727197647095
6594,132,43,-0.18184711039066315,-0.20777855813503265,-0.2397652417421341,0.26128727197647095
6595,132,44,-0.23777177929878235,-0.12891288101673126,-0.2397652417421341,0.26128727197647095
6596,132,45,-0.12315776944160461,-0.293022483587265,-0.2397652417421341,0.26128727197647095
6597,132,46,0.11780627816915512,-0.31716564297676086,-0.2397652417421341,0.26128727197647095
6598,132,47,0.08354898542165756,-0.4387351870536804,-0.2397652417421341,0.26128727197647095
6599,132,48,-0.34213653206825256,-0.5272375345230103,-0.2397652417421341,0.26128727197647095
6600,132,49,-0.6190170049667358,-0.06656157225370407,-0.2397652417421341,0.26128727197647095
6601,133,0,-0.11570355296134949,-0.4219024181365967,-0.21436573565006256,0.243203267455101
6602,133,1,-0.09338322281837463,-0.5177267789840698,-0.21436573565006256,0.243203267455101
6603,133,2,0.0746564045548439,0.006028020288795233,-0.21436573565006256,0.243203267455101
6604,133,3,0.5135676264762878,-0.21446099877357483,-0.21436573565006256,0.243203267455101
6605,133,4,0.4539027214050293,-0.2832387089729309,-0.21436573565006256,0.243203267455101
6606,133,5,0.4945976734161377,-0.237878680229187,-0.21436573565006256,0.243203267455101
6607,133,6,0.23344971239566803,-0.15908846259117126,-0.21436573565006256,0.243203267455101
6608,133,7,-0.2028360664844513,-0.05258210003376007,-0.21436573565006256,0.243203267455101
6609,133,8,-0.20717164874076843,-0.6080995202064514,-0.21436573565006256,0.243203267455101
6610,133,9,-0.3163670301437378,-0.560741126537323,-0.21436573565006256,0.243203267455101
6611,133,10,-0.6475825905799866,-0.2367115616798401,-0.21436573565006256,0.243203267455101
6612,133,11,0.1705913245677948,-0.2268049269914627,-0.21436573565006256,0.243203267455101
6613,133,12,0.3494989275932312,0.19888938963413239,-0.21436573565006256,0.243203267455101
6614,133,13,-0.07641694694757462,-0.0853244885802269,-0.21436573565006256,0.243203267455101
6615,133,14,-0.04525560513138771,-0.11446274071931839,-0.21436573565006256,0.243203267455101
6616,133,15,0.2416948676109314,-0.6142154932022095,-0.21436573565006256,0.243203267455101
6617,133,16,0.31010517477989197,-0.18700595200061798,-0.21436573565006256,0.243203267455101
6618,133,17,0.07729536294937134,0.3393482565879822,-0.21436573565006256,0.243203267455101
6619,133,18,0.505278468132019,0.29983213543891907,-0.21436573565006256,0.243203267455101
6620,133,19,0.04675118625164032,-0.25106754899024963,-0.21436573565006256,0.243203267455101
6621,133,20,-0.05539844185113907,-0.568337619304657,-0.21436573565006256,0.243203267455101
6622,133,21,0.197690948843956,-0.6802482008934021,-0.21436573565006256,0.243203267455101
6623,133,22,0.11348364502191544,-0.2528555393218994,-0.21436573565006256,0.243203267455101
6624,133,23,0.28565168380737305,-0.03763272240757942,-0.21436573565006256,0.243203267455101
6625,133,24,0.1373782753944397,-0.15548144280910492,-0.21436573565006256,0.243203267455101
6626,133,25,0.18378996849060059,0.08014204353094101,-0.21436573565006256,0.243203267455101
6627,133,26,0.3475334048271179,-0.21404844522476196,-0.21436573565006256,0.243203267455101
6628,133,27,0.3053993582725525,0.3178935945034027,-0.21436573565006256,0.243203267455101
6629,133,28,0.3601783812046051,-0.5145834684371948,-0.21436573565006256,0.243203267455101
6630,133,29,0.27166518568992615,-0.13708344101905823,-0.21436573565006256,0.243203267455101
6631,133,30,0.28394410014152527,-0.0996028259396553,-0.21436573565006256,0.243203267455101
6632,133,31,0.45361557602882385,0.0810113176703453,-0.21436573565006256,0.243203267455101
6633,133,32,0.27277371287345886,-0.2796480357646942,-0.21436573565006256,0.243203267455101
6634,133,33,0.16507676243782043,-0.27248597145080566,-0.21436573565006256,0.243203267455101
6635,133,34,0.23732469975948334,0.09787880629301071,-0.21436573565006256,0.243203267455101
6636,133,35,0.22515486180782318,-0.08936168998479843,-0.21436573565006256,0.243203267455101
6637,133,36,0.027946162968873978,-0.22208064794540405,-0.21436573565006256,0.243203267455101
6638,133,37,-0.03046870417892933,-0.3206546902656555,-0.21436573565006256,0.243203267455101
6639,133,38,0.06142982840538025,0.06341125816106796,-0.21436573565006256,0.243203267455101
6640,133,39,-0.21874494850635529,-0.05885109305381775,-0.21436573565006256,0.243203267455101
6641,133,40,-0.31880152225494385,-0.21728098392486572,-0.21436573565006256,0.243203267455101
6642,133,41,0.23978282511234283,-0.08715938776731491,-0.21436573565006256,0.243203267455101
6643,133,42,0.22006073594093323,-0.18073469400405884,-0.21436573565006256,0.243203267455101
6644,133,43,0.21847815811634064,-0.3455958366394043,-0.21436573565006256,0.243203267455101
6645,133,44,0.21599675714969635,-0.2779911160469055,-0.21436573565006256,0.243203267455101
6646,133,45,0.11560583114624023,-0.18992386758327484,-0.21436573565006256,0.243203267455101
6647,133,46,0.004435556009411812,-0.9851133823394775,-0.21436573565006256,0.243203267455101
6648,133,47,-0.3168070912361145,-0.20108675956726074,-0.21436573565006256,0.243203267455101
6649,133,48,-0.25851425528526306,-0.12494926899671555,-0.21436573565006256,0.243203267455101
6650,133,49,-0.2586473226547241,-0.11566749215126038,-0.21436573565006256,0.243203267455101
6651,134,0,0.17324337363243103,-0.1750275194644928,-0.1825648844242096,0.23771686851978302
6652,134,1,0.276421457529068,-0.22615890204906464,-0.1825648844242096,0.23771686851978302
6653,134,2,0.3928430676460266,0.15177837014198303,-0.1825648844242096,0.23771686851978302
6654,134,3,0.2417554408311844,-0.237876296043396,-0.1825648844242096,0.23771686851978302
6655,134,4,0.013828395865857601,-0.28375378251075745,-0.1825648844242096,0.23771686851978302
6656,134,5,0.05050528794527054,-0.010325159877538681,-0.1825648844242096,0.23771686851978302
6657,134,6,-0.10964775085449219,-0.3270086646080017,-0.1825648844242096,0.23771686851978302
6658,134,7,0.08047103881835938,-0.13868801295757294,-0.1825648844242096,0.23771686851978302
6659,134,8,-0.0009364700526930392,-0.4544432759284973,-0.1825648844242096,0.23771686851978302
6660,134,9,-0.1628788858652115,-0.07608447223901749,-0.1825648844242096,0.23771686851978302
6661,134,10,-0.053605325520038605,-0.3264594078063965,-0.1825648844242096,0.23771686851978302
6662,134,11,0.3137281835079193,-0.05573619157075882,-0.1825648844242096,0.23771686851978302
6663,134,12,-0.08901790529489517,-0.4312649667263031,-0.1825648844242096,0.23771686851978302
6664,134,13,-0.20506256818771362,-0.6994293928146362,-0.1825648844242096,0.23771686851978302
6665,134,14,-0.2678009569644928,0.056755807250738144,-0.1825648844242096,0.23771686851978302
6666,134,15,-0.16917644441127777,-0.07859618216753006,-0.1825648844242096,0.23771686851978302
6667,134,16,0.23307539522647858,-0.5342996120452881,-0.1825648844242096,0.23771686851978302
6668,134,17,0.22730079293251038,-0.3218042850494385,-0.1825648844242096,0.23771686851978302
6669,134,18,0.08002004027366638,-0.188822403550148,-0.1825648844242096,0.23771686851978302
6670,134,19,-0.2640414535999298,-0.3358609974384308,-0.1825648844242096,0.23771686851978302
6671,134,20,-0.03927072137594223,-0.053135812282562256,-0.1825648844242096,0.23771686851978302
6672,134,21,-0.11906091868877411,0.23934060335159302,-0.1825648844242096,0.23771686851978302
6673,134,22,-0.029899870976805687,-0.5233197808265686,-0.1825648844242096,0.23771686851978302
6674,134,23,-0.1007876768708229,-0.17038296163082123,-0.1825648844242096,0.23771686851978302
6675,134,24,0.10433176904916763,-0.3474081754684448,-0.1825648844242096,0.23771686851978302
6676,134,25,-0.039889298379421234,0.19705843925476074,-0.1825648844242096,0.23771686851978302
6677,134,26,-0.2501916289329529,0.00038428709376603365,-0.1825648844242096,0.23771686851978302
6678,134,27,-0.31512483954429626,-0.030350053682923317,-0.1825648844242096,0.23771686851978302
6679,134,28,-0.2977428734302521,-0.5500869750976562,-0.1825648844242096,0.23771686851978302
6680,134,29,-0.2395562082529068,-0.18258117139339447,-0.1825648844242096,0.23771686851978302
6681,134,30,0.11974390596151352,-0.3111579418182373,-0.1825648844242096,0.23771686851978302
6682,134,31,0.26531171798706055,-0.11216969788074493,-0.1825648844242096,0.23771686851978302
6683,134,32,-0.021568505093455315,-0.3001475930213928,-0.1825648844242096,0.23771686851978302
6684,134,33,-0.08713091164827347,-0.11984948068857193,-0.1825648844242096,0.23771686851978302
6685,134,34,0.012829190120100975,0.014683346264064312,-0.1825648844242096,0.23771686851978302
6686,134,35,-0.0202340018004179,-0.5350354313850403,-0.1825648844242096,0.23771686851978302
6687,134,36,0.024598222225904465,-0.2334212362766266,-0.1825648844242096,0.23771686851978302
6688,134,37,-0.10843263566493988,-0.19959446787834167,-0.1825648844242096,0.23771686851978302
6689,134,38,0.13649997115135193,-0.17030712962150574,-0.1825648844242096,0.23771686851978302
6690,134,39,0.2786286175251007,-0.09360586106777191,-0.1825648844242096,0.23771686851978302
6691,134,40,0.11967253684997559,-0.08594565093517303,-0.1825648844242096,0.23771686851978302
6692,134,41,0.07544717937707901,-0.5757414102554321,-0.1825648844242096,0.23771686851978302
6693,134,42,0.03908605873584747,-0.4688228964805603,-0.1825648844242096,0.23771686851978302
6694,134,43,0.13594968616962433,-0.03873640298843384,-0.1825648844242096,0.23771686851978302
6695,134,44,0.3261827230453491,-0.11340172588825226,-0.1825648844242096,0.23771686851978302
6696,134,45,0.2905682921409607,-0.09471787512302399,-0.1825648844242096,0.23771686851978302
6697,134,46,0.27932432293891907,-0.15151537954807281,-0.1825648844242096,0.23771686851978302
6698,134,47,0.02162753790616989,0.050297610461711884,-0.1825648844242096,0.23771686851978302
6699,134,48,0.033129677176475525,-0.28698235750198364,-0.1825648844242096,0.23771686851978302
6700,134,49,-0.02150794491171837,-0.167511984705925,-0.1825648844242096,0.23771686851978302
6701,135,0,0.021605703979730606,-0.28526291251182556,-0.1674526333808899,0.23991353809833527
6702,135,1,-0.12657950818538666,-0.007237255107611418,-0.1674526333808899,0.23991353809833527
6703,135,2,0.02205032669007778,-0.13774420320987701,-0.1674526333808899,0.23991353809833527
6704,135,3,-0.1904984712600708,-0.4488251209259033,-0.1674526333808899,0.23991353809833527
6705,135,4,-0.16823455691337585,0.19720885157585144,-0.1674526333808899,0.23991353809833527
6706,135,5,0.014880986884236336,-0.2797360122203827,-0.1674526333808899,0.23991353809833527
6707,135,6,0.07908108085393906,0.125002920627594,-0.1674526333808899,0.23991353809833527
6708,135,7,0.1335505247116089,0.06408427655696869,-0.1674526333808899,0.23991353809833527
6709,135,8,-0.0012036953121423721,-0.2997167110443115,-0.1674526333808899,0.23991353809833527
6710,135,9,0.22392289340496063,0.04144389554858208,-0.1674526333808899,0.23991353809833527
6711,135,10,0.0860416516661644,-0.13961923122406006,-0.1674526333808899,0.23991353809833527
6712,135,11,-0.1655537337064743,-0.37874677777290344,-0.1674526333808899,0.23991353809833527
6713,135,12,0.0653071254491806,-0.3286025822162628,-0.1674526333808899,0.23991353809833527
6714,135,13,0.3452063500881195,-0.324277400970459,-0.1674526333808899,0.23991353809833527
6715,135,14,0.22545547783374786,0.04610877484083176,-0.1674526333808899,0.23991353809833527
6716,135,15,-0.22167451679706573,-0.4153675138950348,-0.1674526333808899,0.23991353809833527
6717,135,16,-0.4382210075855255,-0.389198899269104,-0.1674526333808899,0.23991353809833527
6718,135,17,-0.2034284621477127,-0.09656678885221481,-0.1674526333808899,0.23991353809833527
6719,135,18,0.07503566890954971,-0.38937538862228394,-0.1674526333808899,0.23991353809833527
6720,135,19,0.18771414458751678,-0.04189389571547508,-0.1674526333808899,0.23991353809833527
6721,135,20,0.12886494398117065,-0.18466700613498688,-0.1674526333808899,0.23991353809833527
6722,135,21,-0.0023147803731262684,-0.05115608498454094,-0.1674526333808899,0.23991353809833527
6723,135,22,-0.11725595593452454,-0.27793070673942566,-0.1674526333808899,0.23991353809833527
6724,135,23,0.01033555157482624,-0.19272758066654205,-0.1674526333808899,0.23991353809833527
6725,135,24,-0.027759350836277008,-0.14773066341876984,-0.1674526333808899,0.23991353809833527
6726,135,25,-0.39511099457740784,-0.29654964804649353,-0.1674526333808899,0.23991353809833527
6727,135,26,-0.08086831122636795,0.004910785239189863,-0.1674526333808899,0.23991353809833527
6728,135,27,-0.07277316600084305,-0.363763689994812,-0.1674526333808899,0.23991353809833527
6729,135,28,0.14340899884700775,0.16284026205539703,-0.1674526333808899,0.23991353809833527
6730,135,29,0.20509542524814606,-0.22160980105400085,-0.1674526333808899,0.23991353809833527
6731,135,30,-0.2721266448497772,-0.1710362285375595,-0.1674526333808899,0.23991353809833527
6732,135,31,-0.12440957129001617,-0.02595502696931362,-0.1674526333808899,0.23991353809833527
6733,135,32,0.21585793793201447,-0.28433582186698914,-0.1674526333808899,0.23991353809833527
6734,135,33,0.08725787699222565,-0.020489031448960304,-0.1674526333808899,0.23991353809833527
6735,135,34,-0.02942585200071335,-0.35723263025283813,-0.1674526333808899,0.23991353809833527
6736,135,35,0.17214520275592804,-0.13528019189834595,-0.1674526333808899,0.23991353809833527
6737,135,36,0.21920952200889587,-0.12377643585205078,-0.1674526333808899,0.23991353809833527
6738,135,37,0.17761583626270294,-0.26518556475639343,-0.1674526333808899,0.23991353809833527
6739,135,38,0.16495610773563385,-0.2709207236766815,-0.1674526333808899,0.23991353809833527
6740,135,39,0.2668721675872803,0.16404256224632263,-0.1674526333808899,0.23991353809833527
6741,135,40,0.18158608675003052,0.022587750107049942,-0.1674526333808899,0.23991353809833527
6742,135,41,0.03793717920780182,-0.08069058507680893,-0.1674526333808899,0.23991353809833527
6743,135,42,0.25693774223327637,0.08141448348760605,-0.1674526333808899,0.23991353809833527
6744,135,43,0.31354790925979614,-0.2734106779098511,-0.1674526333808899,0.23991353809833527
6745,135,44,0.27934059500694275,-0.1608573943376541,-0.1674526333808899,0.23991353809833527
6746,135,45,-0.1663767248392105,-0.29706692695617676,-0.1674526333808899,0.23991353809833527
6747,135,46,-0.08198769390583038,-0.10885048657655716,-0.1674526333808899,0.23991353809833527
6748,135,47,0.00020867129205726087,-0.12824536859989166,-0.1674526333808899,0.23991353809833527
6749,135,48,0.03981449455022812,0.06651358306407928,-0.1674526333808899,0.23991353809833527
6750,135,49,-0.00471572857350111,0.10647077113389969,-0.1674526333808899,0.23991353809833527
6751,136,0,-0.21925035119056702,0.04031183943152428,-0.14459919929504395,0.2374863177537918
6752,136,1,-0.20649978518486023,-0.33704155683517456,-0.14459919929504395,0.2374863177537918
6753,136,2,-0.1783595234155655,-0.13909251987934113,-0.14459919929504395,0.2374863177537918
6754,136,3,-0.09835000336170197,-0.21235474944114685,-0.14459919929504395,0.2374863177537918
6755,136,4,0.10447566211223602,-0.4111780822277069,-0.14459919929504395,0.2374863177537918
6756,136,5,0.031765926629304886,-0.03720545768737793,-0.14459919929504395,0.2374863177537918
6757,136,6,-0.24828921258449554,-0.07583876699209213,-0.14459919929504395,0.2374863177537918
6758,136,7,0.1479867398738861,-0.13369010388851166,-0.14459919929504395,0.2374863177537918
6759,136,8,0.47352975606918335,-0.46888208389282227,-0.14459919929504395,0.2374863177537918
6760,136,9,0.26275667548179626,-0.5060563087463379,-0.14459919929504395,0.2374863177537918
6761,136,10,0.1493561565876007,-0.4532102048397064,-0.14459919929504395,0.2374863177537918
6762,136,11,-0.06614077836275101,-0.5031937956809998,-0.14459919929504395,0.2374863177537918
6763,136,12,0.19392725825309753,0.049822110682725906,-0.14459919929504395,0.2374863177537918
6764,136,13,0.5006427764892578,0.1973080039024353,-0.14459919929504395,0.2374863177537918
6765,136,14,0.2464304119348526,-0.037908051162958145,-0.14459919929504395,0.2374863177537918
6766,136,15,0.06438889354467392,-0.006213778164237738,-0.14459919929504395,0.2374863177537918
6767,136,16,0.08695101737976074,-0.47457700967788696,-0.14459919929504395,0.2374863177537918
6768,136,17,0.23034124076366425,0.1214979812502861,-0.14459919929504395,0.2374863177537918
6769,136,18,0.3796118199825287,-0.409324586391449,-0.14459919929504395,0.2374863177537918
6770,136,19,0.09040918201208115,-0.08777128159999847,-0.14459919929504395,0.2374863177537918
6771,136,20,-0.06722424179315567,-0.29621070623397827,-0.14459919929504395,0.2374863177537918
6772,136,21,0.08821001648902893,-0.19218535721302032,-0.14459919929504395,0.2374863177537918
6773,136,22,-0.04261042922735214,-0.4092836380004883,-0.14459919929504395,0.2374863177537918
6774,136,23,0.03739805147051811,-0.18722599744796753,-0.14459919929504395,0.2374863177537918
6775,136,24,-0.13289137184619904,-0.08681759983301163,-0.14459919929504395,0.2374863177537918
6776,136,25,-0.14995813369750977,-0.2803879380226135,-0.14459919929504395,0.2374863177537918
6777,136,26,-0.042069703340530396,-0.22212184965610504,-0.14459919929504395,0.2374863177537918
6778,136,27,0.09449373185634613,-0.3294031322002411,-0.14459919929504395,0.2374863177537918
6779,136,28,0.154902845621109,-0.44653451442718506,-0.14459919929504395,0.2374863177537918
6780,136,29,-0.06839365512132645,0.13315145671367645,-0.14459919929504395,0.2374863177537918
6781,136,30,-0.3123811185359955,-0.1331462264060974,-0.14459919929504395,0.2374863177537918
6782,136,31,-0.20218831300735474,0.07161742448806763,-0.14459919929504395,0.2374863177537918
6783,136,32,-0.007100498303771019,-0.05416962504386902,-0.14459919929504395,0.2374863177537918
6784,136,33,0.03457561507821083,-0.19705665111541748,-0.14459919929504395,0.2374863177537918
6785,136,34,0.2332797348499298,-0.4929705858230591,-0.14459919929504395,0.2374863177537918
6786,136,35,0.330226331949234,-0.13101588189601898,-0.14459919929504395,0.2374863177537918
6787,136,36,0.32601287961006165,-0.0478576235473156,-0.14459919929504395,0.2374863177537918
6788,136,37,0.3344074487686157,0.22799713909626007,-0.14459919929504395,0.2374863177537918
6789,136,38,0.44363507628440857,-0.19878770411014557,-0.14459919929504395,0.2374863177537918
6790,136,39,0.4977518320083618,0.03360859304666519,-0.14459919929504395,0.2374863177537918
6791,136,40,0.3622134327888489,-0.10809660702943802,-0.14459919929504395,0.2374863177537918
6792,136,41,0.1847885102033615,-0.18887029588222504,-0.14459919929504395,0.2374863177537918
6793,136,42,0.07568518072366714,-0.21571357548236847,-0.14459919929504395,0.2374863177537918
6794,136,43,0.21011550724506378,-0.1272612065076828,-0.14459919929504395,0.2374863177537918
6795,136,44,0.1286889910697937,-0.13095968961715698,-0.14459919929504395,0.2374863177537918
6796,136,45,-0.03059377148747444,-0.10038492828607559,-0.14459919929504395,0.2374863177537918
6797,136,46,0.040528636425733566,0.1836487203836441,-0.14459919929504395,0.2374863177537918
6798,136,47,-0.047001197934150696,-0.28142398595809937,-0.14459919929504395,0.2374863177537918
6799,136,48,-0.2228018343448639,-0.09968553483486176,-0.14459919929504395,0.2374863177537918
6800,136,49,-0.1768815815448761,0.13483794033527374,-0.14459919929504395,0.2374863177537918
6801,137,0,0.03267230466008186,-0.557813823223114,-0.12628555297851562,0.2516273260116577
6802,137,1,0.12912745773792267,-0.2460111379623413,-0.12628555297851562,0.2516273260116577
6803,137,2,0.32772892713546753,-0.2734927535057068,-0.12628555297851562,0.2516273260116577
6804,137,3,0.3697062134742737,-0.38605135679244995,-0.12628555297851562,0.2516273260116577
6805,137,4,0.39172127842903137,0.038245297968387604,-0.12628555297851562,0.2516273260116577
6806,137,5,0.0469452403485775,-0.1540028303861618,-0.12628555297851562,0.2516273260116577
6807,137,6,-0.34787410497665405,-0.2885083258152008,-0.12628555297851562,0.2516273260116577
6808,137,7,-0.0717868059873581,-0.01855837181210518,-0.12628555297851562,0.2516273260116577
6809,137,8,0.11454988270998001,0.22682882845401764,-0.12628555297851562,0.2516273260116577
6810,137,9,-0.022593265399336815,-0.18511974811553955,-0.12628555297851562,0.2516273260116577
6811,137,10,0.16419677436351776,-0.08294893056154251,-0.12628555297851562,0.2516273260116577
6812,137,11,0.21275317668914795,-0.16805021464824677,-0.12628555297851562,0.2516273260116577
6813,137,12,0.04107515886425972,-0.5381416082382202,-0.12628555297851562,0.2516273260116577
6814,137,13,0.23585671186447144,0.2019335925579071,-0.12628555297851562,0.2516273260116577
6815,137,14,0.38766029477119446,0.06670501083135605,-0.12628555297851562,0.2516273260116577
6816,137,15,0.236258864402771,-0.18680685758590698,-0.12628555297851562,0.2516273260116577
6817,137,16,-0.12140152603387833,-0.09242616593837738,-0.12628555297851562,0.2516273260116577
6818,137,17,-0.09432145208120346,0.13442906737327576,-0.12628555297851562,0.2516273260116577
6819,137,18,0.07265431433916092,-0.4850216805934906,-0.12628555297851562,0.2516273260116577
6820,137,19,0.15624435245990753,-0.6457523703575134,-0.12628555297851562,0.2516273260116577
6821,137,20,0.11648930609226227,-0.22029712796211243,-0.12628555297851562,0.2516273260116577
6822,137,21,0.17076832056045532,0.02522643469274044,-0.12628555297851562,0.2516273260116577
6823,137,22,0.4210088551044464,-0.1479930579662323,-0.12628555297851562,0.2516273260116577
6824,137,23,0.26070520281791687,-0.26141905784606934,-0.12628555297851562,0.2516273260116577
6825,137,24,-0.14830338954925537,-0.15567077696323395,-0.12628555297851562,0.2516273260116577
6826,137,25,-0.3225783705711365,0.09347469359636307,-0.12628555297851562,0.2516273260116577
6827,137,26,-0.1949831247329712,0.06522535532712936,-0.12628555297851562,0.2516273260116577
6828,137,27,-0.20962458848953247,-0.23966890573501587,-0.12628555297851562,0.2516273260116577
6829,137,28,0.07767101377248764,-0.1684531569480896,-0.12628555297851562,0.2516273260116577
6830,137,29,0.06583841890096664,0.020881198346614838,-0.12628555297851562,0.2516273260116577
6831,137,30,-0.09776044636964798,-0.10410889238119125,-0.12628555297851562,0.2516273260116577
6832,137,31,0.0835004448890686,-0.039734333753585815,-0.12628555297851562,0.2516273260116577
6833,137,32,-0.2637487053871155,-0.038509760051965714,-0.12628555297851562,0.2516273260116577
6834,137,33,-0.13230253756046295,0.16851948201656342,-0.12628555297851562,0.2516273260116577
6835,137,34,0.30721718072891235,0.21741759777069092,-0.12628555297851562,0.2516273260116577
6836,137,35,-0.2024107575416565,-0.05196104571223259,-0.12628555297851562,0.2516273260116577
6837,137,36,-0.2545722723007202,-0.3153231739997864,-0.12628555297851562,0.2516273260116577
6838,137,37,0.10655048489570618,0.07938433438539505,-0.12628555297851562,0.2516273260116577
6839,137,38,0.06829755753278732,-0.13234709203243256,-0.12628555297851562,0.2516273260116577
6840,137,39,-0.07562831044197083,0.08472166955471039,-0.12628555297851562,0.2516273260116577
6841,137,40,0.06273524463176727,0.07535938173532486,-0.12628555297851562,0.2516273260116577
6842,137,41,0.015544272027909756,-0.30234551429748535,-0.12628555297851562,0.2516273260116577
6843,137,42,-0.06578240543603897,-0.4102284014225006,-0.12628555297851562,0.2516273260116577
6844,137,43,-0.12085075676441193,-0.04892442002892494,-0.12628555297851562,0.2516273260116577
6845,137,44,-0.13482138514518738,0.19046056270599365,-0.12628555297851562,0.2516273260116577
6846,137,45,-0.1669180691242218,0.08431059867143631,-0.12628555297851562,0.2516273260116577
6847,137,46,-0.17061889171600342,0.05389443784952164,-0.12628555297851562,0.2516273260116577
6848,137,47,-0.21498404443264008,-0.29160064458847046,-0.12628555297851562,0.2516273260116577
6849,137,48,-0.05147157609462738,-0.26099881529808044,-0.12628555297851562,0.2516273260116577
6850,137,49,0.07326439023017883,-0.1980355829000473,-0.12628555297851562,0.2516273260116577
6851,138,0,-0.03544654697179794,-0.5173212289810181,-0.13688869774341583,0.2623441815376282
6852,138,1,0.042132116854190826,-0.5282143950462341,-0.13688869774341583,0.2623441815376282
6853,138,2,-0.09692313522100449,0.24064043164253235,-0.13688869774341583,0.2623441815376282
6854,138,3,0.17677712440490723,-0.054267220199108124,-0.13688869774341583,0.2623441815376282
6855,138,4,0.20274701714515686,-0.42565566301345825,-0.13688869774341583,0.2623441815376282
6856,138,5,0.031108872964978218,-0.012504447251558304,-0.13688869774341583,0.2623441815376282
6857,138,6,-0.45416155457496643,-0.06649377942085266,-0.13688869774341583,0.2623441815376282
6858,138,7,-0.17908018827438354,-0.08801644295454025,-0.13688869774341583,0.2623441815376282
6859,138,8,0.3799816966056824,0.0029411029536277056,-0.13688869774341583,0.2623441815376282
6860,138,9,0.4404052495956421,-0.2236270308494568,-0.13688869774341583,0.2623441815376282
6861,138,10,0.062215398997068405,-0.1053190752863884,-0.13688869774341583,0.2623441815376282
6862,138,11,-0.24543634057044983,-0.11333727091550827,-0.13688869774341583,0.2623441815376282
6863,138,12,-0.11036274582147598,0.1794450283050537,-0.13688869774341583,0.2623441815376282
6864,138,13,-0.18467380106449127,-0.3581169545650482,-0.13688869774341583,0.2623441815376282
6865,138,14,-0.44968298077583313,-0.27083081007003784,-0.13688869774341583,0.2623441815376282
6866,138,15,-0.3638545274734497,-0.21596446633338928,-0.13688869774341583,0.2623441815376282
6867,138,16,-0.4201336205005646,-0.641238272190094,-0.13688869774341583,0.2623441815376282
6868,138,17,-0.2771039307117462,-0.0971929058432579,-0.13688869774341583,0.2623441815376282
6869,138,18,0.28685280680656433,-0.23605385422706604,-0.13688869774341583,0.2623441815376282
6870,138,19,0.26009514927864075,-0.19170646369457245,-0.13688869774341583,0.2623441815376282
6871,138,20,0.634250819683075,-0.12623637914657593,-0.13688869774341583,0.2623441815376282
6872,138,21,0.453863263130188,-0.19038724899291992,-0.13688869774341583,0.2623441815376282
6873,138,22,0.29469189047813416,-0.33937564492225647,-0.13688869774341583,0.2623441815376282
6874,138,23,0.21817050874233246,-0.4477372467517853,-0.13688869774341583,0.2623441815376282
6875,138,24,-0.1459391862154007,0.24641793966293335,-0.13688869774341583,0.2623441815376282
6876,138,25,-0.12851367890834808,-0.48620983958244324,-0.13688869774341583,0.2623441815376282
6877,138,26,-0.08358684927225113,0.10028771311044693,-0.13688869774341583,0.2623441815376282
6878,138,27,-0.07526560872793198,-0.21829156577587128,-0.13688869774341583,0.2623441815376282
6879,138,28,0.289741575717926,-0.08565401285886765,-0.13688869774341583,0.2623441815376282
6880,138,29,0.19321104884147644,-0.08367898315191269,-0.13688869774341583,0.2623441815376282
6881,138,30,-0.05818285420536995,-0.3415795862674713,-0.13688869774341583,0.2623441815376282
6882,138,31,0.11294214427471161,-0.31033146381378174,-0.13688869774341583,0.2623441815376282
6883,138,32,0.026911698281764984,-0.10402672737836838,-0.13688869774341583,0.2623441815376282
6884,138,33,-0.3196108043193817,0.020899267867207527,-0.13688869774341583,0.2623441815376282
6885,138,34,-0.27380409836769104,-0.08839108794927597,-0.13688869774341583,0.2623441815376282
6886,138,35,0.045640770345926285,-0.35995379090309143,-0.13688869774341583,0.2623441815376282
6887,138,36,-0.008305387571454048,-0.013105117715895176,-0.13688869774341583,0.2623441815376282
6888,138,37,-0.09169602394104004,0.046870261430740356,-0.13688869774341583,0.2623441815376282
6889,138,38,0.12582723796367645,-0.2328169345855713,-0.13688869774341583,0.2623441815376282
6890,138,39,0.2261173129081726,0.030968613922595978,-0.13688869774341583,0.2623441815376282
6891,138,40,0.18070657551288605,-0.03595663979649544,-0.13688869774341583,0.2623441815376282
6892,138,41,0.05383395031094551,-0.41764354705810547,-0.13688869774341583,0.2623441815376282
6893,138,42,0.053437717258930206,-0.5654203295707703,-0.13688869774341583,0.2623441815376282
6894,138,43,-0.2645348310470581,-0.14000539481639862,-0.13688869774341583,0.2623441815376282
6895,138,44,-0.3005506098270416,-0.2650401294231415,-0.13688869774341583,0.2623441815376282
6896,138,45,0.14821292459964752,-0.35053443908691406,-0.13688869774341583,0.2623441815376282
6897,138,46,0.13882401585578918,-0.13351459801197052,-0.13688869774341583,0.2623441815376282
6898,138,47,0.08705087006092072,-0.013583635911345482,-0.13688869774341583,0.2623441815376282
6899,138,48,0.23534299433231354,0.23123681545257568,-0.13688869774341583,0.2623441815376282
6900,138,49,0.06598750501871109,-0.22783556580543518,-0.13688869774341583,0.2623441815376282
6901,139,0,0.012041531503200531,-0.42596349120140076,-0.15283873677253723,0.25909730792045593
6902,139,1,-0.0042228689417243,0.09382402151823044,-0.15283873677253723,0.25909730792045593
6903,139,2,-0.15254391729831696,-0.02793455682694912,-0.15283873677253723,0.25909730792045593
6904,139,3,-0.2091468721628189,0.10162126272916794,-0.15283873677253723,0.25909730792045593
6905,139,4,0.011328035965561867,-0.3151555359363556,-0.15283873677253723,0.25909730792045593
6906,139,5,0.11050715297460556,-0.03065996803343296,-0.15283873677253723,0.25909730792045593
6907,139,6,0.0814678892493248,0.29528313875198364,-0.15283873677253723,0.25909730792045593
6908,139,7,0.18407990038394928,-0.42811089754104614,-0.15283873677253723,0.25909730792045593
6909,139,8,0.2327824831008911,-0.35558226704597473,-0.15283873677253723,0.25909730792045593
6910,139,9,-0.0015843232395127416,0.056912485510110855,-0.15283873677253723,0.25909730792045593
6911,139,10,0.014864146709442139,-0.16845393180847168,-0.15283873677253723,0.25909730792045593
6912,139,11,-0.0656059980392456,-0.24014875292778015,-0.15283873677253723,0.25909730792045593
6913,139,12,-0.12544405460357666,-0.45372721552848816,-0.15283873677253723,0.25909730792045593
6914,139,13,-0.22614651918411255,-0.4872010350227356,-0.15283873677253723,0.25909730792045593
6915,139,14,-0.24578872323036194,-0.22450119256973267,-0.15283873677253723,0.25909730792045593
6916,139,15,-0.007935385219752789,-0.0888705849647522,-0.15283873677253723,0.25909730792045593
6917,139,16,0.1781899333000183,-0.21505537629127502,-0.15283873677253723,0.25909730792045593
6918,139,17,0.060256604105234146,-0.2654159665107727,-0.15283873677253723,0.25909730792045593
6919,139,18,-0.0014482502592727542,-0.031214769929647446,-0.15283873677253723,0.25909730792045593
6920,139,19,-0.16769279539585114,-0.21325907111167908,-0.15283873677253723,0.25909730792045593
6921,139,20,-0.0060930619947612286,-0.13875725865364075,-0.15283873677253723,0.25909730792045593
6922,139,21,-0.06263991445302963,-0.03639526665210724,-0.15283873677253723,0.25909730792045593
6923,139,22,-0.012950066477060318,0.06565231084823608,-0.15283873677253723,0.25909730792045593
6924,139,23,0.09060093015432358,-0.20967161655426025,-0.15283873677253723,0.25909730792045593
6925,139,24,0.16001524031162262,0.020175211131572723,-0.15283873677253723,0.25909730792045593
6926,139,25,0.11451323330402374,-0.18179185688495636,-0.15283873677253723,0.25909730792045593
6927,139,26,-0.2520260810852051,-0.4458211660385132,-0.15283873677253723,0.25909730792045593
6928,139,27,-0.29958218336105347,0.1615614891052246,-0.15283873677253723,0.25909730792045593
6929,139,28,-0.13890931010246277,0.21224190294742584,-0.15283873677253723,0.25909730792045593
6930,139,29,-0.1786234825849533,-0.5194483995437622,-0.15283873677253723,0.25909730792045593
6931,139,30,0.07039491087198257,-0.24250300228595734,-0.15283873677253723,0.25909730792045593
6932,139,31,0.20404404401779175,-0.3143959045410156,-0.15283873677253723,0.25909730792045593
6933,139,32,-0.022714296355843544,0.06926445662975311,-0.15283873677253723,0.25909730792045593
6934,139,33,-0.09471914172172546,0.13712166249752045,-0.15283873677253723,0.25909730792045593
6935,139,34,-0.2392834722995758,0.06195085868239403,-0.15283873677253723,0.25909730792045593
6936,139,35,-0.10069450736045837,0.00214163470081985,-0.15283873677253723,0.25909730792045593
6937,139,36,0.16492339968681335,-0.3421892523765564,-0.15283873677253723,0.25909730792045593
6938,139,37,0.07582942396402359,-0.04330490902066231,-0.15283873677253723,0.25909730792045593
6939,139,38,-0.225236177444458,-0.04451845958828926,-0.15283873677253723,0.25909730792045593
6940,139,39,-0.14392730593681335,-0.07861750572919846,-0.15283873677253723,0.25909730792045593
6941,139,40,0.3011151850223541,-0.18675903975963593,-0.15283873677253723,0.25909730792045593
6942,139,41,0.2412024289369583,0.0802006721496582,-0.15283873677253723,0.25909730792045593
6943,139,42,-0.0847833976149559,-0.6896756291389465,-0.15283873677253723,0.25909730792045593
6944,139,43,-0.05456531420350075,0.12983845174312592,-0.15283873677253723,0.25909730792045593
6945,139,44,0.2701307237148285,0.14020571112632751,-0.15283873677253723,0.25909730792045593
6946,139,45,0.16825945675373077,-0.07660660147666931,-0.15283873677253723,0.25909730792045593
6947,139,46,0.1757308691740036,-0.4411914348602295,-0.15283873677253723,0.25909730792045593
6948,139,47,0.2567007839679718,-0.1190335750579834,-0.15283873677253723,0.25909730792045593
6949,139,48,0.10630648583173752,-0.32672250270843506,-0.15283873677253723,0.25909730792045593
6950,139,49,-0.01039195153862238,-0.2189503014087677,-0.15283873677253723,0.25909730792045593
6951,140,0,0.46161773800849915,-0.23114463686943054,-0.148603618144989,0.2460736632347107
6952,140,1,0.257552832365036,-0.18131843209266663,-0.148603618144989,0.2460736632347107
6953,140,2,-0.10600432008504868,-0.45691967010498047,-0.148603618144989,0.2460736632347107
6954,140,3,-0.2550792992115021,-0.24242305755615234,-0.148603618144989,0.2460736632347107
6955,140,4,-0.13447369635105133,-0.24696853756904602,-0.148603618144989,0.2460736632347107
6956,140,5,-0.030549097806215286,-0.18053074181079865,-0.148603618144989,0.2460736632347107
6957,140,6,-0.0849657729268074,-0.32795336842536926,-0.148603618144989,0.2460736632347107
6958,140,7,-0.10224424302577972,-0.17493242025375366,-0.148603618144989,0.2460736632347107
6959,140,8,-0.12659695744514465,-0.19234566390514374,-0.148603618144989,0.2460736632347107
6960,140,9,0.11577816307544708,-0.23140573501586914,-0.148603618144989,0.2460736632347107
6961,140,10,0.03706808760762215,0.12892308831214905,-0.148603618144989,0.2460736632347107
6962,140,11,-0.20402619242668152,-0.15195246040821075,-0.148603618144989,0.2460736632347107
6963,140,12,-0.1666422337293625,0.01562969945371151,-0.148603618144989,0.2460736632347107
6964,140,13,-0.21630874276161194,0.10055004805326462,-0.148603618144989,0.2460736632347107
6965,140,14,0.01483791135251522,-0.16688403487205505,-0.148603618144989,0.2460736632347107
6966,140,15,0.03638652339577675,-0.14773064851760864,-0.148603618144989,0.2460736632347107
6967,140,16,-0.01795068569481373,-0.21626143157482147,-0.148603618144989,0.2460736632347107
6968,140,17,0.030317964032292366,-0.12808778882026672,-0.148603618144989,0.2460736632347107
6969,140,18,-0.11011600494384766,-0.25824376940727234,-0.148603618144989,0.2460736632347107
6970,140,19,-0.10406869649887085,-0.39190956950187683,-0.148603618144989,0.2460736632347107
6971,140,20,-0.2652684152126312,-0.09780853241682053,-0.148603618144989,0.2460736632347107
6972,140,21,-0.1822584718465805,-0.33944085240364075,-0.148603618144989,0.2460736632347107
6973,140,22,0.30298611521720886,-0.2293013036251068,-0.148603618144989,0.2460736632347107
6974,140,23,0.35457199811935425,-0.21807685494422913,-0.148603618144989,0.2460736632347107
6975,140,24,0.006035894155502319,-0.3249639570713043,-0.148603618144989,0.2460736632347107
6976,140,25,-0.18167297542095184,-0.3835267722606659,-0.148603618144989,0.2460736632347107
6977,140,26,-0.2887173593044281,0.033207111060619354,-0.148603618144989,0.2460736632347107
6978,140,27,-0.1316714584827423,0.11153905093669891,-0.148603618144989,0.2460736632347107
6979,140,28,0.12820133566856384,-0.28991901874542236,-0.148603618144989,0.2460736632347107
6980,140,29,0.24677525460720062,-0.03976605460047722,-0.148603618144989,0.2460736632347107
6981,140,30,0.0637965053319931,-0.2660134434700012,-0.148603618144989,0.2460736632347107
6982,140,31,0.28852665424346924,-0.09660782665014267,-0.148603618144989,0.2460736632347107
6983,140,32,0.34155529737472534,0.05537347495555878,-0.148603618144989,0.2460736632347107
6984,140,33,0.3164547383785248,0.09317400306463242,-0.148603618144989,0.2460736632347107
6985,140,34,0.36710038781166077,-0.18636201322078705,-0.148603618144989,0.2460736632347107
6986,140,35,0.30664530396461487,-0.21125087141990662,-0.148603618144989,0.2460736632347107
6987,140,36,0.3796766400337219,-0.12164682894945145,-0.148603618144989,0.2460736632347107
6988,140,37,0.3649789094924927,-0.03424710035324097,-0.148603618144989,0.2460736632347107
6989,140,38,0.18457849323749542,-0.07951895892620087,-0.148603618144989,0.2460736632347107
6990,140,39,0.2410668581724167,-0.1676534116268158,-0.148603618144989,0.2460736632347107
6991,140,40,0.4025783836841583,0.25860700011253357,-0.148603618144989,0.2460736632347107
6992,140,41,0.14118945598602295,-0.3462657034397125,-0.148603618144989,0.2460736632347107
6993,140,42,-0.09457404911518097,-0.2213241010904312,-0.148603618144989,0.2460736632347107
6994,140,43,-0.35377076268196106,0.18579275906085968,-0.148603618144989,0.2460736632347107
6995,140,44,-0.3288172781467438,-0.2822708189487457,-0.148603618144989,0.2460736632347107
6996,140,45,-0.06971239298582077,0.27686795592308044,-0.148603618144989,0.2460736632347107
6997,140,46,-0.007666157558560371,-0.08584815263748169,-0.148603618144989,0.2460736632347107
6998,140,47,0.10841741412878036,-0.084097720682621,-0.148603618144989,0.2460736632347107
6999,140,48,0.31161636114120483,-0.06400346755981445,-0.148603618144989,0.2460736632347107
7000,140,49,0.5010993480682373,-0.5129923820495605,-0.148603618144989,0.2460736632347107
7001,141,0,0.3029193580150604,-0.2120397984981537,-0.12288999557495117,0.24042725563049316
7002,141,1,0.4161994159221649,-0.4834323525428772,-0.12288999557495117,0.24042725563049316
7003,141,2,0.22587266564369202,-0.2960188388824463,-0.12288999557495117,0.24042725563049316
7004,141,3,0.2854595482349396,-0.11880131810903549,-0.12288999557495117,0.24042725563049316
7005,141,4,-0.15494391322135925,-0.23803451657295227,-0.12288999557495117,0.24042725563049316
7006,141,5,-0.16553246974945068,-0.11651614308357239,-0.12288999557495117,0.24042725563049316
7007,141,6,-0.0349251814186573,-0.4423239231109619,-0.12288999557495117,0.24042725563049316
7008,141,7,0.059684716165065765,-0.05156787484884262,-0.12288999557495117,0.24042725563049316
7009,141,8,0.015671025961637497,-0.3428056836128235,-0.12288999557495117,0.24042725563049316
7010,141,9,0.1481553614139557,0.02689848467707634,-0.12288999557495117,0.24042725563049316
7011,141,10,0.09254419058561325,-0.4374006688594818,-0.12288999557495117,0.24042725563049316
7012,141,11,-0.15057167410850525,0.017761705443263054,-0.12288999557495117,0.24042725563049316
7013,141,12,-0.266916424036026,-0.09257142245769501,-0.12288999557495117,0.24042725563049316
7014,141,13,-0.004066722001880407,-0.09983858466148376,-0.12288999557495117,0.24042725563049316
7015,141,14,0.2859191596508026,-0.23800863325595856,-0.12288999557495117,0.24042725563049316
7016,141,15,0.1718159019947052,-0.3506149351596832,-0.12288999557495117,0.24042725563049316
7017,141,16,0.1327015459537506,-0.30269330739974976,-0.12288999557495117,0.24042725563049316
7018,141,17,-0.07347998023033142,-0.3093474209308624,-0.12288999557495117,0.24042725563049316
7019,141,18,-0.2495013177394867,-0.19274979829788208,-0.12288999557495117,0.24042725563049316
7020,141,19,-0.34970197081565857,-0.1732943058013916,-0.12288999557495117,0.24042725563049316
7021,141,20,-0.2963041663169861,-0.30316105484962463,-0.12288999557495117,0.24042725563049316
7022,141,21,-0.20566636323928833,-0.11603929847478867,-0.12288999557495117,0.24042725563049316
7023,141,22,-0.15264396369457245,-0.268004834651947,-0.12288999557495117,0.24042725563049316
7024,141,23,-0.010944481007754803,-0.12272796779870987,-0.12288999557495117,0.24042725563049316
7025,141,24,-0.1470796912908554,0.14841821789741516,-0.12288999557495117,0.24042725563049316
7026,141,25,-0.16354712843894958,-0.30972978472709656,-0.12288999557495117,0.24042725563049316
7027,141,26,-0.10989023000001907,-0.327849805355072,-0.12288999557495117,0.24042725563049316
7028,141,27,-0.010721071623265743,-0.387919157743454,-0.12288999557495117,0.24042725563049316
7029,141,28,-0.17186343669891357,0.01519958209246397,-0.12288999557495117,0.24042725563049316
7030,141,29,-0.34920433163642883,0.09528028964996338,-0.12288999557495117,0.24042725563049316
7031,141,30,0.1140221431851387,-0.5226885676383972,-0.12288999557495117,0.24042725563049316
7032,141,31,0.1670156568288803,-0.7047068476676941,-0.12288999557495117,0.24042725563049316
7033,141,32,0.05244458094239235,-0.17060451209545135,-0.12288999557495117,0.24042725563049316
7034,141,33,0.21951749920845032,-0.29901283979415894,-0.12288999557495117,0.24042725563049316
7035,141,34,0.26340916752815247,0.05692117661237717,-0.12288999557495117,0.24042725563049316
7036,141,35,-0.009566239081323147,-0.13949458301067352,-0.12288999557495117,0.24042725563049316
7037,141,36,-0.2661464810371399,-0.15246497094631195,-0.12288999557495117,0.24042725563049316
7038,141,37,-0.25952091813087463,0.01256450917571783,-0.12288999557495117,0.24042725563049316
7039,141,38,-0.13606896996498108,-0.09172267466783524,-0.12288999557495117,0.24042725563049316
7040,141,39,0.04609367623925209,0.170384481549263,-0.12288999557495117,0.24042725563049316
7041,141,40,0.23824383318424225,-0.35095253586769104,-0.12288999557495117,0.24042725563049316
7042,141,41,-0.07515788823366165,-0.4818451702594757,-0.12288999557495117,0.24042725563049316
7043,141,42,-0.15419240295886993,0.2356005162000656,-0.12288999557495117,0.24042725563049316
7044,141,43,-0.30576038360595703,0.0540076307952404,-0.12288999557495117,0.24042725563049316
7045,141,44,-0.3495394289493561,-0.29344767332077026,-0.12288999557495117,0.24042725563049316
7046,141,45,-0.0054083047434687614,-0.10178453475236893,-0.12288999557495117,0.24042725563049316
7047,141,46,-0.036100924015045166,0.21072573959827423,-0.12288999557495117,0.24042725563049316
7048,141,47,-0.15014749765396118,0.1916646510362625,-0.12288999557495117,0.24042725563049316
7049,141,48,-0.4000908434391022,0.15874376893043518,-0.12288999557495117,0.24042725563049316
7050,141,49,-0.31669938564300537,0.19222736358642578,-0.12288999557495117,0.24042725563049316
7051,142,0,-0.08569413423538208,-0.13330323994159698,-0.12109094858169556,0.23000068962574005
7052,142,1,-0.19611525535583496,-0.35163336992263794,-0.12109094858169556,0.23000068962574005
7053,142,2,0.07090280950069427,-0.3371949791908264,-0.12109094858169556,0.23000068962574005
7054,142,3,0.1966017335653305,0.07642102986574173,-0.12109094858169556,0.23000068962574005
7055,142,4,-0.30632466077804565,-0.27784135937690735,-0.12109094858169556,0.23000068962574005
7056,142,5,-0.25344985723495483,0.14828777313232422,-0.12109094858169556,0.23000068962574005
7057,142,6,-0.07731279730796814,-0.2325635850429535,-0.12109094858169556,0.23000068962574005
7058,142,7,-0.07788582146167755,-0.06053778529167175,-0.12109094858169556,0.23000068962574005
7059,142,8,-0.02391164004802704,-0.23386095464229584,-0.12109094858169556,0.23000068962574005
7060,142,9,-0.0031774500384926796,-0.17088237404823303,-0.12109094858169556,0.23000068962574005
7061,142,10,0.023947540670633316,-0.008939715102314949,-0.12109094858169556,0.23000068962574005
7062,142,11,0.03246194124221802,-0.07572249323129654,-0.12109094858169556,0.23000068962574005
7063,142,12,0.3847617208957672,0.0001940397050930187,-0.12109094858169556,0.23000068962574005
7064,142,13,0.3053617775440216,0.010691706091165543,-0.12109094858169556,0.23000068962574005
7065,142,14,-0.005219625309109688,0.1159854605793953,-0.12109094858169556,0.23000068962574005
7066,142,15,0.06767042726278305,-0.08293924480676651,-0.12109094858169556,0.23000068962574005
7067,142,16,-0.017174644395709038,-0.2169223427772522,-0.12109094858169556,0.23000068962574005
7068,142,17,0.12242966890335083,-0.2352844625711441,-0.12109094858169556,0.23000068962574005
7069,142,18,0.21222147345542908,-0.11857705563306808,-0.12109094858169556,0.23000068962574005
7070,142,19,-0.06239540874958038,-0.1019817441701889,-0.12109094858169556,0.23000068962574005
7071,142,20,-0.053236160427331924,0.05693119019269943,-0.12109094858169556,0.23000068962574005
7072,142,21,0.06554519385099411,0.10934480279684067,-0.12109094858169556,0.23000068962574005
7073,142,22,-0.05742751806974411,-0.10290787369012833,-0.12109094858169556,0.23000068962574005
7074,142,23,-0.20423711836338043,-0.47625744342803955,-0.12109094858169556,0.23000068962574005
7075,142,24,-0.2101190984249115,-0.1889549344778061,-0.12109094858169556,0.23000068962574005
7076,142,25,-0.06670574843883514,-0.3002866208553314,-0.12109094858169556,0.23000068962574005
7077,142,26,0.07608313113451004,0.20746934413909912,-0.12109094858169556,0.23000068962574005
7078,142,27,-0.00981215201318264,-0.19421981275081635,-0.12109094858169556,0.23000068962574005
7079,142,28,-0.13666267693042755,-0.3630880117416382,-0.12109094858169556,0.23000068962574005
7080,142,29,0.18237684667110443,0.0751427412033081,-0.12109094858169556,0.23000068962574005
7081,142,30,0.304210364818573,-0.37115269899368286,-0.12109094858169556,0.23000068962574005
7082,142,31,0.2728032171726227,-0.06321926414966583,-0.12109094858169556,0.23000068962574005
7083,142,32,0.3176731765270233,0.205245703458786,-0.12109094858169556,0.23000068962574005
7084,142,33,-0.0625029057264328,-0.24063637852668762,-0.12109094858169556,0.23000068962574005
7085,142,34,-0.20641905069351196,-0.4455079734325409,-0.12109094858169556,0.23000068962574005
7086,142,35,-0.2632683217525482,-0.06100953742861748,-0.12109094858169556,0.23000068962574005
7087,142,36,-0.3428463339805603,-0.12781961262226105,-0.12109094858169556,0.23000068962574005
7088,142,37,-0.025143377482891083,-0.3218051791191101,-0.12109094858169556,0.23000068962574005
7089,142,38,0.11593587696552277,0.09753484278917313,-0.12109094858169556,0.23000068962574005
7090,142,39,0.01864152029156685,-0.11573732644319534,-0.12109094858169556,0.23000068962574005
7091,142,40,-0.24580171704292297,0.019447436556220055,-0.12109094858169556,0.23000068962574005
7092,142,41,0.11431648582220078,-0.2598382234573364,-0.12109094858169556,0.23000068962574005
7093,142,42,0.07966510951519012,-0.31015273928642273,-0.12109094858169556,0.23000068962574005
7094,142,43,-0.1398472636938095,0.3770049512386322,-0.12109094858169556,0.23000068962574005
7095,142,44,0.11947157233953476,-0.13300931453704834,-0.12109094858169556,0.23000068962574005
7096,142,45,0.01871851459145546,0.25063079595565796,-0.12109094858169556,0.23000068962574005
7097,142,46,-0.14092470705509186,-0.15136989951133728,-0.12109094858169556,0.23000068962574005
7098,142,47,-0.2167290896177292,-0.32338476181030273,-0.12109094858169556,0.23000068962574005
7099,142,48,0.008342786692082882,-0.12557286024093628,-0.12109094858169556,0.23000068962574005
7100,142,49,0.10610467195510864,-0.38276568055152893,-0.12109094858169556,0.23000068962574005
7101,143,0,-0.08079062402248383,-0.3151731789112091,-0.118183434009552,0.21104347705841064
7102,143,1,0.15904520452022552,-0.20667681097984314,-0.118183434009552,0.21104347705841064
7103,143,2,-0.025142882019281387,-0.5195547342300415,-0.118183434009552,0.21104347705841064
7104,143,3,-0.08573173731565475,-0.22120332717895508,-0.118183434009552,0.21104347705841064
7105,143,4,0.14056412875652313,0.021570270881056786,-0.118183434009552,0.21104347705841064
7106,143,5,0.18815770745277405,-0.36438480019569397,-0.118183434009552,0.21104347705841064
7107,143,6,0.09333834052085876,-0.24055281281471252,-0.118183434009552,0.21104347705841064
7108,143,7,-0.05765654891729355,-0.24845008552074432,-0.118183434009552,0.21104347705841064
7109,143,8,-0.18248535692691803,0.08107364922761917,-0.118183434009552,0.21104347705841064
7110,143,9,-0.3720628321170807,-0.43780186772346497,-0.118183434009552,0.21104347705841064
7111,143,10,-0.4566636085510254,-0.049041833728551865,-0.118183434009552,0.21104347705841064
7112,143,11,-0.04821979999542236,-0.20930030941963196,-0.118183434009552,0.21104347705841064
7113,143,12,0.13236960768699646,-0.2753995656967163,-0.118183434009552,0.21104347705841064
7114,143,13,-0.14471133053302765,-0.24067647755146027,-0.118183434009552,0.21104347705841064
7115,143,14,-0.14658886194229126,-0.2658146917819977,-0.118183434009552,0.21104347705841064
7116,143,15,0.03886370733380318,-0.14534297585487366,-0.118183434009552,0.21104347705841064
7117,143,16,-0.20461545884609222,-0.13855069875717163,-0.118183434009552,0.21104347705841064
7118,143,17,-0.2757786810398102,-0.32002997398376465,-0.118183434009552,0.21104347705841064
7119,143,18,0.08985765278339386,0.043028756976127625,-0.118183434009552,0.21104347705841064
7120,143,19,-0.14490817487239838,-0.5095484852790833,-0.118183434009552,0.21104347705841064
7121,143,20,-0.3368016183376312,-0.011056717485189438,-0.118183434009552,0.21104347705841064
7122,143,21,-0.030669938772916794,0.25069886445999146,-0.118183434009552,0.21104347705841064
7123,143,22,0.1982315480709076,-0.4189571738243103,-0.118183434009552,0.21104347705841064
7124,143,23,0.11938656866550446,-0.32162460684776306,-0.118183434009552,0.21104347705841064
7125,143,24,-0.04543673247098923,-0.1866152137517929,-0.118183434009552,0.21104347705841064
7126,143,25,-0.014728298410773277,0.03529813513159752,-0.118183434009552,0.21104347705841064
7127,143,26,0.3473895192146301,0.08396442979574203,-0.118183434009552,0.21104347705841064
7128,143,27,0.408290296792984,0.028707604855298996,-0.118183434009552,0.21104347705841064
7129,143,28,0.24054332077503204,-0.16449661552906036,-0.118183434009552,0.21104347705841064
7130,143,29,0.237152099609375,-0.25262394547462463,-0.118183434009552,0.21104347705841064
7131,143,30,0.07186098396778107,0.19961217045783997,-0.118183434009552,0.21104347705841064
7132,143,31,-0.15339283645153046,-0.14081214368343353,-0.118183434009552,0.21104347705841064
7133,143,32,-0.12273035943508148,-0.02673507295548916,-0.118183434009552,0.21104347705841064
7134,143,33,0.17966565489768982,-0.17100320756435394,-0.118183434009552,0.21104347705841064
7135,143,34,0.1386503279209137,0.16171103715896606,-0.118183434009552,0.21104347705841064
7136,143,35,0.07160036265850067,-0.08129408210515976,-0.118183434009552,0.21104347705841064
7137,143,36,0.34189268946647644,-0.5204298496246338,-0.118183434009552,0.21104347705841064
7138,143,37,0.36844727396965027,0.5404192805290222,-0.118183434009552,0.21104347705841064
7139,143,38,0.42651674151420593,0.2909255027770996,-0.118183434009552,0.21104347705841064
7140,143,39,0.3249293267726898,0.1501857489347458,-0.118183434009552,0.21104347705841064
7141,143,40,-0.0495762899518013,-0.128449946641922,-0.118183434009552,0.21104347705841064
7142,143,41,-0.21993641555309296,0.009630486369132996,-0.118183434009552,0.21104347705841064
7143,143,42,-0.04859178140759468,-0.2057754546403885,-0.118183434009552,0.21104347705841064
7144,143,43,-0.15542598068714142,0.19005531072616577,-0.118183434009552,0.21104347705841064
7145,143,44,-0.25516220927238464,-0.27977311611175537,-0.118183434009552,0.21104347705841064
7146,143,45,-0.35493582487106323,-0.25609686970710754,-0.118183434009552,0.21104347705841064
7147,143,46,-0.1720883995294571,-0.07196242362260818,-0.118183434009552,0.21104347705841064
7148,143,47,0.05007921904325485,-0.06595873087644577,-0.118183434009552,0.21104347705841064
7149,143,48,0.1331913024187088,-0.4032836854457855,-0.118183434009552,0.21104347705841064
7150,143,49,0.26588308811187744,-0.09153012186288834,-0.118183434009552,0.21104347705841064
7151,144,0,-0.26821860671043396,-0.06651105731725693,-0.0929136723279953,0.1968708336353302
7152,144,1,-0.3358939588069916,-0.23361054062843323,-0.0929136723279953,0.1968708336353302
7153,144,2,-0.010765157639980316,-0.14601130783557892,-0.0929136723279953,0.1968708336353302
7154,144,3,0.09988968074321747,-0.2340947389602661,-0.0929136723279953,0.1968708336353302
7155,144,4,0.13051451742649078,0.3593222498893738,-0.0929136723279953,0.1968708336353302
7156,144,5,-0.20505842566490173,0.03928373008966446,-0.0929136723279953,0.1968708336353302
7157,144,6,-0.5452972650527954,-0.11957485973834991,-0.0929136723279953,0.1968708336353302
7158,144,7,-0.23189999163150787,-0.07314116507768631,-0.0929136723279953,0.1968708336353302
7159,144,8,0.3222852945327759,0.12321531027555466,-0.0929136723279953,0.1968708336353302
7160,144,9,0.47155338525772095,-0.17882965505123138,-0.0929136723279953,0.1968708336353302
7161,144,10,0.016038546338677406,0.03054625727236271,-0.0929136723279953,0.1968708336353302
7162,144,11,-0.16711238026618958,-0.2614949643611908,-0.0929136723279953,0.1968708336353302
7163,144,12,-0.20714740455150604,0.04588885232806206,-0.0929136723279953,0.1968708336353302
7164,144,13,0.08765518665313721,0.2768107056617737,-0.0929136723279953,0.1968708336353302
7165,144,14,0.04351866990327835,0.2744905948638916,-0.0929136723279953,0.1968708336353302
7166,144,15,-0.13171733915805817,-0.4092670679092407,-0.0929136723279953,0.1968708336353302
7167,144,16,-0.28670862317085266,-0.13927124440670013,-0.0929136723279953,0.1968708336353302
7168,144,17,-0.4091166853904724,-0.3961215615272522,-0.0929136723279953,0.1968708336353302
7169,144,18,-0.23220032453536987,0.14777114987373352,-0.0929136723279953,0.1968708336353302
7170,144,19,-0.22147411108016968,-0.0676606222987175,-0.0929136723279953,0.1968708336353302
7171,144,20,-0.10346324741840363,-0.033535320311784744,-0.0929136723279953,0.1968708336353302
7172,144,21,0.4134366810321808,-0.025311456993222237,-0.0929136723279953,0.1968708336353302
7173,144,22,0.410289466381073,0.3590995669364929,-0.0929136723279953,0.1968708336353302
7174,144,23,0.38061049580574036,-0.538953959941864,-0.0929136723279953,0.1968708336353302
7175,144,24,0.21465258300304413,-0.46963515877723694,-0.0929136723279953,0.1968708336353302
7176,144,25,0.31735408306121826,-0.4018946588039398,-0.0929136723279953,0.1968708336353302
7177,144,26,-0.06502319127321243,-0.32589244842529297,-0.0929136723279953,0.1968708336353302
7178,144,27,0.17810335755348206,-0.38344520330429077,-0.0929136723279953,0.1968708336353302
7179,144,28,0.17104768753051758,0.1319553107023239,-0.0929136723279953,0.1968708336353302
7180,144,29,-0.17712819576263428,-0.3211762607097626,-0.0929136723279953,0.1968708336353302
7181,144,30,-0.2948315143585205,-0.2131844162940979,-0.0929136723279953,0.1968708336353302
7182,144,31,-0.24519556760787964,-0.09139498323202133,-0.0929136723279953,0.1968708336353302
7183,144,32,-0.03722522407770157,-0.34531891345977783,-0.0929136723279953,0.1968708336353302
7184,144,33,0.09973417222499847,-0.021335862576961517,-0.0929136723279953,0.1968708336353302
7185,144,34,0.13827894628047943,-0.18410149216651917,-0.0929136723279953,0.1968708336353302
7186,144,35,0.1363297700881958,-0.11502568423748016,-0.0929136723279953,0.1968708336353302
7187,144,36,0.21687312424182892,-0.27415138483047485,-0.0929136723279953,0.1968708336353302
7188,144,37,0.255837619304657,0.18466968834400177,-0.0929136723279953,0.1968708336353302
7189,144,38,0.1255808174610138,0.06700042635202408,-0.0929136723279953,0.1968708336353302
7190,144,39,-0.1395348310470581,0.1156463474035263,-0.0929136723279953,0.1968708336353302
7191,144,40,-0.0463566891849041,0.08257478475570679,-0.0929136723279953,0.1968708336353302
7192,144,41,-0.06413358449935913,-0.25825074315071106,-0.0929136723279953,0.1968708336353302
7193,144,42,0.1772279590368271,-0.05741814896464348,-0.0929136723279953,0.1968708336353302
7194,144,43,0.3472828269004822,-0.3484438359737396,-0.0929136723279953,0.1968708336353302
7195,144,44,0.28968822956085205,-0.26946428418159485,-0.0929136723279953,0.1968708336353302
7196,144,45,0.09255948662757874,-0.3505754768848419,-0.0929136723279953,0.1968708336353302
7197,144,46,0.09455627202987671,-0.32861122488975525,-0.0929136723279953,0.1968708336353302
7198,144,47,0.010193632915616035,-0.3925348222255707,-0.0929136723279953,0.1968708336353302
7199,144,48,-0.20955853164196014,-0.16601914167404175,-0.0929136723279953,0.1968708336353302
7200,144,49,-0.4434778392314911,-0.5254616737365723,-0.0929136723279953,0.1968708336353302
7201,145,0,-0.20459149777889252,-0.1960221230983734,-0.06569285690784454,0.18647000193595886
7202,145,1,-0.19127707183361053,0.12976039946079254,-0.06569285690784454,0.18647000193595886
7203,145,2,-0.19924715161323547,-0.19621498882770538,-0.06569285690784454,0.18647000193595886
7204,145,3,-0.24733637273311615,-0.10462206602096558,-0.06569285690784454,0.18647000193595886
7205,145,4,-0.01653335802257061,-0.2116798460483551,-0.06569285690784454,0.18647000193595886
7206,145,5,0.14794547855854034,0.028371373191475868,-0.06569285690784454,0.18647000193595886
7207,145,6,0.18853247165679932,-0.3832756578922272,-0.06569285690784454,0.18647000193595886
7208,145,7,0.19275279343128204,-0.11320485919713974,-0.06569285690784454,0.18647000193595886
7209,145,8,0.18381232023239136,-0.5563287138938904,-0.06569285690784454,0.18647000193595886
7210,145,9,0.27743637561798096,-0.033199142664670944,-0.06569285690784454,0.18647000193595886
7211,145,10,0.2729821801185608,-0.3426419496536255,-0.06569285690784454,0.18647000193595886
7212,145,11,0.14752793312072754,-0.24663935601711273,-0.06569285690784454,0.18647000193595886
7213,145,12,-0.10406690835952759,-0.08843130618333817,-0.06569285690784454,0.18647000193595886
7214,145,13,0.039914362132549286,0.016758156940340996,-0.06569285690784454,0.18647000193595886
7215,145,14,0.4380357563495636,0.22101084887981415,-0.06569285690784454,0.18647000193595886
7216,145,15,0.21176891028881073,-0.4646613299846649,-0.06569285690784454,0.18647000193595886
7217,145,16,-0.12206744402647018,-0.14184033870697021,-0.06569285690784454,0.18647000193595886
7218,145,17,-0.1962406486272812,-0.5745797157287598,-0.06569285690784454,0.18647000193595886
7219,145,18,0.13812661170959473,-0.04927326738834381,-0.06569285690784454,0.18647000193595886
7220,145,19,0.4142768383026123,0.3280569612979889,-0.06569285690784454,0.18647000193595886
7221,145,20,0.4991794228553772,-0.14573800563812256,-0.06569285690784454,0.18647000193595886
7222,145,21,0.26506856083869934,-0.059108883142471313,-0.06569285690784454,0.18647000193595886
7223,145,22,0.019390923902392387,-0.015113220550119877,-0.06569285690784454,0.18647000193595886
7224,145,23,-0.183346226811409,-0.21701659262180328,-0.06569285690784454,0.18647000193595886
7225,145,24,0.09276744723320007,0.17919117212295532,-0.06569285690784454,0.18647000193595886
7226,145,25,-0.02201644331216812,-0.6154388785362244,-0.06569285690784454,0.18647000193595886
7227,145,26,-0.22176244854927063,-0.12202850729227066,-0.06569285690784454,0.18647000193595886
7228,145,27,0.001095762476325035,-0.5124924778938293,-0.06569285690784454,0.18647000193595886
7229,145,28,0.21296986937522888,-0.14180207252502441,-0.06569285690784454,0.18647000193595886
7230,145,29,0.17180296778678894,-0.16496819257736206,-0.06569285690784454,0.18647000193595886
7231,145,30,0.1853925585746765,0.10965756326913834,-0.06569285690784454,0.18647000193595886
7232,145,31,0.2614639699459076,0.0835561454296112,-0.06569285690784454,0.18647000193595886
7233,145,32,0.01841457560658455,-0.04789826646447182,-0.06569285690784454,0.18647000193595886
7234,145,33,-0.15917712450027466,0.09188978374004364,-0.06569285690784454,0.18647000193595886
7235,145,34,0.0871756449341774,-0.14639180898666382,-0.06569285690784454,0.18647000193595886
7236,145,35,0.09123588353395462,-0.1617707908153534,-0.06569285690784454,0.18647000193595886
7237,145,36,-0.12020223587751389,0.01750986836850643,-0.06569285690784454,0.18647000193595886
7238,145,37,-0.03979221358895302,-0.05801218003034592,-0.06569285690784454,0.18647000193595886
7239,145,38,0.23013891279697418,-0.3029627501964569,-0.06569285690784454,0.18647000193595886
7240,145,39,0.46010714769363403,0.10819607228040695,-0.06569285690784454,0.18647000193595886
7241,145,40,-0.02064197137951851,0.05673850327730179,-0.06569285690784454,0.18647000193595886
7242,145,41,-0.042669303715229034,-0.3662640154361725,-0.06569285690784454,0.18647000193595886
7243,145,42,0.19427482783794403,0.2910327911376953,-0.06569285690784454,0.18647000193595886
7244,145,43,0.13148437440395355,-0.23650380969047546,-0.06569285690784454,0.18647000193595886
7245,145,44,-0.18917924165725708,-0.018991107121109962,-0.06569285690784454,0.18647000193595886
7246,145,45,-0.1180446669459343,-0.06996268033981323,-0.06569285690784454,0.18647000193595886
7247,145,46,0.353335440158844,0.11619514971971512,-0.06569285690784454,0.18647000193595886
7248,145,47,0.3937274217605591,-0.28878021240234375,-0.06569285690784454,0.18647000193595886
7249,145,48,0.1252310872077942,-0.4875869154930115,-0.06569285690784454,0.18647000193595886
7250,145,49,0.0007206127047538757,-0.12494833022356033,-0.06569285690784454,0.18647000193595886
7251,146,0,0.05153265222907066,0.16493718326091766,-0.05015556514263153,0.19863465428352356
7252,146,1,0.1743154078722,0.17195653915405273,-0.05015556514263153,0.19863465428352356
7253,146,2,-0.23899802565574646,0.09934333711862564,-0.05015556514263153,0.19863465428352356
7254,146,3,-0.11723195761442184,-0.6411766409873962,-0.05015556514263153,0.19863465428352356
7255,146,4,-0.04747315123677254,-0.09164940565824509,-0.05015556514263153,0.19863465428352356
7256,146,5,0.05680540204048157,-0.34247833490371704,-0.05015556514263153,0.19863465428352356
7257,146,6,0.1376177966594696,0.03310973569750786,-0.05015556514263153,0.19863465428352356
7258,146,7,0.22325725853443146,0.01772221177816391,-0.05015556514263153,0.19863465428352356
7259,146,8,-0.06530464440584183,0.04953734576702118,-0.05015556514263153,0.19863465428352356
7260,146,9,-0.019944967702031136,-0.36042243242263794,-0.05015556514263153,0.19863465428352356
7261,146,10,-0.010377893224358559,0.03856997191905975,-0.05015556514263153,0.19863465428352356
7262,146,11,-0.2126079797744751,-0.29390260577201843,-0.05015556514263153,0.19863465428352356
7263,146,12,-0.4285106956958771,-0.22821484506130219,-0.05015556514263153,0.19863465428352356
7264,146,13,-0.08148254454135895,0.029910411685705185,-0.05015556514263153,0.19863465428352356
7265,146,14,0.12389266490936279,-0.29231932759284973,-0.05015556514263153,0.19863465428352356
7266,146,15,0.0312981903553009,0.35614287853240967,-0.05015556514263153,0.19863465428352356
7267,146,16,-0.2657761871814728,-0.4592532217502594,-0.05015556514263153,0.19863465428352356
7268,146,17,-0.40175625681877136,0.1304023563861847,-0.05015556514263153,0.19863465428352356
7269,146,18,-0.18191097676753998,0.47833502292633057,-0.05015556514263153,0.19863465428352356
7270,146,19,-0.23391172289848328,-0.32988691329956055,-0.05015556514263153,0.19863465428352356
7271,146,20,-0.019257239997386932,-0.13887275755405426,-0.05015556514263153,0.19863465428352356
7272,146,21,-0.23616692423820496,-0.026334278285503387,-0.05015556514263153,0.19863465428352356
7273,146,22,-0.25962117314338684,-0.3115100860595703,-0.05015556514263153,0.19863465428352356
7274,146,23,0.1251343935728073,-0.1093224510550499,-0.05015556514263153,0.19863465428352356
7275,146,24,0.1057596206665039,0.016898145899176598,-0.05015556514263153,0.19863465428352356
7276,146,25,0.08273869007825851,-0.19727550446987152,-0.05015556514263153,0.19863465428352356
7277,146,26,0.1411057710647583,-0.0775863379240036,-0.05015556514263153,0.19863465428352356
7278,146,27,-0.013479571789503098,-0.29006704688072205,-0.05015556514263153,0.19863465428352356
7279,146,28,0.10502675920724869,-0.1162872388958931,-0.05015556514263153,0.19863465428352356
7280,146,29,0.08147864043712616,-0.2701846957206726,-0.05015556514263153,0.19863465428352356
7281,146,30,-0.0926210805773735,-0.0816102847456932,-0.05015556514263153,0.19863465428352356
7282,146,31,-0.21569989621639252,0.02491138130426407,-0.05015556514263153,0.19863465428352356
7283,146,32,-0.14302849769592285,-0.38983452320098877,-0.05015556514263153,0.19863465428352356
7284,146,33,-0.04786061495542526,0.25206640362739563,-0.05015556514263153,0.19863465428352356
7285,146,34,-0.146745502948761,0.01727382093667984,-0.05015556514263153,0.19863465428352356
7286,146,35,-0.37705180048942566,-0.09220537543296814,-0.05015556514263153,0.19863465428352356
7287,146,36,-0.06198882311582565,-0.11905855685472488,-0.05015556514263153,0.19863465428352356
7288,146,37,0.37712088227272034,0.14730145037174225,-0.05015556514263153,0.19863465428352356
7289,146,38,0.4211098253726959,-0.028933389112353325,-0.05015556514263153,0.19863465428352356
7290,146,39,-0.03278707340359688,0.002041284926235676,-0.05015556514263153,0.19863465428352356
7291,146,40,-0.043037667870521545,0.1329226791858673,-0.05015556514263153,0.19863465428352356
7292,146,41,-0.05781184881925583,0.04955843836069107,-0.05015556514263153,0.19863465428352356
7293,146,42,-0.12518151104450226,0.0627271756529808,-0.05015556514263153,0.19863465428352356
7294,146,43,-0.2534531354904175,0.16661828756332397,-0.05015556514263153,0.19863465428352356
7295,146,44,-0.24729830026626587,0.208754301071167,-0.05015556514263153,0.19863465428352356
7296,146,45,-0.3680160641670227,-0.25137150287628174,-0.05015556514263153,0.19863465428352356
7297,146,46,-0.23246078193187714,0.23785653710365295,-0.05015556514263153,0.19863465428352356
7298,146,47,-0.2118166834115982,0.15385572612285614,-0.05015556514263153,0.19863465428352356
7299,146,48,-0.3737788498401642,0.14850948750972748,-0.05015556514263153,0.19863465428352356
7300,146,49,-0.18191416561603546,-0.2928600013256073,-0.05015556514263153,0.19863465428352356
