step,reward
0,[0.9377]
1,[0.9544]
2,[0.9749]
3,[0.8997]
4,[1.0623]
5,[1.0286]
6,[0.9005]
7,[0.9442]
8,[0.8772]
9,[1.1379]
10,[0.91040003]
11,[1.1110001]
12,[0.9142]
13,[1.0696]
14,[0.9276]
15,[1.1275]
16,[0.7724]
17,[0.736]
18,[0.9667]
19,[0.9766]
20,[0.9101]
21,[1.0461]
22,[1.0542]
23,[1.0153]
24,[0.939]
25,[1.0927]
26,[0.8277]
27,[1.0484]
28,[0.9844]
29,[1.0437]
30,[0.9886]
31,[1.2442]
32,[1.1896]
33,[1.1167]
34,[1.0459]
35,[1.0948]
36,[0.9758]
37,[0.8717]
38,[0.98]
39,[1.0129]
