step,reward
0,[-5.54]
1,[-2.5700002]
2,[4.1800003]
3,[0.69]
4,[8.21]
5,[-22.57]
6,[16.310001]
7,[-0.5300001]
8,[6.89]
9,[-6.2]
10,[-9.88]
11,[17.99]
12,[22.220001]
13,[-7.51]
14,[-0.68999994]
15,[5.86]
16,[3.16]
17,[-12.96]
18,[-4.47]
19,[-4.58]
20,[17.82]
21,[21.]
22,[16.369999]
23,[20.820002]
24,[-0.94000006]
25,[-29.01]
26,[10.99]
27,[2.5]
28,[-4.75]
29,[-5.72]
30,[5.63]
31,[-10.02]
32,[-13.990001]
33,[29.98]
34,[5.37]
35,[-9.37]
36,[3.21]
37,[1.35]
38,[-2.34]
39,[15.4]
