global_step,update,step_in_update,reward,action_noisy,action_mean,value
1,1,0,-0.3079724609851837,-0.5760421752929688,0.11817111074924469,-0.32537370920181274
2,1,1,-0.27346786856651306,-0.07696592807769775,0.09599874913692474,-0.31822478771209717
3,1,2,-0.07560817152261734,-0.6192725300788879,0.13830864429473877,-0.3252111077308655
4,1,3,-0.1246330663561821,-0.37611740827560425,0.10075230151414871,-0.3172942101955414
5,1,4,-0.6684054136276245,-0.07430092990398407,0.10250049829483032,-0.3250930905342102
6,1,5,-0.3169982135295868,0.37479227781295776,0.12255411595106125,-0.31926143169403076
7,1,6,0.1492806226015091,0.29047369956970215,0.14250557124614716,-0.3273334503173828
8,1,7,0.3719441592693329,0.10304617136716843,0.13965608179569244,-0.3241000175476074
9,1,8,0.0795140191912651,0.6377086043357849,0.11703696101903915,-0.3230751156806946
10,1,9,-0.2719959020614624,-0.1411791294813156,0.11209194362163544,-0.31979769468307495
11,1,10,-0.09222716093063354,-0.17826968431472778,0.12318228930234909,-0.32301270961761475
12,1,11,-0.054237257689237595,0.09492474794387817,0.12154051661491394,-0.32438045740127563
13,1,12,-0.18164582550525665,0.11741979420185089,0.1092042550444603,-0.3225548267364502
14,1,13,-0.1609126478433609,-0.2804272472858429,0.11151706427335739,-0.32230162620544434
15,1,14,-0.05275377631187439,0.5411396026611328,0.11681357026100159,-0.3185284733772278
16,1,15,0.17814381420612335,0.12748727202415466,0.1304902583360672,-0.3191567063331604
17,1,16,-0.0864601880311966,0.12362819910049438,0.11821193993091583,-0.3191816210746765
18,1,17,-0.4068898856639862,0.2293727993965149,0.10245762765407562,-0.3221287727355957
19,1,18,-0.33868128061294556,0.16674509644508362,0.10958658903837204,-0.32012587785720825
20,1,19,-0.2315441370010376,0.3431108891963959,0.11865407973527908,-0.3261110484600067
21,1,20,-0.27351102232933044,0.3067362904548645,0.11861573904752731,-0.3207849860191345
22,1,21,-0.4090159237384796,-0.2852054238319397,0.10602162033319473,-0.3268028497695923
23,1,22,-0.4279995262622833,0.15911278128623962,0.11075882613658905,-0.3219609260559082
24,1,23,-0.1415250301361084,-0.37146931886672974,0.11010229587554932,-0.3223028779029846
25,1,24,0.16789500415325165,-0.5851535797119141,0.1312200427055359,-0.321503221988678
26,1,25,0.0911121517419815,-0.3376474976539612,0.10870320349931717,-0.3129750192165375
27,1,26,-0.10958589613437653,0.006852997001260519,0.10376187413930893,-0.3189435601234436
28,1,27,0.08735878765583038,0.1516578495502472,0.12981392443180084,-0.3218061923980713
29,1,28,-0.023891184478998184,0.8469792604446411,0.1058996319770813,-0.3218156397342682
30,1,29,-0.018435783684253693,0.487252414226532,0.12492994964122772,-0.3207233250141144
31,1,30,-0.05177384614944458,-0.5245673656463623,0.12491043657064438,-0.32590964436531067
32,1,31,-0.04083658382296562,0.5641888976097107,0.1264839470386505,-0.3229084014892578
33,1,32,0.02158311754465103,0.16559644043445587,0.10584403574466705,-0.32088416814804077
34,1,33,-0.1551828682422638,0.5160125494003296,0.11132122576236725,-0.31750690937042236
35,1,34,-0.09476148337125778,-0.06787668168544769,0.11978413164615631,-0.3238769769668579
36,1,35,0.194960817694664,0.5788292288780212,0.14240477979183197,-0.3244287669658661
37,1,36,0.20436616241931915,0.004980455152690411,0.1262022852897644,-0.32408466935157776
38,1,37,0.10502058267593384,0.35919585824012756,0.12849865853786469,-0.325265109539032
39,1,38,0.11059903353452682,-0.2547096610069275,0.1280224472284317,-0.3262518048286438
40,1,39,0.23967348039150238,0.013098646886646748,0.13604041934013367,-0.32384800910949707
41,1,40,0.10640092194080353,-0.07100676745176315,0.12096100300550461,-0.32209306955337524
42,1,41,0.17945986986160278,0.5806660056114197,0.1319706290960312,-0.32355111837387085
43,1,42,0.3418925106525421,-0.004453357309103012,0.13256557285785675,-0.32095855474472046
44,1,43,-0.04437434673309326,0.26476171612739563,0.11613891273736954,-0.32290661334991455
45,1,44,-0.257364958524704,0.28231364488601685,0.11775428056716919,-0.32427021861076355
46,1,45,-0.27371150255203247,-0.48828279972076416,0.11513187736272812,-0.3261784315109253
47,1,46,-0.325979620218277,0.3782898485660553,0.11615993827581406,-0.3248833417892456
48,1,47,-0.3180328905582428,0.14246544241905212,0.09847082197666168,-0.3259001076221466
49,1,48,-0.0652511864900589,-0.42868316173553467,0.12618494033813477,-0.3240533471107483
50,1,49,0.054407019168138504,0.35532185435295105,0.1301376223564148,-0.32519492506980896
51,2,0,-0.19039887189865112,0.5259499549865723,0.2028203010559082,-0.4419960677623749
52,2,1,-0.21389108896255493,0.160599946975708,0.21212303638458252,-0.44113823771476746
53,2,2,-0.1935647875070572,0.09954763948917389,0.21264582872390747,-0.4435608983039856
54,2,3,-0.30272430181503296,0.472384512424469,0.203912153840065,-0.4361828863620758
55,2,4,-0.25504106283187866,0.4728708863258362,0.208856001496315,-0.4424433708190918
56,2,5,-0.006147120613604784,0.4840349555015564,0.22260209918022156,-0.4437708556652069
57,2,6,0.003180039580911398,0.39170345664024353,0.22555316984653473,-0.44446080923080444
58,2,7,-0.11147884279489517,-0.13249842822551727,0.21199437975883484,-0.4392937421798706
59,2,8,0.006805286277085543,0.5352513194084167,0.218183234333992,-0.44176185131073
60,2,9,0.11553149670362473,-0.01567181944847107,0.21867823600769043,-0.441385954618454
61,2,10,-0.04132763296365738,0.737524151802063,0.2112375795841217,-0.44467949867248535
62,2,11,0.023387448862195015,0.37820208072662354,0.22339379787445068,-0.44178521633148193
63,2,12,-0.07297159731388092,-0.16449624300003052,0.21264269948005676,-0.4424208402633667
64,2,13,0.03684082627296448,-0.33481332659721375,0.22615717351436615,-0.4419555068016052
65,2,14,0.120814748108387,0.07035505026578903,0.22155246138572693,-0.4386805593967438
66,2,15,-0.03239947557449341,1.0,0.21712516248226166,-0.4426613450050354
67,2,16,-0.12445507198572159,0.05486694723367691,0.20910759270191193,-0.44011056423187256
68,2,17,-0.10881553590297699,0.9326891899108887,0.21600203216075897,-0.44565603137016296
69,2,18,-0.1760338991880417,0.7681006193161011,0.21139003336429596,-0.44144779443740845
70,2,19,-0.12065932899713516,-0.5347459316253662,0.20873552560806274,-0.4442312717437744
71,2,20,-0.24578119814395905,0.3733062744140625,0.2110232412815094,-0.4430898129940033
72,2,21,0.020086240023374557,0.18191251158714294,0.2057773917913437,-0.4410625398159027
73,2,22,0.24777498841285706,0.4332100749015808,0.22170387208461761,-0.4435938596725464
74,2,23,0.010292256250977516,-0.2193770855665207,0.21047739684581757,-0.4382154941558838
75,2,24,0.1834520697593689,0.6994918584823608,0.23376652598381042,-0.44388264417648315
76,2,25,-0.09990620613098145,0.6757662892341614,0.2061321884393692,-0.43912965059280396
77,2,26,-0.23702432215213776,-0.26459139585494995,0.20748519897460938,-0.4445995092391968
78,2,27,0.08218186348676682,0.01816638372838497,0.22528256475925446,-0.4410797953605652
79,2,28,-0.15915149450302124,0.5406308770179749,0.20234696567058563,-0.4436314105987549
80,2,29,-0.38131749629974365,-0.46737509965896606,0.206960991024971,-0.44468411803245544
81,2,30,-0.28571030497550964,0.41787052154541016,0.2169676125049591,-0.4482162892818451
82,2,31,-0.2743317782878876,0.1981310397386551,0.2065841555595398,-0.4414658546447754
83,2,32,-0.22940891981124878,0.752295970916748,0.19950905442237854,-0.4444226026535034
84,2,33,-0.2976580858230591,0.6045376658439636,0.21558281779289246,-0.44301512837409973
85,2,34,-0.11616424471139908,0.14277207851409912,0.20933297276496887,-0.44201424717903137
86,2,35,-0.11682657152414322,0.2425127625465393,0.2183840274810791,-0.4412725269794464
87,2,36,-0.3673878014087677,-0.3891430199146271,0.19870103895664215,-0.4395791292190552
88,2,37,-0.07929641008377075,0.20596425235271454,0.21779797971248627,-0.4436807334423065
89,2,38,-0.03722202032804489,0.4217645227909088,0.22136127948760986,-0.43020057678222656
90,2,39,0.16424277424812317,0.35433971881866455,0.22037599980831146,-0.4414809048175812
91,2,40,0.18348954617977142,0.29727041721343994,0.21719735860824585,-0.43760061264038086
92,2,41,0.029415681958198547,-0.42448607087135315,0.22132976353168488,-0.4436050057411194
93,2,42,-0.11700963973999023,0.2849331498146057,0.21144995093345642,-0.44112229347229004
94,2,43,-0.25318238139152527,0.08376135677099228,0.20297923684120178,-0.444732129573822
95,2,44,-0.2079465389251709,-0.15164245665073395,0.2203768938779831,-0.44268742203712463
96,2,45,-0.14083069562911987,-0.05048813670873642,0.20546270906925201,-0.4427794814109802
97,2,46,-0.07738358527421951,0.7863527536392212,0.22513405978679657,-0.4447111487388611
98,2,47,0.13769252598285675,0.3116859197616577,0.2231656014919281,-0.4453769028186798
99,2,48,0.11443889886140823,0.7320100665092468,0.22439450025558472,-0.44375863671302795
100,2,49,-0.17981953918933868,0.21152806282043457,0.20758892595767975,-0.4412904977798462
101,3,0,0.4021924138069153,-0.25114667415618896,0.24855603277683258,-0.4753492474555969
102,3,1,0.0852707251906395,-0.5664231181144714,0.22651757299900055,-0.47968578338623047
103,3,2,0.13273832201957703,-0.22333423793315887,0.24468210339546204,-0.47678786516189575
104,3,3,0.1931113302707672,0.04195762053132057,0.23966263234615326,-0.476384699344635
105,3,4,0.12112022191286087,0.6292125582695007,0.2475576102733612,-0.48095542192459106
106,3,5,0.16986492276191711,0.3534615933895111,0.24545347690582275,-0.47976216673851013
107,3,6,0.04095857962965965,0.17915576696395874,0.24424348771572113,-0.4819779396057129
108,3,7,-0.03400805592536926,0.4412217140197754,0.2385142296552658,-0.4801071882247925
109,3,8,-0.0700986385345459,0.4355766773223877,0.23567195236682892,-0.4806556701660156
110,3,9,0.09312081336975098,-0.5678927302360535,0.25029557943344116,-0.47757768630981445
111,3,10,0.27064672112464905,0.5104295611381531,0.23517368733882904,-0.476929247379303
112,3,11,0.2997787296772003,0.10614653676748276,0.24363704025745392,-0.4738559126853943
113,3,12,0.47949379682540894,0.21966050565242767,0.2500867545604706,-0.4768083691596985
114,3,13,0.3879028856754303,0.28036999702453613,0.24185873568058014,-0.473001629114151
115,3,14,0.10908965766429901,0.7110713720321655,0.2357712984085083,-0.48004013299942017
116,3,15,-0.3204350471496582,-0.13520091772079468,0.23075072467327118,-0.47960931062698364
117,3,16,-0.1978428065776825,0.27751320600509644,0.22594736516475677,-0.48166850209236145
118,3,17,0.18478508293628693,-0.3971695005893707,0.24919545650482178,-0.47757285833358765
119,3,18,0.10641482472419739,0.7304402589797974,0.23289747536182404,-0.47934895753860474
120,3,19,-0.1039307489991188,0.16246606409549713,0.2289503663778305,-0.4796910583972931
121,3,20,-0.05896599590778351,0.37223467230796814,0.2401532083749771,-0.4788735508918762
122,3,21,-0.292591392993927,0.3305125832557678,0.2231268733739853,-0.48179078102111816
123,3,22,-0.2689560651779175,0.575298011302948,0.2414804995059967,-0.4797450006008148
124,3,23,-0.13360044360160828,0.9405598640441895,0.23661088943481445,-0.4828158915042877
125,3,24,-0.14417779445648193,0.6320111751556396,0.24304190278053284,-0.4778711199760437
126,3,25,-0.22831681370735168,0.3417919874191284,0.2296089082956314,-0.4833190441131592
127,3,26,-0.2119150161743164,-0.2927699089050293,0.2438376098871231,-0.4775736331939697
128,3,27,-0.24080993235111237,0.37687575817108154,0.22464051842689514,-0.48131126165390015
129,3,28,-0.26409801840782166,0.30734723806381226,0.2353862226009369,-0.47983014583587646
130,3,29,-0.22246716916561127,0.19980984926223755,0.23151639103889465,-0.4800228476524353
131,3,30,-0.11404308676719666,0.19502654671669006,0.24064362049102783,-0.4817712903022766
132,3,31,0.04800977557897568,0.6342965364456177,0.23791830241680145,-0.4757532775402069
133,3,32,-0.09219948947429657,-0.1876867115497589,0.23329228162765503,-0.477557897567749
134,3,33,-0.24986954033374786,0.6026168465614319,0.2271498441696167,-0.4788163900375366
135,3,34,-0.07327692955732346,-0.12700457870960236,0.2408037781715393,-0.48149508237838745
136,3,35,-0.06572646647691727,0.3118593394756317,0.23303231596946716,-0.47757768630981445
137,3,36,0.055573105812072754,0.4632529020309448,0.24372874200344086,-0.47855517268180847
138,3,37,0.11150795221328735,0.4007941484451294,0.241896852850914,-0.4801658093929291
139,3,38,-0.13564488291740417,0.7224195599555969,0.236365407705307,-0.482173889875412
140,3,39,-0.24473686516284943,0.07622566819190979,0.2382330596446991,-0.47720372676849365
141,3,40,-0.11042356491088867,0.3532939553260803,0.24004898965358734,-0.48174989223480225
142,3,41,0.03608862683176994,0.14517459273338318,0.24639403820037842,-0.47702956199645996
143,3,42,-0.07282530516386032,0.16467450559139252,0.22453700006008148,-0.4800357222557068
144,3,43,-0.20455679297447205,0.0707024559378624,0.22843880951404572,-0.47577977180480957
145,3,44,-0.1543440967798233,0.8446816802024841,0.23649846017360687,-0.47873637080192566
146,3,45,-0.14622345566749573,0.7933662533760071,0.2409866601228714,-0.4810778498649597
147,3,46,-0.03105771169066429,0.43587976694107056,0.2406628429889679,-0.4786480665206909
148,3,47,-0.07214365154504776,0.2955337166786194,0.23205149173736572,-0.48127442598342896
149,3,48,-0.07173824310302734,-0.2886006832122803,0.24277105927467346,-0.4748884439468384
150,3,49,-0.04497619345784187,0.3695077896118164,0.2405780851840973,-0.4802384376525879
151,4,0,-0.27860939502716064,-0.101042740046978,0.16492746770381927,-0.32459235191345215
152,4,1,-0.22077122330665588,0.37168028950691223,0.16639161109924316,-0.3268577754497528
153,4,2,-0.14822395145893097,0.3679439127445221,0.17058974504470825,-0.3270931839942932
154,4,3,-0.17346042394638062,-0.48708194494247437,0.1733863353729248,-0.3322237730026245
155,4,4,-0.2504989802837372,0.0038708727806806564,0.18216075003147125,-0.3294335901737213
156,4,5,-0.08710286021232605,-0.309268593788147,0.1735016405582428,-0.33074212074279785
157,4,6,0.32704588770866394,0.35486268997192383,0.18824870884418488,-0.3245159685611725
158,4,7,0.18582291901111603,-0.17274223268032074,0.1801234632730484,-0.3223568797111511
159,4,8,-0.24164344370365143,-0.05934899300336838,0.17671999335289001,-0.3303111791610718
160,4,9,-0.246991366147995,0.16005036234855652,0.17545221745967865,-0.3289773464202881
161,4,10,-0.06732669472694397,-0.2111053466796875,0.17676855623722076,-0.33102932572364807
162,4,11,-0.315335214138031,0.4067985713481903,0.16705864667892456,-0.3273746073246002
163,4,12,-0.32780495285987854,0.3322906792163849,0.17511534690856934,-0.3325210511684418
164,4,13,-0.29646313190460205,-0.08208582550287247,0.1765052080154419,-0.33008286356925964
165,4,14,-0.2280099242925644,0.022322101518511772,0.1706223040819168,-0.33082130551338196
166,4,15,0.034119926393032074,0.31958529353141785,0.18178515136241913,-0.3299107253551483
167,4,16,-0.0429723784327507,-0.026033291593194008,0.17395496368408203,-0.3274920880794525
168,4,17,-0.2042936086654663,-0.1318335235118866,0.17994637787342072,-0.33081844449043274
169,4,18,0.01229120697826147,0.02429698221385479,0.19123250246047974,-0.3260520100593567
170,4,19,-0.007504938170313835,-0.2163567692041397,0.170963853597641,-0.32895034551620483
171,4,20,-0.11850430816411972,0.3807232975959778,0.17837810516357422,-0.32991448044776917
172,4,21,-0.10239497572183609,0.29348888993263245,0.18079400062561035,-0.3280591368675232
173,4,22,-0.10605821758508682,0.2504185438156128,0.1801716834306717,-0.328993022441864
174,4,23,-0.03743685409426689,0.1900896579027176,0.1801672875881195,-0.32621288299560547
175,4,24,-0.06726601719856262,0.33126527070999146,0.16742248833179474,-0.32933899760246277
176,4,25,0.011031373403966427,-0.04445496201515198,0.1889938861131668,-0.3243553638458252
177,4,26,0.033168938010931015,-0.23564094305038452,0.17746353149414062,-0.330305278301239
178,4,27,0.17050205171108246,-0.18532733619213104,0.1984778493642807,-0.32166340947151184
179,4,28,-0.018800536170601845,-0.21958836913108826,0.16822807490825653,-0.3268977403640747
180,4,29,-0.3140634298324585,0.33750951290130615,0.17566558718681335,-0.32759663462638855
181,4,30,-0.39246460795402527,0.002015904523432255,0.16771136224269867,-0.33111387491226196
182,4,31,-0.37074682116508484,0.27929621934890747,0.17429597675800323,-0.3329387307167053
183,4,32,-0.04142531380057335,-0.1349567174911499,0.1773390769958496,-0.33025896549224854
184,4,33,-0.04970667511224747,0.3058648109436035,0.17868120968341827,-0.3297075927257538
185,4,34,-0.024201525375247,0.3876710534095764,0.17562100291252136,-0.3271859884262085
186,4,35,0.07126595824956894,-0.33476680517196655,0.1807914674282074,-0.3269464075565338
187,4,36,0.2076949030160904,-0.0376167893409729,0.19041498005390167,-0.3236886262893677
188,4,37,-0.01971360482275486,-0.7339494824409485,0.170651376247406,-0.32525792717933655
189,4,38,-0.19496595859527588,0.22709152102470398,0.18083693087100983,-0.3288782238960266
190,4,39,-0.24392223358154297,-0.001461806008592248,0.17019447684288025,-0.3316004276275635
191,4,40,-0.2662145793437958,0.013610098510980606,0.17775756120681763,-0.33346226811408997
192,4,41,-0.21203263103961945,-0.20192602276802063,0.18132969737052917,-0.3299593925476074
193,4,42,-0.10678327083587646,0.687001645565033,0.17346172034740448,-0.33306884765625
194,4,43,-0.1530611366033554,0.28334078192710876,0.1753491759300232,-0.32789409160614014
195,4,44,-0.1515977829694748,-0.5949767827987671,0.17395493388175964,-0.32990509271621704
196,4,45,-0.257322758436203,1.0,0.17309905588626862,-0.3264595568180084
197,4,46,-0.4498952031135559,-0.49945417046546936,0.1484314501285553,-0.3257240056991577
198,4,47,-0.2790851593017578,-0.0077345045283436775,0.2105637490749359,-0.3309769928455353
199,4,48,0.08667454868555069,0.4365595877170563,0.17910321056842804,-0.3290049433708191
200,4,49,-0.019721657037734985,0.2265845239162445,0.18644176423549652,-0.32949501276016235
201,5,0,0.17555652558803558,-0.2548147141933441,0.052894093096256256,-0.6215611696243286
202,5,1,0.04751944541931152,0.06426506489515305,0.05687938630580902,-0.6237334609031677
203,5,2,-0.06745798885822296,0.41324582695961,0.057864509522914886,-0.625285267829895
204,5,3,-0.09456999599933624,0.3782445788383484,0.0579032376408577,-0.6285039782524109
205,5,4,0.03142034262418747,-0.44939565658569336,0.06138391047716141,-0.6197562217712402
206,5,5,0.03858090192079544,0.5384927988052368,0.060804545879364014,-0.6304031610488892
207,5,6,-0.11248409748077393,-0.3654278814792633,0.055660098791122437,-0.6208115220069885
208,5,7,-0.10734573751688004,-0.03206643462181091,0.04445641115307808,-0.6276467442512512
209,5,8,-0.1196720153093338,0.23636357486248016,0.05805397778749466,-0.6272955536842346
210,5,9,0.0770406499505043,0.24127031862735748,0.06433048844337463,-0.6225332617759705
211,5,10,-0.07781165838241577,0.17377348244190216,0.057608768343925476,-0.6276421546936035
212,5,11,-0.11783483624458313,0.06894590705633163,0.050397276878356934,-0.6250624656677246
213,5,12,-0.1269526332616806,0.1779002994298935,0.05622227489948273,-0.624704897403717
214,5,13,-0.07346345484256744,-0.08793319016695023,0.05457339435815811,-0.6234564781188965
215,5,14,-0.18078966438770294,-0.21597111225128174,0.0356673039495945,-0.6259323358535767
216,5,15,0.07045835256576538,0.9036052823066711,0.07527395337820053,-0.6225808262825012
217,5,16,0.04089731723070145,-0.09428076446056366,0.05484993755817413,-0.6284742951393127
218,5,17,-0.09490084648132324,0.5756605863571167,0.055908411741256714,-0.6248612999916077
219,5,18,-0.029435954988002777,0.7251561284065247,0.05146399885416031,-0.6215250492095947
220,5,19,0.002040640916675329,0.4367389976978302,0.06298866868019104,-0.6283471584320068
221,5,20,-0.010498220100998878,0.5840822458267212,0.051326438784599304,-0.6252352595329285
222,5,21,0.0012789113679900765,0.3171757757663727,0.06318330764770508,-0.6268585920333862
223,5,22,0.11541293561458588,-0.07309489697217941,0.061684221029281616,-0.6240374445915222
224,5,23,0.08669187873601913,0.05404672026634216,0.05435448884963989,-0.6276198029518127
225,5,24,0.1656344085931778,0.14344410598278046,0.07684392482042313,-0.6193134188652039
226,5,25,0.09454857558012009,0.7264146208763123,0.05215660110116005,-0.6261982321739197
227,5,26,-0.1353200376033783,-0.4148617088794708,0.04556768015027046,-0.6256416440010071
228,5,27,0.002395682269707322,0.27168190479278564,0.06671994179487228,-0.6312425136566162
229,5,28,0.04379943013191223,0.15222638845443726,0.06718505918979645,-0.6225070357322693
230,5,29,-0.16525092720985413,-0.2767200469970703,0.04082160070538521,-0.625533401966095
231,5,30,-0.04856254532933235,-0.4437730312347412,0.05823128670454025,-0.6244016289710999
232,5,31,-0.06362412124872208,-0.5477470755577087,0.054572105407714844,-0.6249203085899353
233,5,32,-0.36693862080574036,0.6821655035018921,0.03945130854845047,-0.6314525008201599
234,5,33,0.08759293705224991,0.0713498443365097,0.06417887657880783,-0.6280874609947205
235,5,34,0.28996047377586365,0.013677233830094337,0.05216602608561516,-0.6297062039375305
236,5,35,0.11454583704471588,-0.20497819781303406,0.053645387291908264,-0.6250821352005005
237,5,36,-0.027689779177308083,0.20529580116271973,0.05930035561323166,-0.6290013194084167
238,5,37,-0.2761070430278778,-0.07346619665622711,0.05432189255952835,-0.6275994181632996
239,5,38,-0.41250643134117126,-0.0734998881816864,0.0357833206653595,-0.6269887685775757
240,5,39,0.17049884796142578,0.17909039556980133,0.044550105929374695,-0.6249352693557739
241,5,40,0.26214489340782166,-0.19499057531356812,0.07439616322517395,-0.6190041303634644
242,5,41,0.1803765594959259,0.35250091552734375,0.05083009973168373,-0.6283174157142639
243,5,42,-0.07108277082443237,-0.28517743945121765,0.060920365154743195,-0.6278356909751892
244,5,43,0.05697779357433319,0.6912140250205994,0.06508658826351166,-0.6281672120094299
245,5,44,-0.044810619205236435,0.15320110321044922,0.047722380608320236,-0.6269674897193909
246,5,45,-0.06054389104247093,-0.5304110646247864,0.06206904351711273,-0.6251612305641174
247,5,46,-0.185198113322258,-0.760746419429779,0.04516053572297096,-0.6239694952964783
248,5,47,0.07246328890323639,0.25842127203941345,0.05998993664979935,-0.6272335052490234
249,5,48,0.4572669267654419,0.4548473358154297,0.06740778684616089,-0.6285234093666077
250,5,49,0.2550739049911499,-0.1896803230047226,0.06238149106502533,-0.6282399892807007
251,6,0,-0.22231796383857727,0.10576453059911728,0.15410380065441132,-0.17775921523571014
252,6,1,0.1475173383951187,0.00991411879658699,0.16135750710964203,-0.17364245653152466
253,6,2,0.06688007712364197,0.543677568435669,0.1520066261291504,-0.17831185460090637
254,6,3,-0.14564059674739838,0.06375463306903839,0.15043677389621735,-0.17689625918865204
255,6,4,0.007028586696833372,-0.11534605920314789,0.15885032713413239,-0.17741374671459198
256,6,5,0.17744942009449005,0.1211470514535904,0.16276733577251434,-0.17550748586654663
257,6,6,0.19580453634262085,0.2951970398426056,0.15711505711078644,-0.17366032302379608
258,6,7,0.07197108864784241,-0.098204106092453,0.15582874417304993,-0.1765127032995224
259,6,8,-0.010201378725469112,0.5697866082191467,0.15046808123588562,-0.175924614071846
260,6,9,0.09581811726093292,0.49056169390678406,0.16387982666492462,-0.1767107993364334
261,6,10,0.1531120240688324,-0.22221417725086212,0.1681191623210907,-0.17486992478370667
262,6,11,-0.17280225455760956,-0.16986016929149628,0.1516394317150116,-0.17855753004550934
263,6,12,-0.2891464829444885,0.08043666929006577,0.1488960236310959,-0.17634250223636627
264,6,13,0.18314585089683533,0.4211951494216919,0.16788989305496216,-0.17640995979309082
265,6,14,0.19983015954494476,-0.2929973602294922,0.1595218926668167,-0.17523087561130524
266,6,15,0.010571167804300785,-0.2890882194042206,0.14778342843055725,-0.1750982403755188
267,6,16,0.004432849120348692,0.5644779205322266,0.1635114550590515,-0.1740328073501587
268,6,17,-0.10574913769960403,0.1731836199760437,0.146417498588562,-0.175048366189003
269,6,18,-0.2121506631374359,0.43145081400871277,0.15429803729057312,-0.1780981719493866
270,6,19,-0.402442991733551,0.18952718377113342,0.13943929970264435,-0.1752469837665558
271,6,20,-0.2728140950202942,-0.20043262839317322,0.15857726335525513,-0.1767682284116745
272,6,21,-0.23011429607868195,0.08517219871282578,0.1554766744375229,-0.1754990816116333
273,6,22,-0.24667422473430634,-0.03149151802062988,0.14450392127037048,-0.17871947586536407
274,6,23,-0.15991759300231934,0.14924046397209167,0.15764085948467255,-0.17490285634994507
275,6,24,0.0568036250770092,-0.1352500468492508,0.14989805221557617,-0.1774846315383911
276,6,25,-0.14912915229797363,0.07257698476314545,0.1424558460712433,-0.17651484906673431
277,6,26,0.06319360435009003,0.2912347614765167,0.1709851622581482,-0.17670245468616486
278,6,27,0.1173926591873169,0.011387970298528671,0.16127818822860718,-0.17750410735607147
279,6,28,-0.11132174730300903,0.1805114448070526,0.15296348929405212,-0.17883367836475372
280,6,29,-0.21866953372955322,0.3560698330402374,0.15383875370025635,-0.1770019680261612
281,6,30,-0.35309037566185,-0.16241389513015747,0.13892287015914917,-0.17670321464538574
282,6,31,-0.3781074285507202,-0.1609460562467575,0.15583066642284393,-0.1781027764081955
283,6,32,-0.21871207654476166,0.5649667978286743,0.1521112322807312,-0.17716698348522186
284,6,33,-0.006829522084444761,-0.43567320704460144,0.15416526794433594,-0.17797796428203583
285,6,34,-0.027499176561832428,-0.4027354121208191,0.15862689912319183,-0.1765230894088745
286,6,35,-0.2749277949333191,-0.05721248686313629,0.14877209067344666,-0.17935828864574432
287,6,36,-0.4152781069278717,0.5790660381317139,0.1525246948003769,-0.17676572501659393
288,6,37,-0.09765882045030594,0.196540966629982,0.1524430513381958,-0.17893685400485992
289,6,38,0.24799604713916779,0.3547951281070709,0.17410261929035187,-0.17533619701862335
290,6,39,0.0653139278292656,0.08385021239519119,0.1528540998697281,-0.1762860268354416
291,6,40,-0.1482141762971878,0.21197403967380524,0.15704026818275452,-0.17730408906936646
292,6,41,-0.3135130703449249,0.09461583197116852,0.14104607701301575,-0.17889396846294403
293,6,42,-0.2881699800491333,-0.4873350262641907,0.155942901968956,-0.17658387124538422
294,6,43,-0.3126991093158722,-0.2096298784017563,0.13253840804100037,-0.17866601049900055
295,6,44,-0.12296206504106522,0.38619211316108704,0.15665532648563385,-0.17763708531856537
296,6,45,0.011206258088350296,0.24065209925174713,0.15834304690361023,-0.17701900005340576
297,6,46,0.0110764866694808,0.3748241364955902,0.16359005868434906,-0.17694149911403656
298,6,47,-0.1492650955915451,0.3486018776893616,0.14827296137809753,-0.17768198251724243
299,6,48,-0.22342336177825928,0.18912918865680695,0.1539834886789322,-0.17843006551265717
300,6,49,-0.12056788802146912,0.344566285610199,0.14340627193450928,-0.17708419263362885
301,7,0,-0.006657959893345833,0.3891659080982208,0.18879619240760803,-0.46075043082237244
302,7,1,-0.06445129215717316,0.7782931923866272,0.19297921657562256,-0.4657539129257202
303,7,2,0.06697618961334229,0.45753294229507446,0.1994636356830597,-0.46345922350883484
304,7,3,-0.021810123696923256,-0.12168937176465988,0.18544873595237732,-0.4666878879070282
305,7,4,-0.004894300829619169,0.017193980515003204,0.19757741689682007,-0.4650811553001404
306,7,5,0.1036842092871666,0.18590877950191498,0.1861143410205841,-0.46049612760543823
307,7,6,0.006365964654833078,0.00942204799503088,0.1853163242340088,-0.4638732373714447
308,7,7,-0.23033425211906433,0.21807411313056946,0.18574261665344238,-0.4624152183532715
309,7,8,-0.19753845036029816,0.3901597261428833,0.194793701171875,-0.4692063629627228
310,7,9,-0.1423109918832779,-0.009828475303947926,0.18622687458992004,-0.4647200405597687
311,7,10,-0.12233972549438477,-0.1604391485452652,0.19246670603752136,-0.46913018822669983
312,7,11,0.20460771024227142,-0.22172851860523224,0.2043192982673645,-0.4612830579280853
313,7,12,0.2060048133134842,-0.6295985579490662,0.1866196095943451,-0.46475449204444885
314,7,13,0.25207704305648804,0.25981488823890686,0.1965823471546173,-0.4624088406562805
315,7,14,0.3395010232925415,0.7071032524108887,0.1950814425945282,-0.46683821082115173
316,7,15,0.41393306851387024,0.658916175365448,0.20898762345314026,-0.4651181399822235
317,7,16,0.22438251972198486,0.5610114336013794,0.1940823793411255,-0.4654488265514374
318,7,17,-0.14068002998828888,0.3091229796409607,0.18483802676200867,-0.468460351228714
319,7,18,-0.05071539804339409,-0.21432799100875854,0.19464918971061707,-0.4606233835220337
320,7,19,-0.0615004301071167,0.5316084623336792,0.19011029601097107,-0.46485722064971924
321,7,20,-0.05332094430923462,0.9615456461906433,0.19562172889709473,-0.4643224775791168
322,7,21,-0.03461670130491257,-0.2004660815000534,0.1855805516242981,-0.465423583984375
323,7,22,-0.1384073942899704,0.09481117129325867,0.18934136629104614,-0.46671929955482483
324,7,23,-0.13468459248542786,0.006830694619566202,0.18258199095726013,-0.4646906852722168
325,7,24,-0.21094730496406555,0.2812768518924713,0.18283510208129883,-0.4657445549964905
326,7,25,-0.11949387937784195,0.20804309844970703,0.19364553689956665,-0.4635849595069885
327,7,26,-0.06552182883024216,0.008976098150014877,0.18911752104759216,-0.4678020775318146
328,7,27,-0.15728715062141418,-0.16857369244098663,0.1878044605255127,-0.4659216105937958
329,7,28,-0.17017875611782074,0.027224285528063774,0.1886231005191803,-0.46838343143463135
330,7,29,-0.05399822071194649,-0.06746792048215866,0.18975597620010376,-0.46394503116607666
331,7,30,0.10697074979543686,-0.326551616191864,0.18512457609176636,-0.46667447686195374
332,7,31,0.409755676984787,0.5551791787147522,0.20488080382347107,-0.4588063061237335
333,7,32,0.1784757822751999,0.40635743737220764,0.18532925844192505,-0.46230921149253845
334,7,33,-0.21648134291172028,0.548614501953125,0.18566757440567017,-0.4619923233985901
335,7,34,-0.30453479290008545,0.31585070490837097,0.1845698058605194,-0.4692699611186981
336,7,35,-0.13380733132362366,0.37544184923171997,0.18998077511787415,-0.4643271863460541
337,7,36,-0.20250001549720764,0.8045328855514526,0.18178856372833252,-0.4662989675998688
338,7,37,-0.2948937714099884,0.12216679751873016,0.18484964966773987,-0.4660751521587372
339,7,38,-0.21236641705036163,0.3020898103713989,0.18034660816192627,-0.46560725569725037
340,7,39,-0.2064385563135147,-0.26691189408302307,0.18550676107406616,-0.46481868624687195
341,7,40,-0.12783601880073547,0.2907920777797699,0.19267871975898743,-0.46423792839050293
342,7,41,-0.1548827737569809,0.6594029068946838,0.17950427532196045,-0.46447762846946716
343,7,42,-0.3074251413345337,0.38702714443206787,0.18610575795173645,-0.46236705780029297
344,7,43,-0.3811301290988922,0.2573041319847107,0.17830154299736023,-0.46791136264801025
345,7,44,-0.29144155979156494,-0.11449017375707626,0.18501576781272888,-0.46480390429496765
346,7,45,-0.19980046153068542,0.8340112566947937,0.1820087432861328,-0.4660341441631317
347,7,46,-0.1643199473619461,0.5101655721664429,0.18481582403182983,-0.4628745913505554
348,7,47,-0.20512333512306213,-0.7011668086051941,0.1835022270679474,-0.46818774938583374
349,7,48,-0.208952859044075,0.5613048672676086,0.18819308280944824,-0.4657149612903595
350,7,49,-0.046352870762348175,0.36977970600128174,0.19134974479675293,-0.46805474162101746
351,8,0,-0.09919127821922302,-0.10960113257169724,0.14886343479156494,-0.5154823064804077
352,8,1,-0.10872725397348404,0.0487835668027401,0.13754889369010925,-0.5097362995147705
353,8,2,0.11219954490661621,0.5563778281211853,0.14566388726234436,-0.5109270811080933
354,8,3,0.09472278505563736,0.5690215826034546,0.14819175004959106,-0.5148611664772034
355,8,4,0.12374155223369598,0.27266553044319153,0.1545531302690506,-0.509976863861084
356,8,5,0.08222299814224243,0.7194880247116089,0.1536928117275238,-0.5150986909866333
357,8,6,-0.04590192809700966,0.11430101096630096,0.14905761182308197,-0.5137184262275696
358,8,7,-0.013069681823253632,-0.6136724352836609,0.14376667141914368,-0.5146636962890625
359,8,8,0.006819311995059252,-0.20469386875629425,0.1553579419851303,-0.5036928653717041
360,8,9,-0.4662119150161743,0.3286600112915039,0.1160784587264061,-0.5113726854324341
361,8,10,0.03371337801218033,0.27087101340293884,0.1710212379693985,-0.5168694257736206
362,8,11,0.27388322353363037,-0.039465636014938354,0.1676696538925171,-0.5163387060165405
363,8,12,-0.06807379424571991,0.1595112830400467,0.13453279435634613,-0.5133346319198608
364,8,13,0.1084124967455864,0.033810101449489594,0.15179851651191711,-0.5131019353866577
365,8,14,-0.35424163937568665,0.140400692820549,0.13429361581802368,-0.5143522620201111
366,8,15,-0.33159467577934265,-0.23856422305107117,0.13926830887794495,-0.5156025886535645
367,8,16,-0.21366910636425018,-0.39286163449287415,0.13595913350582123,-0.5160745978355408
368,8,17,-0.027317026630043983,0.33247074484825134,0.1534700244665146,-0.5114285349845886
369,8,18,-0.3098161518573761,0.2521515190601349,0.1361086368560791,-0.5157193541526794
370,8,19,-0.48281997442245483,-0.14543204009532928,0.13746199011802673,-0.512933611869812
371,8,20,-0.3348219692707062,0.42889487743377686,0.1359088271856308,-0.5160852670669556
372,8,21,-0.06867675483226776,0.35284680128097534,0.14953742921352386,-0.5119532346725464
373,8,22,0.013173533603549004,-0.0656793862581253,0.1455874890089035,-0.5138829946517944
374,8,23,-0.006133092567324638,0.59102463722229,0.15200625360012054,-0.5144366025924683
375,8,24,0.28610679507255554,0.3591678738594055,0.16208481788635254,-0.5108762979507446
376,8,25,-0.07905987650156021,0.26181235909461975,0.13935263454914093,-0.5161412954330444
377,8,26,-0.41520458459854126,0.051516685634851456,0.137833833694458,-0.5133421421051025
378,8,27,-0.2179817259311676,-0.28106358647346497,0.14882805943489075,-0.5186346769332886
379,8,28,0.14251388609409332,-0.025847824290394783,0.15923920273780823,-0.5090022683143616
380,8,29,0.0631374642252922,0.08763699978590012,0.1380143165588379,-0.5125734806060791
381,8,30,0.16680602729320526,0.314561665058136,0.15346257388591766,-0.5118739604949951
382,8,31,0.415023535490036,0.2913728952407837,0.1550685316324234,-0.5102530121803284
383,8,32,0.11641405522823334,-0.18257766962051392,0.1525566130876541,-0.5146070718765259
384,8,33,-0.08903425186872482,0.3657364547252655,0.1446082442998886,-0.5143544673919678
385,8,34,-0.030666327103972435,-0.16650663316249847,0.14983806014060974,-0.5174602270126343
386,8,35,-0.05588006228208542,-0.13704556226730347,0.1522771716117859,-0.5125378370285034
387,8,36,0.026549512520432472,0.05822164565324783,0.14528077840805054,-0.5145502090454102
388,8,37,-0.07498972117900848,0.5441062450408936,0.14726316928863525,-0.515532374382019
389,8,38,-0.14752836525440216,0.3596084713935852,0.1408274918794632,-0.5155308246612549
390,8,39,-0.1296314001083374,0.7303911447525024,0.14913655817508698,-0.51568603515625
391,8,40,-0.19503715634346008,0.30618491768836975,0.1441095918416977,-0.5160004496574402
392,8,41,-0.23439107835292816,-0.2682310938835144,0.1415955126285553,-0.5175201296806335
393,8,42,-0.19500337541103363,0.4265713691711426,0.14394381642341614,-0.5139865279197693
394,8,43,-0.13962645828723907,0.19169791042804718,0.1340169459581375,-0.5134204626083374
395,8,44,-0.2658061683177948,0.07012980431318283,0.1457323580980301,-0.511727511882782
396,8,45,-0.3947395980358124,0.09113330394029617,0.1315714716911316,-0.5158669352531433
397,8,46,0.019144278019666672,0.5751844644546509,0.14924098551273346,-0.512759268283844
398,8,47,0.27395427227020264,-0.056092433631420135,0.14607660472393036,-0.5133546590805054
399,8,48,-0.017690273001790047,-0.09192264080047607,0.145720437169075,-0.5134426951408386
400,8,49,0.21308258175849915,0.7151207327842712,0.15014860033988953,-0.5107536315917969
401,9,0,-0.08525197952985764,0.16175886988639832,0.19580139219760895,-0.43588900566101074
402,9,1,-0.2988618016242981,0.30250421166419983,0.18741905689239502,-0.4315195083618164
403,9,2,-0.32549983263015747,0.3493906259536743,0.18338418006896973,-0.43490833044052124
404,9,3,-0.2699030637741089,-0.1810007244348526,0.19889716804027557,-0.43591058254241943
405,9,4,-0.24079060554504395,0.23030248284339905,0.19128139317035675,-0.4351596236228943
406,9,5,-0.1622050404548645,0.034491024911403656,0.1998097449541092,-0.4352635145187378
407,9,6,-0.2910434305667877,-0.37256789207458496,0.18827787041664124,-0.4355156123638153
408,9,7,-0.20324604213237762,0.5145295858383179,0.18736307322978973,-0.43671470880508423
409,9,8,-0.11766619980335236,-0.06045524775981903,0.19401109218597412,-0.42976245284080505
410,9,9,0.06805798411369324,-0.26249051094055176,0.20647117495536804,-0.43623438477516174
411,9,10,0.21498745679855347,0.16021890938282013,0.20699144899845123,-0.4313577115535736
412,9,11,-0.1492033302783966,0.2881808280944824,0.18389806151390076,-0.43043264746665955
413,9,12,-0.3390129506587982,0.6368142366409302,0.18797314167022705,-0.43224573135375977
414,9,13,-0.2414630949497223,-0.07317761331796646,0.18639470636844635,-0.43512162566185
415,9,14,0.11559201776981354,0.14385010302066803,0.2048196792602539,-0.4313819408416748
416,9,15,0.1893724650144577,-0.17674924433231354,0.20320601761341095,-0.42772814631462097
417,9,16,-0.20439819991588593,0.27274706959724426,0.18635356426239014,-0.4342765808105469
418,9,17,-0.28442704677581787,0.6614519953727722,0.18884269893169403,-0.4341766834259033
419,9,18,-0.042242661118507385,-0.10947602987289429,0.19595111906528473,-0.43558356165885925
420,9,19,0.10065677762031555,0.03809298574924469,0.19518639147281647,-0.4304477870464325
421,9,20,0.2747606039047241,0.2541959583759308,0.2034086138010025,-0.4320891499519348
422,9,21,0.0442180261015892,0.7837345004081726,0.19916707277297974,-0.43347227573394775
423,9,22,-0.3140988349914551,-0.07389970868825912,0.1788116842508316,-0.43608033657073975
424,9,23,-0.3334175944328308,0.4752454161643982,0.1900477409362793,-0.4333723485469818
425,9,24,0.02961251698434353,-0.6601194739341736,0.20317350327968597,-0.43300995230674744
426,9,25,0.125637486577034,0.3881455659866333,0.197214737534523,-0.43692681193351746
427,9,26,0.22615259885787964,-0.12666459381580353,0.20436188578605652,-0.43437451124191284
428,9,27,0.24376289546489716,0.8468385338783264,0.20282408595085144,-0.4371269643306732
429,9,28,-0.06982364505529404,0.16074010729789734,0.20050516724586487,-0.43302270770072937
430,9,29,-0.2776152193546295,0.09389534592628479,0.18205927312374115,-0.43680402636528015
431,9,30,-0.3118807077407837,-0.3939492106437683,0.1944727748632431,-0.43243134021759033
432,9,31,-0.12207729369401932,0.17771323025226593,0.19833360612392426,-0.43133607506752014
433,9,32,-0.2220674604177475,0.010587341152131557,0.18599677085876465,-0.43141862750053406
434,9,33,-0.5262060165405273,0.1578972488641739,0.16982871294021606,-0.4321446418762207
435,9,34,-0.2742576599121094,0.33762693405151367,0.187684565782547,-0.4380345344543457
436,9,35,-0.03505854681134224,0.3393455445766449,0.1939588189125061,-0.42925772070884705
437,9,36,-0.024350019171833992,0.4688122272491455,0.19886788725852966,-0.43559080362319946
438,9,37,-0.10982967168092728,0.4628387987613678,0.19950538873672485,-0.43362995982170105
439,9,38,-0.16367658972740173,0.4337351322174072,0.19944867491722107,-0.4379679560661316
440,9,39,-0.10674720257520676,0.24304960668087006,0.19559021294116974,-0.4341810345649719
441,9,40,0.003347118617966771,0.3283713459968567,0.20052795112133026,-0.43478989601135254
442,9,41,-0.23591965436935425,-0.0641329437494278,0.18962962925434113,-0.43352389335632324
443,9,42,-0.27832767367362976,0.24123185873031616,0.19202987849712372,-0.4356366693973541
444,9,43,-0.037058230489492416,0.42390307784080505,0.1999405175447464,-0.4316391944885254
445,9,44,-0.19891110062599182,0.1853010356426239,0.1801258772611618,-0.4330272674560547
446,9,45,-0.3428169786930084,-0.0009306382271461189,0.1930142194032669,-0.43510690331459045
447,9,46,-0.28322532773017883,0.09132588654756546,0.18807536363601685,-0.4349634051322937
448,9,47,-0.27556148171424866,0.21477137506008148,0.19089160859584808,-0.4356173574924469
449,9,48,-0.1254030019044876,-0.25146883726119995,0.19153253734111786,-0.43221980333328247
450,9,49,-0.16196215152740479,0.4024101495742798,0.19642429053783417,-0.43711501359939575
451,10,0,-0.3128015398979187,0.5963195562362671,0.1629919856786728,-0.7196972370147705
452,10,1,-0.036519262939691544,0.3029191493988037,0.1831321120262146,-0.7261890172958374
453,10,2,0.26056113839149475,0.4457302689552307,0.1883477419614792,-0.7180184125900269
454,10,3,0.04078957438468933,0.6802511215209961,0.17491649091243744,-0.7264339327812195
455,10,4,-0.12122654914855957,0.33472660183906555,0.17155486345291138,-0.7221911549568176
456,10,5,-0.07179064303636551,0.4771697521209717,0.17488993704319,-0.7280571460723877
457,10,6,0.06298942118883133,0.6343338489532471,0.18377263844013214,-0.7250598669052124
458,10,7,-0.024153197184205055,-0.23827840387821198,0.17058159410953522,-0.7280822396278381
459,10,8,-0.22300346195697784,-0.17967762053012848,0.1689314842224121,-0.7243549227714539
460,10,9,-0.29187366366386414,-0.5645197629928589,0.1682913601398468,-0.7272436618804932
461,10,10,-0.186484694480896,0.3685729205608368,0.17277348041534424,-0.7283070683479309
462,10,11,0.2555723786354065,-0.03980045020580292,0.18619492650032043,-0.7215636372566223
463,10,12,0.288143128156662,0.2641419470310211,0.17979459464550018,-0.7295796275138855
464,10,13,0.004753222689032555,0.41285818815231323,0.17519313097000122,-0.7259373664855957
465,10,14,-0.21884749829769135,0.3178859055042267,0.16589997708797455,-0.7294415831565857
466,10,15,-0.214785635471344,0.5721622109413147,0.1727798730134964,-0.7251738905906677
467,10,16,0.0635748878121376,-0.04182838276028633,0.18136002123355865,-0.725269615650177
468,10,17,0.14002537727355957,0.511515200138092,0.17844659090042114,-0.7252709865570068
469,10,18,0.2012757956981659,0.5394847393035889,0.18061701953411102,-0.7221640348434448
470,10,19,0.14862754940986633,-0.1366291642189026,0.18485935032367706,-0.7217315435409546
471,10,20,-0.2678185999393463,-0.2548412084579468,0.15660187602043152,-0.7265050411224365
472,10,21,-0.12756825983524323,0.43355679512023926,0.18584829568862915,-0.7228581309318542
473,10,22,-0.05570732429623604,-0.23145608603954315,0.1721443086862564,-0.7239364981651306
474,10,23,-0.3271302282810211,0.4808617830276489,0.17150181531906128,-0.7278419733047485
475,10,24,-0.43543583154678345,0.5013356804847717,0.16352789103984833,-0.7265631556510925
476,10,25,-0.35565704107284546,-0.013174853287637234,0.17515116930007935,-0.7295776009559631
477,10,26,-0.17414073646068573,0.18969328701496124,0.1747123748064041,-0.7241817116737366
478,10,27,-0.00234237196855247,-0.18181681632995605,0.16552989184856415,-0.7261194586753845
479,10,28,-0.13452103734016418,-0.14168210327625275,0.17495647072792053,-0.7235999703407288
480,10,29,-0.3199745714664459,-0.2684316337108612,0.16305558383464813,-0.7308845520019531
481,10,30,-0.08732503652572632,0.06167090684175491,0.17798452079296112,-0.7232446074485779
482,10,31,0.11315523087978363,0.2709146738052368,0.17047005891799927,-0.7212395668029785
483,10,32,-0.024880707263946533,-0.10952678322792053,0.17951691150665283,-0.7270711064338684
484,10,33,-0.12068841606378555,-0.2416890561580658,0.1671118289232254,-0.7221569418907166
485,10,34,-0.13553333282470703,0.26188042759895325,0.16555748879909515,-0.7215228080749512
486,10,35,-0.09551221877336502,0.1634421944618225,0.1763104349374771,-0.7236738204956055
487,10,36,-0.17663708329200745,-0.141604945063591,0.17326301336288452,-0.7273995280265808
488,10,37,-0.13343600928783417,0.06325874477624893,0.16736969351768494,-0.7182261943817139
489,10,38,0.139024555683136,0.06423475593328476,0.18622690439224243,-0.7276633977890015
490,10,39,-0.1066446527838707,0.2041151076555252,0.17103049159049988,-0.7262691259384155
491,10,40,-0.07474049180746078,-0.09481225162744522,0.17715340852737427,-0.7268710732460022
492,10,41,0.1508110910654068,1.0,0.18250425159931183,-0.7226799130439758
493,10,42,0.3267709016799927,-0.40816664695739746,0.18114417791366577,-0.7169913053512573
494,10,43,0.12155681103467941,-0.20132023096084595,0.1740146279335022,-0.7267277836799622
495,10,44,-0.3907567858695984,-0.4393109083175659,0.15409676730632782,-0.7284020185470581
496,10,45,-0.27891045808792114,-0.6802500486373901,0.1749151349067688,-0.7294914722442627
497,10,46,0.029720455408096313,-0.2295466661453247,0.17858442664146423,-0.7257081270217896
498,10,47,0.18428181111812592,0.23576833307743073,0.1854400932788849,-0.7292259931564331
499,10,48,0.1915561407804489,0.1485179215669632,0.1867891103029251,-0.7254736423492432
500,10,49,0.04298533499240875,0.35291382670402527,0.17048349976539612,-0.7235057950019836
501,11,0,-0.09408658742904663,0.06512442231178284,0.2066279500722885,-0.4265386760234833
502,11,1,-0.04000149667263031,0.054541945457458496,0.21676817536354065,-0.4236772954463959
503,11,2,-0.0217122882604599,-0.008813726715743542,0.21212702989578247,-0.4269229769706726
504,11,3,-0.04003693908452988,0.36253565549850464,0.22208206355571747,-0.4235554337501526
505,11,4,-0.17472286522388458,0.1023162230849266,0.20302999019622803,-0.42625972628593445
506,11,5,-0.31351929903030396,0.25189095735549927,0.20256461203098297,-0.4243362545967102
507,11,6,-0.3308888077735901,0.30660155415534973,0.20680370926856995,-0.42465782165527344
508,11,7,-0.2704410254955292,0.21052047610282898,0.20590840280056,-0.4220426082611084
509,11,8,-0.08997273445129395,-0.6432146430015564,0.21538543701171875,-0.42459145188331604
510,11,9,-0.20099176466464996,-0.5147900581359863,0.2084088921546936,-0.42118769884109497
511,11,10,-0.023812836036086082,0.38920125365257263,0.214728444814682,-0.4269249439239502
512,11,11,0.22383342683315277,0.13890984654426575,0.22186279296875,-0.42205700278282166
513,11,12,0.2894088625907898,0.0910167247056961,0.21441759169101715,-0.4238935112953186
514,11,13,0.4424055218696594,-0.4652214050292969,0.21242892742156982,-0.42288756370544434
515,11,14,0.22352291643619537,-0.8693370819091797,0.2190941870212555,-0.4255084693431854
516,11,15,0.4404209554195404,0.37128230929374695,0.22873930633068085,-0.4268716871738434
517,11,16,0.1638510823249817,0.15066950023174286,0.21259735524654388,-0.4240742325782776
518,11,17,-0.17771658301353455,0.44305455684661865,0.2047884315252304,-0.4234890043735504
519,11,18,-0.16241949796676636,0.25343629717826843,0.2091607302427292,-0.4192010164260864
520,11,19,-0.11852355301380157,0.34198832511901855,0.21434900164604187,-0.42467328906059265
521,11,20,-0.060118481516838074,0.40923693776130676,0.21576614677906036,-0.42135846614837646
522,11,21,-0.11144194006919861,1.0,0.20883020758628845,-0.4251161217689514
523,11,22,-0.07136797159910202,0.4298613965511322,0.21124568581581116,-0.42376959323883057
524,11,23,0.09719733893871307,0.46999967098236084,0.2130846381187439,-0.4230903089046478
525,11,24,0.03556480258703232,-0.00794267002493143,0.21328556537628174,-0.42429834604263306
526,11,25,-0.16143107414245605,0.24627025425434113,0.2042342573404312,-0.4243970811367035
527,11,26,0.059519778937101364,-0.3680558204650879,0.21917462348937988,-0.42497390508651733
528,11,27,0.1959175020456314,-0.3709365129470825,0.20490926504135132,-0.42231082916259766
529,11,28,0.02686556614935398,0.27229243516921997,0.2102736085653305,-0.4223175644874573
530,11,29,-0.222818061709404,0.3878643214702606,0.20476707816123962,-0.4188927412033081
531,11,30,-0.2783818244934082,0.4782649278640747,0.20775362849235535,-0.42410895228385925
532,11,31,-0.16053998470306396,0.0755036473274231,0.20954279601573944,-0.42162778973579407
533,11,32,-0.02437371201813221,0.08201562613248825,0.21568846702575684,-0.42553141713142395
534,11,33,-0.15481017529964447,0.4756874144077301,0.2014748901128769,-0.4228440821170807
535,11,34,-0.013460476882755756,0.48653334379196167,0.22576338052749634,-0.4260537028312683
536,11,35,0.14539991319179535,0.4001725912094116,0.21674790978431702,-0.42165449261665344
537,11,36,0.025184813886880875,0.4788474142551422,0.21370692551136017,-0.424277663230896
538,11,37,0.05785772204399109,0.10507342964410782,0.21515551209449768,-0.42167243361473083
539,11,38,0.17537078261375427,-0.1202285960316658,0.21566113829612732,-0.4237535297870636
540,11,39,0.07569487392902374,0.33317965269088745,0.21135929226875305,-0.4201216697692871
541,11,40,0.06478045880794525,0.21837788820266724,0.21368539333343506,-0.4203406274318695
542,11,41,0.09471405297517776,0.047760460525751114,0.2145787924528122,-0.42392754554748535
543,11,42,0.03244578465819359,-0.3025178015232086,0.2142629325389862,-0.42374876141548157
544,11,43,0.07091062515974045,0.48040103912353516,0.2155504822731018,-0.4212575852870941
545,11,44,-0.07635894417762756,0.371491402387619,0.19418197870254517,-0.4209613800048828
546,11,45,-0.15840111672878265,-0.12743572890758514,0.2154901623725891,-0.4231337904930115
547,11,46,-0.01670490950345993,0.9865634441375732,0.2059883177280426,-0.4234636127948761
548,11,47,0.0776636078953743,0.2887488305568695,0.21183863282203674,-0.42205098271369934
549,11,48,0.0890200063586235,0.2209814488887787,0.21698302030563354,-0.42294594645500183
550,11,49,-0.04180215299129486,0.19459405541419983,0.21487340331077576,-0.4248623847961426
551,12,0,0.3241426348686218,-0.35239046812057495,0.07649073004722595,-0.16087667644023895
552,12,1,0.4346274137496948,0.4131038188934326,0.07733502238988876,-0.1598174273967743
553,12,2,0.1875588446855545,0.5373817086219788,0.05820750072598457,-0.16088765859603882
554,12,3,-0.05094284936785698,-0.18019773066043854,0.061909038573503494,-0.16206741333007812
555,12,4,-0.11190959811210632,-0.6947656869888306,0.057663604617118835,-0.16358381509780884
556,12,5,-0.14014188945293427,0.3658160865306854,0.06779602915048599,-0.16352121531963348
557,12,6,-0.03595346584916115,0.03348929062485695,0.0682382807135582,-0.16451063752174377
558,12,7,-0.04076024517416954,0.6378967761993408,0.07195773720741272,-0.1668229103088379
559,12,8,-0.2270127534866333,-0.6342244744300842,0.05990738794207573,-0.1646200567483902
560,12,9,-0.23122678697109222,-0.09709709137678146,0.058957986533641815,-0.16524896025657654
561,12,10,0.08042611926794052,0.0031051943078637123,0.06152152270078659,-0.164225235581398
562,12,11,-0.025303760543465614,-0.2992371618747711,0.059912726283073425,-0.16348174214363098
563,12,12,0.2532036006450653,0.014779893681406975,0.07094315439462662,-0.16280657052993774
564,12,13,-0.1348179578781128,0.4817628264427185,0.05505114421248436,-0.16329325735569
565,12,14,-0.23261915147304535,-0.3049654960632324,0.06477241963148117,-0.16326363384723663
566,12,15,-0.17185775935649872,0.15438607335090637,0.05764009431004524,-0.16243776679039001
567,12,16,-0.2777193784713745,-0.20569537580013275,0.05946216359734535,-0.16113267838954926
568,12,17,-0.3824405372142792,-0.0757349357008934,0.0502973236143589,-0.16245627403259277
569,12,18,0.051132932305336,-0.11504606902599335,0.06864310801029205,-0.16162410378456116
570,12,19,0.4854283630847931,-0.415548712015152,0.06947685033082962,-0.1596662998199463
571,12,20,0.1827191263437271,-0.06009148433804512,0.06494231522083282,-0.16315315663814545
572,12,21,-0.19146934151649475,-0.8918226957321167,0.05945255234837532,-0.1636236310005188
573,12,22,-0.258345365524292,-0.08180217444896698,0.06292631477117538,-0.1655716896057129
574,12,23,-0.1112343966960907,0.003078876296058297,0.06068869307637215,-0.16139483451843262
575,12,24,-0.07800640910863876,-0.22190207242965698,0.07076095044612885,-0.1644660383462906
576,12,25,-0.02972828410565853,0.042146988213062286,0.06828635931015015,-0.16208530962467194
577,12,26,-0.13939078152179718,-0.1072404533624649,0.06544762849807739,-0.16490602493286133
578,12,27,-0.015945443883538246,0.6645940542221069,0.05539967492222786,-0.16273510456085205
579,12,28,0.03647458925843239,0.4933696389198303,0.054136622697114944,-0.16177068650722504
580,12,29,-0.06084870547056198,0.04798086732625961,0.06798078864812851,-0.16390886902809143
581,12,30,-0.005842301528900862,-0.15450993180274963,0.06635734438896179,-0.16510052978992462
582,12,31,0.24189041554927826,0.5856174826622009,0.07362675666809082,-0.16196484863758087
583,12,32,0.18746283650398254,0.28368520736694336,0.059814780950546265,-0.16275931894779205
584,12,33,-0.17371198534965515,-0.5078545212745667,0.06051025167107582,-0.16336795687675476
585,12,34,-0.5596884489059448,-0.09837266802787781,0.04841425642371178,-0.16438977420330048
586,12,35,-0.346317857503891,0.5462493896484375,0.055050093680620193,-0.16179366409778595
587,12,36,0.12780727446079254,0.31976789236068726,0.06002743914723396,-0.16176730394363403
588,12,37,0.1745225042104721,0.005658003501594067,0.06896339356899261,-0.16460302472114563
589,12,38,-0.07291353493928909,-0.1280977725982666,0.06204083189368248,-0.16590715944766998
590,12,39,-0.07743901014328003,0.1379329115152359,0.06550527364015579,-0.16295991837978363
591,12,40,0.27974390983581543,-0.22007617354393005,0.06860848516225815,-0.16061249375343323
592,12,41,0.029660560190677643,0.18257203698158264,0.057401884347200394,-0.16307541728019714
593,12,42,-0.22292965650558472,-0.04998589679598808,0.061635084450244904,-0.1635133922100067
594,12,43,-0.21249397099018097,0.1744474470615387,0.06008493900299072,-0.16237731277942657
595,12,44,0.11825596541166306,-0.19716356694698334,0.06288562715053558,-0.16178244352340698
596,12,45,-0.15273547172546387,-0.0740026980638504,0.05428406223654747,-0.163733571767807
597,12,46,-0.22707867622375488,0.02997683547437191,0.06558198481798172,-0.1628076732158661
598,12,47,0.07044586539268494,-0.05561438947916031,0.07170144468545914,-0.16475974023342133
599,12,48,0.04715026542544365,0.34018948674201965,0.06399376690387726,-0.16297276318073273
600,12,49,-0.07230637222528458,-0.2482147365808487,0.06871408969163895,-0.16486875712871552
601,13,0,-0.06436969339847565,-0.7293738722801208,0.09153930842876434,-0.1563785970211029
602,13,1,-0.29957258701324463,0.22887250781059265,0.0832715779542923,-0.15781950950622559
603,13,2,-0.18825465440750122,-0.21832211315631866,0.09579308331012726,-0.15959513187408447
604,13,3,-0.15501154959201813,0.08938848972320557,0.08843366801738739,-0.158278226852417
605,13,4,0.1067412868142128,0.19702030718326569,0.09028416872024536,-0.1582953780889511
606,13,5,0.018766073510050774,0.113297238945961,0.08994954824447632,-0.15715141594409943
607,13,6,-0.294050395488739,-0.32519328594207764,0.07956424355506897,-0.15794305503368378
608,13,7,-0.40508145093917847,0.19074077904224396,0.08759352564811707,-0.157738596200943
609,13,8,-0.3723674714565277,0.4839371144771576,0.08260989189147949,-0.15769921243190765
610,13,9,-0.11792417615652084,0.2534032166004181,0.09131816029548645,-0.15882602334022522
611,13,10,0.07608898729085922,0.20974479615688324,0.10020710527896881,-0.1574445217847824
612,13,11,-0.08467309921979904,0.36880725622177124,0.08698582649230957,-0.15932723879814148
613,13,12,-0.05616123229265213,0.2893383800983429,0.0943530797958374,-0.1571766436100006
614,13,13,0.06223340705037117,-0.37649181485176086,0.09368005394935608,-0.15865884721279144
615,13,14,0.20457309484481812,0.6087902188301086,0.10090766847133636,-0.1556778997182846
616,13,15,0.16920138895511627,-0.1627269983291626,0.09200634062290192,-0.15597358345985413
617,13,16,0.004164993297308683,0.44929173588752747,0.09640154242515564,-0.15758632123470306
618,13,17,0.01611652970314026,0.43385252356529236,0.09391868114471436,-0.1572563797235489
619,13,18,-0.025654809549450874,0.19420279562473297,0.0871899425983429,-0.15880893170833588
620,13,19,0.06620336323976517,0.7188989520072937,0.09565436840057373,-0.15617963671684265
621,13,20,-0.048819635063409805,0.48316070437431335,0.08910080790519714,-0.15871109068393707
622,13,21,-0.009317602030932903,0.18775227665901184,0.09792482852935791,-0.15761540830135345
623,13,22,-0.10512292385101318,0.6544151902198792,0.08935335278511047,-0.15791824460029602
624,13,23,-0.3817453980445862,-0.15843281149864197,0.08555887639522552,-0.15781943500041962
625,13,24,-0.3643864095211029,0.1271369755268097,0.08245225250720978,-0.15902714431285858
626,13,25,0.01701352745294571,-0.1214340329170227,0.09808871150016785,-0.15728598833084106
627,13,26,0.0023835834581404924,0.5143598318099976,0.08883142471313477,-0.15632420778274536
628,13,27,0.24393102526664734,-0.36688706278800964,0.10852012038230896,-0.1571333408355713
629,13,28,0.25375813245773315,-0.6592709422111511,0.09275943040847778,-0.15725016593933105
630,13,29,-0.04128927364945412,-0.2170063704252243,0.08229254186153412,-0.15933401882648468
631,13,30,0.10042349994182587,0.48671841621398926,0.09406644105911255,-0.15874183177947998
632,13,31,0.28468260169029236,0.6708065867424011,0.09867501258850098,-0.1586502492427826
633,13,32,0.01390769612044096,-0.40689003467559814,0.09356389939785004,-0.15871159732341766
634,13,33,-0.28232866525650024,0.3364519774913788,0.08621181547641754,-0.15813623368740082
635,13,34,-0.20368172228336334,0.8155739307403564,0.08969780802726746,-0.15965640544891357
636,13,35,-0.11291513592004776,0.7476422190666199,0.09563744068145752,-0.15798741579055786
637,13,36,-0.3265950381755829,-0.08151476830244064,0.08911815285682678,-0.16021528840065002
638,13,37,-0.31242695450782776,-0.5120811462402344,0.08840003609657288,-0.1575000286102295
639,13,38,0.1405390202999115,-0.35114285349845886,0.09923961758613586,-0.15841075778007507
640,13,39,0.1324300616979599,-0.26146644353866577,0.09335517883300781,-0.15635816752910614
641,13,40,0.23833505809307098,-0.5946463942527771,0.09546218812465668,-0.15390349924564362
642,13,41,-0.11325893551111221,-0.3773157000541687,0.08581000566482544,-0.1575799584388733
643,13,42,-0.16055382788181305,-0.08706380426883698,0.07491514086723328,-0.1561930924654007
644,13,43,0.06287329643964767,0.09524637460708618,0.0814312994480133,-0.15804509818553925
645,13,44,0.1832713484764099,-0.10371887683868408,0.102058544754982,-0.15610884130001068
646,13,45,-0.10176659375429153,-0.16401273012161255,0.08391834795475006,-0.15663179755210876
647,13,46,-0.17748665809631348,-0.22298206388950348,0.08915364742279053,-0.15744833648204803
648,13,47,0.1266993135213852,-0.08622163534164429,0.09717987477779388,-0.1584891527891159
649,13,48,0.24366313219070435,0.34326666593551636,0.09722068905830383,-0.15700028836727142
650,13,49,0.24432362616062164,-0.651443362236023,0.10102508962154388,-0.15505772829055786
651,14,0,0.0464145690202713,-0.4031873643398285,0.05943884328007698,-0.1966009885072708
652,14,1,0.06250371038913727,0.23892946541309357,0.05719999223947525,-0.19754822552204132
653,14,2,-0.2916257977485657,0.42719703912734985,0.045489393174648285,-0.19746901094913483
654,14,3,-0.17377015948295593,-0.10123544931411743,0.05809233710169792,-0.1981257051229477
655,14,4,-0.255977600812912,0.20267978310585022,0.04557180032134056,-0.19550684094429016
656,14,5,-0.23831433057785034,0.3180031478404999,0.05536665394902229,-0.19781608879566193
657,14,6,-0.06250735372304916,0.10385271161794662,0.057938285171985626,-0.19688770174980164
658,14,7,0.25657376646995544,0.25590571761131287,0.0542745478451252,-0.19577151536941528
659,14,8,0.028535038232803345,0.08239598572254181,0.04782259091734886,-0.19778947532176971
660,14,9,-0.22362546622753143,-0.0736682116985321,0.05241427570581436,-0.1963459700345993
661,14,10,-0.03818344324827194,-0.21477952599525452,0.05405076593160629,-0.19741027057170868
662,14,11,0.297577440738678,0.7390533685684204,0.06861140578985214,-0.19425679743289948
663,14,12,0.1942846179008484,-0.10388627648353577,0.06179732829332352,-0.19624802470207214
664,14,13,0.08040118962526321,0.15656039118766785,0.051357727497816086,-0.1967102587223053
665,14,14,0.11265178769826889,0.05951829254627228,0.06100431829690933,-0.19513759016990662
666,14,15,-0.2923959791660309,0.14964185655117035,0.045924846082925797,-0.1968877762556076
667,14,16,-0.3288715183734894,0.08854087442159653,0.049307771027088165,-0.19956539571285248
668,14,17,-0.1387047916650772,0.19874384999275208,0.0535648949444294,-0.19684289395809174
669,14,18,-0.08331641554832458,-0.17337313294410706,0.05328284949064255,-0.19751568138599396
670,14,19,-0.13567207753658295,0.1250278651714325,0.057009756565093994,-0.1969131976366043
671,14,20,-0.010923829860985279,-0.2244108021259308,0.055894866585731506,-0.19662296772003174
672,14,21,-0.28120869398117065,0.3642236888408661,0.04590369015932083,-0.197995126247406
673,14,22,-0.10895116627216339,-0.17822258174419403,0.05857241526246071,-0.1968289613723755
674,14,23,0.0938405841588974,-0.6320928335189819,0.0614880807697773,-0.19671379029750824
675,14,24,0.16164641082286835,-0.28022027015686035,0.05758749321103096,-0.19536584615707397
676,14,25,0.22059951722621918,0.2588188946247101,0.05993350222706795,-0.19701749086380005
677,14,26,0.008702083490788937,-0.05397268012166023,0.05378514900803566,-0.19636793434619904
678,14,27,-0.07188170403242111,0.48320984840393066,0.05199163407087326,-0.1994277834892273
679,14,28,0.27620747685432434,0.5024600625038147,0.06993045657873154,-0.19594258069992065
680,14,29,0.3649645149707794,-0.023828037083148956,0.06244070082902908,-0.1963254064321518
681,14,30,0.22844697535037994,-0.38744449615478516,0.061227090656757355,-0.19732673466205597
682,14,31,0.613888680934906,-0.6836878061294556,0.0675012543797493,-0.1947132796049118
683,14,32,0.48705005645751953,0.09378444403409958,0.06240402162075043,-0.19603270292282104
684,14,33,0.14730708301067352,-0.2931802570819855,0.0556890070438385,-0.19810537993907928
685,14,34,0.22054710984230042,0.32332614064216614,0.058379072695970535,-0.19666315615177155
686,14,35,0.1372786909341812,-0.2799972891807556,0.05599363148212433,-0.19567151367664337
687,14,36,-0.04745190218091011,-0.6038241386413574,0.049977973103523254,-0.19636978209018707
688,14,37,0.040503136813640594,-0.17488519847393036,0.04667218029499054,-0.19579046964645386
689,14,38,-0.13444557785987854,-0.03719054535031319,0.04828125610947609,-0.1941736489534378
690,14,39,0.22459760308265686,0.1463336944580078,0.05983378365635872,-0.19837509095668793
691,14,40,0.2403310388326645,0.16886737942695618,0.06585891544818878,-0.19608359038829803
692,14,41,0.0006729287561029196,-0.06699949502944946,0.04956022650003433,-0.19638653099536896
693,14,42,-0.3458765149116516,0.24875402450561523,0.046632155776023865,-0.19714488089084625
694,14,43,0.01627814583480358,-0.01685262657701969,0.06352657079696655,-0.196710005402565
695,14,44,-0.056577447801828384,-0.07863973826169968,0.054453294724226,-0.19841545820236206
696,14,45,-0.021282533183693886,0.41376566886901855,0.053121671080589294,-0.19742631912231445
697,14,46,0.3254478871822357,0.17240950465202332,0.06005110964179039,-0.1962096095085144
698,14,47,-0.00358676933683455,-0.5223590731620789,0.05490300804376602,-0.19577836990356445
699,14,48,-0.28661197423934937,0.3160550594329834,0.04608674719929695,-0.19883553683757782
700,14,49,-0.23881776630878448,0.07146983593702316,0.052979882806539536,-0.19660621881484985
701,15,0,-0.19506222009658813,0.24674983322620392,-0.018623076379299164,-0.06706840544939041
702,15,1,-0.27463242411613464,0.25063472986221313,-0.020062316209077835,-0.0678587257862091
703,15,2,-0.28149905800819397,0.25201448798179626,-0.020062316209077835,-0.06824249774217606
704,15,3,-0.3015303909778595,-0.5477883815765381,-0.020062316209077835,-0.06882636994123459
705,15,4,-0.21917824447155,-0.3989347517490387,-0.01904798112809658,-0.06806890666484833
706,15,5,-0.08208028227090836,0.6886847615242004,-0.020062316209077835,-0.06878026574850082
707,15,6,0.05629458278417587,-0.15110866725444794,-0.019511742517352104,-0.0668380856513977
708,15,7,-0.06001170724630356,-0.6671659350395203,-0.018968690186738968,-0.06779935956001282
709,15,8,0.013184480369091034,0.10593189299106598,-0.013481087982654572,-0.06853130459785461
710,15,9,0.21481698751449585,-0.4608151614665985,-0.011214247904717922,-0.06831323355436325
711,15,10,0.3416159451007843,-0.18290263414382935,-0.011100665666162968,-0.06821484118700027
712,15,11,0.2864067256450653,-0.6077723503112793,-0.0023782197386026382,-0.06739775836467743
713,15,12,-0.3373645842075348,-0.44689786434173584,-0.020062316209077835,-0.06794774532318115
714,15,13,-0.2974148094654083,-0.06789848953485489,-0.020062316209077835,-0.06987585872411728
715,15,14,0.03926511108875275,-0.3817997872829437,-0.008700978010892868,-0.06888451427221298
716,15,15,0.1408642679452896,0.2933080494403839,-0.013773920014500618,-0.06638439744710922
717,15,16,0.4689994156360626,-0.2867654263973236,-0.015369877219200134,-0.06691466271877289
718,15,17,0.10553079098463058,-0.11181566119194031,-0.013803230598568916,-0.06682299077510834
719,15,18,0.12510563433170319,-0.12160143256187439,-0.017281915992498398,-0.06541385501623154
720,15,19,-0.021727101877331734,-0.37048426270484924,-0.015918917953968048,-0.06626790016889572
721,15,20,0.203696146607399,0.4162968397140503,-0.01727936789393425,-0.06661853194236755
722,15,21,0.1723514050245285,0.22120098769664764,-0.01640920341014862,-0.06559816002845764
723,15,22,-0.19942231476306915,-0.06952742487192154,-0.019736040383577347,-0.06821582466363907
724,15,23,-0.2246384471654892,-0.08092937618494034,-0.020062316209077835,-0.06808628141880035
725,15,24,0.1452104151248932,-0.25658971071243286,-0.015442248433828354,-0.06839757412672043
726,15,25,0.2856059968471527,-0.27340248227119446,-0.017058297991752625,-0.06578023731708527
727,15,26,-0.24344652891159058,-0.2150639295578003,-0.020062316209077835,-0.06840139627456665
728,15,27,-0.1870155781507492,-0.5286528468132019,-0.01350393332540989,-0.0672849714756012
729,15,28,0.008761339820921421,-1.0,-0.013897368684411049,-0.06771856546401978
730,15,29,0.047392942011356354,-0.5096892714500427,-0.020062316209077835,-0.06798680871725082
731,15,30,0.1901012659072876,0.07968009263277054,-0.015776123851537704,-0.06787717342376709
732,15,31,0.40890368819236755,0.5770397782325745,-0.011777210049331188,-0.06612194329500198
733,15,32,0.5160436034202576,-0.5169587731361389,-0.0018994491547346115,-0.06623736768960953
734,15,33,0.5493354201316833,-0.15762418508529663,-0.005780803970992565,-0.06690891087055206
735,15,34,0.41898393630981445,0.5038811564445496,-0.011161964386701584,-0.06611998379230499
736,15,35,0.1985425353050232,0.23046518862247467,-0.018851736560463905,-0.0685553327202797
737,15,36,0.10680735111236572,0.08666244894266129,-0.014842666685581207,-0.06755942106246948
738,15,37,-0.07068754732608795,0.03319023177027702,-0.020062316209077835,-0.06801958382129669
739,15,38,-0.11522228270769119,-0.5031595230102539,-0.012683621607720852,-0.06817903369665146
740,15,39,-0.20383983850479126,0.4390213191509247,-0.017938870936632156,-0.06830965727567673
741,15,40,-0.20807993412017822,0.3094246983528137,-0.020062316209077835,-0.06959784030914307
742,15,41,-0.00149432010948658,-0.22872382402420044,-0.010339777916669846,-0.06670460104942322
743,15,42,0.15086975693702698,-0.0886392667889595,-0.008208167739212513,-0.0673658698797226
744,15,43,0.16073466837406158,0.22139611840248108,-0.012581050395965576,-0.06673417240381241
745,15,44,0.07929792255163193,-0.11366656422615051,-0.015701044350862503,-0.06612394005060196
746,15,45,-0.18256069719791412,-0.14733630418777466,-0.020062316209077835,-0.06763608753681183
747,15,46,-0.10730054974555969,0.5341148972511292,-0.015217870473861694,-0.06553661823272705
748,15,47,-0.00849995668977499,-0.31409135460853577,-0.012744567357003689,-0.06835439801216125
749,15,48,0.04061158373951912,-0.1140887439250946,-0.01366301067173481,-0.06674758344888687
750,15,49,0.13174383342266083,-0.0062298220582306385,-0.01797323301434517,-0.06660350412130356
751,16,0,-0.004411684349179268,0.4788447916507721,-0.08498657494783401,0.14793938398361206
752,16,1,0.04250467196106911,-0.6019647121429443,-0.08498657494783401,0.14793938398361206
753,16,2,0.03488128259778023,0.029018256813287735,-0.08498657494783401,0.14793938398361206
754,16,3,-0.24240408837795258,0.08584317564964294,-0.08498657494783401,0.14793938398361206
755,16,4,0.22877134382724762,-0.8081828951835632,-0.08498657494783401,0.14793938398361206
756,16,5,0.2284538596868515,-0.17660804092884064,-0.08498657494783401,0.14793938398361206
757,16,6,0.038920849561691284,-0.8552426099777222,-0.08498657494783401,0.14793938398361206
758,16,7,0.13957709074020386,0.8417863845825195,-0.08498657494783401,0.14793938398361206
759,16,8,0.0687752440571785,0.17809224128723145,-0.08498657494783401,0.14793938398361206
760,16,9,-0.06562567502260208,-0.04963647574186325,-0.08498657494783401,0.14793938398361206
761,16,10,-0.19474373757839203,0.03134283423423767,-0.08498657494783401,0.14793938398361206
762,16,11,-0.1353580355644226,0.040783170610666275,-0.08498657494783401,0.14793938398361206
763,16,12,0.023374637588858604,-0.13936972618103027,-0.08498657494783401,0.14793938398361206
764,16,13,-0.2165045589208603,0.6636127233505249,-0.08498657494783401,0.14793938398361206
765,16,14,-0.24812740087509155,-0.27187302708625793,-0.08498657494783401,0.14793938398361206
766,16,15,0.20896466076374054,-0.13578148186206818,-0.08498657494783401,0.14793938398361206
767,16,16,0.23900406062602997,0.008741427212953568,-0.08498657494783401,0.14793938398361206
768,16,17,-0.016217723488807678,-0.19644662737846375,-0.08498657494783401,0.14793938398361206
769,16,18,-0.22439858317375183,-0.2713868021965027,-0.08498657494783401,0.14793938398361206
770,16,19,0.0617547444999218,-0.06159104034304619,-0.08498657494783401,0.14793938398361206
771,16,20,-0.052260901778936386,-0.21965987980365753,-0.08498657494783401,0.14793938398361206
772,16,21,-0.2506847679615021,-0.20063741505146027,-0.08498657494783401,0.14793938398361206
773,16,22,-0.14340946078300476,0.007954544387757778,-0.08498657494783401,0.14793938398361206
774,16,23,-0.3298764228820801,-0.008645961992442608,-0.08498657494783401,0.14793938398361206
775,16,24,-0.35805362462997437,0.034732718020677567,-0.08498657494783401,0.14793938398361206
776,16,25,-0.14947248995304108,-0.9294102787971497,-0.08498657494783401,0.14793938398361206
777,16,26,0.09275532513856888,-0.11603201925754547,-0.08498657494783401,0.14793938398361206
778,16,27,-0.012312491424381733,-0.08060881495475769,-0.08498657494783401,0.14793938398361206
779,16,28,0.13212516903877258,0.026679014787077904,-0.08498657494783401,0.14793938398361206
780,16,29,0.47554871439933777,-0.7213690280914307,-0.08498657494783401,0.14793938398361206
781,16,30,0.2274649739265442,-0.595524787902832,-0.08498657494783401,0.14793938398361206
782,16,31,0.02687905728816986,-0.18648290634155273,-0.08498657494783401,0.14793938398361206
783,16,32,-0.22854481637477875,0.738361656665802,-0.08498657494783401,0.14793938398361206
784,16,33,0.3800659775733948,0.554080069065094,-0.08498657494783401,0.14793938398361206
785,16,34,0.38138848543167114,0.3371444642543793,-0.08498657494783401,0.14793938398361206
786,16,35,0.12909036874771118,-0.42723777890205383,-0.08498657494783401,0.14793938398361206
787,16,36,-0.17908024787902832,0.08937336504459381,-0.08498657494783401,0.14793938398361206
788,16,37,0.022703269496560097,0.03556579351425171,-0.08498657494783401,0.14793938398361206
789,16,38,0.012008889578282833,-0.455628365278244,-0.08498657494783401,0.14793938398361206
790,16,39,0.06240363046526909,-0.14245644211769104,-0.08498657494783401,0.14793938398361206
791,16,40,0.09757297486066818,-0.28735899925231934,-0.08498657494783401,0.14793938398361206
792,16,41,0.20576028525829315,-0.14808161556720734,-0.08498657494783401,0.14793938398361206
793,16,42,0.006843117531388998,-0.3224444091320038,-0.08498657494783401,0.14793938398361206
794,16,43,0.01648550108075142,-0.30134451389312744,-0.08498657494783401,0.14793938398361206
795,16,44,0.06385418027639389,-0.5136175751686096,-0.08498657494783401,0.14793938398361206
796,16,45,-0.06911788880825043,-0.164161816239357,-0.08498657494783401,0.14793938398361206
797,16,46,-0.044967859983444214,0.9127644300460815,-0.08498657494783401,0.14793938398361206
798,16,47,-0.0012862684670835733,-0.698535144329071,-0.08498657494783401,0.14793938398361206
799,16,48,-0.12933272123336792,-0.3535551130771637,-0.08498657494783401,0.14793938398361206
800,16,49,0.08628833293914795,-0.14347028732299805,-0.08498657494783401,0.14793938398361206
801,17,0,0.28801319003105164,0.26503482460975647,-0.14477019011974335,0.1775248646736145
802,17,1,0.20047016441822052,-0.5122149586677551,-0.14477019011974335,0.17752255499362946
803,17,2,-0.0354032889008522,0.8509834408760071,-0.14477019011974335,0.17751383781433105
804,17,3,0.054392240941524506,-0.8442818522453308,-0.14477019011974335,0.17750577628612518
805,17,4,0.301893025636673,0.20686307549476624,-0.14477019011974335,0.17752443253993988
806,17,5,0.28172245621681213,-0.5969959497451782,-0.14477019011974335,0.17751559615135193
807,17,6,-0.18663592636585236,0.03670702502131462,-0.14477019011974335,0.1774948388338089
808,17,7,-0.22700364887714386,0.20785784721374512,-0.14477019011974335,0.1775040477514267
809,17,8,0.2398339807987213,0.32734182476997375,-0.14477019011974335,0.17752745747566223
810,17,9,0.326549768447876,0.4330144226551056,-0.14477019011974335,0.17752723395824432
811,17,10,0.08493168652057648,-0.3644874691963196,-0.14477019011974335,0.17752252519130707
812,17,11,0.06700991839170456,-0.6989606618881226,-0.14477019011974335,0.17751039564609528
813,17,12,0.13416461646556854,-0.12515051662921906,-0.14477019011974335,0.17749862372875214
814,17,13,0.12411297857761383,-0.016571562737226486,-0.14477019011974335,0.1775294989347458
815,17,14,0.14492936432361603,-0.040065228939056396,-0.14477019011974335,0.17752774059772491
816,17,15,0.12662796676158905,0.43446415662765503,-0.14477019011974335,0.17753325402736664
817,17,16,0.2231641411781311,-0.20061248540878296,-0.14477019011974335,0.1775292009115219
818,17,17,0.15106159448623657,0.27389171719551086,-0.14477019011974335,0.17751972377300262
819,17,18,0.014872128143906593,-0.33948075771331787,-0.14477019011974335,0.17752043902873993
820,17,19,-0.14778754115104675,-0.3773472309112549,-0.14477019011974335,0.17749783396720886
821,17,20,-0.179129958152771,0.4271734952926636,-0.14477019011974335,0.17751216888427734
822,17,21,-0.18961703777313232,0.1987411230802536,-0.14477019011974335,0.17749272286891937
823,17,22,-0.2789980173110962,0.03769604489207268,-0.14477019011974335,0.17751333117485046
824,17,23,-0.3899008333683014,-0.6691184639930725,-0.14477019011974335,0.17748713493347168
825,17,24,-0.45979347825050354,-0.18113359808921814,-0.14477019011974335,0.17750361561775208
826,17,25,0.08958492428064346,-0.14887717366218567,-0.14477019011974335,0.17752254009246826
827,17,26,0.177921861410141,-0.2500167787075043,-0.14477019011974335,0.17753013968467712
828,17,27,-0.0695633664727211,0.06980647891759872,-0.14477019011974335,0.17751935124397278
829,17,28,-0.28845682740211487,-0.4305936098098755,-0.14477019011974335,0.17750102281570435
830,17,29,-0.304900586605072,0.03599525988101959,-0.14477019011974335,0.17751331627368927
831,17,30,-0.1648654192686081,-0.34180784225463867,-0.14477019011974335,0.17749348282814026
832,17,31,-0.2632068991661072,-0.6155592203140259,-0.14477019011974335,0.17749932408332825
833,17,32,-0.19196683168411255,-0.1636025309562683,-0.14477019011974335,0.17747843265533447
834,17,33,-0.23598168790340424,0.04065565764904022,-0.14477019011974335,0.17751125991344452
835,17,34,0.32639238238334656,0.5136324763298035,-0.14477019011974335,0.1775370091199875
836,17,35,0.328998327255249,-0.3648868799209595,-0.14477019011974335,0.17753486335277557
837,17,36,0.09810216724872589,-0.8726670742034912,-0.14477019011974335,0.17751815915107727
838,17,37,0.09881658107042313,-0.8401644825935364,-0.14477019011974335,0.17750808596611023
839,17,38,0.03845055028796196,-1.0,-0.14477019011974335,0.17750415205955505
840,17,39,0.16691604256629944,-0.750511884689331,-0.14477019011974335,0.17749139666557312
841,17,40,0.3888079524040222,-0.11258944869041443,-0.14477019011974335,0.1775120049715042
842,17,41,0.3652680218219757,-0.5197121500968933,-0.14477019011974335,0.17751817405223846
843,17,42,0.09224173426628113,-0.05832100287079811,-0.14477019011974335,0.1775158941745758
844,17,43,0.2739138901233673,-1.0,-0.14477019011974335,0.17750295996665955
845,17,44,0.21700651943683624,-0.5594921708106995,-0.14477019011974335,0.1775227040052414
846,17,45,0.10215067118406296,-0.47202759981155396,-0.14477019011974335,0.1775222271680832
847,17,46,-0.0181973185390234,-0.43554121255874634,-0.14477019011974335,0.1775285005569458
848,17,47,0.279192179441452,1.0,-0.14477019011974335,0.17753314971923828
849,17,48,0.33609142899513245,-0.32128217816352844,-0.14477019011974335,0.1775226891040802
850,17,49,0.1449630856513977,-0.42064908146858215,-0.14477019011974335,0.17752936482429504
851,18,0,0.1914324015378952,-0.2036949098110199,-0.21234823763370514,0.19941331446170807
852,18,1,0.22729434072971344,-0.477948397397995,-0.21234823763370514,0.1994154453277588
853,18,2,0.06663069874048233,-0.948499321937561,-0.21234823763370514,0.19940775632858276
854,18,3,-0.13887178897857666,-0.5258675217628479,-0.21234823763370514,0.1994158923625946
855,18,4,0.09142431616783142,0.4013501703739166,-0.21234823763370514,0.1993969827890396
856,18,5,0.3506617844104767,-0.4961540699005127,-0.21234823763370514,0.1993987262248993
857,18,6,0.31587621569633484,0.14508414268493652,-0.21234823763370514,0.19943124055862427
858,18,7,0.16559427976608276,-0.3649626076221466,-0.21234823763370514,0.19942297041416168
859,18,8,-0.050222814083099365,0.015129505656659603,-0.21234823763370514,0.1993759423494339
860,18,9,0.1481086164712906,0.3587321937084198,-0.21234823763370514,0.19941523671150208
861,18,10,0.1662522554397583,-0.44794216752052307,-0.21234823763370514,0.1994141787290573
862,18,11,-0.2716387212276459,0.15802085399627686,-0.21234823763370514,0.1994127333164215
863,18,12,-0.40975329279899597,0.21424393355846405,-0.21234823763370514,0.19937196373939514
864,18,13,-0.21250517666339874,-0.902318000793457,-0.21234823763370514,0.19938868284225464
865,18,14,-0.059965889900922775,-0.7390676736831665,-0.21234823763370514,0.19939006865024567
866,18,15,0.05273636057972908,0.3419100046157837,-0.21234823763370514,0.1993916779756546
867,18,16,-0.23957009613513947,0.4579549729824066,-0.21234823763370514,0.19940248131752014
868,18,17,-0.2092481553554535,-0.3877371549606323,-0.21234823763370514,0.19939549267292023
869,18,18,0.05163860321044922,-0.9577987790107727,-0.21234823763370514,0.19939149916172028
870,18,19,0.38394320011138916,-0.748688817024231,-0.21234823763370514,0.19939389824867249
871,18,20,-0.13588181138038635,0.2896885871887207,-0.21234823763370514,0.19938403367996216
872,18,21,-0.3735229969024658,-0.057535864412784576,-0.21234823763370514,0.19937340915203094
873,18,22,-0.34336286783218384,-0.33526870608329773,-0.21234823763370514,0.1993829607963562
874,18,23,0.2149902582168579,-0.21071824431419373,-0.21234823763370514,0.19939245283603668
875,18,24,0.13568063080310822,-0.3349228501319885,-0.21234823763370514,0.19939371943473816
876,18,25,-0.10044682770967484,-1.0,-0.21234823763370514,0.19938763976097107
877,18,26,-0.32112357020378113,0.20488737523555756,-0.21234823763370514,0.19936567544937134
878,18,27,-0.20750299096107483,-0.36297130584716797,-0.21234823763370514,0.1994037628173828
879,18,28,0.029778651893138885,0.07906214892864227,-0.21234823763370514,0.19938679039478302
880,18,29,-0.17897073924541473,-0.8617450594902039,-0.21234823763370514,0.1993720382452011
881,18,30,-0.15025652945041656,-0.6028593182563782,-0.21234823763370514,0.19939394295215607
882,18,31,0.24434281885623932,0.4121910035610199,-0.21234823763370514,0.1993783712387085
883,18,32,-0.13728801906108856,-0.4055902361869812,-0.21234823763370514,0.19936983287334442
884,18,33,0.1899142861366272,-0.7229328155517578,-0.21234823763370514,0.19941446185112
885,18,34,0.14988942444324493,-0.12705934047698975,-0.21234823763370514,0.19941572844982147
886,18,35,-0.005032511427998543,-0.11638224869966507,-0.21234823763370514,0.19940924644470215
887,18,36,0.029798010364174843,-1.0,-0.21234823763370514,0.19940581917762756
888,18,37,-0.08748973160982132,-1.0,-0.21234823763370514,0.19940707087516785
889,18,38,-0.0892380103468895,0.4183632433414459,-0.21234823763370514,0.19942018389701843
890,18,39,0.030621211975812912,0.34446603059768677,-0.21234823763370514,0.19941188395023346
891,18,40,-0.14842185378074646,0.20161572098731995,-0.21234823763370514,0.19938671588897705
892,18,41,-0.13902999460697174,-0.42930278182029724,-0.21234823763370514,0.1993882656097412
893,18,42,-0.27353304624557495,0.2611382007598877,-0.21234823763370514,0.1993734985589981
894,18,43,-0.44668352603912354,-0.4612254202365875,-0.21234823763370514,0.1993735283613205
895,18,44,-0.5828911066055298,0.1370745152235031,-0.21234823763370514,0.1993754357099533
896,18,45,-0.3039631247520447,0.08895324915647507,-0.21234823763370514,0.199362114071846
897,18,46,-0.1677716076374054,-0.733328640460968,-0.21234823763370514,0.19938455522060394
898,18,47,0.08075911551713943,-0.21428008377552032,-0.21234823763370514,0.19940540194511414
899,18,48,0.38044053316116333,0.02297561801970005,-0.21234823763370514,0.19944068789482117
900,18,49,0.3477039039134979,0.01726745255291462,-0.21234823763370514,0.19943033158779144
901,19,0,-0.04250293970108032,0.9808769822120667,-0.2514527142047882,0.11036723107099533
902,19,1,-0.028314122930169106,0.18608106672763824,-0.2514527142047882,0.11036723107099533
903,19,2,-0.16273559629917145,0.6229580640792847,-0.2514527142047882,0.11036723107099533
904,19,3,-0.16533350944519043,-0.21414189040660858,-0.2514527142047882,0.11036723107099533
905,19,4,0.11466605961322784,-0.25397157669067383,-0.2514527142047882,0.11036723107099533
906,19,5,0.4062706232070923,-0.5056305527687073,-0.2514527142047882,0.11036723107099533
907,19,6,0.1279129683971405,-0.6542426347732544,-0.2514527142047882,0.11036723107099533
908,19,7,-0.19352222979068756,0.5967337489128113,-0.2514527142047882,0.11036723107099533
909,19,8,0.1444956660270691,0.09775849431753159,-0.2514527142047882,0.11036723107099533
910,19,9,0.30918827652931213,-0.10020550340414047,-0.2514527142047882,0.11036723107099533
911,19,10,0.29690489172935486,-0.24224023520946503,-0.2514527142047882,0.11036723107099533
912,19,11,0.08498882502317429,0.47942015528678894,-0.2514527142047882,0.11036723107099533
913,19,12,-0.262198269367218,-0.526465654373169,-0.2514527142047882,0.11036723107099533
914,19,13,-0.17153050005435944,0.34089773893356323,-0.2514527142047882,0.11036723107099533
915,19,14,0.10842615365982056,-0.11985460668802261,-0.2514527142047882,0.11036723107099533
916,19,15,0.18160541355609894,1.0,-0.2514527142047882,0.11036723107099533
917,19,16,0.14961831271648407,-0.8323767781257629,-0.2514527142047882,0.11036723107099533
918,19,17,-0.06625836342573166,-0.9597265124320984,-0.2514527142047882,0.11036723107099533
919,19,18,-0.3327358663082123,-0.21998478472232819,-0.2514527142047882,0.11036723107099533
920,19,19,-0.29284799098968506,0.2246786653995514,-0.2514527142047882,0.11036723107099533
921,19,20,-0.17388959228992462,0.47642672061920166,-0.2514527142047882,0.11036723107099533
922,19,21,-0.28494957089424133,-0.18893419206142426,-0.2514527142047882,0.11036723107099533
923,19,22,-0.28182634711265564,-0.5313657522201538,-0.2514527142047882,0.11036723107099533
924,19,23,-0.2302328646183014,0.49669498205184937,-0.2514527142047882,0.11036723107099533
925,19,24,-0.4280097484588623,-0.8007506132125854,-0.2514527142047882,0.11036723107099533
926,19,25,-0.3237098455429077,-0.15298309922218323,-0.2514527142047882,0.11036723107099533
927,19,26,-0.2424313724040985,-0.4468175172805786,-0.2514527142047882,0.11036723107099533
928,19,27,0.1397634893655777,-0.27954477071762085,-0.2514527142047882,0.11036723107099533
929,19,28,0.08504343777894974,0.4025675356388092,-0.2514527142047882,0.11036723107099533
930,19,29,-0.10324779897928238,-0.1686306595802307,-0.2514527142047882,0.11036723107099533
931,19,30,-0.12065363675355911,-0.14991793036460876,-0.2514527142047882,0.11036723107099533
932,19,31,-0.03793388605117798,-1.0,-0.2514527142047882,0.11036723107099533
933,19,32,-0.08791656047105789,0.28655317425727844,-0.2514527142047882,0.11036723107099533
934,19,33,-0.10218599438667297,-0.35807356238365173,-0.2514527142047882,0.11036723107099533
935,19,34,0.04452510550618172,-1.0,-0.2514527142047882,0.11036723107099533
936,19,35,0.23363962769508362,-0.40169981122016907,-0.2514527142047882,0.11036723107099533
937,19,36,0.20722126960754395,-0.30888745188713074,-0.2514527142047882,0.11036723107099533
938,19,37,-0.09000023454427719,0.309115469455719,-0.2514527142047882,0.11036723107099533
939,19,38,-0.3518512547016144,0.0776754692196846,-0.2514527142047882,0.11036723107099533
940,19,39,-0.3988993465900421,0.4237591326236725,-0.2514527142047882,0.11036723107099533
941,19,40,-0.10859224945306778,-0.00867063645273447,-0.2514527142047882,0.11036723107099533
942,19,41,-0.1060536578297615,-0.21171733736991882,-0.2514527142047882,0.11036723107099533
943,19,42,0.09731950610876083,-1.0,-0.2514527142047882,0.11036723107099533
944,19,43,0.15959519147872925,-0.5726486444473267,-0.2514527142047882,0.11036723107099533
945,19,44,0.0889057070016861,0.796259343624115,-0.2514527142047882,0.11036723107099533
946,19,45,-0.05475376918911934,-1.0,-0.2514527142047882,0.11036723107099533
947,19,46,0.056756000965833664,0.3078189492225647,-0.2514527142047882,0.11036723107099533
948,19,47,0.14707326889038086,-0.5161719918251038,-0.2514527142047882,0.11036723107099533
949,19,48,0.06302636861801147,-0.06734437495470047,-0.2514527142047882,0.11036723107099533
950,19,49,0.06360848248004913,0.24176016449928284,-0.2514527142047882,0.11036723107099533
951,20,0,0.30575576424598694,-0.999440610408783,-0.27618637681007385,-0.03768255561590195
952,20,1,0.3273536264896393,-0.37061071395874023,-0.27618637681007385,-0.03768255561590195
953,20,2,0.37951844930648804,-0.7664366364479065,-0.27618637681007385,-0.03768255561590195
954,20,3,0.3909301161766052,0.27757757902145386,-0.27618637681007385,-0.03768255561590195
955,20,4,0.4140273630619049,0.6141806244850159,-0.27618637681007385,-0.03768255561590195
956,20,5,0.05641038715839386,0.5328224301338196,-0.27618637681007385,-0.03768255561590195
957,20,6,0.32596439123153687,-0.2955878973007202,-0.27618637681007385,-0.03768255561590195
958,20,7,0.13198252022266388,-1.0,-0.27618637681007385,-0.03768255561590195
959,20,8,0.0032499502412974834,-0.8835872411727905,-0.27618637681007385,-0.03768255561590195
960,20,9,-0.13210280239582062,-0.14082399010658264,-0.27618637681007385,-0.03768255561590195
961,20,10,-0.04339086264371872,-0.2661718428134918,-0.27618637681007385,-0.03768255561590195
962,20,11,0.15807931125164032,0.47805237770080566,-0.27618637681007385,-0.03768255561590195
963,20,12,-0.2083950787782669,-1.0,-0.27618637681007385,-0.03768255561590195
964,20,13,-0.20599150657653809,-1.0,-0.27618637681007385,-0.03768255561590195
965,20,14,0.019080666825175285,-0.4081647992134094,-0.27618637681007385,-0.03768255561590195
966,20,15,-0.023492226377129555,0.46299219131469727,-0.27618637681007385,-0.03768255561590195
967,20,16,-0.1016077846288681,-0.8248226046562195,-0.27618637681007385,-0.03768255561590195
968,20,17,-0.3279117941856384,-0.975042462348938,-0.27618637681007385,-0.03768255561590195
969,20,18,-0.42849284410476685,-0.36511966586112976,-0.27618637681007385,-0.03768255561590195
970,20,19,-0.08434359729290009,0.4028841257095337,-0.27618637681007385,-0.03768255561590195
971,20,20,-0.04301641881465912,-0.1645117551088333,-0.27618637681007385,-0.03768255561590195
972,20,21,-0.12074422836303711,-0.8232632279396057,-0.27618637681007385,-0.03768255561590195
973,20,22,-0.18977124989032745,-0.3239925801753998,-0.27618637681007385,-0.03768255561590195
974,20,23,-0.10508333146572113,0.9248818755149841,-0.27618637681007385,-0.03768255561590195
975,20,24,-0.22337138652801514,-0.5566815137863159,-0.27618637681007385,-0.03768255561590195
976,20,25,-0.04786096513271332,-0.08621547371149063,-0.27618637681007385,-0.03768255561590195
977,20,26,0.5181782245635986,0.22769545018672943,-0.27618637681007385,-0.03768255561590195
978,20,27,0.391725093126297,-0.3543252646923065,-0.27618637681007385,-0.03768255561590195
979,20,28,0.12298116832971573,-0.638921320438385,-0.27618637681007385,-0.03768255561590195
980,20,29,-0.16330267488956451,-0.3501579463481903,-0.27618637681007385,-0.03768255561590195
981,20,30,-0.0878191813826561,-0.6840888261795044,-0.27618637681007385,-0.03768255561590195
982,20,31,0.2281361222267151,-0.020828530192375183,-0.27618637681007385,-0.03768255561590195
983,20,32,0.17933771014213562,-1.0,-0.27618637681007385,-0.03768255561590195
984,20,33,0.06702396273612976,0.25388669967651367,-0.27618637681007385,-0.03768255561590195
985,20,34,-0.14675718545913696,-0.509565532207489,-0.27618637681007385,-0.03768255561590195
986,20,35,-0.12197066098451614,-0.8637409210205078,-0.27618637681007385,-0.03768255561590195
987,20,36,-0.1657331883907318,-0.4201798737049103,-0.27618637681007385,-0.03768255561590195
988,20,37,-0.3571915924549103,0.15648089349269867,-0.27618637681007385,-0.03768255561590195
989,20,38,-0.09237207472324371,0.10025740414857864,-0.27618637681007385,-0.03768255561590195
990,20,39,-0.13613180816173553,-0.7444846034049988,-0.27618637681007385,-0.03768255561590195
991,20,40,0.1634983867406845,-0.7031866908073425,-0.27618637681007385,-0.03768255561590195
992,20,41,0.37691155076026917,-0.6874701380729675,-0.27618637681007385,-0.03768255561590195
993,20,42,0.2988160252571106,-0.9865754246711731,-0.27618637681007385,-0.03768255561590195
994,20,43,0.30735304951667786,-0.2095261514186859,-0.27618637681007385,-0.03768255561590195
995,20,44,0.16836564242839813,-0.03323540464043617,-0.27618637681007385,-0.03768255561590195
996,20,45,0.045672498643398285,0.047518081963062286,-0.27618637681007385,-0.03768255561590195
997,20,46,0.06400009244680405,-0.5936728119850159,-0.27618637681007385,-0.03768255561590195
998,20,47,-0.21321997046470642,0.08752312511205673,-0.27618637681007385,-0.03768255561590195
999,20,48,-0.47078683972358704,-1.0,-0.27618637681007385,-0.03768255561590195
1000,20,49,0.20253193378448486,0.32771816849708557,-0.27618637681007385,-0.03768255561590195
1001,21,0,0.4100220799446106,0.0946338027715683,-0.18747854232788086,-0.09908022731542587
1002,21,1,0.17653943598270416,-0.4131447374820709,-0.18747854232788086,-0.09908022731542587
1003,21,2,0.11123871058225632,-0.33176371455192566,-0.18747854232788086,-0.09908022731542587
1004,21,3,-0.050653379410505295,-0.5195267200469971,-0.18747854232788086,-0.09908022731542587
1005,21,4,-0.05194444581866264,0.027942869812250137,-0.18747854232788086,-0.09908022731542587
1006,21,5,-0.1041053980588913,-0.05509874224662781,-0.18747854232788086,-0.09908022731542587
1007,21,6,-0.23559238016605377,-0.5692634582519531,-0.18747854232788086,-0.09908022731542587
1008,21,7,-0.2271379828453064,-0.27980658411979675,-0.18747854232788086,-0.09908022731542587
1009,21,8,0.016996216028928757,0.12813043594360352,-0.18747854232788086,-0.09908022731542587
1010,21,9,0.07226350903511047,0.22383353114128113,-0.18747854232788086,-0.09908022731542587
1011,21,10,0.04747980460524559,-0.43973246216773987,-0.18747854232788086,-0.09908022731542587
1012,21,11,0.024452460929751396,-0.44832393527030945,-0.18747854232788086,-0.09908022731542587
1013,21,12,0.01691063866019249,0.7308608889579773,-0.18747854232788086,-0.09908022731542587
1014,21,13,0.013609197922050953,-0.09757480025291443,-0.18747854232788086,-0.09908022731542587
1015,21,14,-0.07981980592012405,0.13562941551208496,-0.18747854232788086,-0.09908022731542587
1016,21,15,-0.009438088163733482,0.6327729225158691,-0.18747854232788086,-0.09908022731542587
1017,21,16,-0.0547981895506382,-0.7441642880439758,-0.18747854232788086,-0.09908022731542587
1018,21,17,-0.016540678218007088,0.34057745337486267,-0.18747854232788086,-0.09908022731542587
1019,21,18,0.13403965532779694,0.13989803194999695,-0.18747854232788086,-0.09908022731542587
1020,21,19,-0.26519423723220825,-0.10143236815929413,-0.18747854232788086,-0.09908022731542587
1021,21,20,-0.3152417838573456,-0.9899995923042297,-0.18747854232788086,-0.09908022731542587
1022,21,21,-0.2362678349018097,-0.3624172508716583,-0.18747854232788086,-0.09908022731542587
1023,21,22,0.14024367928504944,-0.4675575792789459,-0.18747854232788086,-0.09908022731542587
1024,21,23,-0.0512310154736042,-0.13415908813476562,-0.18747854232788086,-0.09908022731542587
1025,21,24,-0.17745472490787506,-0.06275912374258041,-0.18747854232788086,-0.09908022731542587
1026,21,25,-0.06332264840602875,0.49812546372413635,-0.18747854232788086,-0.09908022731542587
1027,21,26,0.22093452513217926,0.4945788085460663,-0.18747854232788086,-0.09908022731542587
1028,21,27,0.17534618079662323,-0.5119494199752808,-0.18747854232788086,-0.09908022731542587
1029,21,28,-0.04894280061125755,-0.43345698714256287,-0.18747854232788086,-0.09908022731542587
1030,21,29,-0.2577192783355713,-0.4932861924171448,-0.18747854232788086,-0.09908022731542587
1031,21,30,-0.004318710882216692,-0.2440912127494812,-0.18747854232788086,-0.09908022731542587
1032,21,31,0.2827659547328949,-0.8513939380645752,-0.18747854232788086,-0.09908022731542587
1033,21,32,0.2157565802335739,0.4060838520526886,-0.18747854232788086,-0.09908022731542587
1034,21,33,0.1826253980398178,0.269497275352478,-0.18747854232788086,-0.09908022731542587
1035,21,34,0.3011557459831238,-0.6783440709114075,-0.18747854232788086,-0.09908022731542587
1036,21,35,0.12821795046329498,0.6421962380409241,-0.18747854232788086,-0.09908022731542587
1037,21,36,0.04041800647974014,-0.8182823061943054,-0.18747854232788086,-0.09908022731542587
1038,21,37,-0.0950070321559906,-0.3405974805355072,-0.18747854232788086,-0.09908022731542587
1039,21,38,-0.06858620047569275,-0.24972125887870789,-0.18747854232788086,-0.09908022731542587
1040,21,39,-0.026828080415725708,0.2401815801858902,-0.18747854232788086,-0.09908022731542587
1041,21,40,-0.2855148911476135,-0.49196434020996094,-0.18747854232788086,-0.09908022731542587
1042,21,41,-0.22635065019130707,-0.250419944524765,-0.18747854232788086,-0.09908022731542587
1043,21,42,0.14339663088321686,-0.3438330590724945,-0.18747854232788086,-0.09908022731542587
1044,21,43,0.5610838532447815,0.2335447072982788,-0.18747854232788086,-0.09908022731542587
1045,21,44,0.3528488874435425,-0.5030985474586487,-0.18747854232788086,-0.09908022731542587
1046,21,45,-0.12340661883354187,-0.5173490643501282,-0.18747854232788086,-0.09908022731542587
1047,21,46,-0.25048327445983887,-1.0,-0.18747854232788086,-0.09908022731542587
1048,21,47,0.3596993386745453,-0.07102915644645691,-0.18747854232788086,-0.09908022731542587
1049,21,48,0.4433557093143463,-0.9219084978103638,-0.18747854232788086,-0.09908022731542587
1050,21,49,0.14276805520057678,-0.18449434638023376,-0.18747854232788086,-0.09908022731542587
1051,22,0,0.38327738642692566,-0.23397275805473328,-0.12887896597385406,-0.05526236817240715
1052,22,1,0.24745532870292664,-0.2183774709701538,-0.12887896597385406,-0.05526236817240715
1053,22,2,0.12762650847434998,-0.5333408117294312,-0.12887896597385406,-0.05526236817240715
1054,22,3,0.27764907479286194,0.28233200311660767,-0.12887896597385406,-0.05526236817240715
1055,22,4,0.15563426911830902,0.0033655317965894938,-0.12887896597385406,-0.05526236817240715
1056,22,5,0.03515131026506424,-0.3525354564189911,-0.12887896597385406,-0.05526236817240715
1057,22,6,0.04508287459611893,0.08070868253707886,-0.12887896597385406,-0.05526236817240715
1058,22,7,-0.004281681962311268,-0.24614204466342926,-0.12887896597385406,-0.05526236817240715
1059,22,8,0.021465105935931206,0.404409795999527,-0.12887896597385406,-0.05526236817240715
1060,22,9,-0.22590932250022888,-0.14655597507953644,-0.12887896597385406,-0.05526236817240715
1061,22,10,-0.25127938389778137,-0.2635350823402405,-0.12887896597385406,-0.05526236817240715
1062,22,11,-0.0009567086817696691,0.38355588912963867,-0.12887896597385406,-0.05526236817240715
1063,22,12,-0.15471090376377106,-0.2991577088832855,-0.12887896597385406,-0.05526236817240715
1064,22,13,0.019439827650785446,0.15931661427021027,-0.12887896597385406,-0.05526236817240715
1065,22,14,-0.006763029843568802,0.24488131701946259,-0.12887896597385406,-0.05526236817240715
1066,22,15,-0.3114258646965027,-0.6693990230560303,-0.12887896597385406,-0.05526236817240715
1067,22,16,-0.24673296511173248,-1.0,-0.12887896597385406,-0.05526236817240715
1068,22,17,0.14052018523216248,0.3438839614391327,-0.12887896597385406,-0.05526236817240715
1069,22,18,0.24424457550048828,0.3196655809879303,-0.12887896597385406,-0.05526236817240715
1070,22,19,0.0016961750807240605,0.3749873638153076,-0.12887896597385406,-0.05526236817240715
1071,22,20,-0.20161700248718262,-0.13697728514671326,-0.12887896597385406,-0.05526236817240715
1072,22,21,-0.08664437383413315,0.9269059300422668,-0.12887896597385406,-0.05526236817240715
1073,22,22,0.09413839131593704,0.03244861215353012,-0.12887896597385406,-0.05526236817240715
1074,22,23,-0.13916870951652527,-0.35997089743614197,-0.12887896597385406,-0.05526236817240715
1075,22,24,-0.43230685591697693,-0.5018739700317383,-0.12887896597385406,-0.05526236817240715
1076,22,25,-0.058248817920684814,-0.11220678687095642,-0.12887896597385406,-0.05526236817240715
1077,22,26,0.33840638399124146,-0.5428763628005981,-0.12887896597385406,-0.05526236817240715
1078,22,27,-0.14980430901050568,-0.2343459576368332,-0.12887896597385406,-0.05526236817240715
1079,22,28,0.004569233860820532,-0.4072754979133606,-0.12887896597385406,-0.05526236817240715
1080,22,29,0.42242953181266785,0.41751453280448914,-0.12887896597385406,-0.05526236817240715
1081,22,30,-0.023708537220954895,0.10367833077907562,-0.12887896597385406,-0.05526236817240715
1082,22,31,-0.09129927307367325,0.09312573820352554,-0.12887896597385406,-0.05526236817240715
1083,22,32,0.054363079369068146,0.28597402572631836,-0.12887896597385406,-0.05526236817240715
1084,22,33,-0.0024568901862949133,-0.5920761227607727,-0.12887896597385406,-0.05526236817240715
1085,22,34,-0.16904576122760773,-0.14118044078350067,-0.12887896597385406,-0.05526236817240715
1086,22,35,0.0778922289609909,0.2725765109062195,-0.12887896597385406,-0.05526236817240715
1087,22,36,0.16374529898166656,0.09782326221466064,-0.12887896597385406,-0.05526236817240715
1088,22,37,0.023889577016234398,-0.3633573353290558,-0.12887896597385406,-0.05526236817240715
1089,22,38,-0.18495815992355347,-0.43936288356781006,-0.12887896597385406,-0.05526236817240715
1090,22,39,0.00392566854134202,0.41416123509407043,-0.12887896597385406,-0.05526236817240715
1091,22,40,0.05640494450926781,-0.045120395720005035,-0.12887896597385406,-0.05526236817240715
1092,22,41,0.10555915534496307,-0.007250339724123478,-0.12887896597385406,-0.05526236817240715
1093,22,42,0.3461664319038391,-0.20671868324279785,-0.12887896597385406,-0.05526236817240715
1094,22,43,0.5055323243141174,0.4586171507835388,-0.12887896597385406,-0.05526236817240715
1095,22,44,0.390310138463974,-0.7028940916061401,-0.12887896597385406,-0.05526236817240715
1096,22,45,0.1674509197473526,-0.7881113290786743,-0.12887896597385406,-0.05526236817240715
1097,22,46,0.4906138479709625,0.8668537139892578,-0.12887896597385406,-0.05526236817240715
1098,22,47,0.5324997305870056,-0.3022805452346802,-0.12887896597385406,-0.05526236817240715
1099,22,48,0.12296205013990402,-0.19708581268787384,-0.12887896597385406,-0.05526236817240715
1100,22,49,-0.013753554783761501,0.8720220923423767,-0.12887896597385406,-0.05526236817240715
1101,23,0,0.08782728016376495,-0.08062969148159027,-0.12099132686853409,0.050280556082725525
1102,23,1,0.11276523768901825,-0.2681425213813782,-0.12099132686853409,0.050280556082725525
1103,23,2,0.22344911098480225,-0.16398346424102783,-0.12099132686853409,0.050280556082725525
1104,23,3,0.08099241554737091,-0.9271690845489502,-0.12099132686853409,0.050280556082725525
1105,23,4,-0.12783893942832947,-0.4075368642807007,-0.12099132686853409,0.050280556082725525
1106,23,5,-0.3182847797870636,-0.1415678858757019,-0.12099132686853409,0.050280556082725525
1107,23,6,-0.5479448437690735,0.11106155812740326,-0.12099132686853409,0.050280556082725525
1108,23,7,-0.19439736008644104,-0.05830717086791992,-0.12099132686853409,0.050280556082725525
1109,23,8,0.008696641772985458,-0.40719059109687805,-0.12099132686853409,0.050280556082725525
1110,23,9,0.08965784311294556,0.30469149351119995,-0.12099132686853409,0.050280556082725525
1111,23,10,0.056789323687553406,-0.30588364601135254,-0.12099132686853409,0.050280556082725525
1112,23,11,0.049889784306287766,0.43035924434661865,-0.12099132686853409,0.050280556082725525
1113,23,12,-0.04615527763962746,0.04395998641848564,-0.12099132686853409,0.050280556082725525
1114,23,13,-0.32463452219963074,0.5044054985046387,-0.12099132686853409,0.050280556082725525
1115,23,14,-0.20016442239284515,0.7054684162139893,-0.12099132686853409,0.050280556082725525
1116,23,15,0.11086326837539673,-0.6585533618927002,-0.12099132686853409,0.050280556082725525
1117,23,16,0.11089535802602768,0.4216183125972748,-0.12099132686853409,0.050280556082725525
1118,23,17,0.29835042357444763,0.13254109025001526,-0.12099132686853409,0.050280556082725525
1119,23,18,0.3539149761199951,-0.6651452779769897,-0.12099132686853409,0.050280556082725525
1120,23,19,0.2906302213668823,0.46502235531806946,-0.12099132686853409,0.050280556082725525
1121,23,20,0.030296696349978447,-0.607196569442749,-0.12099132686853409,0.050280556082725525
1122,23,21,-0.36963215470314026,0.07747359573841095,-0.12099132686853409,0.050280556082725525
1123,23,22,-0.5852664113044739,-0.6642073392868042,-0.12099132686853409,0.050280556082725525
1124,23,23,0.25082236528396606,0.017870986834168434,-0.12099132686853409,0.050280556082725525
1125,23,24,0.42517298460006714,-0.39928606152534485,-0.12099132686853409,0.050280556082725525
1126,23,25,0.09092357754707336,-0.4365474283695221,-0.12099132686853409,0.050280556082725525
1127,23,26,-0.18204344809055328,0.11842092871665955,-0.12099132686853409,0.050280556082725525
1128,23,27,-0.2532428503036499,-0.46408718824386597,-0.12099132686853409,0.050280556082725525
1129,23,28,-0.195393905043602,-0.046255651861429214,-0.12099132686853409,0.050280556082725525
1130,23,29,0.10187583416700363,-1.0,-0.12099132686853409,0.050280556082725525
1131,23,30,0.34212929010391235,0.29459425806999207,-0.12099132686853409,0.050280556082725525
1132,23,31,0.1767088621854782,-0.25204557180404663,-0.12099132686853409,0.050280556082725525
1133,23,32,-0.11379159241914749,-0.3488149642944336,-0.12099132686853409,0.050280556082725525
1134,23,33,-0.028468331322073936,0.13856717944145203,-0.12099132686853409,0.050280556082725525
1135,23,34,0.11221300065517426,-0.8584015369415283,-0.12099132686853409,0.050280556082725525
1136,23,35,-0.029182614758610725,-0.48445630073547363,-0.12099132686853409,0.050280556082725525
1137,23,36,0.03294035419821739,-0.09485631436109543,-0.12099132686853409,0.050280556082725525
1138,23,37,0.017487188801169395,-0.32580843567848206,-0.12099132686853409,0.050280556082725525
1139,23,38,0.2517728805541992,0.2047889083623886,-0.12099132686853409,0.050280556082725525
1140,23,39,0.3681674003601074,-0.26152628660202026,-0.12099132686853409,0.050280556082725525
1141,23,40,0.2621966600418091,-0.8064393997192383,-0.12099132686853409,0.050280556082725525
1142,23,41,0.33449873328208923,0.05657349154353142,-0.12099132686853409,0.050280556082725525
1143,23,42,0.054937686771154404,0.3031896948814392,-0.12099132686853409,0.050280556082725525
1144,23,43,-0.23860347270965576,-0.11103883385658264,-0.12099132686853409,0.050280556082725525
1145,23,44,0.1828983724117279,-0.42074882984161377,-0.12099132686853409,0.050280556082725525
1146,23,45,0.21426881849765778,-0.19607102870941162,-0.12099132686853409,0.050280556082725525
1147,23,46,0.04550493136048317,-0.24152053892612457,-0.12099132686853409,0.050280556082725525
1148,23,47,-0.15946340560913086,-0.6595813632011414,-0.12099132686853409,0.050280556082725525
1149,23,48,-0.030864836648106575,-0.860279381275177,-0.12099132686853409,0.050280556082725525
1150,23,49,0.3277495205402374,-0.17346052825450897,-0.12099132686853409,0.050280556082725525
1151,24,0,-0.19123688340187073,-0.6062031984329224,-0.09492213279008865,0.14381490647792816
1152,24,1,-0.0817929282784462,0.6475327014923096,-0.09492213279008865,0.14381490647792816
1153,24,2,-0.133658766746521,0.16186001896858215,-0.09492213279008865,0.14381490647792816
1154,24,3,0.3182191252708435,-0.27034857869148254,-0.09492213279008865,0.14381490647792816
1155,24,4,0.14210325479507446,-0.6353862881660461,-0.09492213279008865,0.14381490647792816
1156,24,5,0.1503809094429016,0.3171776831150055,-0.09492213279008865,0.14381490647792816
1157,24,6,0.20350497961044312,-0.4114563763141632,-0.09492213279008865,0.14381490647792816
1158,24,7,0.18759703636169434,-0.5621801614761353,-0.09492213279008865,0.14381490647792816
1159,24,8,-0.16819709539413452,-0.7728219628334045,-0.09492213279008865,0.14381490647792816
1160,24,9,-0.5282293558120728,-0.3193081319332123,-0.09492213279008865,0.14381490647792816
1161,24,10,-0.2381618171930313,0.12848341464996338,-0.09492213279008865,0.14381490647792816
1162,24,11,-0.04384423419833183,-0.4898437261581421,-0.09492213279008865,0.14381490647792816
1163,24,12,-0.27969008684158325,-0.2651151418685913,-0.09492213279008865,0.14381490647792816
1164,24,13,0.008283038623631,-0.1376102715730667,-0.09492213279008865,0.14381490647792816
1165,24,14,0.2584083676338196,-0.5438104867935181,-0.09492213279008865,0.14381490647792816
1166,24,15,0.5143114924430847,0.19917042553424835,-0.09492213279008865,0.14381490647792816
1167,24,16,0.5728550553321838,-0.2446925789117813,-0.09492213279008865,0.14381490647792816
1168,24,17,0.1439191699028015,0.038661543279886246,-0.09492213279008865,0.14381490647792816
1169,24,18,-0.24955624341964722,0.3849993646144867,-0.09492213279008865,0.14381490647792816
1170,24,19,-0.12413423508405685,-0.2685805857181549,-0.09492213279008865,0.14381490647792816
1171,24,20,0.10250503569841385,-0.2609458267688751,-0.09492213279008865,0.14381490647792816
1172,24,21,0.1537129133939743,-0.315104216337204,-0.09492213279008865,0.14381490647792816
1173,24,22,0.009359586052596569,-0.1965699940919876,-0.09492213279008865,0.14381490647792816
1174,24,23,-0.2748330533504486,0.012640913017094135,-0.09492213279008865,0.14381490647792816
1175,24,24,-0.2892889976501465,0.49384719133377075,-0.09492213279008865,0.14381490647792816
1176,24,25,0.08072464913129807,0.048366814851760864,-0.09492213279008865,0.14381490647792816
1177,24,26,0.2586178481578827,0.430691659450531,-0.09492213279008865,0.14381490647792816
1178,24,27,-0.004247027914971113,0.28528475761413574,-0.09492213279008865,0.14381490647792816
1179,24,28,-0.12472023814916611,0.2601008117198944,-0.09492213279008865,0.14381490647792816
1180,24,29,-0.1243237853050232,-0.7792291045188904,-0.09492213279008865,0.14381490647792816
1181,24,30,-0.08230547606945038,0.47519543766975403,-0.09492213279008865,0.14381490647792816
1182,24,31,-0.0288822203874588,0.28417739272117615,-0.09492213279008865,0.14381490647792816
1183,24,32,-0.016559021547436714,-0.36134272813796997,-0.09492213279008865,0.14381490647792816
1184,24,33,-0.0950075089931488,0.1938907951116562,-0.09492213279008865,0.14381490647792816
1185,24,34,-0.29423439502716064,0.16987404227256775,-0.09492213279008865,0.14381490647792816
1186,24,35,-0.3662462532520294,-0.08481360971927643,-0.09492213279008865,0.14381490647792816
1187,24,36,-0.25678545236587524,0.03324982523918152,-0.09492213279008865,0.14381490647792816
1188,24,37,-0.07068535685539246,-0.3203484117984772,-0.09492213279008865,0.14381490647792816
1189,24,38,-0.15171624720096588,0.4480396807193756,-0.09492213279008865,0.14381490647792816
1190,24,39,-0.24757014214992523,0.2811563014984131,-0.09492213279008865,0.14381490647792816
1191,24,40,-0.19315220415592194,-0.6547983884811401,-0.09492213279008865,0.14381490647792816
1192,24,41,0.11211343854665756,0.40190425515174866,-0.09492213279008865,0.14381490647792816
1193,24,42,0.21993409097194672,-0.20191456377506256,-0.09492213279008865,0.14381490647792816
1194,24,43,0.39975589513778687,0.1637168824672699,-0.09492213279008865,0.14381490647792816
1195,24,44,0.13971814513206482,-0.4685874283313751,-0.09492213279008865,0.14381490647792816
1196,24,45,-0.41413089632987976,0.3742184042930603,-0.09492213279008865,0.14381490647792816
1197,24,46,-0.4044561982154846,0.060937535017728806,-0.09492213279008865,0.14381490647792816
1198,24,47,-0.13426260650157928,-0.6965846419334412,-0.09492213279008865,0.14381490647792816
1199,24,48,-0.11304079741239548,-0.05336449295282364,-0.09492213279008865,0.14381490647792816
1200,24,49,-0.02656686119735241,0.19184938073158264,-0.09492213279008865,0.14381490647792816
1201,25,0,-0.05898631736636162,0.1621987521648407,-0.13853758573532104,0.1087593212723732
1202,25,1,0.07806839793920517,-0.4607454836368561,-0.13853758573532104,0.1087593212723732
1203,25,2,0.33067435026168823,-0.2602621912956238,-0.13853758573532104,0.1087593212723732
1204,25,3,0.095042385160923,-0.03749765083193779,-0.13853758573532104,0.1087593212723732
1205,25,4,-0.2673875689506531,-0.4166519343852997,-0.13853758573532104,0.1087593212723732
1206,25,5,-0.03903030976653099,-0.8425477743148804,-0.13853758573532104,0.1087593212723732
1207,25,6,0.014192072674632072,-0.7001842260360718,-0.13853758573532104,0.1087593212723732
1208,25,7,-0.259839802980423,-0.007995239458978176,-0.13853758573532104,0.1087593212723732
1209,25,8,-0.2652222514152527,-0.33330824971199036,-0.13853758573532104,0.1087593212723732
1210,25,9,-0.14559228718280792,-0.3280755281448364,-0.13853758573532104,0.1087593212723732
1211,25,10,-0.1746957153081894,0.07110100984573364,-0.13853758573532104,0.1087593212723732
1212,25,11,-0.23195543885231018,0.7132546305656433,-0.13853758573532104,0.1087593212723732
1213,25,12,-0.4201887547969818,-0.27483898401260376,-0.13853758573532104,0.1087593212723732
1214,25,13,-0.14431191980838776,-0.653319776058197,-0.13853758573532104,0.1087593212723732
1215,25,14,-0.2633607089519501,-0.1314411610364914,-0.13853758573532104,0.1087593212723732
1216,25,15,-0.1057397872209549,-0.016494758427143097,-0.13853758573532104,0.1087593212723732
1217,25,16,0.3681672215461731,0.3916407823562622,-0.13853758573532104,0.1087593212723732
1218,25,17,0.22443078458309174,-0.7110595107078552,-0.13853758573532104,0.1087593212723732
1219,25,18,0.027867436408996582,-0.5820971727371216,-0.13853758573532104,0.1087593212723732
1220,25,19,0.08711434155702591,0.2823255658149719,-0.13853758573532104,0.1087593212723732
1221,25,20,0.32982972264289856,-0.057880423963069916,-0.13853758573532104,0.1087593212723732
1222,25,21,0.41634342074394226,-0.33270686864852905,-0.13853758573532104,0.1087593212723732
1223,25,22,0.32330217957496643,0.4707362949848175,-0.13853758573532104,0.1087593212723732
1224,25,23,0.26554325222969055,-0.12383251637220383,-0.13853758573532104,0.1087593212723732
1225,25,24,-0.07340706884860992,-0.02809850499033928,-0.13853758573532104,0.1087593212723732
1226,25,25,0.26850438117980957,0.20100867748260498,-0.13853758573532104,0.1087593212723732
1227,25,26,0.4173465371131897,-0.18877992033958435,-0.13853758573532104,0.1087593212723732
1228,25,27,-0.08309454470872879,0.0005172453238628805,-0.13853758573532104,0.1087593212723732
1229,25,28,-0.18627579510211945,0.4567292630672455,-0.13853758573532104,0.1087593212723732
1230,25,29,0.2506314516067505,0.3301984667778015,-0.13853758573532104,0.1087593212723732
1231,25,30,0.39103811979293823,-0.37489837408065796,-0.13853758573532104,0.1087593212723732
1232,25,31,0.1585831642150879,-0.5129736661911011,-0.13853758573532104,0.1087593212723732
1233,25,32,-0.31997668743133545,0.6474410891532898,-0.13853758573532104,0.1087593212723732
1234,25,33,-0.3880500793457031,0.21836532652378082,-0.13853758573532104,0.1087593212723732
1235,25,34,-0.15181764960289001,0.19451335072517395,-0.13853758573532104,0.1087593212723732
1236,25,35,-0.2618367671966553,0.3618343770503998,-0.13853758573532104,0.1087593212723732
1237,25,36,-0.23168300092220306,0.47030332684516907,-0.13853758573532104,0.1087593212723732
1238,25,37,-0.17125779390335083,-0.11496958136558533,-0.13853758573532104,0.1087593212723732
1239,25,38,-0.15853562951087952,-0.35074687004089355,-0.13853758573532104,0.1087593212723732
1240,25,39,0.24280714988708496,0.3220168650150299,-0.13853758573532104,0.1087593212723732
1241,25,40,0.1746978461742401,-0.6799116730690002,-0.13853758573532104,0.1087593212723732
1242,25,41,0.016730008646845818,-0.13412359356880188,-0.13853758573532104,0.1087593212723732
1243,25,42,-0.024246737360954285,-0.7453750967979431,-0.13853758573532104,0.1087593212723732
1244,25,43,-0.026627449318766594,0.6208577752113342,-0.13853758573532104,0.1087593212723732
1245,25,44,0.018063927069306374,0.26853200793266296,-0.13853758573532104,0.1087593212723732
1246,25,45,-0.2660878002643585,-0.4671458601951599,-0.13853758573532104,0.1087593212723732
1247,25,46,-0.26620250940322876,0.04748798534274101,-0.13853758573532104,0.1087593212723732
1248,25,47,-0.02822260372340679,-0.30062204599380493,-0.13853758573532104,0.1087593212723732
1249,25,48,0.08892948180437088,-0.9406269192695618,-0.13853758573532104,0.1087593212723732
1250,25,49,-0.0359540730714798,-0.34561437368392944,-0.13853758573532104,0.1087593212723732
1251,26,0,0.0755949392914772,-0.13124610483646393,-0.1752590388059616,0.029835406690835953
1252,26,1,0.26288554072380066,0.06228509545326233,-0.1752590388059616,0.029835406690835953
1253,26,2,0.3840349614620209,0.15803712606430054,-0.1752590388059616,0.029835406690835953
1254,26,3,0.33559945225715637,0.22680345177650452,-0.1752590388059616,0.029835406690835953
1255,26,4,-0.1938861459493637,-0.1538422703742981,-0.1752590388059616,0.029835406690835953
1256,26,5,-0.5070005059242249,0.01568705029785633,-0.1752590388059616,0.029835406690835953
1257,26,6,-0.38915538787841797,0.17344196140766144,-0.1752590388059616,0.029835406690835953
1258,26,7,-0.1638350784778595,-0.9752060770988464,-0.1752590388059616,0.029835406690835953
1259,26,8,-0.19505733251571655,-0.9286463856697083,-0.1752590388059616,0.029835406690835953
1260,26,9,-0.19065244495868683,-0.037115518003702164,-0.1752590388059616,0.029835406690835953
1261,26,10,-0.14926639199256897,-0.43418020009994507,-0.1752590388059616,0.029835406690835953
1262,26,11,-0.251041442155838,0.03682956472039223,-0.1752590388059616,0.029835406690835953
1263,26,12,-0.2611839175224304,-1.0,-0.1752590388059616,0.029835406690835953
1264,26,13,-0.19404640793800354,-0.3117741346359253,-0.1752590388059616,0.029835406690835953
1265,26,14,0.026903672143816948,-0.11804729700088501,-0.1752590388059616,0.029835406690835953
1266,26,15,-0.05927746370434761,-1.0,-0.1752590388059616,0.029835406690835953
1267,26,16,0.01414581760764122,-0.2755357027053833,-0.1752590388059616,0.029835406690835953
1268,26,17,0.07872344553470612,-0.4037691652774811,-0.1752590388059616,0.029835406690835953
1269,26,18,-0.08250362426042557,-0.2949382960796356,-0.1752590388059616,0.029835406690835953
1270,26,19,-0.05985555425286293,-0.025650637224316597,-0.1752590388059616,0.029835406690835953
1271,26,20,-0.12284888327121735,-0.6812063455581665,-0.1752590388059616,0.029835406690835953
1272,26,21,0.17145581543445587,-0.8902215361595154,-0.1752590388059616,0.029835406690835953
1273,26,22,0.37368959188461304,0.5663915872573853,-0.1752590388059616,0.029835406690835953
1274,26,23,0.29435092210769653,0.007902910932898521,-0.1752590388059616,0.029835406690835953
1275,26,24,0.26138681173324585,-0.3648766875267029,-0.1752590388059616,0.029835406690835953
1276,26,25,0.0974540188908577,0.4647916853427887,-0.1752590388059616,0.029835406690835953
1277,26,26,0.020846037194132805,-0.4988482892513275,-0.1752590388059616,0.029835406690835953
1278,26,27,-0.005622029770165682,-0.4263346791267395,-0.1752590388059616,0.029835406690835953
1279,26,28,0.011064746417105198,0.052950773388147354,-0.1752590388059616,0.029835406690835953
1280,26,29,0.015916714444756508,0.1449928879737854,-0.1752590388059616,0.029835406690835953
1281,26,30,0.13875055313110352,-0.21050111949443817,-0.1752590388059616,0.029835406690835953
1282,26,31,0.36110755801200867,-0.14647576212882996,-0.1752590388059616,0.029835406690835953
1283,26,32,0.4948723018169403,-0.29562240839004517,-0.1752590388059616,0.029835406690835953
1284,26,33,0.24066995084285736,-0.6045193672180176,-0.1752590388059616,0.029835406690835953
1285,26,34,-0.28437334299087524,-0.478705495595932,-0.1752590388059616,0.029835406690835953
1286,26,35,-0.2340056449174881,0.12879788875579834,-0.1752590388059616,0.029835406690835953
1287,26,36,0.45139530301094055,-0.04116736724972725,-0.1752590388059616,0.029835406690835953
1288,26,37,0.34555432200431824,0.010023819282650948,-0.1752590388059616,0.029835406690835953
1289,26,38,-0.06614765524864197,-0.15561118721961975,-0.1752590388059616,0.029835406690835953
1290,26,39,-0.05139623209834099,0.09109379351139069,-0.1752590388059616,0.029835406690835953
1291,26,40,-0.04208381101489067,-0.5776571035385132,-0.1752590388059616,0.029835406690835953
1292,26,41,-0.18642611801624298,-0.4026981592178345,-0.1752590388059616,0.029835406690835953
1293,26,42,-0.3123736083507538,0.5994523167610168,-0.1752590388059616,0.029835406690835953
1294,26,43,0.1280573159456253,-0.20866280794143677,-0.1752590388059616,0.029835406690835953
1295,26,44,0.18568076193332672,-0.10733126848936081,-0.1752590388059616,0.029835406690835953
1296,26,45,-0.1823064386844635,-1.0,-0.1752590388059616,0.029835406690835953
1297,26,46,-0.26109498739242554,-0.2630747854709625,-0.1752590388059616,0.029835406690835953
1298,26,47,-0.11967772245407104,0.2843988239765167,-0.1752590388059616,0.029835406690835953
1299,26,48,-0.003821236314252019,-0.8903230428695679,-0.1752590388059616,0.029835406690835953
1300,26,49,-0.1564049869775772,-0.48350661993026733,-0.1752590388059616,0.029835406690835953
1301,27,0,0.44499146938323975,0.5198007225990295,-0.1001085489988327,-0.012119308114051819
1302,27,1,0.39372000098228455,-0.5000218749046326,-0.1001085489988327,-0.012119308114051819
1303,27,2,0.30187714099884033,0.12621547281742096,-0.1001085489988327,-0.012119308114051819
1304,27,3,-0.09933395683765411,-0.5073243975639343,-0.1001085489988327,-0.012119308114051819
1305,27,4,0.032077059149742126,-0.7000075578689575,-0.1001085489988327,-0.012119308114051819
1306,27,5,0.31195613741874695,0.005562006030231714,-0.1001085489988327,-0.012119308114051819
1307,27,6,0.18981213867664337,0.18702569603919983,-0.1001085489988327,-0.012119308114051819
1308,27,7,0.12241192162036896,-0.3767172396183014,-0.1001085489988327,-0.012119308114051819
1309,27,8,-0.2554906904697418,0.16073726117610931,-0.1001085489988327,-0.012119308114051819
1310,27,9,-0.2756282687187195,-0.5092406272888184,-0.1001085489988327,-0.012119308114051819
1311,27,10,-0.2557787597179413,-0.03469061478972435,-0.1001085489988327,-0.012119308114051819
1312,27,11,-0.027748629450798035,-0.040550440549850464,-0.1001085489988327,-0.012119308114051819
1313,27,12,0.15983055531978607,-0.10872586816549301,-0.1001085489988327,-0.012119308114051819
1314,27,13,0.32425543665885925,-0.4763219654560089,-0.1001085489988327,-0.012119308114051819
1315,27,14,0.23889832198619843,-0.02375030890107155,-0.1001085489988327,-0.012119308114051819
1316,27,15,0.12542833387851715,-0.295492023229599,-0.1001085489988327,-0.012119308114051819
1317,27,16,0.08133694529533386,0.06955007463693619,-0.1001085489988327,-0.012119308114051819
1318,27,17,0.18584439158439636,-0.5343837141990662,-0.1001085489988327,-0.012119308114051819
1319,27,18,0.010443616658449173,-0.27935123443603516,-0.1001085489988327,-0.012119308114051819
1320,27,19,0.05622155964374542,0.2891770601272583,-0.1001085489988327,-0.012119308114051819
1321,27,20,0.1666146218776703,0.11933957785367966,-0.1001085489988327,-0.012119308114051819
1322,27,21,0.0781598910689354,-0.37608426809310913,-0.1001085489988327,-0.012119308114051819
1323,27,22,-0.2000555545091629,-0.312764048576355,-0.1001085489988327,-0.012119308114051819
1324,27,23,-0.20963267982006073,0.08023370057344437,-0.1001085489988327,-0.012119308114051819
1325,27,24,-0.21126089990139008,0.3476664423942566,-0.1001085489988327,-0.012119308114051819
1326,27,25,-0.32375767827033997,-1.0,-0.1001085489988327,-0.012119308114051819
1327,27,26,-0.2928966283798218,0.34816402196884155,-0.1001085489988327,-0.012119308114051819
1328,27,27,-0.0557510145008564,0.4557977020740509,-0.1001085489988327,-0.012119308114051819
1329,27,28,0.008950088173151016,0.25642260909080505,-0.1001085489988327,-0.012119308114051819
1330,27,29,-0.08769122511148453,-0.5765628814697266,-0.1001085489988327,-0.012119308114051819
1331,27,30,0.03564564138650894,-0.28282856941223145,-0.1001085489988327,-0.012119308114051819
1332,27,31,0.2844513952732086,-0.32026398181915283,-0.1001085489988327,-0.012119308114051819
1333,27,32,0.324943870306015,-0.06592019647359848,-0.1001085489988327,-0.012119308114051819
1334,27,33,0.0028931493870913982,-0.2477847784757614,-0.1001085489988327,-0.012119308114051819
1335,27,34,-0.05614793673157692,0.18340526521205902,-0.1001085489988327,-0.012119308114051819
1336,27,35,0.16615228354930878,-0.15792497992515564,-0.1001085489988327,-0.012119308114051819
1337,27,36,0.06645791977643967,-0.15203429758548737,-0.1001085489988327,-0.012119308114051819
1338,27,37,0.38598835468292236,0.15198326110839844,-0.1001085489988327,-0.012119308114051819
1339,27,38,0.21166366338729858,-0.09487397968769073,-0.1001085489988327,-0.012119308114051819
1340,27,39,0.1282864212989807,-0.09099984169006348,-0.1001085489988327,-0.012119308114051819
1341,27,40,0.21529017388820648,0.44781142473220825,-0.1001085489988327,-0.012119308114051819
1342,27,41,0.20235510170459747,0.07503478974103928,-0.1001085489988327,-0.012119308114051819
1343,27,42,0.1131473258137703,-0.4105546474456787,-0.1001085489988327,-0.012119308114051819
1344,27,43,-0.28920766711235046,0.20624281466007233,-0.1001085489988327,-0.012119308114051819
1345,27,44,-0.3341186046600342,0.3456742465496063,-0.1001085489988327,-0.012119308114051819
1346,27,45,-0.10266660898923874,0.06988038867712021,-0.1001085489988327,-0.012119308114051819
1347,27,46,-0.295735627412796,0.04922723025083542,-0.1001085489988327,-0.012119308114051819
1348,27,47,-0.41361182928085327,0.33970651030540466,-0.1001085489988327,-0.012119308114051819
1349,27,48,-0.2450271099805832,-0.2846395671367645,-0.1001085489988327,-0.012119308114051819
1350,27,49,-0.1255561262369156,-0.4550621807575226,-0.1001085489988327,-0.012119308114051819
1351,28,0,0.2308623343706131,0.17718137800693512,-0.13971200585365295,-0.013062562793493271
1352,28,1,0.0495896190404892,0.010872435756027699,-0.13971200585365295,-0.013062562793493271
1353,28,2,-0.3312535285949707,-0.6656737327575684,-0.13971200585365295,-0.013062562793493271
1354,28,3,-0.2573600113391876,-0.9034465551376343,-0.13971200585365295,-0.013062562793493271
1355,28,4,0.030678024515509605,-0.2680794596672058,-0.13971200585365295,-0.013062562793493271
1356,28,5,0.33038368821144104,-0.5035346746444702,-0.13971200585365295,-0.013062562793493271
1357,28,6,0.2258470207452774,-0.3891495168209076,-0.13971200585365295,-0.013062562793493271
1358,28,7,-0.1968851387500763,-0.21261629462242126,-0.13971200585365295,-0.013062562793493271
1359,28,8,-0.48527008295059204,0.29400375485420227,-0.13971200585365295,-0.013062562793493271
1360,28,9,-0.18204471468925476,-0.0354459173977375,-0.13971200585365295,-0.013062562793493271
1361,28,10,0.06422966718673706,-0.12029188126325607,-0.13971200585365295,-0.013062562793493271
1362,28,11,0.017092935740947723,-0.2342984527349472,-0.13971200585365295,-0.013062562793493271
1363,28,12,0.01698378287255764,-0.4402092397212982,-0.13971200585365295,-0.013062562793493271
1364,28,13,-0.005828276742249727,-0.0987861230969429,-0.13971200585365295,-0.013062562793493271
1365,28,14,0.09286290407180786,0.2347240447998047,-0.13971200585365295,-0.013062562793493271
1366,28,15,0.18875844776630402,-0.54875248670578,-0.13971200585365295,-0.013062562793493271
1367,28,16,0.0077924951910972595,-0.45592382550239563,-0.13971200585365295,-0.013062562793493271
1368,28,17,-0.008472204208374023,-0.149948388338089,-0.13971200585365295,-0.013062562793493271
1369,28,18,0.10746309161186218,0.05598306655883789,-0.13971200585365295,-0.013062562793493271
1370,28,19,-0.0615183487534523,-0.17270773649215698,-0.13971200585365295,-0.013062562793493271
1371,28,20,-0.15198740363121033,-0.7591022253036499,-0.13971200585365295,-0.013062562793493271
1372,28,21,0.21877631545066833,-0.17834071815013885,-0.13971200585365295,-0.013062562793493271
1373,28,22,0.4580104649066925,-0.26871973276138306,-0.13971200585365295,-0.013062562793493271
1374,28,23,0.059762924909591675,0.09040660411119461,-0.13971200585365295,-0.013062562793493271
1375,28,24,-0.0008088327595032752,-0.26302024722099304,-0.13971200585365295,-0.013062562793493271
1376,28,25,-0.1167563647031784,-0.35037824511528015,-0.13971200585365295,-0.013062562793493271
1377,28,26,-0.03590468689799309,-0.3645687401294708,-0.13971200585365295,-0.013062562793493271
1378,28,27,-0.2417592853307724,-0.3179914951324463,-0.13971200585365295,-0.013062562793493271
1379,28,28,-0.18402710556983948,-0.09519553184509277,-0.13971200585365295,-0.013062562793493271
1380,28,29,-0.02273537591099739,-0.1938505470752716,-0.13971200585365295,-0.013062562793493271
1381,28,30,0.15537038445472717,0.46938520669937134,-0.13971200585365295,-0.013062562793493271
1382,28,31,0.16298677027225494,0.23784513771533966,-0.13971200585365295,-0.013062562793493271
1383,28,32,0.061792708933353424,0.015563088469207287,-0.13971200585365295,-0.013062562793493271
1384,28,33,-0.07841132581233978,-0.6911433339118958,-0.13971200585365295,-0.013062562793493271
1385,28,34,-0.08454952389001846,0.1640012413263321,-0.13971200585365295,-0.013062562793493271
1386,28,35,-0.051887743175029755,-0.24837394058704376,-0.13971200585365295,-0.013062562793493271
1387,28,36,0.24948133528232574,-0.10085749626159668,-0.13971200585365295,-0.013062562793493271
1388,28,37,0.22874177992343903,0.09449058771133423,-0.13971200585365295,-0.013062562793493271
1389,28,38,0.12562008202075958,0.21000394225120544,-0.13971200585365295,-0.013062562793493271
1390,28,39,0.07276991754770279,-0.6650545001029968,-0.13971200585365295,-0.013062562793493271
1391,28,40,0.06540512293577194,-0.3844713568687439,-0.13971200585365295,-0.013062562793493271
1392,28,41,0.11422433704137802,-0.34143081307411194,-0.13971200585365295,-0.013062562793493271
1393,28,42,0.10016573220491409,-0.5009378790855408,-0.13971200585365295,-0.013062562793493271
1394,28,43,-0.021557820960879326,-0.2064027190208435,-0.13971200585365295,-0.013062562793493271
1395,28,44,-0.04484795033931732,-0.257744163274765,-0.13971200585365295,-0.013062562793493271
1396,28,45,0.25669601559638977,-0.018146246671676636,-0.13971200585365295,-0.013062562793493271
1397,28,46,-0.10506045073270798,-0.0800672248005867,-0.13971200585365295,-0.013062562793493271
1398,28,47,-0.0693005695939064,-0.22057095170021057,-0.13971200585365295,-0.013062562793493271
1399,28,48,0.19088827073574066,-0.33470016717910767,-0.13971200585365295,-0.013062562793493271
1400,28,49,0.02545127272605896,0.021240556612610817,-0.13971200585365295,-0.013062562793493271
1401,29,0,-0.07498622685670853,-0.3052845597267151,-0.12194124609231949,0.02932940050959587
1402,29,1,-0.0551442913711071,0.012332123704254627,-0.12194124609231949,0.02932940050959587
1403,29,2,-0.03585300222039223,0.018478812649846077,-0.12194124609231949,0.02932940050959587
1404,29,3,0.07451833039522171,0.14067132771015167,-0.12194124609231949,0.02932940050959587
1405,29,4,-0.047376878559589386,0.22215253114700317,-0.12194124609231949,0.02932940050959587
1406,29,5,-0.40826615691185,0.04593733325600624,-0.12194124609231949,0.02932940050959587
1407,29,6,-0.34534910321235657,-0.4111247956752777,-0.12194124609231949,0.02932940050959587
1408,29,7,-0.06703082472085953,-0.06040145084261894,-0.12194124609231949,0.02932940050959587
1409,29,8,0.17655926942825317,-0.1254694014787674,-0.12194124609231949,0.02932940050959587
1410,29,9,0.24500729143619537,-0.540239155292511,-0.12194124609231949,0.02932940050959587
1411,29,10,0.37350744009017944,-0.7055148482322693,-0.12194124609231949,0.02932940050959587
1412,29,11,0.5266678333282471,0.4259464740753174,-0.12194124609231949,0.02932940050959587
1413,29,12,0.38627222180366516,-0.5370734333992004,-0.12194124609231949,0.02932940050959587
1414,29,13,0.34409624338150024,0.25009632110595703,-0.12194124609231949,0.02932940050959587
1415,29,14,0.19819585978984833,-0.19997969269752502,-0.12194124609231949,0.02932940050959587
1416,29,15,0.028944211080670357,-0.3179911673069,-0.12194124609231949,0.02932940050959587
1417,29,16,0.005023260600864887,-0.5699564218521118,-0.12194124609231949,0.02932940050959587
1418,29,17,-0.030202854424715042,-0.013853175565600395,-0.12194124609231949,0.02932940050959587
1419,29,18,-0.0084683233872056,-0.3629208505153656,-0.12194124609231949,0.02932940050959587
1420,29,19,0.020137911662459373,-0.6322319507598877,-0.12194124609231949,0.02932940050959587
1421,29,20,-0.08582569658756256,0.045271020382642746,-0.12194124609231949,0.02932940050959587
1422,29,21,-0.07125232368707657,0.3377836346626282,-0.12194124609231949,0.02932940050959587
1423,29,22,0.37915247678756714,-0.461199551820755,-0.12194124609231949,0.02932940050959587
1424,29,23,-0.01586669683456421,-0.33952564001083374,-0.12194124609231949,0.02932940050959587
1425,29,24,0.006691947113722563,0.20136906206607819,-0.12194124609231949,0.02932940050959587
1426,29,25,-0.1031244769692421,-0.18098530173301697,-0.12194124609231949,0.02932940050959587
1427,29,26,-0.2565147280693054,0.19657237827777863,-0.12194124609231949,0.02932940050959587
1428,29,27,-0.34455135464668274,0.03582542762160301,-0.12194124609231949,0.02932940050959587
1429,29,28,-0.3708850145339966,-0.1645490825176239,-0.12194124609231949,0.02932940050959587
1430,29,29,-0.1622011661529541,0.2173832207918167,-0.12194124609231949,0.02932940050959587
1431,29,30,0.07832714170217514,0.00017901754472404718,-0.12194124609231949,0.02932940050959587
1432,29,31,-0.1391557902097702,-0.10560952872037888,-0.12194124609231949,0.02932940050959587
1433,29,32,-0.03424637392163277,-0.11194010078907013,-0.12194124609231949,0.02932940050959587
1434,29,33,0.1420496106147766,-0.10556003451347351,-0.12194124609231949,0.02932940050959587
1435,29,34,0.040345463901758194,-0.08119826018810272,-0.12194124609231949,0.02932940050959587
1436,29,35,0.42467600107192993,0.2774433195590973,-0.12194124609231949,0.02932940050959587
1437,29,36,0.48793917894363403,-0.6175742745399475,-0.12194124609231949,0.02932940050959587
1438,29,37,0.13994404673576355,-0.1674201637506485,-0.12194124609231949,0.02932940050959587
1439,29,38,0.16991080343723297,0.22263848781585693,-0.12194124609231949,0.02932940050959587
1440,29,39,0.23379316926002502,-0.21133701503276825,-0.12194124609231949,0.02932940050959587
1441,29,40,-0.12088686227798462,-0.33523547649383545,-0.12194124609231949,0.02932940050959587
1442,29,41,-0.025642981752753258,-0.10280057787895203,-0.12194124609231949,0.02932940050959587
1443,29,42,-0.026636607944965363,-0.4117093086242676,-0.12194124609231949,0.02932940050959587
1444,29,43,0.18797051906585693,0.07228120416402817,-0.12194124609231949,0.02932940050959587
1445,29,44,0.22448362410068512,-0.13105836510658264,-0.12194124609231949,0.02932940050959587
1446,29,45,-0.025969306007027626,0.4044898450374603,-0.12194124609231949,0.02932940050959587
1447,29,46,0.0009238430648110807,0.5445507764816284,-0.12194124609231949,0.02932940050959587
1448,29,47,-0.11018594354391098,-0.19144363701343536,-0.12194124609231949,0.02932940050959587
1449,29,48,-0.1588718593120575,-0.15772473812103271,-0.12194124609231949,0.02932940050959587
1450,29,49,-0.13538432121276855,0.04103550687432289,-0.12194124609231949,0.02932940050959587
1451,30,0,-0.27312490344047546,-0.46961677074432373,-0.16771921515464783,0.09514281898736954
1452,30,1,-0.3036540448665619,-0.05476197600364685,-0.16771921515464783,0.09514281898736954
1453,30,2,0.04705418646335602,-0.3387819528579712,-0.16771921515464783,0.09514281898736954
1454,30,3,0.4833047389984131,0.25424402952194214,-0.16771921515464783,0.09514281898736954
1455,30,4,0.14621980488300323,-0.14108651876449585,-0.16771921515464783,0.09514281898736954
1456,30,5,-0.15910521149635315,-0.3811565041542053,-0.16771921515464783,0.09514281898736954
1457,30,6,-0.05127168446779251,-0.1349020004272461,-0.16771921515464783,0.09514281898736954
1458,30,7,-0.15521211922168732,0.11816206574440002,-0.16771921515464783,0.09514281898736954
1459,30,8,0.041143208742141724,0.11455632001161575,-0.16771921515464783,0.09514281898736954
1460,30,9,-0.08459197729825974,-0.5385762453079224,-0.16771921515464783,0.09514281898736954
1461,30,10,-0.17647095024585724,-0.07035356014966965,-0.16771921515464783,0.09514281898736954
1462,30,11,0.14836908876895905,-0.41488486528396606,-0.16771921515464783,0.09514281898736954
1463,30,12,0.24592001736164093,-0.49555692076683044,-0.16771921515464783,0.09514281898736954
1464,30,13,0.0784401223063469,-0.08009061217308044,-0.16771921515464783,0.09514281898736954
1465,30,14,-0.0861525759100914,-0.13914667069911957,-0.16771921515464783,0.09514281898736954
1466,30,15,0.13944071531295776,-0.1256580799818039,-0.16771921515464783,0.09514281898736954
1467,30,16,0.23019979894161224,-0.3274296224117279,-0.16771921515464783,0.09514281898736954
1468,30,17,0.030628444626927376,-0.08790983259677887,-0.16771921515464783,0.09514281898736954
1469,30,18,0.020621810108423233,-0.5935457348823547,-0.16771921515464783,0.09514281898736954
1470,30,19,-0.1144006997346878,0.24656365811824799,-0.16771921515464783,0.09514281898736954
1471,30,20,-0.5063616037368774,-0.25744175910949707,-0.16771921515464783,0.09514281898736954
1472,30,21,-0.03860548511147499,-0.3434898555278778,-0.16771921515464783,0.09514281898736954
1473,30,22,-0.02904880978167057,-0.3779856562614441,-0.16771921515464783,0.09514281898736954
1474,30,23,0.07400014251470566,-0.0782100260257721,-0.16771921515464783,0.09514281898736954
1475,30,24,0.051527511328458786,0.27499207854270935,-0.16771921515464783,0.09514281898736954
1476,30,25,0.056739356368780136,-0.10694320499897003,-0.16771921515464783,0.09514281898736954
1477,30,26,0.05422556400299072,-0.04280688241124153,-0.16771921515464783,0.09514281898736954
1478,30,27,0.10773059725761414,-0.1508292704820633,-0.16771921515464783,0.09514281898736954
1479,30,28,0.0038196793757379055,-0.45800015330314636,-0.16771921515464783,0.09514281898736954
1480,30,29,-0.016381651163101196,-0.08167818188667297,-0.16771921515464783,0.09514281898736954
1481,30,30,-0.05560329183936119,0.07996827363967896,-0.16771921515464783,0.09514281898736954
1482,30,31,0.04513805732131004,0.19295625388622284,-0.16771921515464783,0.09514281898736954
1483,30,32,0.040098655968904495,-0.07945877313613892,-0.16771921515464783,0.09514281898736954
1484,30,33,-0.05562373623251915,0.05209067836403847,-0.16771921515464783,0.09514281898736954
1485,30,34,0.05545901134610176,-0.6171895861625671,-0.16771921515464783,0.09514281898736954
1486,30,35,0.03288629278540611,0.5133596062660217,-0.16771921515464783,0.09514281898736954
1487,30,36,-0.06267154961824417,-0.6771895885467529,-0.16771921515464783,0.09514281898736954
1488,30,37,0.26135075092315674,-0.2737903296947479,-0.16771921515464783,0.09514281898736954
1489,30,38,0.39427417516708374,-0.4832402467727661,-0.16771921515464783,0.09514281898736954
1490,30,39,0.09333798289299011,0.1589510589838028,-0.16771921515464783,0.09514281898736954
1491,30,40,-0.048564717173576355,-0.1641404628753662,-0.16771921515464783,0.09514281898736954
1492,30,41,0.1237177699804306,-0.2719915807247162,-0.16771921515464783,0.09514281898736954
1493,30,42,0.4423184096813202,-0.3717980682849884,-0.16771921515464783,0.09514281898736954
1494,30,43,0.13571572303771973,-0.38325703144073486,-0.16771921515464783,0.09514281898736954
1495,30,44,-0.20951035618782043,-0.15018051862716675,-0.16771921515464783,0.09514281898736954
1496,30,45,-0.06919439136981964,-0.2759377658367157,-0.16771921515464783,0.09514281898736954
1497,30,46,-0.023094944655895233,-0.19028691947460175,-0.16771921515464783,0.09514281898736954
1498,30,47,-0.18022747337818146,-0.031794797629117966,-0.16771921515464783,0.09514281898736954
1499,30,48,-0.39284467697143555,0.2879689335823059,-0.16771921515464783,0.09514281898736954
1500,30,49,-0.014516966417431831,-0.30051130056381226,-0.16771921515464783,0.09514281898736954
1501,31,0,0.051417283713817596,-0.3802437484264374,-0.2391362339258194,0.13141551613807678
1502,31,1,0.04000766575336456,-1.0,-0.2391362339258194,0.13141551613807678
1503,31,2,-0.032077014446258545,-0.22391945123672485,-0.2391362339258194,0.13141551613807678
1504,31,3,0.04503236338496208,-0.5212710499763489,-0.2391362339258194,0.13141551613807678
1505,31,4,0.004261738155037165,-0.7327867150306702,-0.2391362339258194,0.13141551613807678
1506,31,5,0.05280047655105591,0.11562284082174301,-0.2391362339258194,0.13141551613807678
1507,31,6,0.01922321505844593,-0.14877235889434814,-0.2391362339258194,0.13141551613807678
1508,31,7,-0.09942936897277832,-0.26375386118888855,-0.2391362339258194,0.13141551613807678
1509,31,8,0.1925438940525055,-0.08424630761146545,-0.2391362339258194,0.13141551613807678
1510,31,9,0.16726107895374298,0.10280559211969376,-0.2391362339258194,0.13141551613807678
1511,31,10,0.07629263401031494,-0.8060290813446045,-0.2391362339258194,0.13141551613807678
1512,31,11,0.30555471777915955,-0.7772513031959534,-0.2391362339258194,0.13141551613807678
1513,31,12,0.5495653748512268,-0.3775167465209961,-0.2391362339258194,0.13141551613807678
1514,31,13,0.19996120035648346,-0.4562043845653534,-0.2391362339258194,0.13141551613807678
1515,31,14,-0.3431747555732727,0.5596445798873901,-0.2391362339258194,0.13141551613807678
1516,31,15,-0.22588393092155457,-0.28781700134277344,-0.2391362339258194,0.13141551613807678
1517,31,16,0.01961834914982319,0.015490279532968998,-0.2391362339258194,0.13141551613807678
1518,31,17,0.06837978959083557,0.1394989788532257,-0.2391362339258194,0.13141551613807678
1519,31,18,0.04610952362418175,-0.2914264500141144,-0.2391362339258194,0.13141551613807678
1520,31,19,-0.2953319549560547,-0.07882364094257355,-0.2391362339258194,0.13141551613807678
1521,31,20,-0.21825598180294037,-0.34683090448379517,-0.2391362339258194,0.13141551613807678
1522,31,21,0.024839350953698158,-0.17704658210277557,-0.2391362339258194,0.13141551613807678
1523,31,22,0.1053246334195137,-0.3696433901786804,-0.2391362339258194,0.13141551613807678
1524,31,23,-0.15493814647197723,-1.0,-0.2391362339258194,0.13141551613807678
1525,31,24,-0.26740702986717224,-0.37110355496406555,-0.2391362339258194,0.13141551613807678
1526,31,25,-0.14981022477149963,0.3458713889122009,-0.2391362339258194,0.13141551613807678
1527,31,26,0.040454380214214325,-0.2474827915430069,-0.2391362339258194,0.13141551613807678
1528,31,27,-0.028331173583865166,0.338904470205307,-0.2391362339258194,0.13141551613807678
1529,31,28,-0.06588365882635117,0.40768611431121826,-0.2391362339258194,0.13141551613807678
1530,31,29,0.07878019660711288,-0.3532714545726776,-0.2391362339258194,0.13141551613807678
1531,31,30,0.29507267475128174,-0.9770599007606506,-0.2391362339258194,0.13141551613807678
1532,31,31,0.24064728617668152,-0.524401843547821,-0.2391362339258194,0.13141551613807678
1533,31,32,0.3308924734592438,-1.0,-0.2391362339258194,0.13141551613807678
1534,31,33,0.20534594357013702,-0.7919089794158936,-0.2391362339258194,0.13141551613807678
1535,31,34,0.10367945581674576,-0.2536838948726654,-0.2391362339258194,0.13141551613807678
1536,31,35,0.24416472017765045,0.2826427221298218,-0.2391362339258194,0.13141551613807678
1537,31,36,0.4744724631309509,-0.5097832679748535,-0.2391362339258194,0.13141551613807678
1538,31,37,0.08614268153905869,-0.41883134841918945,-0.2391362339258194,0.13141551613807678
1539,31,38,-0.12782388925552368,-0.23483406007289886,-0.2391362339258194,0.13141551613807678
1540,31,39,-0.012314239516854286,0.31221824884414673,-0.2391362339258194,0.13141551613807678
1541,31,40,-0.08867627382278442,-0.2531862258911133,-0.2391362339258194,0.13141551613807678
1542,31,41,-0.15882176160812378,-0.9306495189666748,-0.2391362339258194,0.13141551613807678
1543,31,42,0.22777724266052246,0.09336964040994644,-0.2391362339258194,0.13141551613807678
1544,31,43,0.09752853214740753,-0.8589949607849121,-0.2391362339258194,0.13141551613807678
1545,31,44,-0.24372915923595428,-0.4081226587295532,-0.2391362339258194,0.13141551613807678
1546,31,45,0.04214894771575928,0.17912647128105164,-0.2391362339258194,0.13141551613807678
1547,31,46,0.2307283580303192,0.30022647976875305,-0.2391362339258194,0.13141551613807678
1548,31,47,0.20418918132781982,-0.2566985785961151,-0.2391362339258194,0.13141551613807678
1549,31,48,-0.12362807989120483,-0.20070168375968933,-0.2391362339258194,0.13141551613807678
1550,31,49,-0.35715317726135254,-0.12806501984596252,-0.2391362339258194,0.13141551613807678
1551,32,0,-0.05248750373721123,0.06929757446050644,-0.29156622290611267,0.16218586266040802
1552,32,1,-0.08560305088758469,-1.0,-0.29156622290611267,0.16218586266040802
1553,32,2,-0.2793872654438019,-0.6813068389892578,-0.29156622290611267,0.16218586266040802
1554,32,3,-0.2284155637025833,-0.6236848831176758,-0.29156622290611267,0.16218586266040802
1555,32,4,-0.27128127217292786,0.15284931659698486,-0.29156622290611267,0.16218586266040802
1556,32,5,-0.09254827350378036,-0.2434414178133011,-0.29156622290611267,0.16218586266040802
1557,32,6,0.3564843535423279,-0.4096405506134033,-0.29156622290611267,0.16218586266040802
1558,32,7,0.5005964040756226,-0.8520988821983337,-0.29156622290611267,0.16218586266040802
1559,32,8,0.4945092797279358,0.1850840449333191,-0.29156622290611267,0.16218586266040802
1560,32,9,0.12673312425613403,-0.716617226600647,-0.29156622290611267,0.16218586266040802
1561,32,10,0.33614271879196167,0.18480174243450165,-0.29156622290611267,0.16218586266040802
1562,32,11,0.2549336850643158,0.17761586606502533,-0.29156622290611267,0.16218586266040802
1563,32,12,-0.05855738744139671,0.06128297373652458,-0.29156622290611267,0.16218586266040802
1564,32,13,-0.3411504328250885,0.011260761879384518,-0.29156622290611267,0.16218586266040802
1565,32,14,-0.27373600006103516,0.08235892653465271,-0.29156622290611267,0.16218586266040802
1566,32,15,-0.06075838953256607,-0.346468061208725,-0.29156622290611267,0.16218586266040802
1567,32,16,-0.09746033698320389,-0.27676576375961304,-0.29156622290611267,0.16218586266040802
1568,32,17,-0.1644076406955719,-0.6447449326515198,-0.29156622290611267,0.16218586266040802
1569,32,18,0.03758466616272926,0.18459907174110413,-0.29156622290611267,0.16218586266040802
1570,32,19,-0.025014331564307213,-0.10744286328554153,-0.29156622290611267,0.16218586266040802
1571,32,20,0.008814110420644283,0.020494727417826653,-0.29156622290611267,0.16218586266040802
1572,32,21,0.12700407207012177,-0.2900276780128479,-0.29156622290611267,0.16218586266040802
1573,32,22,-0.0627400353550911,0.024984702467918396,-0.29156622290611267,0.16218586266040802
1574,32,23,-0.22462162375450134,0.44487473368644714,-0.29156622290611267,0.16218586266040802
1575,32,24,-0.06658559292554855,-0.04137332737445831,-0.29156622290611267,0.16218586266040802
1576,32,25,0.2824059724807739,-0.46006616950035095,-0.29156622290611267,0.16218586266040802
1577,32,26,0.11135204136371613,-0.7618337273597717,-0.29156622290611267,0.16218586266040802
1578,32,27,-0.1186099722981453,0.2542111575603485,-0.29156622290611267,0.16218586266040802
1579,32,28,0.15603847801685333,-0.151428684592247,-0.29156622290611267,0.16218586266040802
1580,32,29,-0.02669750340282917,-0.2925136387348175,-0.29156622290611267,0.16218586266040802
1581,32,30,-0.20383669435977936,-0.30460622906684875,-0.29156622290611267,0.16218586266040802
1582,32,31,-0.31407874822616577,-0.24282941222190857,-0.29156622290611267,0.16218586266040802
1583,32,32,-0.41848304867744446,-0.8148070573806763,-0.29156622290611267,0.16218586266040802
1584,32,33,0.060056935995817184,-0.49899816513061523,-0.29156622290611267,0.16218586266040802
1585,32,34,-0.11031012237071991,0.018964165821671486,-0.29156622290611267,0.16218586266040802
1586,32,35,-0.07731345295906067,-0.3142918348312378,-0.29156622290611267,0.16218586266040802
1587,32,36,0.3095487952232361,-0.15106453001499176,-0.29156622290611267,0.16218586266040802
1588,32,37,0.21817530691623688,-0.14852340519428253,-0.29156622290611267,0.16218586266040802
1589,32,38,-0.009721169248223305,-0.4073716104030609,-0.29156622290611267,0.16218586266040802
1590,32,39,-0.012618196196854115,-0.40496504306793213,-0.29156622290611267,0.16218586266040802
1591,32,40,-0.12334586679935455,-0.4843379259109497,-0.29156622290611267,0.16218586266040802
1592,32,41,-0.20162487030029297,-0.5623796582221985,-0.29156622290611267,0.16218586266040802
1593,32,42,0.06728050857782364,-0.7499876022338867,-0.29156622290611267,0.16218586266040802
1594,32,43,0.5383068919181824,-0.31044676899909973,-0.29156622290611267,0.16218586266040802
1595,32,44,0.4497052729129791,0.07670920342206955,-0.29156622290611267,0.16218586266040802
1596,32,45,-0.15451662242412567,-0.42734295129776,-0.29156622290611267,0.16218586266040802
1597,32,46,-0.22388574481010437,-0.35190144181251526,-0.29156622290611267,0.16218586266040802
1598,32,47,-0.03690659999847412,-0.5853902101516724,-0.29156622290611267,0.16218586266040802
1599,32,48,-0.29656192660331726,-0.18686442077159882,-0.29156622290611267,0.16218586266040802
1600,32,49,-0.3044576644897461,-0.27117761969566345,-0.29156622290611267,0.16218586266040802
1601,33,0,0.3145853281021118,-0.14540418982505798,-0.3530884087085724,0.13810431957244873
1602,33,1,0.001463301363401115,-0.7122789025306702,-0.3530884087085724,0.13810431957244873
1603,33,2,-0.1478966623544693,-0.6581964492797852,-0.3530884087085724,0.13810431957244873
1604,33,3,0.02879294753074646,-0.20948877930641174,-0.3530884087085724,0.13810431957244873
1605,33,4,-0.006351472809910774,0.3865499496459961,-0.3530884087085724,0.13810431957244873
1606,33,5,0.10429595410823822,-0.4182148277759552,-0.3530884087085724,0.13810431957244873
1607,33,6,0.06071464344859123,-0.5694277286529541,-0.3530884087085724,0.13810431957244873
1608,33,7,0.022053420543670654,0.38067781925201416,-0.3530884087085724,0.13810431957244873
1609,33,8,-0.06237633898854256,0.05680008977651596,-0.3530884087085724,0.13810431957244873
1610,33,9,0.09572510421276093,-0.5392422676086426,-0.3530884087085724,0.13810431957244873
1611,33,10,0.22200368344783783,0.033857233822345734,-0.3530884087085724,0.13810431957244873
1612,33,11,0.24610111117362976,0.09489263594150543,-0.3530884087085724,0.13810431957244873
1613,33,12,0.23034842312335968,-0.4569874703884125,-0.3530884087085724,0.13810431957244873
1614,33,13,0.293393075466156,-0.5938757658004761,-0.3530884087085724,0.13810431957244873
1615,33,14,-0.5706347823143005,-0.5414357781410217,-0.3530884087085724,0.13810431957244873
1616,33,15,-0.8528835773468018,-0.7438778877258301,-0.3530884087085724,0.13810431957244873
1617,33,16,0.16862283647060394,-0.5789104700088501,-0.3530884087085724,0.13810431957244873
1618,33,17,0.2790443003177643,-0.30015096068382263,-0.3530884087085724,0.13810431957244873
1619,33,18,0.27117210626602173,-0.4272213876247406,-0.3530884087085724,0.13810431957244873
1620,33,19,0.18044935166835785,-0.525590181350708,-0.3530884087085724,0.13810431957244873
1621,33,20,0.1538664847612381,0.26627451181411743,-0.3530884087085724,0.13810431957244873
1622,33,21,-0.11024104058742523,-0.17842811346054077,-0.3530884087085724,0.13810431957244873
1623,33,22,-0.00902869738638401,-0.3393624722957611,-0.3530884087085724,0.13810431957244873
1624,33,23,0.1305435597896576,-0.7798401713371277,-0.3530884087085724,0.13810431957244873
1625,33,24,-0.1816493272781372,-0.4930947721004486,-0.3530884087085724,0.13810431957244873
1626,33,25,-0.1886139214038849,-0.34370434284210205,-0.3530884087085724,0.13810431957244873
1627,33,26,-0.22579944133758545,-0.4461405277252197,-0.3530884087085724,0.13810431957244873
1628,33,27,0.04351084679365158,-0.736217200756073,-0.3530884087085724,0.13810431957244873
1629,33,28,0.4489794373512268,-0.16982805728912354,-0.3530884087085724,0.13810431957244873
1630,33,29,0.3511579930782318,-0.4702211320400238,-0.3530884087085724,0.13810431957244873
1631,33,30,-0.08325442671775818,-0.9412373900413513,-0.3530884087085724,0.13810431957244873
1632,33,31,-0.12995244562625885,-1.0,-0.3530884087085724,0.13810431957244873
1633,33,32,-0.09750641882419586,-0.165241539478302,-0.3530884087085724,0.13810431957244873
1634,33,33,0.1114206463098526,-0.06465387344360352,-0.3530884087085724,0.13810431957244873
1635,33,34,0.15789784491062164,-0.36668169498443604,-0.3530884087085724,0.13810431957244873
1636,33,35,0.2695704698562622,-0.03147023171186447,-0.3530884087085724,0.13810431957244873
1637,33,36,0.16685441136360168,-0.6855023503303528,-0.3530884087085724,0.13810431957244873
1638,33,37,-0.1499648094177246,-1.0,-0.3530884087085724,0.13810431957244873
1639,33,38,0.10890931636095047,-0.4670758843421936,-0.3530884087085724,0.13810431957244873
1640,33,39,0.1188615933060646,-0.4182978570461273,-0.3530884087085724,0.13810431957244873
1641,33,40,0.001682000933215022,-0.6096006631851196,-0.3530884087085724,0.13810431957244873
1642,33,41,-0.13394813239574432,0.16265869140625,-0.3530884087085724,0.13810431957244873
1643,33,42,0.12295984476804733,-0.4149357080459595,-0.3530884087085724,0.13810431957244873
1644,33,43,0.3188270628452301,-0.3000507950782776,-0.3530884087085724,0.13810431957244873
1645,33,44,0.3257525563240051,-0.47864648699760437,-0.3530884087085724,0.13810431957244873
1646,33,45,0.13666532933712006,-0.4904804825782776,-0.3530884087085724,0.13810431957244873
1647,33,46,-0.10218168795108795,-0.7411157488822937,-0.3530884087085724,0.13810431957244873
1648,33,47,0.15362565219402313,-1.0,-0.3530884087085724,0.13810431957244873
1649,33,48,0.22668516635894775,0.040855325758457184,-0.3530884087085724,0.13810431957244873
1650,33,49,0.023129504173994064,0.25892671942710876,-0.3530884087085724,0.13810431957244873
1651,34,0,0.31771737337112427,0.02216164581477642,-0.3134278655052185,0.15243539214134216
1652,34,1,0.1670873761177063,0.07989663630723953,-0.3134278655052185,0.15243539214134216
1653,34,2,0.18273402750492096,-0.5757820010185242,-0.3134278655052185,0.15243539214134216
1654,34,3,-0.4253198802471161,0.1342967450618744,-0.3134278655052185,0.15243539214134216
1655,34,4,-0.6844760775566101,-0.3816145658493042,-0.3134278655052185,0.15243539214134216
1656,34,5,-0.4397624433040619,-0.438416987657547,-0.3134278655052185,0.15243539214134216
1657,34,6,0.32102689146995544,0.04613561928272247,-0.3134278655052185,0.15243539214134216
1658,34,7,-0.18250998854637146,-0.4385627210140228,-0.3134278655052185,0.15243539214134216
1659,34,8,-0.36120671033859253,-0.3574029505252838,-0.3134278655052185,0.15243539214134216
1660,34,9,-0.2232850193977356,0.26698237657546997,-0.3134278655052185,0.15243539214134216
1661,34,10,-0.1917792558670044,0.2532031238079071,-0.3134278655052185,0.15243539214134216
1662,34,11,-0.16221916675567627,-0.8855503797531128,-0.3134278655052185,0.15243539214134216
1663,34,12,-0.29176396131515503,-0.47299546003341675,-0.3134278655052185,0.15243539214134216
1664,34,13,-0.3100442886352539,-0.023379571735858917,-0.3134278655052185,0.15243539214134216
1665,34,14,-0.19530968368053436,-0.5242154598236084,-0.3134278655052185,0.15243539214134216
1666,34,15,0.1203434020280838,-0.14951126277446747,-0.3134278655052185,0.15243539214134216
1667,34,16,-0.09536582231521606,0.3339615762233734,-0.3134278655052185,0.15243539214134216
1668,34,17,-0.10310434550046921,-0.8315094709396362,-0.3134278655052185,0.15243539214134216
1669,34,18,0.12150584161281586,-1.0,-0.3134278655052185,0.15243539214134216
1670,34,19,-0.021142875775694847,0.41379404067993164,-0.3134278655052185,0.15243539214134216
1671,34,20,0.305277943611145,-0.486077219247818,-0.3134278655052185,0.15243539214134216
1672,34,21,0.7378404140472412,-0.37518855929374695,-0.3134278655052185,0.15243539214134216
1673,34,22,0.5165998935699463,-1.0,-0.3134278655052185,0.15243539214134216
1674,34,23,0.35304781794548035,-0.602344810962677,-0.3134278655052185,0.15243539214134216
1675,34,24,-0.13815024495124817,-0.8104329109191895,-0.3134278655052185,0.15243539214134216
1676,34,25,-0.16854079067707062,-0.044980116188526154,-0.3134278655052185,0.15243539214134216
1677,34,26,-0.00514861149713397,-0.49147576093673706,-0.3134278655052185,0.15243539214134216
1678,34,27,0.3526133894920349,0.08167477697134018,-0.3134278655052185,0.15243539214134216
1679,34,28,0.21466855704784393,-0.2763367295265198,-0.3134278655052185,0.15243539214134216
1680,34,29,0.3436158299446106,0.18922166526317596,-0.3134278655052185,0.15243539214134216
1681,34,30,0.008603041060268879,-0.213483989238739,-0.3134278655052185,0.15243539214134216
1682,34,31,-0.11179956793785095,-0.5970028042793274,-0.3134278655052185,0.15243539214134216
1683,34,32,-0.11679419875144958,0.16934138536453247,-0.3134278655052185,0.15243539214134216
1684,34,33,-0.2774389684200287,-0.6335402727127075,-0.3134278655052185,0.15243539214134216
1685,34,34,0.04181939363479614,-0.445181667804718,-0.3134278655052185,0.15243539214134216
1686,34,35,0.29319053888320923,0.10402187705039978,-0.3134278655052185,0.15243539214134216
1687,34,36,0.20282934606075287,-0.017528140917420387,-0.3134278655052185,0.15243539214134216
1688,34,37,-0.04659818485379219,-0.7121801972389221,-0.3134278655052185,0.15243539214134216
1689,34,38,-0.21849624812602997,-0.4608837962150574,-0.3134278655052185,0.15243539214134216
1690,34,39,-0.29572904109954834,-0.582796573638916,-0.3134278655052185,0.15243539214134216
1691,34,40,-0.2243453562259674,-0.02502325549721718,-0.3134278655052185,0.15243539214134216
1692,34,41,0.23748917877674103,-0.4059951603412628,-0.3134278655052185,0.15243539214134216
1693,34,42,0.46693068742752075,-0.1673530638217926,-0.3134278655052185,0.15243539214134216
1694,34,43,0.3246005177497864,-0.38377124071121216,-0.3134278655052185,0.15243539214134216
1695,34,44,0.03345246985554695,-0.34995436668395996,-0.3134278655052185,0.15243539214134216
1696,34,45,-0.007847457192838192,-0.6061975359916687,-0.3134278655052185,0.15243539214134216
1697,34,46,-0.15718619525432587,-0.2077755481004715,-0.3134278655052185,0.15243539214134216
1698,34,47,-0.18823444843292236,-0.28297847509384155,-0.3134278655052185,0.15243539214134216
1699,34,48,-0.06820997595787048,0.21293577551841736,-0.3134278655052185,0.15243539214134216
1700,34,49,-0.10502695292234421,-0.9185655117034912,-0.3134278655052185,0.15243539214134216
1701,35,0,0.39628806710243225,-0.6508401036262512,-0.259662389755249,0.15065380930900574
1702,35,1,0.190497487783432,-0.12008488178253174,-0.259662389755249,0.15065380930900574
1703,35,2,-0.2027764618396759,-0.3528023064136505,-0.259662389755249,0.15065380930900574
1704,35,3,-0.06151967868208885,-1.0,-0.259662389755249,0.15065380930900574
1705,35,4,0.035152509808540344,-0.10004732012748718,-0.259662389755249,0.15065380930900574
1706,35,5,-0.0747356116771698,-0.509395956993103,-0.259662389755249,0.15065380930900574
1707,35,6,0.104697585105896,-0.20937186479568481,-0.259662389755249,0.15065380930900574
1708,35,7,0.09362281113862991,-0.7769877314567566,-0.259662389755249,0.15065380930900574
1709,35,8,0.04261592775583267,-0.3111798167228699,-0.259662389755249,0.15065380930900574
1710,35,9,0.14298467338085175,-0.05663381144404411,-0.259662389755249,0.15065380930900574
1711,35,10,-0.21787969768047333,-0.6422776579856873,-0.259662389755249,0.15065380930900574
1712,35,11,0.17223156988620758,-0.2473950982093811,-0.259662389755249,0.15065380930900574
1713,35,12,0.25047439336776733,-0.6894100308418274,-0.259662389755249,0.15065380930900574
1714,35,13,0.35392481088638306,0.010044439695775509,-0.259662389755249,0.15065380930900574
1715,35,14,0.48866331577301025,-0.6336789131164551,-0.259662389755249,0.15065380930900574
1716,35,15,0.43463951349258423,-0.3780154287815094,-0.259662389755249,0.15065380930900574
1717,35,16,0.5609064102172852,-0.9129268527030945,-0.259662389755249,0.15065380930900574
1718,35,17,0.3073039650917053,-0.5876606106758118,-0.259662389755249,0.15065380930900574
1719,35,18,0.09241033345460892,-0.5150539875030518,-0.259662389755249,0.15065380930900574
1720,35,19,-0.13505679368972778,-0.2737097442150116,-0.259662389755249,0.15065380930900574
1721,35,20,0.343003511428833,-0.9943982362747192,-0.259662389755249,0.15065380930900574
1722,35,21,0.1711760014295578,-0.7296292185783386,-0.259662389755249,0.15065380930900574
1723,35,22,0.5054076910018921,-0.45834699273109436,-0.259662389755249,0.15065380930900574
1724,35,23,0.40901702642440796,-0.5919672250747681,-0.259662389755249,0.15065380930900574
1725,35,24,-0.7472580671310425,-0.3827586770057678,-0.259662389755249,0.15065380930900574
1726,35,25,-0.6190945506095886,0.20946666598320007,-0.259662389755249,0.15065380930900574
1727,35,26,0.228376105427742,-0.3654209077358246,-0.259662389755249,0.15065380930900574
1728,35,27,0.48407837748527527,-0.15202394127845764,-0.259662389755249,0.15065380930900574
1729,35,28,0.2766941487789154,-0.24296729266643524,-0.259662389755249,0.15065380930900574
1730,35,29,-0.24602419137954712,-1.0,-0.259662389755249,0.15065380930900574
1731,35,30,-0.23320810496807098,0.5083187818527222,-0.259662389755249,0.15065380930900574
1732,35,31,0.14833670854568481,-0.5033225417137146,-0.259662389755249,0.15065380930900574
1733,35,32,0.1718997359275818,0.0604112409055233,-0.259662389755249,0.15065380930900574
1734,35,33,0.07711628079414368,0.18126782774925232,-0.259662389755249,0.15065380930900574
1735,35,34,0.26874223351478577,0.07699742168188095,-0.259662389755249,0.15065380930900574
1736,35,35,0.09858759492635727,-0.18973544239997864,-0.259662389755249,0.15065380930900574
1737,35,36,-0.051109835505485535,-0.702347993850708,-0.259662389755249,0.15065380930900574
1738,35,37,0.08317463099956512,-0.6448853015899658,-0.259662389755249,0.15065380930900574
1739,35,38,0.14276833832263947,-0.5793706774711609,-0.259662389755249,0.15065380930900574
1740,35,39,0.27680400013923645,-0.17292743921279907,-0.259662389755249,0.15065380930900574
1741,35,40,0.34954047203063965,0.09183523803949356,-0.259662389755249,0.15065380930900574
1742,35,41,0.4354199171066284,-0.18260958790779114,-0.259662389755249,0.15065380930900574
1743,35,42,0.27096015214920044,0.17596252262592316,-0.259662389755249,0.15065380930900574
1744,35,43,0.007036122027784586,0.7020256519317627,-0.259662389755249,0.15065380930900574
1745,35,44,-0.2607416808605194,-0.29925864934921265,-0.259662389755249,0.15065380930900574
1746,35,45,-0.28048619627952576,-0.3070286810398102,-0.259662389755249,0.15065380930900574
1747,35,46,-0.08862888813018799,-0.2962535619735718,-0.259662389755249,0.15065380930900574
1748,35,47,-0.13805699348449707,-0.09010083228349686,-0.259662389755249,0.15065380930900574
1749,35,48,0.08780576288700104,0.1428040713071823,-0.259662389755249,0.15065380930900574
1750,35,49,0.18906965851783752,0.06574605405330658,-0.259662389755249,0.15065380930900574
1751,36,0,0.2520430386066437,0.5547370314598083,-0.31907734274864197,0.22555522620677948
1752,36,1,0.31430956721305847,-0.30679142475128174,-0.31907734274864197,0.22555522620677948
1753,36,2,-0.1441410928964615,-0.41735440492630005,-0.31907734274864197,0.22555522620677948
1754,36,3,-0.47400861978530884,0.1607120782136917,-0.31907734274864197,0.22555522620677948
1755,36,4,-0.1689215749502182,-0.3397412598133087,-0.31907734274864197,0.22555522620677948
1756,36,5,0.029372144490480423,-0.5382252335548401,-0.31907734274864197,0.22555522620677948
1757,36,6,-0.202599436044693,-0.6094833016395569,-0.31907734274864197,0.22555522620677948
1758,36,7,-0.12706436216831207,-0.13179689645767212,-0.31907734274864197,0.22555522620677948
1759,36,8,-0.38754919171333313,-0.7493172883987427,-0.31907734274864197,0.22555522620677948
1760,36,9,0.3728993833065033,-0.674915611743927,-0.31907734274864197,0.22555522620677948
1761,36,10,0.6925414800643921,-0.09254179149866104,-0.31907734274864197,0.22555522620677948
1762,36,11,0.5462914109230042,-0.23744460940361023,-0.31907734274864197,0.22555522620677948
1763,36,12,0.48706239461898804,-0.3390372693538666,-0.31907734274864197,0.22555522620677948
1764,36,13,0.5111828446388245,-0.8787732124328613,-0.31907734274864197,0.22555522620677948
1765,36,14,-0.11559063196182251,-0.43241065740585327,-0.31907734274864197,0.22555522620677948
1766,36,15,-0.23262439668178558,-0.15795017778873444,-0.31907734274864197,0.22555522620677948
1767,36,16,-0.21959184110164642,-0.6326344609260559,-0.31907734274864197,0.22555522620677948
1768,36,17,-0.16338160634040833,0.11703582108020782,-0.31907734274864197,0.22555522620677948
1769,36,18,0.1030675545334816,-0.30302518606185913,-0.31907734274864197,0.22555522620677948
1770,36,19,0.24553470313549042,-0.7328903079032898,-0.31907734274864197,0.22555522620677948
1771,36,20,0.17446617782115936,-0.586158812046051,-0.31907734274864197,0.22555522620677948
1772,36,21,0.2985582947731018,-0.1246260330080986,-0.31907734274864197,0.22555522620677948
1773,36,22,0.023608483374118805,-0.3303605020046234,-0.31907734274864197,0.22555522620677948
1774,36,23,0.30115920305252075,-0.20531779527664185,-0.31907734274864197,0.22555522620677948
1775,36,24,0.07014569640159607,-0.20871025323867798,-0.31907734274864197,0.22555522620677948
1776,36,25,-0.2752775549888611,-0.6123491525650024,-0.31907734274864197,0.22555522620677948
1777,36,26,0.09091629087924957,0.05779058113694191,-0.31907734274864197,0.22555522620677948
1778,36,27,-0.10643330216407776,-0.20541583001613617,-0.31907734274864197,0.22555522620677948
1779,36,28,0.4852544963359833,0.03766229748725891,-0.31907734274864197,0.22555522620677948
1780,36,29,0.2645129859447479,-0.15092463791370392,-0.31907734274864197,0.22555522620677948
1781,36,30,-0.05086629092693329,-0.40749889612197876,-0.31907734274864197,0.22555522620677948
1782,36,31,-0.36361849308013916,-0.4372250437736511,-0.31907734274864197,0.22555522620677948
1783,36,32,-0.42396172881126404,-0.7105449438095093,-0.31907734274864197,0.22555522620677948
1784,36,33,0.0585734099149704,0.07178369164466858,-0.31907734274864197,0.22555522620677948
1785,36,34,0.32932549715042114,-0.5754276514053345,-0.31907734274864197,0.22555522620677948
1786,36,35,0.12148100137710571,0.04911208152770996,-0.31907734274864197,0.22555522620677948
1787,36,36,0.2701609432697296,-0.5137026906013489,-0.31907734274864197,0.22555522620677948
1788,36,37,0.3199661672115326,-0.6701663732528687,-0.31907734274864197,0.22555522620677948
1789,36,38,0.3868172764778137,-0.9785924553871155,-0.31907734274864197,0.22555522620677948
1790,36,39,0.3224897086620331,-0.16943593323230743,-0.31907734274864197,0.22555522620677948
1791,36,40,0.13512977957725525,-0.34746062755584717,-0.31907734274864197,0.22555522620677948
1792,36,41,-0.1962824910879135,0.07269372791051865,-0.31907734274864197,0.22555522620677948
1793,36,42,-0.2261737883090973,-0.2497134506702423,-0.31907734274864197,0.22555522620677948
1794,36,43,0.19776389002799988,0.07726911455392838,-0.31907734274864197,0.22555522620677948
1795,36,44,0.32329633831977844,-0.6785238981246948,-0.31907734274864197,0.22555522620677948
1796,36,45,0.29620620608329773,-0.6438825726509094,-0.31907734274864197,0.22555522620677948
1797,36,46,0.2961176931858063,-0.6071938276290894,-0.31907734274864197,0.22555522620677948
1798,36,47,-0.0005849035223945975,-0.3757113516330719,-0.31907734274864197,0.22555522620677948
1799,36,48,-0.480746328830719,-0.09735018014907837,-0.31907734274864197,0.22555522620677948
1800,36,49,-0.25526130199432373,0.040775418281555176,-0.31907734274864197,0.22555522620677948
1801,37,0,0.034803617745637894,-0.578471839427948,-0.4010624885559082,0.3511351943016052
1802,37,1,0.5392413139343262,0.3047945201396942,-0.4010624885559082,0.3511351943016052
1803,37,2,0.3554435074329376,-0.4181208610534668,-0.4010624885559082,0.3511351943016052
1804,37,3,-0.016411807388067245,-0.48711055517196655,-0.4010624885559082,0.3511351943016052
1805,37,4,-0.0771256610751152,-0.9087530374526978,-0.4010624885559082,0.3511351943016052
1806,37,5,-0.16448736190795898,-0.04556341469287872,-0.4010624885559082,0.3511351943016052
1807,37,6,0.12216144800186157,0.6252003312110901,-0.4010624885559082,0.3511351943016052
1808,37,7,0.13524076342582703,-0.46225252747535706,-0.4010624885559082,0.3511351943016052
1809,37,8,0.03481792286038399,-0.8066833019256592,-0.4010624885559082,0.3511351943016052
1810,37,9,-0.050528887659311295,-0.4317249357700348,-0.4010624885559082,0.3511351943016052
1811,37,10,0.26296859979629517,-0.6988096237182617,-0.4010624885559082,0.3511351943016052
1812,37,11,0.0017740195617079735,0.04339525103569031,-0.4010624885559082,0.3511351943016052
1813,37,12,-0.17608334124088287,-0.8204184770584106,-0.4010624885559082,0.3511351943016052
1814,37,13,-0.6356082558631897,-0.37954387068748474,-0.4010624885559082,0.3511351943016052
1815,37,14,-0.5540013313293457,-0.2645488977432251,-0.4010624885559082,0.3511351943016052
1816,37,15,0.009277965873479843,-0.8952714800834656,-0.4010624885559082,0.3511351943016052
1817,37,16,-0.05123740807175636,-0.20185379683971405,-0.4010624885559082,0.3511351943016052
1818,37,17,-0.14426106214523315,-0.04302315041422844,-0.4010624885559082,0.3511351943016052
1819,37,18,0.06638512015342712,-0.2539372742176056,-0.4010624885559082,0.3511351943016052
1820,37,19,0.033968400210142136,-0.0906679779291153,-0.4010624885559082,0.3511351943016052
1821,37,20,0.016360845416784286,-0.41592299938201904,-0.4010624885559082,0.3511351943016052
1822,37,21,0.30792099237442017,-0.0043546478264033794,-0.4010624885559082,0.3511351943016052
1823,37,22,0.2643651068210602,-0.5710788369178772,-0.4010624885559082,0.3511351943016052
1824,37,23,-0.2363457828760147,-0.6405936479568481,-0.4010624885559082,0.3511351943016052
1825,37,24,-0.059319134801626205,-0.26008713245391846,-0.4010624885559082,0.3511351943016052
1826,37,25,0.18830083310604095,-0.15199163556098938,-0.4010624885559082,0.3511351943016052
1827,37,26,0.4969766139984131,-0.33298981189727783,-0.4010624885559082,0.3511351943016052
1828,37,27,0.4162367582321167,-0.7577675580978394,-0.4010624885559082,0.3511351943016052
1829,37,28,0.25320878624916077,-0.5810688138008118,-0.4010624885559082,0.3511351943016052
1830,37,29,0.19190183281898499,-0.5932814478874207,-0.4010624885559082,0.3511351943016052
1831,37,30,-0.19702591001987457,-0.17685621976852417,-0.4010624885559082,0.3511351943016052
1832,37,31,-0.5394636392593384,-0.15425145626068115,-0.4010624885559082,0.3511351943016052
1833,37,32,0.2441675215959549,-0.885230302810669,-0.4010624885559082,0.3511351943016052
1834,37,33,0.5749786496162415,-0.732226550579071,-0.4010624885559082,0.3511351943016052
1835,37,34,0.4274444878101349,-0.2084726095199585,-0.4010624885559082,0.3511351943016052
1836,37,35,0.4635584354400635,-0.758905827999115,-0.4010624885559082,0.3511351943016052
1837,37,36,0.1353132426738739,-0.9630524516105652,-0.4010624885559082,0.3511351943016052
1838,37,37,0.31954896450042725,-0.8218567967414856,-0.4010624885559082,0.3511351943016052
1839,37,38,-0.07741937041282654,-0.45246195793151855,-0.4010624885559082,0.3511351943016052
1840,37,39,-0.29729729890823364,-0.04727929085493088,-0.4010624885559082,0.3511351943016052
1841,37,40,-0.044416189193725586,-0.11795434355735779,-0.4010624885559082,0.3511351943016052
1842,37,41,0.18959632515907288,0.33724793791770935,-0.4010624885559082,0.3511351943016052
1843,37,42,0.22513531148433685,-0.5999836325645447,-0.4010624885559082,0.3511351943016052
1844,37,43,-0.18373671174049377,-0.6763795614242554,-0.4010624885559082,0.3511351943016052
1845,37,44,-0.6038167476654053,-1.0,-0.4010624885559082,0.3511351943016052
1846,37,45,-0.0021743960678577423,-0.6759752631187439,-0.4010624885559082,0.3511351943016052
1847,37,46,0.24273286759853363,-0.4862632751464844,-0.4010624885559082,0.3511351943016052
1848,37,47,0.24093599617481232,-0.1621941477060318,-0.4010624885559082,0.3511351943016052
1849,37,48,0.29368242621421814,-0.38352370262145996,-0.4010624885559082,0.3511351943016052
1850,37,49,0.3528100550174713,-0.13020916283130646,-0.4010624885559082,0.3511351943016052
1851,38,0,0.1440972089767456,0.1160128265619278,-0.36310312151908875,0.4187500476837158
1852,38,1,0.2806583344936371,-0.26018181443214417,-0.36310312151908875,0.4187500476837158
1853,38,2,0.3333532512187958,-0.8727820515632629,-0.36310312151908875,0.4187500476837158
1854,38,3,-0.10790551453828812,-0.06269092857837677,-0.36310312151908875,0.4187500476837158
1855,38,4,-0.2338416576385498,-0.6450958251953125,-0.36310312151908875,0.4187500476837158
1856,38,5,0.12818320095539093,-0.34017834067344666,-0.36310312151908875,0.4187500476837158
1857,38,6,0.4479581117630005,-0.18506543338298798,-0.36310312151908875,0.4187500476837158
1858,38,7,0.3662917912006378,-0.9368883967399597,-0.36310312151908875,0.4187500476837158
1859,38,8,0.39191555976867676,-0.4378686845302582,-0.36310312151908875,0.4187500476837158
1860,38,9,0.006463776808232069,-0.14516325294971466,-0.36310312151908875,0.4187500476837158
1861,38,10,0.038816630840301514,-0.6590263247489929,-0.36310312151908875,0.4187500476837158
1862,38,11,0.39962756633758545,-0.7349184155464172,-0.36310312151908875,0.4187500476837158
1863,38,12,0.3699854612350464,-0.3640390634536743,-0.36310312151908875,0.4187500476837158
1864,38,13,0.5216562747955322,-0.06957270950078964,-0.36310312151908875,0.4187500476837158
1865,38,14,0.4251549243927002,-0.24042439460754395,-0.36310312151908875,0.4187500476837158
1866,38,15,0.06453608721494675,-0.8500807285308838,-0.36310312151908875,0.4187500476837158
1867,38,16,-0.20480121672153473,-0.5343194603919983,-0.36310312151908875,0.4187500476837158
1868,38,17,0.21375170350074768,-0.9504269361495972,-0.36310312151908875,0.4187500476837158
1869,38,18,0.4508400559425354,-0.1585800051689148,-0.36310312151908875,0.4187500476837158
1870,38,19,-0.06314115226268768,0.3048141896724701,-0.36310312151908875,0.4187500476837158
1871,38,20,-0.07936742156744003,0.2518911361694336,-0.36310312151908875,0.4187500476837158
1872,38,21,-0.1405952125787735,-0.4256279468536377,-0.36310312151908875,0.4187500476837158
1873,38,22,-0.18476974964141846,-0.7908141016960144,-0.36310312151908875,0.4187500476837158
1874,38,23,-0.12332185357809067,-0.1876574158668518,-0.36310312151908875,0.4187500476837158
1875,38,24,-0.027259517461061478,-0.27269428968429565,-0.36310312151908875,0.4187500476837158
1876,38,25,-0.0476338155567646,-0.7848705649375916,-0.36310312151908875,0.4187500476837158
1877,38,26,0.04366839677095413,-0.7190468907356262,-0.36310312151908875,0.4187500476837158
1878,38,27,0.05973745137453079,-0.8744126558303833,-0.36310312151908875,0.4187500476837158
1879,38,28,0.1854850947856903,-0.46413037180900574,-0.36310312151908875,0.4187500476837158
1880,38,29,0.27251940965652466,-0.6948960423469543,-0.36310312151908875,0.4187500476837158
1881,38,30,0.1014019325375557,-0.3517335057258606,-0.36310312151908875,0.4187500476837158
1882,38,31,-0.0976485162973404,-0.2511945366859436,-0.36310312151908875,0.4187500476837158
1883,38,32,0.04341411218047142,-0.29852771759033203,-0.36310312151908875,0.4187500476837158
1884,38,33,-0.05967968329787254,-0.05727691948413849,-0.36310312151908875,0.4187500476837158
1885,38,34,-0.023374302312731743,-0.7497581839561462,-0.36310312151908875,0.4187500476837158
1886,38,35,0.17819838225841522,-0.0686262771487236,-0.36310312151908875,0.4187500476837158
1887,38,36,0.16554386913776398,-0.310794472694397,-0.36310312151908875,0.4187500476837158
1888,38,37,0.24475015699863434,-0.14435923099517822,-0.36310312151908875,0.4187500476837158
1889,38,38,0.12081413716077805,-1.0,-0.36310312151908875,0.4187500476837158
1890,38,39,-0.03346061706542969,-0.7000621557235718,-0.36310312151908875,0.4187500476837158
1891,38,40,-0.02627127803862095,-0.5031371712684631,-0.36310312151908875,0.4187500476837158
1892,38,41,0.10727502405643463,-0.5099021196365356,-0.36310312151908875,0.4187500476837158
1893,38,42,-0.12333317846059799,-0.39106059074401855,-0.36310312151908875,0.4187500476837158
1894,38,43,-0.09630660712718964,-0.2929401397705078,-0.36310312151908875,0.4187500476837158
1895,38,44,0.0565679706633091,-0.888836145401001,-0.36310312151908875,0.4187500476837158
1896,38,45,0.19256487488746643,-0.4192291498184204,-0.36310312151908875,0.4187500476837158
1897,38,46,0.04897774010896683,-0.12436394393444061,-0.36310312151908875,0.4187500476837158
1898,38,47,-0.1416875571012497,-0.21570076048374176,-0.36310312151908875,0.4187500476837158
1899,38,48,-0.04533534124493599,-0.45361629128456116,-0.36310312151908875,0.4187500476837158
1900,38,49,0.06921179592609406,-0.4520970582962036,-0.36310312151908875,0.4187500476837158
1901,39,0,0.30014878511428833,-0.3333875238895416,-0.3632323443889618,0.4668141305446625
1902,39,1,-0.07959512621164322,0.18260736763477325,-0.3632323443889618,0.4668141305446625
1903,39,2,0.3093770742416382,0.15251901745796204,-0.3632323443889618,0.4668141305446625
1904,39,3,-0.08038415759801865,-0.13317956030368805,-0.3632323443889618,0.4668141305446625
1905,39,4,-0.23067530989646912,-0.36245793104171753,-0.3632323443889618,0.4668141305446625
1906,39,5,-0.12031355500221252,-0.09773190319538116,-0.3632323443889618,0.4668141305446625
1907,39,6,0.08977598696947098,-0.21895785629749298,-0.3632323443889618,0.4668141305446625
1908,39,7,0.3682427704334259,-0.6276239156723022,-0.3632323443889618,0.4668141305446625
1909,39,8,0.4187946021556854,-0.07234172523021698,-0.3632323443889618,0.4668141305446625
1910,39,9,0.30940112471580505,-0.12461349368095398,-0.3632323443889618,0.4668141305446625
1911,39,10,0.266411155462265,-0.40109503269195557,-0.3632323443889618,0.4668141305446625
1912,39,11,0.11627048999071121,-0.8173712491989136,-0.3632323443889618,0.4668141305446625
1913,39,12,0.036892909556627274,-0.3892378509044647,-0.3632323443889618,0.4668141305446625
1914,39,13,0.09254983067512512,-0.14562559127807617,-0.3632323443889618,0.4668141305446625
1915,39,14,0.17992982268333435,-0.8092061281204224,-0.3632323443889618,0.4668141305446625
1916,39,15,0.18923696875572205,-0.6289898157119751,-0.3632323443889618,0.4668141305446625
1917,39,16,0.09469004720449448,-0.5370861887931824,-0.3632323443889618,0.4668141305446625
1918,39,17,0.16309356689453125,-0.46645769476890564,-0.3632323443889618,0.4668141305446625
1919,39,18,0.34009692072868347,-0.19445498287677765,-0.3632323443889618,0.4668141305446625
1920,39,19,-0.12998147308826447,-1.0,-0.3632323443889618,0.4668141305446625
1921,39,20,-0.202503964304924,-0.3020347058773041,-0.3632323443889618,0.4668141305446625
1922,39,21,-0.15341904759407043,0.28211069107055664,-0.3632323443889618,0.4668141305446625
1923,39,22,-0.10642049461603165,-0.4840952157974243,-0.3632323443889618,0.4668141305446625
1924,39,23,-0.06325516849756241,-0.5038092732429504,-0.3632323443889618,0.4668141305446625
1925,39,24,-0.057838402688503265,-0.6667664051055908,-0.3632323443889618,0.4668141305446625
1926,39,25,0.29375597834587097,-0.6596851348876953,-0.3632323443889618,0.4668141305446625
1927,39,26,0.3126957416534424,-0.3592727780342102,-0.3632323443889618,0.4668141305446625
1928,39,27,0.5054254531860352,-0.31156882643699646,-0.3632323443889618,0.4668141305446625
1929,39,28,0.31694597005844116,-0.005652476567775011,-0.3632323443889618,0.4668141305446625
1930,39,29,0.11155985295772552,-0.29910627007484436,-0.3632323443889618,0.4668141305446625
1931,39,30,-0.02132902480661869,-0.371989905834198,-0.3632323443889618,0.4668141305446625
1932,39,31,-0.07789665460586548,-0.47007155418395996,-0.3632323443889618,0.4668141305446625
1933,39,32,-0.049003299325704575,0.07292088121175766,-0.3632323443889618,0.4668141305446625
1934,39,33,-0.20980235934257507,-0.23105494678020477,-0.3632323443889618,0.4668141305446625
1935,39,34,0.1125442236661911,-0.4055273234844208,-0.3632323443889618,0.4668141305446625
1936,39,35,0.24414581060409546,0.020978989079594612,-0.3632323443889618,0.4668141305446625
1937,39,36,-0.003956989385187626,0.11487266421318054,-0.3632323443889618,0.4668141305446625
1938,39,37,-0.19696010649204254,-0.2406587153673172,-0.3632323443889618,0.4668141305446625
1939,39,38,-0.32352808117866516,-0.17145361006259918,-0.3632323443889618,0.4668141305446625
1940,39,39,-0.09415552020072937,-0.4207603633403778,-0.3632323443889618,0.4668141305446625
1941,39,40,0.12137572467327118,-0.8948816061019897,-0.3632323443889618,0.4668141305446625
1942,39,41,-0.045189209282398224,-0.13231031596660614,-0.3632323443889618,0.4668141305446625
1943,39,42,-0.3509146273136139,-0.22387798130512238,-0.3632323443889618,0.4668141305446625
1944,39,43,-0.05555769428610802,-0.668545126914978,-0.3632323443889618,0.4668141305446625
1945,39,44,0.2602652609348297,0.11987677961587906,-0.3632323443889618,0.4668141305446625
1946,39,45,0.14961963891983032,-0.7029070854187012,-0.3632323443889618,0.4668141305446625
1947,39,46,0.1033918708562851,-0.6535789966583252,-0.3632323443889618,0.4668141305446625
1948,39,47,0.05208297446370125,0.007869449444115162,-0.3632323443889618,0.4668141305446625
1949,39,48,0.09032566100358963,-0.07902441918849945,-0.3632323443889618,0.4668141305446625
1950,39,49,0.24238798022270203,-0.5475090146064758,-0.3632323443889618,0.4668141305446625
1951,40,0,0.1301123946905136,-0.3034626841545105,-0.41779813170433044,0.4892367124557495
1952,40,1,0.414191871881485,-0.3520953953266144,-0.41779813170433044,0.4892367124557495
1953,40,2,0.03532324731349945,-0.48134860396385193,-0.41779813170433044,0.4892367124557495
1954,40,3,-0.16058948636054993,-0.49740034341812134,-0.41779813170433044,0.4892367124557495
1955,40,4,0.019064927473664284,-0.2585606276988983,-0.41779813170433044,0.4892367124557495
1956,40,5,0.3880847096443176,-0.42265352606773376,-0.41779813170433044,0.4892367124557495
1957,40,6,0.03910498693585396,-0.7252494692802429,-0.41779813170433044,0.4892367124557495
1958,40,7,-0.25969964265823364,-0.2993772625923157,-0.41779813170433044,0.4892367124557495
1959,40,8,-0.25088074803352356,-0.5123854875564575,-0.41779813170433044,0.4892367124557495
1960,40,9,-0.2782881259918213,-0.2861056327819824,-0.41779813170433044,0.4892367124557495
1961,40,10,-0.13883070647716522,-0.37307319045066833,-0.41779813170433044,0.4892367124557495
1962,40,11,0.04503997787833214,-0.9939205050468445,-0.41779813170433044,0.4892367124557495
1963,40,12,0.027004661038517952,-0.8321666121482849,-0.41779813170433044,0.4892367124557495
1964,40,13,-0.04402325674891472,-0.7845005989074707,-0.41779813170433044,0.4892367124557495
1965,40,14,-0.44110122323036194,-0.7202256321907043,-0.41779813170433044,0.4892367124557495
1966,40,15,-0.36655062437057495,-0.5836524367332458,-0.41779813170433044,0.4892367124557495
1967,40,16,0.05241486802697182,-0.45991477370262146,-0.41779813170433044,0.4892367124557495
1968,40,17,0.17222702503204346,-0.2111472487449646,-0.41779813170433044,0.4892367124557495
1969,40,18,0.3326655626296997,-0.59029620885849,-0.41779813170433044,0.4892367124557495
1970,40,19,0.04439419507980347,-0.4146765172481537,-0.41779813170433044,0.4892367124557495
1971,40,20,-0.08064804971218109,-0.2593717873096466,-0.41779813170433044,0.4892367124557495
1972,40,21,-0.03218923509120941,-0.415482759475708,-0.41779813170433044,0.4892367124557495
1973,40,22,-0.23831306397914886,-0.260338693857193,-0.41779813170433044,0.4892367124557495
1974,40,23,-0.22811108827590942,-0.9563408493995667,-0.41779813170433044,0.4892367124557495
1975,40,24,-0.09449271112680435,-0.6171380281448364,-0.41779813170433044,0.4892367124557495
1976,40,25,-0.056744370609521866,-0.8211535215377808,-0.41779813170433044,0.4892367124557495
1977,40,26,-0.04966004192829132,-0.44011157751083374,-0.41779813170433044,0.4892367124557495
1978,40,27,-0.5663083791732788,-0.4276825189590454,-0.41779813170433044,0.4892367124557495
1979,40,28,-0.11668018251657486,-0.6586937308311462,-0.41779813170433044,0.4892367124557495
1980,40,29,0.012219561263918877,-0.38193416595458984,-0.41779813170433044,0.4892367124557495
1981,40,30,0.46308204531669617,-0.19087587296962738,-0.41779813170433044,0.4892367124557495
1982,40,31,0.34546753764152527,-0.3648429811000824,-0.41779813170433044,0.4892367124557495
1983,40,32,0.33552420139312744,-0.3001128137111664,-0.41779813170433044,0.4892367124557495
1984,40,33,0.32456958293914795,-0.36892926692962646,-0.41779813170433044,0.4892367124557495
1985,40,34,0.21586783230304718,-0.5622087121009827,-0.41779813170433044,0.4892367124557495
1986,40,35,0.3274810016155243,-0.04699612036347389,-0.41779813170433044,0.4892367124557495
1987,40,36,0.45108503103256226,-0.039197973906993866,-0.41779813170433044,0.4892367124557495
1988,40,37,0.5757991075515747,-0.6882912516593933,-0.41779813170433044,0.4892367124557495
1989,40,38,0.45755884051322937,0.005242019891738892,-0.41779813170433044,0.4892367124557495
1990,40,39,0.3131316304206848,-0.4880492389202118,-0.41779813170433044,0.4892367124557495
1991,40,40,0.19434872269630432,-0.9097234606742859,-0.41779813170433044,0.4892367124557495
1992,40,41,0.30909302830696106,-0.45818281173706055,-0.41779813170433044,0.4892367124557495
1993,40,42,0.3068283498287201,-0.39511075615882874,-0.41779813170433044,0.4892367124557495
1994,40,43,0.390239417552948,-0.32008036971092224,-0.41779813170433044,0.4892367124557495
1995,40,44,0.03991709649562836,-0.11316296458244324,-0.41779813170433044,0.4892367124557495
1996,40,45,0.1503797322511673,-0.21511802077293396,-0.41779813170433044,0.4892367124557495
1997,40,46,0.08493336290121078,-0.6120348572731018,-0.41779813170433044,0.4892367124557495
1998,40,47,0.14922238886356354,-0.7334898710250854,-0.41779813170433044,0.4892367124557495
1999,40,48,-0.07976056635379791,-0.7013499140739441,-0.41779813170433044,0.4892367124557495
2000,40,49,0.20592740178108215,-0.5283991694450378,-0.41779813170433044,0.4892367124557495
2001,41,0,-0.1405293494462967,-0.44283851981163025,-0.36192119121551514,0.4950127601623535
2002,41,1,-0.12159324437379837,0.007875431329011917,-0.36192119121551514,0.4950127601623535
2003,41,2,-0.27791452407836914,-0.5375881791114807,-0.36192119121551514,0.4950127601623535
2004,41,3,0.11049340665340424,-0.20290671288967133,-0.36192119121551514,0.4950127601623535
2005,41,4,0.44490352272987366,-0.09492067247629166,-0.36192119121551514,0.4950127601623535
2006,41,5,0.4181959927082062,-0.4154471755027771,-0.36192119121551514,0.4950127601623535
2007,41,6,0.32708990573883057,-0.3374655246734619,-0.36192119121551514,0.4950127601623535
2008,41,7,-0.10849431157112122,-0.11925065517425537,-0.36192119121551514,0.4950127601623535
2009,41,8,-0.15606020390987396,-0.5974875688552856,-0.36192119121551514,0.4950127601623535
2010,41,9,-0.07571955770254135,-0.3104572594165802,-0.36192119121551514,0.4950127601623535
2011,41,10,-0.07188987731933594,-0.6004515886306763,-0.36192119121551514,0.4950127601623535
2012,41,11,0.11697395890951157,-0.4135083556175232,-0.36192119121551514,0.4950127601623535
2013,41,12,-0.31947845220565796,-0.6097632646560669,-0.36192119121551514,0.4950127601623535
2014,41,13,-0.5722436308860779,-0.053277622908353806,-0.36192119121551514,0.4950127601623535
2015,41,14,-0.4490155577659607,-0.127916157245636,-0.36192119121551514,0.4950127601623535
2016,41,15,0.3376646041870117,-0.3928956091403961,-0.36192119121551514,0.4950127601623535
2017,41,16,0.5461995601654053,-0.435546338558197,-0.36192119121551514,0.4950127601623535
2018,41,17,0.40836459398269653,-0.5463917851448059,-0.36192119121551514,0.4950127601623535
2019,41,18,0.27472925186157227,-0.03932482749223709,-0.36192119121551514,0.4950127601623535
2020,41,19,-0.02711988426744938,-0.5535390377044678,-0.36192119121551514,0.4950127601623535
2021,41,20,0.18220676481723785,-0.17711789906024933,-0.36192119121551514,0.4950127601623535
2022,41,21,0.41952571272850037,-0.5691956281661987,-0.36192119121551514,0.4950127601623535
2023,41,22,0.25365614891052246,-0.32561707496643066,-0.36192119121551514,0.4950127601623535
2024,41,23,0.07591890543699265,-0.17993155121803284,-0.36192119121551514,0.4950127601623535
2025,41,24,-0.06664793938398361,0.11185615509748459,-0.36192119121551514,0.4950127601623535
2026,41,25,0.09399010241031647,-0.4861176311969757,-0.36192119121551514,0.4950127601623535
2027,41,26,-0.03542952239513397,-0.19754047691822052,-0.36192119121551514,0.4950127601623535
2028,41,27,0.0966813713312149,-0.10416779667139053,-0.36192119121551514,0.4950127601623535
2029,41,28,0.061244670301675797,-0.23413439095020294,-0.36192119121551514,0.4950127601623535
2030,41,29,0.24787990748882294,-0.4076041579246521,-0.36192119121551514,0.4950127601623535
2031,41,30,0.47337469458580017,-0.024654261767864227,-0.36192119121551514,0.4950127601623535
2032,41,31,0.2443857640028,-0.9091802835464478,-0.36192119121551514,0.4950127601623535
2033,41,32,-0.20470625162124634,-0.39322853088378906,-0.36192119121551514,0.4950127601623535
2034,41,33,-0.5241782069206238,-0.18228565156459808,-0.36192119121551514,0.4950127601623535
2035,41,34,-0.47520697116851807,-0.40198469161987305,-0.36192119121551514,0.4950127601623535
2036,41,35,-0.4418921172618866,-0.6321387887001038,-0.36192119121551514,0.4950127601623535
2037,41,36,-0.36801713705062866,-0.4780310392379761,-0.36192119121551514,0.4950127601623535
2038,41,37,-0.12319028377532959,-0.5330783128738403,-0.36192119121551514,0.4950127601623535
2039,41,38,0.2548481225967407,-0.08310443162918091,-0.36192119121551514,0.4950127601623535
2040,41,39,0.20043380558490753,-0.5465176105499268,-0.36192119121551514,0.4950127601623535
2041,41,40,0.255555659532547,-0.1142357885837555,-0.36192119121551514,0.4950127601623535
2042,41,41,-0.4566543698310852,-0.3105398118495941,-0.36192119121551514,0.4950127601623535
2043,41,42,-0.0871538445353508,-0.6070870161056519,-0.36192119121551514,0.4950127601623535
2044,41,43,-0.06666475534439087,-0.17940154671669006,-0.36192119121551514,0.4950127601623535
2045,41,44,-0.2089715301990509,-0.6008522510528564,-0.36192119121551514,0.4950127601623535
2046,41,45,0.10371056199073792,-0.25292181968688965,-0.36192119121551514,0.4950127601623535
2047,41,46,0.2719407081604004,-0.5643683075904846,-0.36192119121551514,0.4950127601623535
2048,41,47,0.4069522023200989,-0.6204314827919006,-0.36192119121551514,0.4950127601623535
2049,41,48,0.41868048906326294,-0.1107393205165863,-0.36192119121551514,0.4950127601623535
2050,41,49,0.387971967458725,-0.8216490745544434,-0.36192119121551514,0.4950127601623535
2051,42,0,-0.05142606049776077,-0.16268551349639893,-0.31504058837890625,0.46115127205848694
2052,42,1,0.04364370182156563,-0.39417898654937744,-0.31504058837890625,0.46115127205848694
2053,42,2,-0.22588104009628296,-0.5190485119819641,-0.31504058837890625,0.46115127205848694
2054,42,3,-0.36296790838241577,-0.7646343111991882,-0.31504058837890625,0.46115127205848694
2055,42,4,-0.5228199362754822,-0.6901084780693054,-0.31504058837890625,0.46115127205848694
2056,42,5,0.020279336720705032,-0.03865581378340721,-0.31504058837890625,0.46115127205848694
2057,42,6,0.2947086691856384,-0.34245744347572327,-0.31504058837890625,0.46115127205848694
2058,42,7,-0.08526620268821716,-0.10950600355863571,-0.31504058837890625,0.46115127205848694
2059,42,8,0.21785935759544373,-0.43265318870544434,-0.31504058837890625,0.46115127205848694
2060,42,9,-0.3512175977230072,-0.35687026381492615,-0.31504058837890625,0.46115127205848694
2061,42,10,-0.2589740753173828,-0.7707637548446655,-0.31504058837890625,0.46115127205848694
2062,42,11,-0.135205939412117,-0.5424407720565796,-0.31504058837890625,0.46115127205848694
2063,42,12,-0.2983718812465668,-0.1556588113307953,-0.31504058837890625,0.46115127205848694
2064,42,13,0.10289362072944641,-0.7376750707626343,-0.31504058837890625,0.46115127205848694
2065,42,14,0.5362980365753174,-0.5348448157310486,-0.31504058837890625,0.46115127205848694
2066,42,15,0.23186491429805756,-0.2099233716726303,-0.31504058837890625,0.46115127205848694
2067,42,16,0.10921967029571533,-0.315152645111084,-0.31504058837890625,0.46115127205848694
2068,42,17,0.06765203922986984,-0.15527240931987762,-0.31504058837890625,0.46115127205848694
2069,42,18,-0.18651582300662994,-0.7613192200660706,-0.31504058837890625,0.46115127205848694
2070,42,19,-0.24215175211429596,0.11407248675823212,-0.31504058837890625,0.46115127205848694
2071,42,20,0.30333924293518066,-0.8273270726203918,-0.31504058837890625,0.46115127205848694
2072,42,21,-0.08298467844724655,-0.369034081697464,-0.31504058837890625,0.46115127205848694
2073,42,22,-0.04010005667805672,-0.24610468745231628,-0.31504058837890625,0.46115127205848694
2074,42,23,0.03931671380996704,-0.5212292671203613,-0.31504058837890625,0.46115127205848694
2075,42,24,-0.09253012388944626,-0.6761677265167236,-0.31504058837890625,0.46115127205848694
2076,42,25,-0.20356401801109314,-0.12143337726593018,-0.31504058837890625,0.46115127205848694
2077,42,26,0.09462150186300278,-0.29986053705215454,-0.31504058837890625,0.46115127205848694
2078,42,27,0.19272522628307343,0.07605523616075516,-0.31504058837890625,0.46115127205848694
2079,42,28,-0.0884624794125557,-0.16997811198234558,-0.31504058837890625,0.46115127205848694
2080,42,29,-0.3581570088863373,-0.1717466562986374,-0.31504058837890625,0.46115127205848694
2081,42,30,-0.0725410208106041,-0.8482599854469299,-0.31504058837890625,0.46115127205848694
2082,42,31,-0.011079506948590279,-0.24309782683849335,-0.31504058837890625,0.46115127205848694
2083,42,32,-0.21106842160224915,-0.35180750489234924,-0.31504058837890625,0.46115127205848694
2084,42,33,-0.05636998265981674,-0.5000574588775635,-0.31504058837890625,0.46115127205848694
2085,42,34,0.159902885556221,-0.46575960516929626,-0.31504058837890625,0.46115127205848694
2086,42,35,0.11284148693084717,-0.7859531044960022,-0.31504058837890625,0.46115127205848694
2087,42,36,0.2792285084724426,-0.14481882750988007,-0.31504058837890625,0.46115127205848694
2088,42,37,0.13472729921340942,-0.6978513598442078,-0.31504058837890625,0.46115127205848694
2089,42,38,0.22609230875968933,-0.48480796813964844,-0.31504058837890625,0.46115127205848694
2090,42,39,0.19513274729251862,-0.5729591846466064,-0.31504058837890625,0.46115127205848694
2091,42,40,-0.020015696063637733,-0.04259060323238373,-0.31504058837890625,0.46115127205848694
2092,42,41,0.1918237954378128,-0.36615076661109924,-0.31504058837890625,0.46115127205848694
2093,42,42,0.31124237179756165,-0.20080077648162842,-0.31504058837890625,0.46115127205848694
2094,42,43,0.11647067964076996,-0.45249104499816895,-0.31504058837890625,0.46115127205848694
2095,42,44,0.23079423606395721,-0.14906558394432068,-0.31504058837890625,0.46115127205848694
2096,42,45,-0.10284621268510818,-0.26425617933273315,-0.31504058837890625,0.46115127205848694
2097,42,46,0.016010383144021034,-0.5018404126167297,-0.31504058837890625,0.46115127205848694
2098,42,47,-0.0006184476660564542,-0.7740626931190491,-0.31504058837890625,0.46115127205848694
2099,42,48,-0.3535833954811096,-0.4224865436553955,-0.31504058837890625,0.46115127205848694
2100,42,49,-0.06617862731218338,-0.40241914987564087,-0.31504058837890625,0.46115127205848694
2101,43,0,-0.17811399698257446,-0.2831704914569855,-0.3489488363265991,0.35127148032188416
2102,43,1,-0.3050099015235901,-0.42545002698898315,-0.3489488363265991,0.35127148032188416
2103,43,2,-0.3438013195991516,-0.761919379234314,-0.3489488363265991,0.35127148032188416
2104,43,3,-0.10414168238639832,-0.4072408080101013,-0.3489488363265991,0.35127148032188416
2105,43,4,0.11707296222448349,-0.11864486336708069,-0.3489488363265991,0.35127148032188416
2106,43,5,0.13321784138679504,-0.47421911358833313,-0.3489488363265991,0.35127148032188416
2107,43,6,0.07639804482460022,-0.1935931146144867,-0.3489488363265991,0.35127148032188416
2108,43,7,-0.004152433015406132,-0.1038435697555542,-0.3489488363265991,0.35127148032188416
2109,43,8,-0.13103283941745758,-0.026078693568706512,-0.3489488363265991,0.35127148032188416
2110,43,9,-0.05608610063791275,-0.1017819419503212,-0.3489488363265991,0.35127148032188416
2111,43,10,0.1683858186006546,-0.5027903318405151,-0.3489488363265991,0.35127148032188416
2112,43,11,0.13506491482257843,-0.027642041444778442,-0.3489488363265991,0.35127148032188416
2113,43,12,0.12301527708768845,-0.5093139410018921,-0.3489488363265991,0.35127148032188416
2114,43,13,0.31431734561920166,-0.3830236792564392,-0.3489488363265991,0.35127148032188416
2115,43,14,0.23895835876464844,-0.6751042008399963,-0.3489488363265991,0.35127148032188416
2116,43,15,0.2623194456100464,-0.5163087248802185,-0.3489488363265991,0.35127148032188416
2117,43,16,0.21196916699409485,0.032330602407455444,-0.3489488363265991,0.35127148032188416
2118,43,17,0.3182069659233093,-0.3736850917339325,-0.3489488363265991,0.35127148032188416
2119,43,18,0.2913282513618469,-0.33021268248558044,-0.3489488363265991,0.35127148032188416
2120,43,19,0.018708229064941406,-0.8178843259811401,-0.3489488363265991,0.35127148032188416
2121,43,20,0.02295936644077301,-0.19851897656917572,-0.3489488363265991,0.35127148032188416
2122,43,21,-0.028803657740354538,0.23780488967895508,-0.3489488363265991,0.35127148032188416
2123,43,22,-0.25518107414245605,0.2728712856769562,-0.3489488363265991,0.35127148032188416
2124,43,23,-0.28565388917922974,-0.6139851212501526,-0.3489488363265991,0.35127148032188416
2125,43,24,-0.04386400803923607,-0.19749952852725983,-0.3489488363265991,0.35127148032188416
2126,43,25,0.15835367143154144,-0.43884554505348206,-0.3489488363265991,0.35127148032188416
2127,43,26,0.1487361341714859,-0.612880527973175,-0.3489488363265991,0.35127148032188416
2128,43,27,-0.3401535749435425,-0.3210565149784088,-0.3489488363265991,0.35127148032188416
2129,43,28,-0.203937828540802,-0.4090714752674103,-0.3489488363265991,0.35127148032188416
2130,43,29,0.0884389877319336,-0.5007162690162659,-0.3489488363265991,0.35127148032188416
2131,43,30,0.3489203453063965,-0.3721732199192047,-0.3489488363265991,0.35127148032188416
2132,43,31,0.3042014539241791,-0.657366931438446,-0.3489488363265991,0.35127148032188416
2133,43,32,0.18483108282089233,-0.6381084322929382,-0.3489488363265991,0.35127148032188416
2134,43,33,0.0401851125061512,-0.5341442823410034,-0.3489488363265991,0.35127148032188416
2135,43,34,0.21432508528232574,-0.4449351131916046,-0.3489488363265991,0.35127148032188416
2136,43,35,0.42824679613113403,0.045845434069633484,-0.3489488363265991,0.35127148032188416
2137,43,36,0.1001414880156517,-0.3350690007209778,-0.3489488363265991,0.35127148032188416
2138,43,37,-0.07045651227235794,-0.07350798696279526,-0.3489488363265991,0.35127148032188416
2139,43,38,-0.08498629182577133,-0.24818751215934753,-0.3489488363265991,0.35127148032188416
2140,43,39,0.18695609271526337,-0.33504560589790344,-0.3489488363265991,0.35127148032188416
2141,43,40,0.31173548102378845,-0.36285269260406494,-0.3489488363265991,0.35127148032188416
2142,43,41,0.06533883512020111,-0.3983842432498932,-0.3489488363265991,0.35127148032188416
2143,43,42,-0.08234407752752304,-0.18332134187221527,-0.3489488363265991,0.35127148032188416
2144,43,43,0.13344603776931763,-0.5582687854766846,-0.3489488363265991,0.35127148032188416
2145,43,44,0.07537626475095749,-0.3101353645324707,-0.3489488363265991,0.35127148032188416
2146,43,45,0.1488467901945114,-0.1037060096859932,-0.3489488363265991,0.35127148032188416
2147,43,46,0.010330629535019398,-0.4406135082244873,-0.3489488363265991,0.35127148032188416
2148,43,47,-0.1531367152929306,-0.4786888659000397,-0.3489488363265991,0.35127148032188416
2149,43,48,-0.2927614450454712,0.04699328541755676,-0.3489488363265991,0.35127148032188416
2150,43,49,-0.45464131236076355,-0.5616278052330017,-0.3489488363265991,0.35127148032188416
2151,44,0,0.2698390781879425,-0.44833630323410034,-0.3959144949913025,0.28146469593048096
2152,44,1,0.2491077184677124,-0.21686352789402008,-0.3959144949913025,0.28146469593048096
2153,44,2,0.16616882383823395,-0.17156445980072021,-0.3959144949913025,0.28146469593048096
2154,44,3,-0.05827968567609787,-0.35191288590431213,-0.3959144949913025,0.28146469593048096
2155,44,4,-0.027044856920838356,-0.4803631007671356,-0.3959144949913025,0.28146469593048096
2156,44,5,-0.16203133761882782,-0.09509624540805817,-0.3959144949913025,0.28146469593048096
2157,44,6,-0.11247464269399643,-0.07953273504972458,-0.3959144949913025,0.28146469593048096
2158,44,7,-0.13996060192584991,-0.2348031848669052,-0.3959144949913025,0.28146469593048096
2159,44,8,0.21578168869018555,-0.1960589438676834,-0.3959144949913025,0.28146469593048096
2160,44,9,-0.02123292349278927,-1.0,-0.3959144949913025,0.28146469593048096
2161,44,10,-0.3135858476161957,-0.48843899369239807,-0.3959144949913025,0.28146469593048096
2162,44,11,-0.2298639714717865,-0.38340285420417786,-0.3959144949913025,0.28146469593048096
2163,44,12,-0.18043139576911926,-0.5611752867698669,-0.3959144949913025,0.28146469593048096
2164,44,13,-0.26035597920417786,-0.9079080820083618,-0.3959144949913025,0.28146469593048096
2165,44,14,0.19028019905090332,-0.23987452685832977,-0.3959144949913025,0.28146469593048096
2166,44,15,0.18171362578868866,0.057884130626916885,-0.3959144949913025,0.28146469593048096
2167,44,16,-0.01022939383983612,-0.48153576254844666,-0.3959144949913025,0.28146469593048096
2168,44,17,-0.22843226790428162,-0.7343477010726929,-0.3959144949913025,0.28146469593048096
2169,44,18,0.0220476221293211,-0.09381256997585297,-0.3959144949913025,0.28146469593048096
2170,44,19,0.27115628123283386,-0.13209930062294006,-0.3959144949913025,0.28146469593048096
2171,44,20,0.11667510122060776,-0.35335657000541687,-0.3959144949913025,0.28146469593048096
2172,44,21,0.3636092245578766,-0.238803893327713,-0.3959144949913025,0.28146469593048096
2173,44,22,0.16136227548122406,-0.1646939367055893,-0.3959144949913025,0.28146469593048096
2174,44,23,-0.10819569230079651,-0.38115110993385315,-0.3959144949913025,0.28146469593048096
2175,44,24,-0.00853050034493208,-0.3416542410850525,-0.3959144949913025,0.28146469593048096
2176,44,25,0.04379396513104439,-0.41113144159317017,-0.3959144949913025,0.28146469593048096
2177,44,26,-0.15945497155189514,-0.40770238637924194,-0.3959144949913025,0.28146469593048096
2178,44,27,-0.0314984954893589,-0.20245948433876038,-0.3959144949913025,0.28146469593048096
2179,44,28,-0.049052875488996506,-0.35689276456832886,-0.3959144949913025,0.28146469593048096
2180,44,29,-0.1719159185886383,-0.7280776500701904,-0.3959144949913025,0.28146469593048096
2181,44,30,-0.15165305137634277,-0.8281649947166443,-0.3959144949913025,0.28146469593048096
2182,44,31,-0.029370982199907303,-0.08983494341373444,-0.3959144949913025,0.28146469593048096
2183,44,32,-0.18328098952770233,-0.19723786413669586,-0.3959144949913025,0.28146469593048096
2184,44,33,0.11700254678726196,-0.4886235296726227,-0.3959144949913025,0.28146469593048096
2185,44,34,0.05407903343439102,-0.10910188406705856,-0.3959144949913025,0.28146469593048096
2186,44,35,-0.22566170990467072,-0.339881956577301,-0.3959144949913025,0.28146469593048096
2187,44,36,0.08680704981088638,-0.3502156734466553,-0.3959144949913025,0.28146469593048096
2188,44,37,-0.07448072731494904,-0.26447436213493347,-0.3959144949913025,0.28146469593048096
2189,44,38,-0.17047959566116333,-0.3738658130168915,-0.3959144949913025,0.28146469593048096
2190,44,39,-0.2950949966907501,-0.63528972864151,-0.3959144949913025,0.28146469593048096
2191,44,40,-0.0028678218368440866,-0.14421945810317993,-0.3959144949913025,0.28146469593048096
2192,44,41,0.37536078691482544,-0.3096257448196411,-0.3959144949913025,0.28146469593048096
2193,44,42,0.518639326095581,-0.11051654070615768,-0.3959144949913025,0.28146469593048096
2194,44,43,0.46665823459625244,-0.7765039801597595,-0.3959144949913025,0.28146469593048096
2195,44,44,0.26925066113471985,-0.4804922938346863,-0.3959144949913025,0.28146469593048096
2196,44,45,0.077704057097435,-0.22833864390850067,-0.3959144949913025,0.28146469593048096
2197,44,46,-0.05672691762447357,0.0052994657307863235,-0.3959144949913025,0.28146469593048096
2198,44,47,-0.03897660970687866,-0.33456704020500183,-0.3959144949913025,0.28146469593048096
2199,44,48,0.19685442745685577,-0.05827474594116211,-0.3959144949913025,0.28146469593048096
2200,44,49,0.047029782086610794,-0.10619659721851349,-0.3959144949913025,0.28146469593048096
2201,45,0,-0.1695239096879959,-0.5297338962554932,-0.3354267477989197,0.24535499513149261
2202,45,1,-0.20647867023944855,-0.5777875781059265,-0.3354267477989197,0.24535499513149261
2203,45,2,-0.3714366853237152,-0.025034073740243912,-0.3354267477989197,0.24535499513149261
2204,45,3,-0.49144411087036133,-0.1772039830684662,-0.3354267477989197,0.24535499513149261
2205,45,4,-0.20929153263568878,-0.3428739607334137,-0.3354267477989197,0.24535499513149261
2206,45,5,0.18650992214679718,0.03426738455891609,-0.3354267477989197,0.24535499513149261
2207,45,6,0.09848117083311081,-0.42667895555496216,-0.3354267477989197,0.24535499513149261
2208,45,7,-0.07553933560848236,0.08048730343580246,-0.3354267477989197,0.24535499513149261
2209,45,8,-0.17126283049583435,0.17059625685214996,-0.3354267477989197,0.24535499513149261
2210,45,9,-0.06879552453756332,-0.31306177377700806,-0.3354267477989197,0.24535499513149261
2211,45,10,-0.14203689992427826,0.04376211017370224,-0.3354267477989197,0.24535499513149261
2212,45,11,-0.3195672929286957,-0.1510617434978485,-0.3354267477989197,0.24535499513149261
2213,45,12,-0.24674862623214722,-0.7683343887329102,-0.3354267477989197,0.24535499513149261
2214,45,13,0.24232719838619232,-0.07974784821271896,-0.3354267477989197,0.24535499513149261
2215,45,14,0.08872050046920776,-0.5941295623779297,-0.3354267477989197,0.24535499513149261
2216,45,15,-0.11510973423719406,-0.2102411985397339,-0.3354267477989197,0.24535499513149261
2217,45,16,-0.15839098393917084,-0.3941151797771454,-0.3354267477989197,0.24535499513149261
2218,45,17,0.1058996394276619,-0.5605307817459106,-0.3354267477989197,0.24535499513149261
2219,45,18,0.09735576063394547,-0.20975331962108612,-0.3354267477989197,0.24535499513149261
2220,45,19,0.06372180581092834,-0.28261470794677734,-0.3354267477989197,0.24535499513149261
2221,45,20,0.04838794097304344,-0.05075712502002716,-0.3354267477989197,0.24535499513149261
2222,45,21,-0.3640180826187134,-0.47336384654045105,-0.3354267477989197,0.24535499513149261
2223,45,22,-0.08530350774526596,-0.03973400592803955,-0.3354267477989197,0.24535499513149261
2224,45,23,-0.08598451316356659,-0.6390750408172607,-0.3354267477989197,0.24535499513149261
2225,45,24,0.006117223761975765,-0.37551212310791016,-0.3354267477989197,0.24535499513149261
2226,45,25,0.3617602288722992,-0.0013805752387270331,-0.3354267477989197,0.24535499513149261
2227,45,26,0.3412592113018036,-0.5388534665107727,-0.3354267477989197,0.24535499513149261
2228,45,27,0.30269113183021545,-0.46299198269844055,-0.3354267477989197,0.24535499513149261
2229,45,28,0.3704785108566284,-0.01827409118413925,-0.3354267477989197,0.24535499513149261
2230,45,29,0.2727660536766052,-0.2788601815700531,-0.3354267477989197,0.24535499513149261
2231,45,30,0.19182927906513214,0.0002296219754498452,-0.3354267477989197,0.24535499513149261
2232,45,31,0.13161006569862366,-0.33165574073791504,-0.3354267477989197,0.24535499513149261
2233,45,32,0.13466660678386688,-0.024285880848765373,-0.3354267477989197,0.24535499513149261
2234,45,33,0.16043463349342346,-0.8723060488700867,-0.3354267477989197,0.24535499513149261
2235,45,34,-0.13519759476184845,-0.33338823914527893,-0.3354267477989197,0.24535499513149261
2236,45,35,-0.07988280802965164,-0.2931157648563385,-0.3354267477989197,0.24535499513149261
2237,45,36,0.08920381218194962,-0.252860426902771,-0.3354267477989197,0.24535499513149261
2238,45,37,0.026144109666347504,-0.4690938889980316,-0.3354267477989197,0.24535499513149261
2239,45,38,-0.13164815306663513,-0.5189961791038513,-0.3354267477989197,0.24535499513149261
2240,45,39,-0.11947416514158249,-0.257843554019928,-0.3354267477989197,0.24535499513149261
2241,45,40,0.10058259218931198,-0.0932147428393364,-0.3354267477989197,0.24535499513149261
2242,45,41,0.473023384809494,-0.526154637336731,-0.3354267477989197,0.24535499513149261
2243,45,42,0.38042667508125305,-0.4615086019039154,-0.3354267477989197,0.24535499513149261
2244,45,43,0.1170952171087265,-0.5182797908782959,-0.3354267477989197,0.24535499513149261
2245,45,44,-0.047804586589336395,-0.4996037781238556,-0.3354267477989197,0.24535499513149261
2246,45,45,-0.10448428243398666,-0.3339981734752655,-0.3354267477989197,0.24535499513149261
2247,45,46,0.3440071940422058,-0.1823899745941162,-0.3354267477989197,0.24535499513149261
2248,45,47,0.529163658618927,-0.23506812751293182,-0.3354267477989197,0.24535499513149261
2249,45,48,0.24576587975025177,-0.6638676524162292,-0.3354267477989197,0.24535499513149261
2250,45,49,0.02303590252995491,-0.29536888003349304,-0.3354267477989197,0.24535499513149261
2251,46,0,-0.10395107418298721,-0.18513718247413635,-0.35647135972976685,0.23923799395561218
2252,46,1,0.10397420823574066,-0.6399502754211426,-0.35647135972976685,0.23923799395561218
2253,46,2,0.25267452001571655,-0.4647945463657379,-0.35647135972976685,0.23923799395561218
2254,46,3,0.17142976820468903,-0.49302932620048523,-0.35647135972976685,0.23923799395561218
2255,46,4,0.16169947385787964,-0.5165690183639526,-0.35647135972976685,0.23923799395561218
2256,46,5,0.30267801880836487,-0.5467774271965027,-0.35647135972976685,0.23923799395561218
2257,46,6,0.22364194691181183,-0.3282203674316406,-0.35647135972976685,0.23923799395561218
2258,46,7,0.3175506889820099,-0.6105151772499084,-0.35647135972976685,0.23923799395561218
2259,46,8,-0.4418889880180359,-0.40392833948135376,-0.35647135972976685,0.23923799395561218
2260,46,9,-0.528841495513916,-0.07309349626302719,-0.35647135972976685,0.23923799395561218
2261,46,10,0.3435700535774231,-0.5840422511100769,-0.35647135972976685,0.23923799395561218
2262,46,11,0.25611141324043274,-0.4352874159812927,-0.35647135972976685,0.23923799395561218
2263,46,12,-0.032341666519641876,-0.2389172613620758,-0.35647135972976685,0.23923799395561218
2264,46,13,0.12399006634950638,-0.14573733508586884,-0.35647135972976685,0.23923799395561218
2265,46,14,-0.20242959260940552,-0.02791435830295086,-0.35647135972976685,0.23923799395561218
2266,46,15,-0.1166016161441803,-0.6102386116981506,-0.35647135972976685,0.23923799395561218
2267,46,16,-0.507577657699585,-0.40311965346336365,-0.35647135972976685,0.23923799395561218
2268,46,17,-0.6496597528457642,-0.41591349244117737,-0.35647135972976685,0.23923799395561218
2269,46,18,-0.031055817380547523,-0.5765548348426819,-0.35647135972976685,0.23923799395561218
2270,46,19,0.4274267256259918,-0.6597101092338562,-0.35647135972976685,0.23923799395561218
2271,46,20,0.40999460220336914,-0.37376976013183594,-0.35647135972976685,0.23923799395561218
2272,46,21,0.4522675573825836,-0.5056388974189758,-0.35647135972976685,0.23923799395561218
2273,46,22,0.38462039828300476,-0.11987882107496262,-0.35647135972976685,0.23923799395561218
2274,46,23,0.12897124886512756,-0.43915852904319763,-0.35647135972976685,0.23923799395561218
2275,46,24,0.34836018085479736,-0.012553649954497814,-0.35647135972976685,0.23923799395561218
2276,46,25,0.642693817615509,-0.3511406481266022,-0.35647135972976685,0.23923799395561218
2277,46,26,0.21191565692424774,-0.4319717586040497,-0.35647135972976685,0.23923799395561218
2278,46,27,0.0458604171872139,-0.46441006660461426,-0.35647135972976685,0.23923799395561218
2279,46,28,0.025267072021961212,-0.6608880758285522,-0.35647135972976685,0.23923799395561218
2280,46,29,0.0005722708301618695,0.009905047714710236,-0.35647135972976685,0.23923799395561218
2281,46,30,0.3638344407081604,-0.3676334619522095,-0.35647135972976685,0.23923799395561218
2282,46,31,0.42548635601997375,-0.24017482995986938,-0.35647135972976685,0.23923799395561218
2283,46,32,0.08215593546628952,-0.10100807994604111,-0.35647135972976685,0.23923799395561218
2284,46,33,0.056702807545661926,-0.5235286355018616,-0.35647135972976685,0.23923799395561218
2285,46,34,0.06292564421892166,-0.28249743580818176,-0.35647135972976685,0.23923799395561218
2286,46,35,-0.07670281082391739,-0.0393400713801384,-0.35647135972976685,0.23923799395561218
2287,46,36,0.05540567263960838,-0.31166979670524597,-0.35647135972976685,0.23923799395561218
2288,46,37,0.15958626568317413,-0.26645925641059875,-0.35647135972976685,0.23923799395561218
2289,46,38,0.37770965695381165,-0.3274897038936615,-0.35647135972976685,0.23923799395561218
2290,46,39,0.1586451530456543,-0.7030940651893616,-0.35647135972976685,0.23923799395561218
2291,46,40,-0.12681521475315094,-0.44080957770347595,-0.35647135972976685,0.23923799395561218
2292,46,41,-0.0847247913479805,-0.21968384087085724,-0.35647135972976685,0.23923799395561218
2293,46,42,-0.17321427166461945,-0.4854775369167328,-0.35647135972976685,0.23923799395561218
2294,46,43,-0.28203779458999634,-0.4688098132610321,-0.35647135972976685,0.23923799395561218
2295,46,44,-0.0769910141825676,-0.37435632944107056,-0.35647135972976685,0.23923799395561218
2296,46,45,0.2062479555606842,-0.8513455986976624,-0.35647135972976685,0.23923799395561218
2297,46,46,0.3072589933872223,-0.23536311089992523,-0.35647135972976685,0.23923799395561218
2298,46,47,0.11035230755805969,-0.6038691401481628,-0.35647135972976685,0.23923799395561218
2299,46,48,0.055131714791059494,-0.7980307340621948,-0.35647135972976685,0.23923799395561218
2300,46,49,-0.14762377738952637,-0.11012127250432968,-0.35647135972976685,0.23923799395561218
2301,47,0,-0.21438784897327423,-0.8059443831443787,-0.39334502816200256,0.30833351612091064
2302,47,1,0.2964477241039276,-0.5727959871292114,-0.39334502816200256,0.30833351612091064
2303,47,2,0.30048707127571106,-0.5189470052719116,-0.39334502816200256,0.30833351612091064
2304,47,3,-0.020705154165625572,-0.2841809391975403,-0.39334502816200256,0.30833351612091064
2305,47,4,0.16801056265830994,-0.6647501587867737,-0.39334502816200256,0.30833351612091064
2306,47,5,-0.29001161456108093,-0.1704496294260025,-0.39334502816200256,0.30833351612091064
2307,47,6,0.13106317818164825,-0.40167614817619324,-0.39334502816200256,0.30833351612091064
2308,47,7,0.6641013622283936,-0.2554008364677429,-0.39334502816200256,0.30833351612091064
2309,47,8,0.2656879127025604,-0.3516206443309784,-0.39334502816200256,0.30833351612091064
2310,47,9,-0.22713252902030945,-0.5575682520866394,-0.39334502816200256,0.30833351612091064
2311,47,10,0.017069829627871513,-0.04828774929046631,-0.39334502816200256,0.30833351612091064
2312,47,11,0.08473661541938782,-0.09564720839262009,-0.39334502816200256,0.30833351612091064
2313,47,12,0.05776602029800415,-0.5620988607406616,-0.39334502816200256,0.30833351612091064
2314,47,13,-0.047066740691661835,-0.5044196844100952,-0.39334502816200256,0.30833351612091064
2315,47,14,-0.15988871455192566,-0.3146820068359375,-0.39334502816200256,0.30833351612091064
2316,47,15,-0.06844454258680344,-0.319425106048584,-0.39334502816200256,0.30833351612091064
2317,47,16,0.004006753209978342,-0.16975441575050354,-0.39334502816200256,0.30833351612091064
2318,47,17,0.07776319235563278,-0.6005644202232361,-0.39334502816200256,0.30833351612091064
2319,47,18,-0.375600665807724,-0.4131469130516052,-0.39334502816200256,0.30833351612091064
2320,47,19,-0.6111206412315369,-0.7356207370758057,-0.39334502816200256,0.30833351612091064
2321,47,20,-0.05752774700522423,-0.6017813086509705,-0.39334502816200256,0.30833351612091064
2322,47,21,-0.09124758839607239,-0.271212100982666,-0.39334502816200256,0.30833351612091064
2323,47,22,-0.18066109716892242,-0.17343831062316895,-0.39334502816200256,0.30833351612091064
2324,47,23,0.16434238851070404,-0.3801814913749695,-0.39334502816200256,0.30833351612091064
2325,47,24,-0.013982709497213364,-0.9949079751968384,-0.39334502816200256,0.30833351612091064
2326,47,25,-0.13621605932712555,-0.3066055178642273,-0.39334502816200256,0.30833351612091064
2327,47,26,0.018000878393650055,-0.45990297198295593,-0.39334502816200256,0.30833351612091064
2328,47,27,-0.09023691713809967,-0.43112772703170776,-0.39334502816200256,0.30833351612091064
2329,47,28,-0.16503331065177917,-0.5251961350440979,-0.39334502816200256,0.30833351612091064
2330,47,29,0.049925580620765686,-0.2870958745479584,-0.39334502816200256,0.30833351612091064
2331,47,30,0.12520094215869904,-0.2625805735588074,-0.39334502816200256,0.30833351612091064
2332,47,31,0.1254432648420334,-0.31996750831604004,-0.39334502816200256,0.30833351612091064
2333,47,32,0.14157165586948395,-0.5458450317382812,-0.39334502816200256,0.30833351612091064
2334,47,33,0.0943041518330574,-0.2955320477485657,-0.39334502816200256,0.30833351612091064
2335,47,34,0.16251099109649658,-0.5385969877243042,-0.39334502816200256,0.30833351612091064
2336,47,35,0.27335768938064575,-0.39467334747314453,-0.39334502816200256,0.30833351612091064
2337,47,36,0.376608282327652,-0.22281502187252045,-0.39334502816200256,0.30833351612091064
2338,47,37,0.48394447565078735,-0.6831437945365906,-0.39334502816200256,0.30833351612091064
2339,47,38,0.4658825695514679,-0.11472778767347336,-0.39334502816200256,0.30833351612091064
2340,47,39,0.21233679354190826,-0.5208911299705505,-0.39334502816200256,0.30833351612091064
2341,47,40,0.32667276263237,-0.21200361847877502,-0.39334502816200256,0.30833351612091064
2342,47,41,0.2675255239009857,-0.374663382768631,-0.39334502816200256,0.30833351612091064
2343,47,42,0.25843673944473267,-0.30171823501586914,-0.39334502816200256,0.30833351612091064
2344,47,43,0.22746367752552032,-0.5038850903511047,-0.39334502816200256,0.30833351612091064
2345,47,44,-0.1363711655139923,-0.514245867729187,-0.39334502816200256,0.30833351612091064
2346,47,45,-0.1815336048603058,-0.7146584987640381,-0.39334502816200256,0.30833351612091064
2347,47,46,0.2708078622817993,-0.17345678806304932,-0.39334502816200256,0.30833351612091064
2348,47,47,0.18872708082199097,-0.8410981893539429,-0.39334502816200256,0.30833351612091064
2349,47,48,0.10383863747119904,-0.24228623509407043,-0.39334502816200256,0.30833351612091064
2350,47,49,0.0031838184222579002,0.06035297363996506,-0.39334502816200256,0.30833351612091064
2351,48,0,0.029136372730135918,-0.39762139320373535,-0.3632529377937317,0.3777696192264557
2352,48,1,0.000940667581744492,-0.5065958499908447,-0.3632529377937317,0.3777696192264557
2353,48,2,-0.02941610850393772,-0.2771684527397156,-0.3632529377937317,0.3777696192264557
2354,48,3,-0.03349069878458977,-0.05214330926537514,-0.3632529377937317,0.3777696192264557
2355,48,4,0.024608490988612175,-0.19172829389572144,-0.3632529377937317,0.3777696192264557
2356,48,5,0.2997579276561737,-0.2636159658432007,-0.3632529377937317,0.3777696192264557
2357,48,6,0.32399582862854004,-0.5699187517166138,-0.3632529377937317,0.3777696192264557
2358,48,7,0.1112431064248085,-0.4683407247066498,-0.3632529377937317,0.3777696192264557
2359,48,8,-0.15717825293540955,-0.09400021284818649,-0.3632529377937317,0.3777696192264557
2360,48,9,0.04595908522605896,-0.008624132722616196,-0.3632529377937317,0.3777696192264557
2361,48,10,-0.21445812284946442,-0.045635320246219635,-0.3632529377937317,0.3777696192264557
2362,48,11,-0.1227497085928917,-0.5880456566810608,-0.3632529377937317,0.3777696192264557
2363,48,12,-0.5321281552314758,-0.33757534623146057,-0.3632529377937317,0.3777696192264557
2364,48,13,-0.24339227378368378,-0.23791968822479248,-0.3632529377937317,0.3777696192264557
2365,48,14,0.1002541109919548,-0.35956743359565735,-0.3632529377937317,0.3777696192264557
2366,48,15,-0.057647593319416046,-0.4920341372489929,-0.3632529377937317,0.3777696192264557
2367,48,16,-0.023970941081643105,-0.1419995278120041,-0.3632529377937317,0.3777696192264557
2368,48,17,0.021868573501706123,-0.7143085598945618,-0.3632529377937317,0.3777696192264557
2369,48,18,0.1787421554327011,-0.4432782530784607,-0.3632529377937317,0.3777696192264557
2370,48,19,0.3385075032711029,-0.4945116639137268,-0.3632529377937317,0.3777696192264557
2371,48,20,-0.07255180925130844,-0.34294718503952026,-0.3632529377937317,0.3777696192264557
2372,48,21,0.16712932288646698,-0.6037198305130005,-0.3632529377937317,0.3777696192264557
2373,48,22,-0.050416890531778336,-0.3869486451148987,-0.3632529377937317,0.3777696192264557
2374,48,23,-0.10785936564207077,-0.4622524082660675,-0.3632529377937317,0.3777696192264557
2375,48,24,-0.047844886779785156,-0.3689381182193756,-0.3632529377937317,0.3777696192264557
2376,48,25,-0.13039636611938477,-0.2341383397579193,-0.3632529377937317,0.3777696192264557
2377,48,26,-0.06665128469467163,-0.4241456091403961,-0.3632529377937317,0.3777696192264557
2378,48,27,-0.1429646611213684,-0.5251531004905701,-0.3632529377937317,0.3777696192264557
2379,48,28,-0.332804799079895,-0.46989721059799194,-0.3632529377937317,0.3777696192264557
2380,48,29,-0.0673663392663002,-0.514306902885437,-0.3632529377937317,0.3777696192264557
2381,48,30,0.07568255811929703,-0.6175835728645325,-0.3632529377937317,0.3777696192264557
2382,48,31,-0.16785424947738647,-0.6158168911933899,-0.3632529377937317,0.3777696192264557
2383,48,32,-0.1193690374493599,-0.7710445523262024,-0.3632529377937317,0.3777696192264557
2384,48,33,-0.4662921726703644,-0.27285492420196533,-0.3632529377937317,0.3777696192264557
2385,48,34,-0.004897409118711948,-0.39667192101478577,-0.3632529377937317,0.3777696192264557
2386,48,35,0.5600661635398865,0.020664868876338005,-0.3632529377937317,0.3777696192264557
2387,48,36,0.10307368636131287,-0.5266362428665161,-0.3632529377937317,0.3777696192264557
2388,48,37,-0.03792573884129524,-0.3121725916862488,-0.3632529377937317,0.3777696192264557
2389,48,38,-0.019625086337327957,-0.5377258658409119,-0.3632529377937317,0.3777696192264557
2390,48,39,0.21220186352729797,-0.2623099684715271,-0.3632529377937317,0.3777696192264557
2391,48,40,0.34588560461997986,-0.21152228116989136,-0.3632529377937317,0.3777696192264557
2392,48,41,0.3035599887371063,-0.41043785214424133,-0.3632529377937317,0.3777696192264557
2393,48,42,0.2639745771884918,-0.3019086420536041,-0.3632529377937317,0.3777696192264557
2394,48,43,-0.29524362087249756,-0.347087025642395,-0.3632529377937317,0.3777696192264557
2395,48,44,-0.237232506275177,-0.6513515710830688,-0.3632529377937317,0.3777696192264557
2396,48,45,-0.1325490027666092,-0.6327255368232727,-0.3632529377937317,0.3777696192264557
2397,48,46,0.10260757058858871,-0.5424082279205322,-0.3632529377937317,0.3777696192264557
2398,48,47,0.40890663862228394,-0.43529269099235535,-0.3632529377937317,0.3777696192264557
2399,48,48,0.47440388798713684,-0.4703109860420227,-0.3632529377937317,0.3777696192264557
2400,48,49,-0.04462132975459099,-0.5840533971786499,-0.3632529377937317,0.3777696192264557
2401,49,0,-0.13151149451732635,-0.2343204766511917,-0.38375914096832275,0.3459415137767792
2402,49,1,0.17251457273960114,-0.35685721039772034,-0.38375914096832275,0.3459415137767792
2403,49,2,0.11863938719034195,-0.2563305199146271,-0.38375914096832275,0.3459415137767792
2404,49,3,0.108712337911129,-0.32423558831214905,-0.38375914096832275,0.3459415137767792
2405,49,4,-0.22554470598697662,-0.588902473449707,-0.38375914096832275,0.3459415137767792
2406,49,5,-0.3869077265262604,-0.5769368410110474,-0.38375914096832275,0.3459415137767792
2407,49,6,-0.18410518765449524,-0.6799172163009644,-0.38375914096832275,0.3459415137767792
2408,49,7,0.46091964840888977,-0.2551267743110657,-0.38375914096832275,0.3459415137767792
2409,49,8,0.445075124502182,-0.32576072216033936,-0.38375914096832275,0.3459415137767792
2410,49,9,0.31377285718917847,-0.4666329622268677,-0.38375914096832275,0.3459415137767792
2411,49,10,-0.07514358311891556,-0.26440179347991943,-0.38375914096832275,0.3459415137767792
2412,49,11,-0.10288762301206589,-0.21844473481178284,-0.38375914096832275,0.3459415137767792
2413,49,12,0.13512825965881348,-0.10049943625926971,-0.38375914096832275,0.3459415137767792
2414,49,13,0.1031208336353302,-0.5248252749443054,-0.38375914096832275,0.3459415137767792
2415,49,14,0.15306702256202698,-0.4553346335887909,-0.38375914096832275,0.3459415137767792
2416,49,15,0.15771089494228363,-0.37126028537750244,-0.38375914096832275,0.3459415137767792
2417,49,16,-0.038755353540182114,-0.6021532416343689,-0.38375914096832275,0.3459415137767792
2418,49,17,-0.06771264225244522,-0.17363114655017853,-0.38375914096832275,0.3459415137767792
2419,49,18,-0.09269343316555023,-0.6402613520622253,-0.38375914096832275,0.3459415137767792
2420,49,19,0.29113897681236267,-0.18200981616973877,-0.38375914096832275,0.3459415137767792
2421,49,20,0.24263857305049896,-0.1783413290977478,-0.38375914096832275,0.3459415137767792
2422,49,21,0.474080890417099,-0.15906764566898346,-0.38375914096832275,0.3459415137767792
2423,49,22,0.38449180126190186,-0.3756820559501648,-0.38375914096832275,0.3459415137767792
2424,49,23,0.4650290310382843,-0.37978968024253845,-0.38375914096832275,0.3459415137767792
2425,49,24,0.2912501096725464,-0.41525837779045105,-0.38375914096832275,0.3459415137767792
2426,49,25,-0.16127274930477142,-0.6170474886894226,-0.38375914096832275,0.3459415137767792
2427,49,26,-0.15121714770793915,-0.3047305941581726,-0.38375914096832275,0.3459415137767792
2428,49,27,-0.02944704331457615,-0.3430884778499603,-0.38375914096832275,0.3459415137767792
2429,49,28,0.2630688548088074,-0.6289313435554504,-0.38375914096832275,0.3459415137767792
2430,49,29,0.13245144486427307,-0.34097105264663696,-0.38375914096832275,0.3459415137767792
2431,49,30,0.3712393641471863,-0.40045979619026184,-0.38375914096832275,0.3459415137767792
2432,49,31,0.3817242980003357,-0.6018099784851074,-0.38375914096832275,0.3459415137767792
2433,49,32,0.17907269299030304,-0.17225544154644012,-0.38375914096832275,0.3459415137767792
2434,49,33,-0.0992429330945015,-0.4394712448120117,-0.38375914096832275,0.3459415137767792
2435,49,34,0.10373037308454514,-0.4396464228630066,-0.38375914096832275,0.3459415137767792
2436,49,35,-0.06679029762744904,-0.1281260997056961,-0.38375914096832275,0.3459415137767792
2437,49,36,-0.21535365283489227,-0.521702229976654,-0.38375914096832275,0.3459415137767792
2438,49,37,0.0095541225746274,-0.4155096411705017,-0.38375914096832275,0.3459415137767792
2439,49,38,0.16074274480342865,-0.2094036340713501,-0.38375914096832275,0.3459415137767792
2440,49,39,0.37590107321739197,-0.14904923737049103,-0.38375914096832275,0.3459415137767792
2441,49,40,0.2304491102695465,-0.19382768869400024,-0.38375914096832275,0.3459415137767792
2442,49,41,-0.011309170164167881,-0.5521910786628723,-0.38375914096832275,0.3459415137767792
2443,49,42,-0.10489406436681747,-0.060275886207818985,-0.38375914096832275,0.3459415137767792
2444,49,43,-0.10544481128454208,-0.42328959703445435,-0.38375914096832275,0.3459415137767792
2445,49,44,0.0348050594329834,-0.3921537399291992,-0.38375914096832275,0.3459415137767792
2446,49,45,0.18067717552185059,-0.4867105484008789,-0.38375914096832275,0.3459415137767792
2447,49,46,0.0681035965681076,-0.23878365755081177,-0.38375914096832275,0.3459415137767792
2448,49,47,0.019494514912366867,-0.3023598790168762,-0.38375914096832275,0.3459415137767792
2449,49,48,0.3066979646682739,-0.37364310026168823,-0.38375914096832275,0.3459415137767792
2450,49,49,0.1105155274271965,-0.5250979661941528,-0.38375914096832275,0.3459415137767792
2451,50,0,0.2953968048095703,0.0028988379053771496,-0.340131938457489,0.35918760299682617
2452,50,1,0.0029835854656994343,-0.4023904800415039,-0.340131938457489,0.35918760299682617
2453,50,2,0.032158005982637405,-0.40724509954452515,-0.340131938457489,0.35918760299682617
2454,50,3,-0.017874879762530327,-0.5103928446769714,-0.340131938457489,0.35918760299682617
2455,50,4,-0.2840571403503418,-0.19106702506542206,-0.340131938457489,0.35918760299682617
2456,50,5,-0.2870314121246338,-0.4388065040111542,-0.340131938457489,0.35918760299682617
2457,50,6,-0.15438733994960785,-0.5096873641014099,-0.340131938457489,0.35918760299682617
2458,50,7,-0.35894879698753357,-0.11416520178318024,-0.340131938457489,0.35918760299682617
2459,50,8,0.04729044809937477,-0.7083944082260132,-0.340131938457489,0.35918760299682617
2460,50,9,0.05093459412455559,-0.3722277879714966,-0.340131938457489,0.35918760299682617
2461,50,10,0.36933499574661255,-0.1673177182674408,-0.340131938457489,0.35918760299682617
2462,50,11,0.09733492881059647,-0.2165224552154541,-0.340131938457489,0.35918760299682617
2463,50,12,-0.062360044568777084,-0.27706286311149597,-0.340131938457489,0.35918760299682617
2464,50,13,-0.042513128370046616,-0.04305819049477577,-0.340131938457489,0.35918760299682617
2465,50,14,-0.15367025136947632,-0.25269344449043274,-0.340131938457489,0.35918760299682617
2466,50,15,-0.007846676744520664,-0.0634799376130104,-0.340131938457489,0.35918760299682617
2467,50,16,0.031657829880714417,-0.24824509024620056,-0.340131938457489,0.35918760299682617
2468,50,17,0.10610803216695786,-0.1923104226589203,-0.340131938457489,0.35918760299682617
2469,50,18,-0.0897168293595314,-0.2509278357028961,-0.340131938457489,0.35918760299682617
2470,50,19,-0.25454726815223694,0.08221399039030075,-0.340131938457489,0.35918760299682617
2471,50,20,-0.3517889082431793,-0.38081562519073486,-0.340131938457489,0.35918760299682617
2472,50,21,-0.03152542561292648,-0.02864743582904339,-0.340131938457489,0.35918760299682617
2473,50,22,0.26744410395622253,-0.3869941532611847,-0.340131938457489,0.35918760299682617
2474,50,23,0.31025436520576477,-0.43440279364585876,-0.340131938457489,0.35918760299682617
2475,50,24,0.26562994718551636,-0.3066072165966034,-0.340131938457489,0.35918760299682617
2476,50,25,0.19370268285274506,-0.3808225691318512,-0.340131938457489,0.35918760299682617
2477,50,26,0.09914933890104294,-0.14881828427314758,-0.340131938457489,0.35918760299682617
2478,50,27,-0.3116796612739563,-0.033791180700063705,-0.340131938457489,0.35918760299682617
2479,50,28,-0.07059874385595322,-0.2509787380695343,-0.340131938457489,0.35918760299682617
2480,50,29,0.14276833832263947,-0.11341815441846848,-0.340131938457489,0.35918760299682617
2481,50,30,0.10771326720714569,-0.4933839738368988,-0.340131938457489,0.35918760299682617
2482,50,31,0.1355542540550232,-0.3559893071651459,-0.340131938457489,0.35918760299682617
2483,50,32,0.3980085849761963,-0.09661278128623962,-0.340131938457489,0.35918760299682617
2484,50,33,0.2645281255245209,-0.4545366168022156,-0.340131938457489,0.35918760299682617
2485,50,34,0.22107863426208496,-0.04061376675963402,-0.340131938457489,0.35918760299682617
2486,50,35,0.1741109937429428,-0.25913411378860474,-0.340131938457489,0.35918760299682617
2487,50,36,0.19741132855415344,-0.3239733576774597,-0.340131938457489,0.35918760299682617
2488,50,37,0.21785065531730652,-0.2465200573205948,-0.340131938457489,0.35918760299682617
2489,50,38,0.15663398802280426,-0.26077884435653687,-0.340131938457489,0.35918760299682617
2490,50,39,-0.033549655228853226,-0.5239133834838867,-0.340131938457489,0.35918760299682617
2491,50,40,-0.19271822273731232,-0.24577705562114716,-0.340131938457489,0.35918760299682617
2492,50,41,0.03412798419594765,-0.7661116719245911,-0.340131938457489,0.35918760299682617
2493,50,42,0.028105895966291428,-0.27603262662887573,-0.340131938457489,0.35918760299682617
2494,50,43,0.1095266044139862,-0.273381769657135,-0.340131938457489,0.35918760299682617
2495,50,44,0.20674143731594086,-0.47190263867378235,-0.340131938457489,0.35918760299682617
2496,50,45,-0.15738806128501892,-0.3230510652065277,-0.340131938457489,0.35918760299682617
2497,50,46,-0.06886542588472366,-0.4359654188156128,-0.340131938457489,0.35918760299682617
2498,50,47,0.03939024731516838,-0.2653087079524994,-0.340131938457489,0.35918760299682617
2499,50,48,-0.10280286520719528,-0.31036490201950073,-0.340131938457489,0.35918760299682617
2500,50,49,-0.21934600174427032,-0.6122400164604187,-0.340131938457489,0.35918760299682617
2501,51,0,0.3126675486564636,-0.06726980209350586,-0.31462395191192627,0.3581169545650482
2502,51,1,-0.1405390501022339,-0.45919451117515564,-0.31462395191192627,0.3581169545650482
2503,51,2,-0.3414519429206848,-0.38997140526771545,-0.31462395191192627,0.3581169545650482
2504,51,3,0.03863269090652466,-0.5275261402130127,-0.31462395191192627,0.3581169545650482
2505,51,4,0.09723259508609772,-0.44843950867652893,-0.31462395191192627,0.3581169545650482
2506,51,5,0.12884685397148132,-0.3572150468826294,-0.31462395191192627,0.3581169545650482
2507,51,6,-0.1137155219912529,0.07424402981996536,-0.31462395191192627,0.3581169545650482
2508,51,7,-0.31589576601982117,-0.39897096157073975,-0.31462395191192627,0.3581169545650482
2509,51,8,-0.2675476372241974,-0.39465686678886414,-0.31462395191192627,0.3581169545650482
2510,51,9,0.13860854506492615,-0.3876681923866272,-0.31462395191192627,0.3581169545650482
2511,51,10,0.13463544845581055,-0.1523982584476471,-0.31462395191192627,0.3581169545650482
2512,51,11,0.038630321621894836,-0.42131203413009644,-0.31462395191192627,0.3581169545650482
2513,51,12,-0.02194221131503582,-0.41626977920532227,-0.31462395191192627,0.3581169545650482
2514,51,13,-0.17417749762535095,-0.2809116840362549,-0.31462395191192627,0.3581169545650482
2515,51,14,-0.023967159911990166,-0.18078777194023132,-0.31462395191192627,0.3581169545650482
2516,51,15,0.08850672096014023,-0.49888116121292114,-0.31462395191192627,0.3581169545650482
2517,51,16,-0.059916045516729355,-0.4007059335708618,-0.31462395191192627,0.3581169545650482
2518,51,17,-0.05432884395122528,-0.3114863634109497,-0.31462395191192627,0.3581169545650482
2519,51,18,0.4537392258644104,-0.3488849401473999,-0.31462395191192627,0.3581169545650482
2520,51,19,0.14699430763721466,-0.3608395755290985,-0.31462395191192627,0.3581169545650482
2521,51,20,-0.09744638204574585,-0.4603724479675293,-0.31462395191192627,0.3581169545650482
2522,51,21,-0.0848909467458725,-0.39396530389785767,-0.31462395191192627,0.3581169545650482
2523,51,22,-0.05181419476866722,-0.2120942771434784,-0.31462395191192627,0.3581169545650482
2524,51,23,0.1016746535897255,-0.46131011843681335,-0.31462395191192627,0.3581169545650482
2525,51,24,-0.04375539720058441,-0.2747119665145874,-0.31462395191192627,0.3581169545650482
2526,51,25,0.1475936621427536,-0.6370716094970703,-0.31462395191192627,0.3581169545650482
2527,51,26,0.09237422049045563,-0.15006023645401,-0.31462395191192627,0.3581169545650482
2528,51,27,-0.019213519990444183,-0.3346578776836395,-0.31462395191192627,0.3581169545650482
2529,51,28,0.08508078753948212,-0.34128502011299133,-0.31462395191192627,0.3581169545650482
2530,51,29,0.06311319023370743,-0.45948782563209534,-0.31462395191192627,0.3581169545650482
2531,51,30,-0.06304352730512619,-0.4553864598274231,-0.31462395191192627,0.3581169545650482
2532,51,31,-0.3026901185512543,-0.28772252798080444,-0.31462395191192627,0.3581169545650482
2533,51,32,-0.12784717977046967,-0.062309131026268005,-0.31462395191192627,0.3581169545650482
2534,51,33,0.013846811838448048,-0.43639075756073,-0.31462395191192627,0.3581169545650482
2535,51,34,0.0061097596772015095,-0.2043367624282837,-0.31462395191192627,0.3581169545650482
2536,51,35,-0.23387889564037323,-0.3930506408214569,-0.31462395191192627,0.3581169545650482
2537,51,36,-0.40894442796707153,-0.36622533202171326,-0.31462395191192627,0.3581169545650482
2538,51,37,-0.23324443399906158,-0.04838157445192337,-0.31462395191192627,0.3581169545650482
2539,51,38,-0.18869315087795258,-0.3624430000782013,-0.31462395191192627,0.3581169545650482
2540,51,39,0.2005884349346161,-0.5270681381225586,-0.31462395191192627,0.3581169545650482
2541,51,40,0.23776860535144806,-0.4671674072742462,-0.31462395191192627,0.3581169545650482
2542,51,41,0.15102149546146393,-0.39837974309921265,-0.31462395191192627,0.3581169545650482
2543,51,42,0.1737932562828064,-0.09089536964893341,-0.31462395191192627,0.3581169545650482
2544,51,43,0.22690680623054504,-0.2188987284898758,-0.31462395191192627,0.3581169545650482
2545,51,44,0.05922999233007431,-0.6133886575698853,-0.31462395191192627,0.3581169545650482
2546,51,45,-0.07777304202318192,-0.3108612596988678,-0.31462395191192627,0.3581169545650482
2547,51,46,0.02143985778093338,-0.6123347282409668,-0.31462395191192627,0.3581169545650482
2548,51,47,0.2986231744289398,-0.3782098889350891,-0.31462395191192627,0.3581169545650482
2549,51,48,-0.04995717480778694,-0.3197672665119171,-0.31462395191192627,0.3581169545650482
2550,51,49,0.03823268786072731,-0.280376136302948,-0.31462395191192627,0.3581169545650482
2551,52,0,0.09353465586900711,-0.22237227857112885,-0.3490825891494751,0.28747665882110596
2552,52,1,0.20451098680496216,-0.528656005859375,-0.3490825891494751,0.28747665882110596
2553,52,2,0.17141728103160858,-0.20125320553779602,-0.3490825891494751,0.28747665882110596
2554,52,3,0.0052013760432600975,-0.5648854374885559,-0.3490825891494751,0.28747665882110596
2555,52,4,0.13896813988685608,-0.8855200409889221,-0.3490825891494751,0.28747665882110596
2556,52,5,0.5020520687103271,-0.39333459734916687,-0.3490825891494751,0.28747665882110596
2557,52,6,0.3999764919281006,-0.2755693197250366,-0.3490825891494751,0.28747665882110596
2558,52,7,0.21462951600551605,-0.32068634033203125,-0.3490825891494751,0.28747665882110596
2559,52,8,0.37964174151420593,-0.35000479221343994,-0.3490825891494751,0.28747665882110596
2560,52,9,0.21238675713539124,-0.42525187134742737,-0.3490825891494751,0.28747665882110596
2561,52,10,0.033372730016708374,-0.20541943609714508,-0.3490825891494751,0.28747665882110596
2562,52,11,0.15674714744091034,-0.399976909160614,-0.3490825891494751,0.28747665882110596
2563,52,12,0.2886068820953369,-0.2660462260246277,-0.3490825891494751,0.28747665882110596
2564,52,13,0.1564631462097168,-0.2763756811618805,-0.3490825891494751,0.28747665882110596
2565,52,14,-0.0395641066133976,-0.2393546849489212,-0.3490825891494751,0.28747665882110596
2566,52,15,-0.04239603132009506,-0.5101790428161621,-0.3490825891494751,0.28747665882110596
2567,52,16,-0.1290559619665146,-0.38292351365089417,-0.3490825891494751,0.28747665882110596
2568,52,17,-0.1054658368229866,-0.6949364542961121,-0.3490825891494751,0.28747665882110596
2569,52,18,0.06998574733734131,-0.7613487839698792,-0.3490825891494751,0.28747665882110596
2570,52,19,0.42051592469215393,-0.19437970221042633,-0.3490825891494751,0.28747665882110596
2571,52,20,0.38596823811531067,-0.1833418756723404,-0.3490825891494751,0.28747665882110596
2572,52,21,-0.019076960161328316,-0.344109445810318,-0.3490825891494751,0.28747665882110596
2573,52,22,-0.17067889869213104,-0.4376022517681122,-0.3490825891494751,0.28747665882110596
2574,52,23,-0.15202589333057404,-0.1590900421142578,-0.3490825891494751,0.28747665882110596
2575,52,24,-0.2875569462776184,-0.6695335507392883,-0.3490825891494751,0.28747665882110596
2576,52,25,-0.362027645111084,-0.5330818295478821,-0.3490825891494751,0.28747665882110596
2577,52,26,0.014945420436561108,-0.33107274770736694,-0.3490825891494751,0.28747665882110596
2578,52,27,0.01055439654737711,-0.12481574714183807,-0.3490825891494751,0.28747665882110596
2579,52,28,0.040760111063718796,-0.5317739844322205,-0.3490825891494751,0.28747665882110596
2580,52,29,0.25070682168006897,-0.36613938212394714,-0.3490825891494751,0.28747665882110596
2581,52,30,-0.059371016919612885,-0.2538986802101135,-0.3490825891494751,0.28747665882110596
2582,52,31,0.1056683287024498,-0.2542891204357147,-0.3490825891494751,0.28747665882110596
2583,52,32,0.2152053862810135,-0.46986910700798035,-0.3490825891494751,0.28747665882110596
2584,52,33,-0.17071406543254852,-0.27891305088996887,-0.3490825891494751,0.28747665882110596
2585,52,34,-0.17398536205291748,-0.3393250107765198,-0.3490825891494751,0.28747665882110596
2586,52,35,0.10418204218149185,-0.0341990627348423,-0.3490825891494751,0.28747665882110596
2587,52,36,-0.10248471051454544,-0.4090336263179779,-0.3490825891494751,0.28747665882110596
2588,52,37,-0.04041074961423874,-0.12035838514566422,-0.3490825891494751,0.28747665882110596
2589,52,38,0.20001333951950073,-0.09876707196235657,-0.3490825891494751,0.28747665882110596
2590,52,39,0.37717458605766296,-0.5167036056518555,-0.3490825891494751,0.28747665882110596
2591,52,40,0.41043397784233093,-0.48725855350494385,-0.3490825891494751,0.28747665882110596
2592,52,41,0.39445310831069946,-0.41277870535850525,-0.3490825891494751,0.28747665882110596
2593,52,42,-0.006381325889378786,-0.5332160592079163,-0.3490825891494751,0.28747665882110596
2594,52,43,0.1936342716217041,-0.45837870240211487,-0.3490825891494751,0.28747665882110596
2595,52,44,0.24310119450092316,-0.21145737171173096,-0.3490825891494751,0.28747665882110596
2596,52,45,0.4985578954219818,-0.8298312425613403,-0.3490825891494751,0.28747665882110596
2597,52,46,0.12246494740247726,-0.3858594298362732,-0.3490825891494751,0.28747665882110596
2598,52,47,-0.27640125155448914,-0.39319607615470886,-0.3490825891494751,0.28747665882110596
2599,52,48,-0.12392069399356842,-0.3162922263145447,-0.3490825891494751,0.28747665882110596
2600,52,49,-0.1061469316482544,-0.33319827914237976,-0.3490825891494751,0.28747665882110596
2601,53,0,-0.5170778632164001,-0.26023074984550476,-0.3262651562690735,0.291890949010849
2602,53,1,-0.117815300822258,-0.27143239974975586,-0.3262651562690735,0.291890949010849
2603,53,2,0.12041278183460236,-0.5803158283233643,-0.3262651562690735,0.291890949010849
2604,53,3,-0.014492922462522984,-0.5135436654090881,-0.3262651562690735,0.291890949010849
2605,53,4,-0.17889845371246338,-0.4588233232498169,-0.3262651562690735,0.291890949010849
2606,53,5,0.12923172116279602,-0.38893938064575195,-0.3262651562690735,0.291890949010849
2607,53,6,0.2385709136724472,-0.3291342556476593,-0.3262651562690735,0.291890949010849
2608,53,7,-0.01254748273640871,-0.26504674553871155,-0.3262651562690735,0.291890949010849
2609,53,8,-0.15301628410816193,-0.40829387307167053,-0.3262651562690735,0.291890949010849
2610,53,9,-0.3287365436553955,-0.4908992052078247,-0.3262651562690735,0.291890949010849
2611,53,10,-0.29470929503440857,-0.3476742208003998,-0.3262651562690735,0.291890949010849
2612,53,11,0.0641259253025055,-0.07965723425149918,-0.3262651562690735,0.291890949010849
2613,53,12,0.11272183060646057,-0.2652888596057892,-0.3262651562690735,0.291890949010849
2614,53,13,0.11053144186735153,-0.16277430951595306,-0.3262651562690735,0.291890949010849
2615,53,14,-0.1770208328962326,-0.42006412148475647,-0.3262651562690735,0.291890949010849
2616,53,15,-0.27530133724212646,-0.26884424686431885,-0.3262651562690735,0.291890949010849
2617,53,16,-0.16239270567893982,-0.285007506608963,-0.3262651562690735,0.291890949010849
2618,53,17,-0.08023694902658463,-0.5109258890151978,-0.3262651562690735,0.291890949010849
2619,53,18,0.06473077088594437,-0.6836684942245483,-0.3262651562690735,0.291890949010849
2620,53,19,0.14855028688907623,-0.2027561366558075,-0.3262651562690735,0.291890949010849
2621,53,20,0.35168328881263733,-0.09783671051263809,-0.3262651562690735,0.291890949010849
2622,53,21,0.10123211145401001,-0.6275421977043152,-0.3262651562690735,0.291890949010849
2623,53,22,0.08965577930212021,-0.5617468357086182,-0.3262651562690735,0.291890949010849
2624,53,23,0.24031074345111847,-0.30595746636390686,-0.3262651562690735,0.291890949010849
2625,53,24,0.5338877439498901,-0.10282696783542633,-0.3262651562690735,0.291890949010849
2626,53,25,0.4167027473449707,-0.30555275082588196,-0.3262651562690735,0.291890949010849
2627,53,26,0.019952619448304176,-0.21860858798027039,-0.3262651562690735,0.291890949010849
2628,53,27,-0.06852499395608902,-0.3256731927394867,-0.3262651562690735,0.291890949010849
2629,53,28,0.09699444472789764,-0.5629861354827881,-0.3262651562690735,0.291890949010849
2630,53,29,-0.035566750913858414,-0.2392151653766632,-0.3262651562690735,0.291890949010849
2631,53,30,-0.17478112876415253,-0.526052713394165,-0.3262651562690735,0.291890949010849
2632,53,31,0.3069801330566406,-0.08662111312150955,-0.3262651562690735,0.291890949010849
2633,53,32,0.05024609714746475,-0.34612202644348145,-0.3262651562690735,0.291890949010849
2634,53,33,0.2620830833911896,-0.12299204617738724,-0.3262651562690735,0.291890949010849
2635,53,34,-0.05235380306839943,-0.43884292244911194,-0.3262651562690735,0.291890949010849
2636,53,35,0.3641873002052307,-0.4507284164428711,-0.3262651562690735,0.291890949010849
2637,53,36,0.24137842655181885,-0.16837595403194427,-0.3262651562690735,0.291890949010849
2638,53,37,-0.0320078581571579,-0.36341145634651184,-0.3262651562690735,0.291890949010849
2639,53,38,0.33021992444992065,-0.33260437846183777,-0.3262651562690735,0.291890949010849
2640,53,39,0.176081582903862,0.01390571054071188,-0.3262651562690735,0.291890949010849
2641,53,40,-0.30122095346450806,-0.27917879819869995,-0.3262651562690735,0.291890949010849
2642,53,41,-0.11028722673654556,-0.048592519015073776,-0.3262651562690735,0.291890949010849
2643,53,42,-0.011490345932543278,-0.6493529081344604,-0.3262651562690735,0.291890949010849
2644,53,43,-0.02896459773182869,-0.4750707149505615,-0.3262651562690735,0.291890949010849
2645,53,44,0.28136324882507324,-0.35843273997306824,-0.3262651562690735,0.291890949010849
2646,53,45,-0.30309364199638367,-0.0864652693271637,-0.3262651562690735,0.291890949010849
2647,53,46,-0.0474260114133358,-0.36203819513320923,-0.3262651562690735,0.291890949010849
2648,53,47,0.026737429201602936,-0.39721232652664185,-0.3262651562690735,0.291890949010849
2649,53,48,0.2620393633842468,-0.3192729949951172,-0.3262651562690735,0.291890949010849
2650,53,49,0.13126027584075928,-0.2746656537055969,-0.3262651562690735,0.291890949010849
2651,54,0,0.2564864754676819,-0.21695639193058014,-0.3089512884616852,0.33077913522720337
2652,54,1,0.34201034903526306,-0.6633710265159607,-0.3089512884616852,0.33077913522720337
2653,54,2,0.39830973744392395,-0.42200613021850586,-0.3089512884616852,0.33077913522720337
2654,54,3,0.5952133536338806,-0.4714208245277405,-0.3089512884616852,0.33077913522720337
2655,54,4,0.45851874351501465,-0.4364851415157318,-0.3089512884616852,0.33077913522720337
2656,54,5,0.32354018092155457,-0.5862632393836975,-0.3089512884616852,0.33077913522720337
2657,54,6,-0.21665771305561066,-0.2256760448217392,-0.3089512884616852,0.33077913522720337
2658,54,7,-0.20954599976539612,-0.3602551817893982,-0.3089512884616852,0.33077913522720337
2659,54,8,0.269295334815979,-0.5197193622589111,-0.3089512884616852,0.33077913522720337
2660,54,9,0.40026402473449707,-0.22578634321689606,-0.3089512884616852,0.33077913522720337
2661,54,10,0.5448759198188782,-0.6853272318840027,-0.3089512884616852,0.33077913522720337
2662,54,11,0.4369208812713623,-0.35330066084861755,-0.3089512884616852,0.33077913522720337
2663,54,12,0.41521894931793213,-0.31949856877326965,-0.3089512884616852,0.33077913522720337
2664,54,13,0.250034362077713,-0.23017707467079163,-0.3089512884616852,0.33077913522720337
2665,54,14,0.3491244912147522,-0.2547313868999481,-0.3089512884616852,0.33077913522720337
2666,54,15,0.15207210183143616,-0.3058684766292572,-0.3089512884616852,0.33077913522720337
2667,54,16,0.27739647030830383,-0.6433358192443848,-0.3089512884616852,0.33077913522720337
2668,54,17,0.033035025000572205,-0.7645810842514038,-0.3089512884616852,0.33077913522720337
2669,54,18,-0.042547304183244705,0.025894852355122566,-0.3089512884616852,0.33077913522720337
2670,54,19,-0.18149027228355408,-0.5865058898925781,-0.3089512884616852,0.33077913522720337
2671,54,20,-0.41808873414993286,-0.4977572560310364,-0.3089512884616852,0.33077913522720337
2672,54,21,0.13472117483615875,-0.3689304292201996,-0.3089512884616852,0.33077913522720337
2673,54,22,-0.2796787917613983,-0.4640388488769531,-0.3089512884616852,0.33077913522720337
2674,54,23,-0.2750999927520752,-0.0965338945388794,-0.3089512884616852,0.33077913522720337
2675,54,24,0.06090535223484039,-0.30256715416908264,-0.3089512884616852,0.33077913522720337
2676,54,25,-0.026701616123318672,-0.46134889125823975,-0.3089512884616852,0.33077913522720337
2677,54,26,0.07522641122341156,-0.7272104620933533,-0.3089512884616852,0.33077913522720337
2678,54,27,0.08337876945734024,-0.2935555577278137,-0.3089512884616852,0.33077913522720337
2679,54,28,0.4006604850292206,-0.2770653963088989,-0.3089512884616852,0.33077913522720337
2680,54,29,0.17319418489933014,-0.061541054397821426,-0.3089512884616852,0.33077913522720337
2681,54,30,0.006215817295014858,-0.5021591782569885,-0.3089512884616852,0.33077913522720337
2682,54,31,0.10630890727043152,-0.26067250967025757,-0.3089512884616852,0.33077913522720337
2683,54,32,0.3240773677825928,-0.509280800819397,-0.3089512884616852,0.33077913522720337
2684,54,33,0.27724671363830566,-0.5830011963844299,-0.3089512884616852,0.33077913522720337
2685,54,34,-0.08875395357608795,-0.18299512565135956,-0.3089512884616852,0.33077913522720337
2686,54,35,0.02310732752084732,-0.5066206455230713,-0.3089512884616852,0.33077913522720337
2687,54,36,0.29123395681381226,-0.5236015915870667,-0.3089512884616852,0.33077913522720337
2688,54,37,0.30827513337135315,-0.12813566625118256,-0.3089512884616852,0.33077913522720337
2689,54,38,0.2921552360057831,-0.6925131678581238,-0.3089512884616852,0.33077913522720337
2690,54,39,0.4773434102535248,0.16623350977897644,-0.3089512884616852,0.33077913522720337
2691,54,40,0.4626557230949402,-0.5177021622657776,-0.3089512884616852,0.33077913522720337
2692,54,41,0.1816934198141098,-0.08765507489442825,-0.3089512884616852,0.33077913522720337
2693,54,42,0.010630156844854355,-0.5606151223182678,-0.3089512884616852,0.33077913522720337
2694,54,43,0.031105566769838333,-0.10911417752504349,-0.3089512884616852,0.33077913522720337
2695,54,44,0.41986826062202454,-0.4003095328807831,-0.3089512884616852,0.33077913522720337
2696,54,45,0.389465868473053,-0.22981810569763184,-0.3089512884616852,0.33077913522720337
2697,54,46,-0.007638026028871536,-0.534550130367279,-0.3089512884616852,0.33077913522720337
2698,54,47,0.030392561107873917,-0.0691172182559967,-0.3089512884616852,0.33077913522720337
2699,54,48,0.451735258102417,-0.08695601671934128,-0.3089512884616852,0.33077913522720337
2700,54,49,0.19749142229557037,-0.5371492505073547,-0.3089512884616852,0.33077913522720337
2701,55,0,-0.3179584741592407,-0.5129704475402832,-0.30301952362060547,0.4789312779903412
2702,55,1,0.07360116392374039,-0.1932903379201889,-0.30301952362060547,0.4789312779903412
2703,55,2,0.27828043699264526,0.14033207297325134,-0.30301952362060547,0.4789312779903412
2704,55,3,0.11598143726587296,0.022971805185079575,-0.30301952362060547,0.4789312779903412
2705,55,4,-0.25448694825172424,-0.4195958077907562,-0.30301952362060547,0.4789312779903412
2706,55,5,-0.041040681302547455,-0.26387661695480347,-0.30301952362060547,0.4789312779903412
2707,55,6,0.2515542209148407,-0.6942318677902222,-0.30301952362060547,0.4789312779903412
2708,55,7,0.18659229576587677,-0.5197509527206421,-0.30301952362060547,0.4789312779903412
2709,55,8,-0.08922629803419113,0.031292323023080826,-0.30301952362060547,0.4789312779903412
2710,55,9,-0.02873046323657036,-0.09780667722225189,-0.30301952362060547,0.4789312779903412
2711,55,10,0.1266881376504898,-0.414640873670578,-0.30301952362060547,0.4789312779903412
2712,55,11,-0.27057650685310364,-0.14646808803081512,-0.30301952362060547,0.4789312779903412
2713,55,12,0.05121484026312828,-0.2831741273403168,-0.30301952362060547,0.4789312779903412
2714,55,13,-0.16578996181488037,0.0766199603676796,-0.30301952362060547,0.4789312779903412
2715,55,14,-0.13707642257213593,-0.161245658993721,-0.30301952362060547,0.4789312779903412
2716,55,15,0.1846567839384079,-0.4739167392253876,-0.30301952362060547,0.4789312779903412
2717,55,16,0.20373709499835968,-0.39878350496292114,-0.30301952362060547,0.4789312779903412
2718,55,17,0.03622603788971901,-0.47840267419815063,-0.30301952362060547,0.4789312779903412
2719,55,18,0.20502856373786926,-0.18659254908561707,-0.30301952362060547,0.4789312779903412
2720,55,19,-0.11949120461940765,-0.44996732473373413,-0.30301952362060547,0.4789312779903412
2721,55,20,-0.4329833686351776,-0.4935157597064972,-0.30301952362060547,0.4789312779903412
2722,55,21,-0.39397650957107544,-0.33666765689849854,-0.30301952362060547,0.4789312779903412
2723,55,22,-0.09753423929214478,-0.38365668058395386,-0.30301952362060547,0.4789312779903412
2724,55,23,0.2595473825931549,-0.2989446222782135,-0.30301952362060547,0.4789312779903412
2725,55,24,0.17179538309574127,-0.30367523431777954,-0.30301952362060547,0.4789312779903412
2726,55,25,-0.25821414589881897,-0.2184017449617386,-0.30301952362060547,0.4789312779903412
2727,55,26,-0.44837433099746704,-0.7560641169548035,-0.30301952362060547,0.4789312779903412
2728,55,27,-0.1771538108587265,-0.3714692294597626,-0.30301952362060547,0.4789312779903412
2729,55,28,0.3113902807235718,-0.3553360402584076,-0.30301952362060547,0.4789312779903412
2730,55,29,-0.0056785778142511845,-0.38372913002967834,-0.30301952362060547,0.4789312779903412
2731,55,30,0.10602787137031555,-0.2706237733364105,-0.30301952362060547,0.4789312779903412
2732,55,31,0.24846749007701874,-0.28624868392944336,-0.30301952362060547,0.4789312779903412
2733,55,32,0.1562916785478592,-0.47336867451667786,-0.30301952362060547,0.4789312779903412
2734,55,33,-0.1937151700258255,-0.11865033209323883,-0.30301952362060547,0.4789312779903412
2735,55,34,-0.17127667367458344,-0.3593079745769501,-0.30301952362060547,0.4789312779903412
2736,55,35,0.2844357490539551,-0.687771737575531,-0.30301952362060547,0.4789312779903412
2737,55,36,0.12903310358524323,-0.18287393450737,-0.30301952362060547,0.4789312779903412
2738,55,37,-0.24080663919448853,-0.553795337677002,-0.30301952362060547,0.4789312779903412
2739,55,38,0.02034882642328739,-0.10671119391918182,-0.30301952362060547,0.4789312779903412
2740,55,39,0.3455233871936798,-0.17214816808700562,-0.30301952362060547,0.4789312779903412
2741,55,40,0.3860240876674652,-0.5917513370513916,-0.30301952362060547,0.4789312779903412
2742,55,41,0.0049782670103013515,-0.0017582731088623405,-0.30301952362060547,0.4789312779903412
2743,55,42,-0.6221726536750793,-0.5634102821350098,-0.30301952362060547,0.4789312779903412
2744,55,43,0.3662535548210144,-0.8467679023742676,-0.30301952362060547,0.4789312779903412
2745,55,44,0.5611613988876343,-0.19243983924388885,-0.30301952362060547,0.4789312779903412
2746,55,45,0.1043655052781105,-0.040569789707660675,-0.30301952362060547,0.4789312779903412
2747,55,46,-0.3366088271141052,-0.2550697326660156,-0.30301952362060547,0.4789312779903412
2748,55,47,-0.03302564099431038,-0.26471999287605286,-0.30301952362060547,0.4789312779903412
2749,55,48,0.03802305459976196,-0.30299896001815796,-0.30301952362060547,0.4789312779903412
2750,55,49,-0.25493112206459045,-0.6284030079841614,-0.30301952362060547,0.4789312779903412
2751,56,0,-0.29371461272239685,-0.40396320819854736,-0.3280542492866516,0.5178441405296326
2752,56,1,-0.21005721390247345,-0.022611165419220924,-0.3280542492866516,0.5178441405296326
2753,56,2,-0.27742502093315125,-0.42161688208580017,-0.3280542492866516,0.5178441405296326
2754,56,3,-0.2085391879081726,-0.4542495012283325,-0.3280542492866516,0.5178441405296326
2755,56,4,0.06395113468170166,-0.17979754507541656,-0.3280542492866516,0.5178441405296326
2756,56,5,-0.14182023704051971,0.157937690615654,-0.3280542492866516,0.5178441405296326
2757,56,6,-0.07444249093532562,-0.2983335554599762,-0.3280542492866516,0.5178441405296326
2758,56,7,-0.056027330458164215,-0.10694342851638794,-0.3280542492866516,0.5178441405296326
2759,56,8,-0.06555502861738205,-0.6696597337722778,-0.3280542492866516,0.5178441405296326
2760,56,9,0.0115687046200037,-0.22963809967041016,-0.3280542492866516,0.5178441405296326
2761,56,10,0.044927336275577545,-0.05207638069987297,-0.3280542492866516,0.5178441405296326
2762,56,11,-0.014279722236096859,-0.3963438868522644,-0.3280542492866516,0.5178441405296326
2763,56,12,0.08808118104934692,-0.40814346075057983,-0.3280542492866516,0.5178441405296326
2764,56,13,-0.05877308174967766,-0.29255419969558716,-0.3280542492866516,0.5178441405296326
2765,56,14,-0.11855664849281311,-0.17103970050811768,-0.3280542492866516,0.5178441405296326
2766,56,15,-0.1398645043373108,-0.19995765388011932,-0.3280542492866516,0.5178441405296326
2767,56,16,-0.21679528057575226,-0.8074468970298767,-0.3280542492866516,0.5178441405296326
2768,56,17,0.07699698209762573,-0.5493910908699036,-0.3280542492866516,0.5178441405296326
2769,56,18,0.3080696761608124,-0.17994758486747742,-0.3280542492866516,0.5178441405296326
2770,56,19,0.06529263406991959,-0.4581424295902252,-0.3280542492866516,0.5178441405296326
2771,56,20,0.0028380975127220154,-0.15685956180095673,-0.3280542492866516,0.5178441405296326
2772,56,21,0.019307449460029602,-0.21335293352603912,-0.3280542492866516,0.5178441405296326
2773,56,22,-0.03840993344783783,-0.23840898275375366,-0.3280542492866516,0.5178441405296326
2774,56,23,-0.09866806864738464,-0.5204439759254456,-0.3280542492866516,0.5178441405296326
2775,56,24,-0.11713524162769318,-0.09120776504278183,-0.3280542492866516,0.5178441405296326
2776,56,25,-0.35249412059783936,-0.08700520545244217,-0.3280542492866516,0.5178441405296326
2777,56,26,0.14394289255142212,-0.5192773938179016,-0.3280542492866516,0.5178441405296326
2778,56,27,0.026288362219929695,-0.2777922749519348,-0.3280542492866516,0.5178441405296326
2779,56,28,-0.1007419154047966,-0.48479413986206055,-0.3280542492866516,0.5178441405296326
2780,56,29,0.2368292361497879,-0.419879287481308,-0.3280542492866516,0.5178441405296326
2781,56,30,0.15131011605262756,-0.3076590895652771,-0.3280542492866516,0.5178441405296326
2782,56,31,-0.02703051082789898,-0.08374564349651337,-0.3280542492866516,0.5178441405296326
2783,56,32,-0.026912080124020576,-0.5923691987991333,-0.3280542492866516,0.5178441405296326
2784,56,33,-0.008448072709143162,-0.3142234981060028,-0.3280542492866516,0.5178441405296326
2785,56,34,-0.13331472873687744,-0.33786970376968384,-0.3280542492866516,0.5178441405296326
2786,56,35,0.1566343754529953,-0.29576581716537476,-0.3280542492866516,0.5178441405296326
2787,56,36,0.025893736630678177,-0.014705309644341469,-0.3280542492866516,0.5178441405296326
2788,56,37,-0.14485669136047363,-0.5850602388381958,-0.3280542492866516,0.5178441405296326
2789,56,38,0.04414287582039833,-0.4156247079372406,-0.3280542492866516,0.5178441405296326
2790,56,39,-0.5339919924736023,-0.4125371277332306,-0.3280542492866516,0.5178441405296326
2791,56,40,-0.22066405415534973,-0.5626532435417175,-0.3280542492866516,0.5178441405296326
2792,56,41,-0.19557586312294006,-0.4589780569076538,-0.3280542492866516,0.5178441405296326
2793,56,42,-0.21404621005058289,-0.2803753614425659,-0.3280542492866516,0.5178441405296326
2794,56,43,0.12857969105243683,-0.24609258770942688,-0.3280542492866516,0.5178441405296326
2795,56,44,0.35361239314079285,-0.21171033382415771,-0.3280542492866516,0.5178441405296326
2796,56,45,0.3766222298145294,-0.14427733421325684,-0.3280542492866516,0.5178441405296326
2797,56,46,-0.13870373368263245,-0.6209397315979004,-0.3280542492866516,0.5178441405296326
2798,56,47,-0.11841025948524475,-0.4503059983253479,-0.3280542492866516,0.5178441405296326
2799,56,48,0.10179764032363892,0.07009533047676086,-0.3280542492866516,0.5178441405296326
2800,56,49,0.0326191671192646,-0.21780459582805634,-0.3280542492866516,0.5178441405296326
2801,57,0,0.04674926772713661,-0.21274437010288239,-0.3045130968093872,0.3770926594734192
2802,57,1,0.015805674716830254,-0.556361734867096,-0.3045130968093872,0.3770926594734192
2803,57,2,0.01582447625696659,-0.3018577992916107,-0.3045130968093872,0.3770926594734192
2804,57,3,0.131440669298172,-0.5056411623954773,-0.3045130968093872,0.3770926594734192
2805,57,4,-0.10615337640047073,-0.3107178807258606,-0.3045130968093872,0.3770926594734192
2806,57,5,0.07639504969120026,-0.19527189433574677,-0.3045130968093872,0.3770926594734192
2807,57,6,0.11073080450296402,-0.2041621208190918,-0.3045130968093872,0.3770926594734192
2808,57,7,-0.006209880113601685,-0.010479308664798737,-0.3045130968093872,0.3770926594734192
2809,57,8,-0.0990665927529335,0.04616282507777214,-0.3045130968093872,0.3770926594734192
2810,57,9,0.18153871595859528,-0.05222358554601669,-0.3045130968093872,0.3770926594734192
2811,57,10,0.03707055002450943,-0.3673457205295563,-0.3045130968093872,0.3770926594734192
2812,57,11,0.07258420437574387,-0.6358658075332642,-0.3045130968093872,0.3770926594734192
2813,57,12,0.3127363622188568,-0.27241039276123047,-0.3045130968093872,0.3770926594734192
2814,57,13,0.3278116285800934,-0.3107351064682007,-0.3045130968093872,0.3770926594734192
2815,57,14,0.20242221653461456,-0.5868343710899353,-0.3045130968093872,0.3770926594734192
2816,57,15,0.21665102243423462,-0.2965523302555084,-0.3045130968093872,0.3770926594734192
2817,57,16,0.040847841650247574,-0.34122341871261597,-0.3045130968093872,0.3770926594734192
2818,57,17,0.3598102033138275,0.004248910583555698,-0.3045130968093872,0.3770926594734192
2819,57,18,0.3455195426940918,-0.4164005219936371,-0.3045130968093872,0.3770926594734192
2820,57,19,0.4805876910686493,-0.5606611967086792,-0.3045130968093872,0.3770926594734192
2821,57,20,-0.023696746677160263,-0.6727448105812073,-0.3045130968093872,0.3770926594734192
2822,57,21,-0.09428659826517105,-0.18169021606445312,-0.3045130968093872,0.3770926594734192
2823,57,22,0.4352477192878723,-0.17891481518745422,-0.3045130968093872,0.3770926594734192
2824,57,23,0.49374139308929443,-0.08170851320028305,-0.3045130968093872,0.3770926594734192
2825,57,24,0.15981894731521606,-0.7261380553245544,-0.3045130968093872,0.3770926594734192
2826,57,25,0.023191027343273163,-0.29757609963417053,-0.3045130968093872,0.3770926594734192
2827,57,26,0.09378156810998917,-0.22717902064323425,-0.3045130968093872,0.3770926594734192
2828,57,27,0.044000525027513504,-0.5839153528213501,-0.3045130968093872,0.3770926594734192
2829,57,28,-0.13471895456314087,-0.3264349400997162,-0.3045130968093872,0.3770926594734192
2830,57,29,-0.2151210904121399,-0.35257425904273987,-0.3045130968093872,0.3770926594734192
2831,57,30,0.11488229781389236,-0.07123345136642456,-0.3045130968093872,0.3770926594734192
2832,57,31,0.002817049389705062,-0.36228057742118835,-0.3045130968093872,0.3770926594734192
2833,57,32,0.09463659673929214,-0.7678828835487366,-0.3045130968093872,0.3770926594734192
2834,57,33,0.38653481006622314,-0.41732680797576904,-0.3045130968093872,0.3770926594734192
2835,57,34,0.16101659834384918,-0.48637592792510986,-0.3045130968093872,0.3770926594734192
2836,57,35,-0.5754884481430054,-0.16865824162960052,-0.3045130968093872,0.3770926594734192
2837,57,36,-0.4117126762866974,-0.05301109328866005,-0.3045130968093872,0.3770926594734192
2838,57,37,0.09321428835391998,-0.2979245185852051,-0.3045130968093872,0.3770926594734192
2839,57,38,0.06164664402604103,-0.4064842462539673,-0.3045130968093872,0.3770926594734192
2840,57,39,-0.06252165883779526,-0.1580657809972763,-0.3045130968093872,0.3770926594734192
2841,57,40,-0.06912591308355331,-0.5719497203826904,-0.3045130968093872,0.3770926594734192
2842,57,41,0.09482874721288681,-0.29750990867614746,-0.3045130968093872,0.3770926594734192
2843,57,42,0.22982282936573029,-0.6127144694328308,-0.3045130968093872,0.3770926594734192
2844,57,43,0.32486337423324585,-0.5267477631568909,-0.3045130968093872,0.3770926594734192
2845,57,44,-0.45826756954193115,0.04937790706753731,-0.3045130968093872,0.3770926594734192
2846,57,45,0.3831692934036255,-0.7389329075813293,-0.3045130968093872,0.3770926594734192
2847,57,46,0.7317629456520081,-0.215240016579628,-0.3045130968093872,0.3770926594734192
2848,57,47,0.6578192114830017,-0.12936033308506012,-0.3045130968093872,0.3770926594734192
2849,57,48,0.40402817726135254,-0.9863452911376953,-0.3045130968093872,0.3770926594734192
2850,57,49,-0.0885792225599289,-0.29673123359680176,-0.3045130968093872,0.3770926594734192
2851,58,0,-0.2595308721065521,-0.2990199327468872,-0.2890510857105255,0.3477085530757904
2852,58,1,-0.39678698778152466,-0.44263166189193726,-0.2890510857105255,0.3477085530757904
2853,58,2,-0.5498784184455872,-0.3425214886665344,-0.2890510857105255,0.3477085530757904
2854,58,3,-0.15868021547794342,-0.08871514350175858,-0.2890510857105255,0.3477085530757904
2855,58,4,0.02960793301463127,-0.2924732267856598,-0.2890510857105255,0.3477085530757904
2856,58,5,0.05412941053509712,-0.7901344299316406,-0.2890510857105255,0.3477085530757904
2857,58,6,0.25206512212753296,-0.19142232835292816,-0.2890510857105255,0.3477085530757904
2858,58,7,0.04713665321469307,-0.48552802205085754,-0.2890510857105255,0.3477085530757904
2859,58,8,-0.20840391516685486,-0.5568753480911255,-0.2890510857105255,0.3477085530757904
2860,58,9,-0.264225035905838,-0.3031374514102936,-0.2890510857105255,0.3477085530757904
2861,58,10,-0.13118265569210052,-0.21840058267116547,-0.2890510857105255,0.3477085530757904
2862,58,11,-0.1600455343723297,-0.2654736042022705,-0.2890510857105255,0.3477085530757904
2863,58,12,-0.25440481305122375,-0.15725664794445038,-0.2890510857105255,0.3477085530757904
2864,58,13,-0.027811745181679726,-0.33918297290802,-0.2890510857105255,0.3477085530757904
2865,58,14,-0.10687635093927383,-0.1935659497976303,-0.2890510857105255,0.3477085530757904
2866,58,15,-0.24281702935695648,-0.054170556366443634,-0.2890510857105255,0.3477085530757904
2867,58,16,-0.16173921525478363,-0.6546764373779297,-0.2890510857105255,0.3477085530757904
2868,58,17,-0.0025700011756271124,-0.45210057497024536,-0.2890510857105255,0.3477085530757904
2869,58,18,0.06013615056872368,-0.670121431350708,-0.2890510857105255,0.3477085530757904
2870,58,19,0.2186652421951294,-0.2782057523727417,-0.2890510857105255,0.3477085530757904
2871,58,20,0.2932250499725342,-0.38445597887039185,-0.2890510857105255,0.3477085530757904
2872,58,21,0.11460442841053009,-0.15777048468589783,-0.2890510857105255,0.3477085530757904
2873,58,22,0.19863015413284302,-0.004634767770767212,-0.2890510857105255,0.3477085530757904
2874,58,23,0.1207432672381401,-0.5270047187805176,-0.2890510857105255,0.3477085530757904
2875,58,24,-0.06224898248910904,0.16767455637454987,-0.2890510857105255,0.3477085530757904
2876,58,25,0.021357852965593338,-0.33945682644844055,-0.2890510857105255,0.3477085530757904
2877,58,26,0.1278470754623413,-0.29347312450408936,-0.2890510857105255,0.3477085530757904
2878,58,27,0.31571000814437866,-0.26425817608833313,-0.2890510857105255,0.3477085530757904
2879,58,28,-0.005425227805972099,-0.29747462272644043,-0.2890510857105255,0.3477085530757904
2880,58,29,-0.05168131738901138,-0.5262881517410278,-0.2890510857105255,0.3477085530757904
2881,58,30,-0.23979946970939636,0.15795838832855225,-0.2890510857105255,0.3477085530757904
2882,58,31,-0.3584325611591339,-0.2588243782520294,-0.2890510857105255,0.3477085530757904
2883,58,32,0.10924752056598663,-0.42462822794914246,-0.2890510857105255,0.3477085530757904
2884,58,33,-0.019828466698527336,-0.21264579892158508,-0.2890510857105255,0.3477085530757904
2885,58,34,-0.4631102383136749,-0.11046161502599716,-0.2890510857105255,0.3477085530757904
2886,58,35,-0.2415999323129654,-0.787078320980072,-0.2890510857105255,0.3477085530757904
2887,58,36,0.0053839972242712975,-0.6509494185447693,-0.2890510857105255,0.3477085530757904
2888,58,37,-0.07164490222930908,-0.4160709083080292,-0.2890510857105255,0.3477085530757904
2889,58,38,0.14155717194080353,-0.4055609405040741,-0.2890510857105255,0.3477085530757904
2890,58,39,0.345096230506897,-0.1103784367442131,-0.2890510857105255,0.3477085530757904
2891,58,40,0.3217700719833374,-0.2818838059902191,-0.2890510857105255,0.3477085530757904
2892,58,41,0.14817458391189575,-0.42387866973876953,-0.2890510857105255,0.3477085530757904
2893,58,42,-0.1208946704864502,-0.06482051312923431,-0.2890510857105255,0.3477085530757904
2894,58,43,-0.3530595898628235,-0.29313236474990845,-0.2890510857105255,0.3477085530757904
2895,58,44,0.005745850969105959,-0.19573254883289337,-0.2890510857105255,0.3477085530757904
2896,58,45,0.19170726835727692,-0.5017383098602295,-0.2890510857105255,0.3477085530757904
2897,58,46,0.06470996886491776,-0.5020211338996887,-0.2890510857105255,0.3477085530757904
2898,58,47,0.0028946073725819588,0.0818088948726654,-0.2890510857105255,0.3477085530757904
2899,58,48,0.24922294914722443,-0.04924125224351883,-0.2890510857105255,0.3477085530757904
2900,58,49,0.22738303244113922,-0.473112553358078,-0.2890510857105255,0.3477085530757904
2901,59,0,0.09093516319990158,-1.0,-0.3194664418697357,0.3160819709300995
2902,59,1,0.0351586677134037,-0.5457335114479065,-0.3194664418697357,0.3160819709300995
2903,59,2,-0.09887396544218063,-0.5724935531616211,-0.3194664418697357,0.3160819709300995
2904,59,3,-0.5901258587837219,-0.13789819180965424,-0.3194664418697357,0.3160819709300995
2905,59,4,-0.537757396697998,-0.41991719603538513,-0.3194664418697357,0.3160819709300995
2906,59,5,0.0695665180683136,-0.14715082943439484,-0.3194664418697357,0.3160819709300995
2907,59,6,-0.08593081682920456,-0.5336378812789917,-0.3194664418697357,0.3160819709300995
2908,59,7,0.10767648369073868,-0.5059293508529663,-0.3194664418697357,0.3160819709300995
2909,59,8,0.3476402759552002,-0.17797225713729858,-0.3194664418697357,0.3160819709300995
2910,59,9,0.278588205575943,-0.6632502675056458,-0.3194664418697357,0.3160819709300995
2911,59,10,0.39207980036735535,-0.27619409561157227,-0.3194664418697357,0.3160819709300995
2912,59,11,0.298808217048645,-0.409978449344635,-0.3194664418697357,0.3160819709300995
2913,59,12,0.2121308445930481,-0.2401798665523529,-0.3194664418697357,0.3160819709300995
2914,59,13,-0.05039969086647034,-0.25309696793556213,-0.3194664418697357,0.3160819709300995
2915,59,14,-0.10753115266561508,0.1226034015417099,-0.3194664418697357,0.3160819709300995
2916,59,15,-0.11683755367994308,-0.5499194264411926,-0.3194664418697357,0.3160819709300995
2917,59,16,-0.055876992642879486,-0.5074573159217834,-0.3194664418697357,0.3160819709300995
2918,59,17,0.19001375138759613,-0.399034321308136,-0.3194664418697357,0.3160819709300995
2919,59,18,0.2626200318336487,-0.5265599489212036,-0.3194664418697357,0.3160819709300995
2920,59,19,0.20874302089214325,-0.568804144859314,-0.3194664418697357,0.3160819709300995
2921,59,20,0.008015590719878674,-0.24592730402946472,-0.3194664418697357,0.3160819709300995
2922,59,21,-0.21872054040431976,-0.4940498471260071,-0.3194664418697357,0.3160819709300995
2923,59,22,0.3224174678325653,-0.42338716983795166,-0.3194664418697357,0.3160819709300995
2924,59,23,0.3655428886413574,-0.4556589126586914,-0.3194664418697357,0.3160819709300995
2925,59,24,0.21222595870494843,-0.4664596915245056,-0.3194664418697357,0.3160819709300995
2926,59,25,0.2604106664657593,-0.3140198886394501,-0.3194664418697357,0.3160819709300995
2927,59,26,0.02081824466586113,-0.08134663105010986,-0.3194664418697357,0.3160819709300995
2928,59,27,0.060302410274744034,-0.47524121403694153,-0.3194664418697357,0.3160819709300995
2929,59,28,0.0611296184360981,-0.35277366638183594,-0.3194664418697357,0.3160819709300995
2930,59,29,-0.0034974347800016403,-0.06735257059335709,-0.3194664418697357,0.3160819709300995
2931,59,30,-0.013392588123679161,-0.21688152849674225,-0.3194664418697357,0.3160819709300995
2932,59,31,0.0048722983337938786,-0.13444097340106964,-0.3194664418697357,0.3160819709300995
2933,59,32,-0.07436919957399368,0.038303446024656296,-0.3194664418697357,0.3160819709300995
2934,59,33,0.06863352656364441,0.19253385066986084,-0.3194664418697357,0.3160819709300995
2935,59,34,0.1256992220878601,-0.6611847877502441,-0.3194664418697357,0.3160819709300995
2936,59,35,0.01489272341132164,-0.28543806076049805,-0.3194664418697357,0.3160819709300995
2937,59,36,0.2355000078678131,-0.44280949234962463,-0.3194664418697357,0.3160819709300995
2938,59,37,0.39031246304512024,-0.5072073340415955,-0.3194664418697357,0.3160819709300995
2939,59,38,-0.10942244529724121,-0.6941515803337097,-0.3194664418697357,0.3160819709300995
2940,59,39,-0.09279676526784897,-0.10828220099210739,-0.3194664418697357,0.3160819709300995
2941,59,40,-0.058233123272657394,-0.5296919345855713,-0.3194664418697357,0.3160819709300995
2942,59,41,0.256060928106308,0.16330353915691376,-0.3194664418697357,0.3160819709300995
2943,59,42,0.04024031385779381,0.11397970467805862,-0.3194664418697357,0.3160819709300995
2944,59,43,0.12887518107891083,0.03008650615811348,-0.3194664418697357,0.3160819709300995
2945,59,44,-0.011568193323910236,-0.493314266204834,-0.3194664418697357,0.3160819709300995
2946,59,45,-0.12812168896198273,-0.5315454602241516,-0.3194664418697357,0.3160819709300995
2947,59,46,-0.04961564019322395,-0.9400484561920166,-0.3194664418697357,0.3160819709300995
2948,59,47,0.3382567763328552,-0.26692959666252136,-0.3194664418697357,0.3160819709300995
2949,59,48,0.14321328699588776,-0.14707738161087036,-0.3194664418697357,0.3160819709300995
2950,59,49,0.08720898628234863,-0.16142278909683228,-0.3194664418697357,0.3160819709300995
2951,60,0,-0.225504532456398,-0.37322288751602173,-0.27387112379074097,0.2704118490219116
2952,60,1,-0.06771309673786163,-0.5701766610145569,-0.27387112379074097,0.2704118490219116
2953,60,2,-0.22708916664123535,-0.2873784005641937,-0.27387112379074097,0.2704118490219116
2954,60,3,-0.034002743661403656,-0.4780995845794678,-0.27387112379074097,0.2704118490219116
2955,60,4,0.3073660731315613,-0.12302235513925552,-0.27387112379074097,0.2704118490219116
2956,60,5,0.13788236677646637,-0.2459314912557602,-0.27387112379074097,0.2704118490219116
2957,60,6,0.04476412013173103,-0.0643988624215126,-0.27387112379074097,0.2704118490219116
2958,60,7,0.3707430064678192,-0.3684907853603363,-0.27387112379074097,0.2704118490219116
2959,60,8,0.4055659770965576,-0.059585656970739365,-0.27387112379074097,0.2704118490219116
2960,60,9,0.14431874454021454,-0.20258495211601257,-0.27387112379074097,0.2704118490219116
2961,60,10,0.012866241857409477,-0.5483093857765198,-0.27387112379074097,0.2704118490219116
2962,60,11,0.07053306698799133,-0.5019862651824951,-0.27387112379074097,0.2704118490219116
2963,60,12,0.19669462740421295,-0.4309358596801758,-0.27387112379074097,0.2704118490219116
2964,60,13,0.3694252669811249,-0.498733788728714,-0.27387112379074097,0.2704118490219116
2965,60,14,0.3966975808143616,-0.34476664662361145,-0.27387112379074097,0.2704118490219116
2966,60,15,0.08935310691595078,-0.4306719899177551,-0.27387112379074097,0.2704118490219116
2967,60,16,-0.2693934142589569,-0.45483312010765076,-0.27387112379074097,0.2704118490219116
2968,60,17,-0.1979769915342331,-0.2506479024887085,-0.27387112379074097,0.2704118490219116
2969,60,18,0.0985623225569725,-0.5770068168640137,-0.27387112379074097,0.2704118490219116
2970,60,19,-0.2349953055381775,-0.2721461355686188,-0.27387112379074097,0.2704118490219116
2971,60,20,-0.40161868929862976,-0.4653190076351166,-0.27387112379074097,0.2704118490219116
2972,60,21,0.2713938057422638,-0.406789094209671,-0.27387112379074097,0.2704118490219116
2973,60,22,0.2582428753376007,-0.6015633940696716,-0.27387112379074097,0.2704118490219116
2974,60,23,-0.054988883435726166,-0.511227011680603,-0.27387112379074097,0.2704118490219116
2975,60,24,-0.22697071731090546,-0.44992372393608093,-0.27387112379074097,0.2704118490219116
2976,60,25,0.11266198009252548,-0.6175234913825989,-0.27387112379074097,0.2704118490219116
2977,60,26,0.24812525510787964,-0.22560326755046844,-0.27387112379074097,0.2704118490219116
2978,60,27,0.056246984750032425,-0.06429033726453781,-0.27387112379074097,0.2704118490219116
2979,60,28,0.49571311473846436,-0.670470654964447,-0.27387112379074097,0.2704118490219116
2980,60,29,0.4376700520515442,-0.41504570841789246,-0.27387112379074097,0.2704118490219116
2981,60,30,0.41784629225730896,-0.10903409868478775,-0.27387112379074097,0.2704118490219116
2982,60,31,0.27820059657096863,-0.3798360228538513,-0.27387112379074097,0.2704118490219116
2983,60,32,0.0723639652132988,-0.6511250734329224,-0.27387112379074097,0.2704118490219116
2984,60,33,0.00632050633430481,-0.3697018623352051,-0.27387112379074097,0.2704118490219116
2985,60,34,0.07832538336515427,0.29498982429504395,-0.27387112379074097,0.2704118490219116
2986,60,35,0.16042660176753998,-0.09123378992080688,-0.27387112379074097,0.2704118490219116
2987,60,36,0.07872825860977173,-0.52340167760849,-0.27387112379074097,0.2704118490219116
2988,60,37,0.01724965311586857,-0.44137173891067505,-0.27387112379074097,0.2704118490219116
2989,60,38,-0.012883022427558899,-0.18761034309864044,-0.27387112379074097,0.2704118490219116
2990,60,39,0.3369576036930084,0.1491645723581314,-0.27387112379074097,0.2704118490219116
2991,60,40,0.2789396345615387,-0.30235010385513306,-0.27387112379074097,0.2704118490219116
2992,60,41,-0.18192841112613678,-0.08765790611505508,-0.27387112379074097,0.2704118490219116
2993,60,42,-0.26310446858406067,-0.13487571477890015,-0.27387112379074097,0.2704118490219116
2994,60,43,0.11274963617324829,0.044525161385536194,-0.27387112379074097,0.2704118490219116
2995,60,44,0.16154725849628448,-0.32408109307289124,-0.27387112379074097,0.2704118490219116
2996,60,45,-0.2822350561618805,0.05599047243595123,-0.27387112379074097,0.2704118490219116
2997,60,46,-0.4888492524623871,-0.8289126753807068,-0.27387112379074097,0.2704118490219116
2998,60,47,-0.3860470950603485,-0.5026125311851501,-0.27387112379074097,0.2704118490219116
2999,60,48,-0.535500168800354,-0.11883976310491562,-0.27387112379074097,0.2704118490219116
3000,60,49,-0.42451149225234985,-0.40214473009109497,-0.27387112379074097,0.2704118490219116
3001,61,0,0.19152922928333282,-0.19287870824337006,-0.2883560061454773,0.2586157023906708
3002,61,1,-0.21496717631816864,-0.5975297689437866,-0.2883560061454773,0.2586157023906708
3003,61,2,-0.18451076745986938,-0.3043728470802307,-0.2883560061454773,0.2586157023906708
3004,61,3,0.11353650689125061,-0.6281623244285583,-0.2883560061454773,0.2586157023906708
3005,61,4,0.21731723845005035,-0.2370380014181137,-0.2883560061454773,0.2586157023906708
3006,61,5,0.2164631187915802,-0.7161194086074829,-0.2883560061454773,0.2586157023906708
3007,61,6,0.44978779554367065,-0.06404141336679459,-0.2883560061454773,0.2586157023906708
3008,61,7,0.6260375380516052,-0.29549726843833923,-0.2883560061454773,0.2586157023906708
3009,61,8,0.304823100566864,-0.10711982101202011,-0.2883560061454773,0.2586157023906708
3010,61,9,0.2485027313232422,-0.5358322262763977,-0.2883560061454773,0.2586157023906708
3011,61,10,0.1208060011267662,-0.2465355396270752,-0.2883560061454773,0.2586157023906708
3012,61,11,0.323442280292511,-0.05901255086064339,-0.2883560061454773,0.2586157023906708
3013,61,12,0.3923104703426361,-0.009207284078001976,-0.2883560061454773,0.2586157023906708
3014,61,13,0.4141402840614319,-0.3284676969051361,-0.2883560061454773,0.2586157023906708
3015,61,14,0.4016406238079071,-0.5399203896522522,-0.2883560061454773,0.2586157023906708
3016,61,15,0.504654049873352,-0.19740712642669678,-0.2883560061454773,0.2586157023906708
3017,61,16,0.4595893323421478,-0.1565340906381607,-0.2883560061454773,0.2586157023906708
3018,61,17,0.26310327649116516,-0.06542856991291046,-0.2883560061454773,0.2586157023906708
3019,61,18,0.2131582796573639,-0.22979071736335754,-0.2883560061454773,0.2586157023906708
3020,61,19,0.5130198001861572,-0.37324339151382446,-0.2883560061454773,0.2586157023906708
3021,61,20,0.2988547682762146,-0.5100104808807373,-0.2883560061454773,0.2586157023906708
3022,61,21,0.3007369339466095,-0.6309906244277954,-0.2883560061454773,0.2586157023906708
3023,61,22,0.4882321357727051,-0.16382041573524475,-0.2883560061454773,0.2586157023906708
3024,61,23,0.19954796135425568,-0.42705807089805603,-0.2883560061454773,0.2586157023906708
3025,61,24,0.4880148470401764,-0.2825314700603485,-0.2883560061454773,0.2586157023906708
3026,61,25,0.44613730907440186,-0.4526202082633972,-0.2883560061454773,0.2586157023906708
3027,61,26,0.2537122368812561,-0.5878475308418274,-0.2883560061454773,0.2586157023906708
3028,61,27,0.04837779328227043,-0.21562020480632782,-0.2883560061454773,0.2586157023906708
3029,61,28,-0.25775858759880066,-0.4681946337223053,-0.2883560061454773,0.2586157023906708
3030,61,29,-0.09057825803756714,-0.6138530969619751,-0.2883560061454773,0.2586157023906708
3031,61,30,0.21827735006809235,-0.15101128816604614,-0.2883560061454773,0.2586157023906708
3032,61,31,0.03724748268723488,-0.13042928278446198,-0.2883560061454773,0.2586157023906708
3033,61,32,0.40895557403564453,-0.43441498279571533,-0.2883560061454773,0.2586157023906708
3034,61,33,0.262770414352417,-0.37941765785217285,-0.2883560061454773,0.2586157023906708
3035,61,34,-0.05599799007177353,-0.6002116799354553,-0.2883560061454773,0.2586157023906708
3036,61,35,-0.028477763757109642,-0.4818061888217926,-0.2883560061454773,0.2586157023906708
3037,61,36,-0.11093658953905106,-0.4407191276550293,-0.2883560061454773,0.2586157023906708
3038,61,37,0.09484262764453888,-0.3463667631149292,-0.2883560061454773,0.2586157023906708
3039,61,38,-0.10454779118299484,-0.6864112019538879,-0.2883560061454773,0.2586157023906708
3040,61,39,-0.2323676198720932,0.1594645231962204,-0.2883560061454773,0.2586157023906708
3041,61,40,0.11831870675086975,-0.24679045379161835,-0.2883560061454773,0.2586157023906708
3042,61,41,0.14996851980686188,-0.16948196291923523,-0.2883560061454773,0.2586157023906708
3043,61,42,0.14296706020832062,-0.44083261489868164,-0.2883560061454773,0.2586157023906708
3044,61,43,-0.007362713571637869,-0.3367237448692322,-0.2883560061454773,0.2586157023906708
3045,61,44,-0.0632980614900589,-0.4006991982460022,-0.2883560061454773,0.2586157023906708
3046,61,45,-0.17383863031864166,-0.5297117233276367,-0.2883560061454773,0.2586157023906708
3047,61,46,-0.021621042862534523,-0.25218743085861206,-0.2883560061454773,0.2586157023906708
3048,61,47,0.2568950355052948,-0.5188547372817993,-0.2883560061454773,0.2586157023906708
3049,61,48,0.2656494379043579,-0.33233681321144104,-0.2883560061454773,0.2586157023906708
3050,61,49,0.11521993577480316,-0.5254743695259094,-0.2883560061454773,0.2586157023906708
3051,62,0,0.16281470656394958,0.07770994305610657,-0.2668021023273468,0.328476220369339
3052,62,1,0.08864927291870117,-0.23634077608585358,-0.2668021023273468,0.328476220369339
3053,62,2,0.12483928352594376,-0.6473108530044556,-0.2668021023273468,0.328476220369339
3054,62,3,-0.14982111752033234,-0.1939544975757599,-0.2668021023273468,0.328476220369339
3055,62,4,-0.06899598985910416,-0.40917637944221497,-0.2668021023273468,0.328476220369339
3056,62,5,0.3576909005641937,0.06893876194953918,-0.2668021023273468,0.328476220369339
3057,62,6,0.010925556533038616,-0.03521038219332695,-0.2668021023273468,0.328476220369339
3058,62,7,-0.30798691511154175,-0.6081371307373047,-0.2668021023273468,0.328476220369339
3059,62,8,-0.1106015294790268,-0.3046726584434509,-0.2668021023273468,0.328476220369339
3060,62,9,-0.08866673707962036,-0.1880447417497635,-0.2668021023273468,0.328476220369339
3061,62,10,0.3355075716972351,-0.22815808653831482,-0.2668021023273468,0.328476220369339
3062,62,11,0.608552873134613,-0.3721243739128113,-0.2668021023273468,0.328476220369339
3063,62,12,0.5291658639907837,-0.2338864952325821,-0.2668021023273468,0.328476220369339
3064,62,13,0.3826040029525757,-0.38733020424842834,-0.2668021023273468,0.328476220369339
3065,62,14,0.6293884515762329,-0.3408809006214142,-0.2668021023273468,0.328476220369339
3066,62,15,0.0022317988332360983,-0.14625632762908936,-0.2668021023273468,0.328476220369339
3067,62,16,-0.34284889698028564,-0.4803718328475952,-0.2668021023273468,0.328476220369339
3068,62,17,0.06695666164159775,-0.42333555221557617,-0.2668021023273468,0.328476220369339
3069,62,18,0.07099524885416031,-0.35193824768066406,-0.2668021023273468,0.328476220369339
3070,62,19,0.08582329005002975,-0.20697928965091705,-0.2668021023273468,0.328476220369339
3071,62,20,0.14643609523773193,-0.20133860409259796,-0.2668021023273468,0.328476220369339
3072,62,21,-0.05382346361875534,-0.12428592890501022,-0.2668021023273468,0.328476220369339
3073,62,22,-0.13601553440093994,-0.17144201695919037,-0.2668021023273468,0.328476220369339
3074,62,23,0.10389187932014465,0.08623115718364716,-0.2668021023273468,0.328476220369339
3075,62,24,0.21209289133548737,-0.36063364148139954,-0.2668021023273468,0.328476220369339
3076,62,25,0.2812928855419159,-0.17233750224113464,-0.2668021023273468,0.328476220369339
3077,62,26,0.23615898191928864,-0.18651559948921204,-0.2668021023273468,0.328476220369339
3078,62,27,0.08022589236497879,-0.015963420271873474,-0.2668021023273468,0.328476220369339
3079,62,28,-0.07332638651132584,-0.19397857785224915,-0.2668021023273468,0.328476220369339
3080,62,29,0.133424773812294,-0.2547232210636139,-0.2668021023273468,0.328476220369339
3081,62,30,0.08483521640300751,0.03898956626653671,-0.2668021023273468,0.328476220369339
3082,62,31,-0.3473225235939026,-0.2693508565425873,-0.2668021023273468,0.328476220369339
3083,62,32,-0.25372639298439026,-0.01890893653035164,-0.2668021023273468,0.328476220369339
3084,62,33,-0.276847243309021,-0.5691738724708557,-0.2668021023273468,0.328476220369339
3085,62,34,-0.26914921402931213,-0.24039876461029053,-0.2668021023273468,0.328476220369339
3086,62,35,-0.16291004419326782,0.003633936168625951,-0.2668021023273468,0.328476220369339
3087,62,36,0.20781558752059937,-0.01834222488105297,-0.2668021023273468,0.328476220369339
3088,62,37,0.2673381567001343,-0.40030092000961304,-0.2668021023273468,0.328476220369339
3089,62,38,0.03519444167613983,-0.11777754127979279,-0.2668021023273468,0.328476220369339
3090,62,39,-0.03844359889626503,-0.11652819812297821,-0.2668021023273468,0.328476220369339
3091,62,40,0.025714874267578125,-0.5018941760063171,-0.2668021023273468,0.328476220369339
3092,62,41,0.12762224674224854,-0.22501328587532043,-0.2668021023273468,0.328476220369339
3093,62,42,0.0757812112569809,-0.49248406291007996,-0.2668021023273468,0.328476220369339
3094,62,43,0.1410951316356659,-0.49843350052833557,-0.2668021023273468,0.328476220369339
3095,62,44,0.14133182168006897,-0.385858416557312,-0.2668021023273468,0.328476220369339
3096,62,45,0.3460915684700012,-0.32145392894744873,-0.2668021023273468,0.328476220369339
3097,62,46,0.3408847153186798,-0.23951293528079987,-0.2668021023273468,0.328476220369339
3098,62,47,0.37536075711250305,-0.3143715262413025,-0.2668021023273468,0.328476220369339
3099,62,48,0.1885882318019867,-0.12409958988428116,-0.2668021023273468,0.328476220369339
3100,62,49,-0.05137303099036217,0.11153437197208405,-0.2668021023273468,0.328476220369339
3101,63,0,-0.04743503779172897,-0.458935409784317,-0.2892836630344391,0.41051700711250305
3102,63,1,0.09062057733535767,-0.20536759495735168,-0.2892836630344391,0.41051700711250305
3103,63,2,0.05003068223595619,-0.65410977602005,-0.2892836630344391,0.41051700711250305
3104,63,3,-0.0020145652815699577,-0.6615687012672424,-0.2892836630344391,0.41051700711250305
3105,63,4,0.024008911103010178,-0.16335874795913696,-0.2892836630344391,0.41051700711250305
3106,63,5,0.3393172025680542,0.008673639968037605,-0.2892836630344391,0.41051700711250305
3107,63,6,0.360297828912735,-0.09197251498699188,-0.2892836630344391,0.41051700711250305
3108,63,7,-0.09915396571159363,-0.17084288597106934,-0.2892836630344391,0.41051700711250305
3109,63,8,-0.04549850523471832,-0.13295282423496246,-0.2892836630344391,0.41051700711250305
3110,63,9,0.0437573604285717,-0.2082151621580124,-0.2892836630344391,0.41051700711250305
3111,63,10,-0.16811110079288483,0.01646384969353676,-0.2892836630344391,0.41051700711250305
3112,63,11,-0.20752020180225372,-0.372104674577713,-0.2892836630344391,0.41051700711250305
3113,63,12,-0.05169374868273735,-0.5578070878982544,-0.2892836630344391,0.41051700711250305
3114,63,13,-0.03765706345438957,-0.4034504294395447,-0.2892836630344391,0.41051700711250305
3115,63,14,0.015650169923901558,-0.2724405825138092,-0.2892836630344391,0.41051700711250305
3116,63,15,0.09044096618890762,-0.17802585661411285,-0.2892836630344391,0.41051700711250305
3117,63,16,0.03981596603989601,-0.5898883938789368,-0.2892836630344391,0.41051700711250305
3118,63,17,-0.3327694833278656,-0.15366485714912415,-0.2892836630344391,0.41051700711250305
3119,63,18,-0.39748916029930115,0.05921739339828491,-0.2892836630344391,0.41051700711250305
3120,63,19,0.10166940838098526,0.08296874165534973,-0.2892836630344391,0.41051700711250305
3121,63,20,-0.05262922868132591,-0.5269399881362915,-0.2892836630344391,0.41051700711250305
3122,63,21,0.07056116312742233,0.04919680207967758,-0.2892836630344391,0.41051700711250305
3123,63,22,0.33095595240592957,-0.016192732378840446,-0.2892836630344391,0.41051700711250305
3124,63,23,0.403343141078949,-0.5356310606002808,-0.2892836630344391,0.41051700711250305
3125,63,24,0.4728476107120514,-0.38606899976730347,-0.2892836630344391,0.41051700711250305
3126,63,25,0.23528023064136505,-0.3429616391658783,-0.2892836630344391,0.41051700711250305
3127,63,26,0.09773360192775726,-0.3245794475078583,-0.2892836630344391,0.41051700711250305
3128,63,27,-0.07068607956171036,-0.08394812792539597,-0.2892836630344391,0.41051700711250305
3129,63,28,0.054468847811222076,-0.17287510633468628,-0.2892836630344391,0.41051700711250305
3130,63,29,0.1684674471616745,-0.023486066609621048,-0.2892836630344391,0.41051700711250305
3131,63,30,0.0019564153626561165,-0.3841492533683777,-0.2892836630344391,0.41051700711250305
3132,63,31,0.06885058432817459,-0.5281146168708801,-0.2892836630344391,0.41051700711250305
3133,63,32,0.2755275368690491,-0.4282195270061493,-0.2892836630344391,0.41051700711250305
3134,63,33,0.1492946445941925,-0.19156873226165771,-0.2892836630344391,0.41051700711250305
3135,63,34,0.2186228483915329,-0.08653515577316284,-0.2892836630344391,0.41051700711250305
3136,63,35,0.36934319138526917,-0.07894299179315567,-0.2892836630344391,0.41051700711250305
3137,63,36,0.29647567868232727,-0.4148632884025574,-0.2892836630344391,0.41051700711250305
3138,63,37,0.26231107115745544,-0.6307044625282288,-0.2892836630344391,0.41051700711250305
3139,63,38,0.29257380962371826,-0.6032861471176147,-0.2892836630344391,0.41051700711250305
3140,63,39,-0.3028295040130615,-0.187709778547287,-0.2892836630344391,0.41051700711250305
3141,63,40,-0.17557881772518158,-0.33291348814964294,-0.2892836630344391,0.41051700711250305
3142,63,41,-0.008999652229249477,-0.22141200304031372,-0.2892836630344391,0.41051700711250305
3143,63,42,-0.2288772016763687,-0.17031709849834442,-0.2892836630344391,0.41051700711250305
3144,63,43,-0.3608856499195099,-0.35720741748809814,-0.2892836630344391,0.41051700711250305
3145,63,44,0.16145777702331543,-0.29019588232040405,-0.2892836630344391,0.41051700711250305
3146,63,45,0.2906050384044647,-0.8214939832687378,-0.2892836630344391,0.41051700711250305
3147,63,46,0.19751858711242676,-0.18909695744514465,-0.2892836630344391,0.41051700711250305
3148,63,47,-0.4935297667980194,-0.2683236002922058,-0.2892836630344391,0.41051700711250305
3149,63,48,-0.12488432973623276,-0.38069429993629456,-0.2892836630344391,0.41051700711250305
3150,63,49,-0.38568106293678284,-0.2791590392589569,-0.2892836630344391,0.41051700711250305
3151,64,0,-0.16111938655376434,0.01689922995865345,-0.2841511070728302,0.4226844012737274
3152,64,1,0.020727265626192093,-0.4219363331794739,-0.2841511070728302,0.4226844012737274
3153,64,2,0.02192513830959797,-0.13240286707878113,-0.2841511070728302,0.4226844012737274
3154,64,3,-0.10001085698604584,-0.4920244812965393,-0.2841511070728302,0.4226844012737274
3155,64,4,0.043633460998535156,-0.3094296455383301,-0.2841511070728302,0.4226844012737274
3156,64,5,0.1794792115688324,0.018118934705853462,-0.2841511070728302,0.4226844012737274
3157,64,6,-0.04669543355703354,-0.4269520342350006,-0.2841511070728302,0.4226844012737274
3158,64,7,-0.14637811481952667,-0.6131330728530884,-0.2841511070728302,0.4226844012737274
3159,64,8,-0.44584378600120544,-0.28353720903396606,-0.2841511070728302,0.4226844012737274
3160,64,9,-0.3929104208946228,-0.15863114595413208,-0.2841511070728302,0.4226844012737274
3161,64,10,-0.0936206802725792,-0.316203236579895,-0.2841511070728302,0.4226844012737274
3162,64,11,-0.05141167715191841,-0.28375351428985596,-0.2841511070728302,0.4226844012737274
3163,64,12,-0.0960695892572403,-0.20752431452274323,-0.2841511070728302,0.4226844012737274
3164,64,13,-0.4450516700744629,0.00034796539694070816,-0.2841511070728302,0.4226844012737274
3165,64,14,-0.47245728969573975,-0.5040220022201538,-0.2841511070728302,0.4226844012737274
3166,64,15,-0.278026819229126,0.03313831239938736,-0.2841511070728302,0.4226844012737274
3167,64,16,0.028910567983984947,-0.2279856950044632,-0.2841511070728302,0.4226844012737274
3168,64,17,-0.036052871495485306,-0.39630118012428284,-0.2841511070728302,0.4226844012737274
3169,64,18,0.04061981290578842,-0.012220757082104683,-0.2841511070728302,0.4226844012737274
3170,64,19,0.17958420515060425,-0.5018097758293152,-0.2841511070728302,0.4226844012737274
3171,64,20,0.059010203927755356,-0.07210373878479004,-0.2841511070728302,0.4226844012737274
3172,64,21,0.210134819149971,0.03977619484066963,-0.2841511070728302,0.4226844012737274
3173,64,22,0.2802586853504181,-0.013548430055379868,-0.2841511070728302,0.4226844012737274
3174,64,23,0.17912115156650543,-0.2489357441663742,-0.2841511070728302,0.4226844012737274
3175,64,24,0.08440731465816498,-0.1629665046930313,-0.2841511070728302,0.4226844012737274
3176,64,25,0.20846256613731384,-0.5786923766136169,-0.2841511070728302,0.4226844012737274
3177,64,26,-0.03894827142357826,0.15818814933300018,-0.2841511070728302,0.4226844012737274
3178,64,27,-0.35125812888145447,-0.6149932742118835,-0.2841511070728302,0.4226844012737274
3179,64,28,0.1786518543958664,-0.19710217416286469,-0.2841511070728302,0.4226844012737274
3180,64,29,-0.22971604764461517,-0.18982285261154175,-0.2841511070728302,0.4226844012737274
3181,64,30,0.372670441865921,0.09071093797683716,-0.2841511070728302,0.4226844012737274
3182,64,31,0.4142874479293823,-0.24449147284030914,-0.2841511070728302,0.4226844012737274
3183,64,32,0.18929354846477509,-0.3916703760623932,-0.2841511070728302,0.4226844012737274
3184,64,33,0.07671000808477402,-0.4947580397129059,-0.2841511070728302,0.4226844012737274
3185,64,34,0.2531271278858185,-0.32361534237861633,-0.2841511070728302,0.4226844012737274
3186,64,35,0.15923674404621124,-0.45189347863197327,-0.2841511070728302,0.4226844012737274
3187,64,36,0.18195684254169464,0.07140083611011505,-0.2841511070728302,0.4226844012737274
3188,64,37,0.2291674166917801,-0.1660282164812088,-0.2841511070728302,0.4226844012737274
3189,64,38,0.09523119777441025,-0.5984147191047668,-0.2841511070728302,0.4226844012737274
3190,64,39,-0.5391817092895508,-0.12126395851373672,-0.2841511070728302,0.4226844012737274
3191,64,40,-0.45044833421707153,-0.05866958945989609,-0.2841511070728302,0.4226844012737274
3192,64,41,0.1985223889350891,-0.6772218346595764,-0.2841511070728302,0.4226844012737274
3193,64,42,0.5387921333312988,-0.6783373355865479,-0.2841511070728302,0.4226844012737274
3194,64,43,0.466926634311676,-0.6615598797798157,-0.2841511070728302,0.4226844012737274
3195,64,44,0.4684689939022064,0.11528322100639343,-0.2841511070728302,0.4226844012737274
3196,64,45,0.543803870677948,-0.21731074154376984,-0.2841511070728302,0.4226844012737274
3197,64,46,0.5045343637466431,-0.0006280821398831904,-0.2841511070728302,0.4226844012737274
3198,64,47,0.07841355353593826,-0.9317522644996643,-0.2841511070728302,0.4226844012737274
3199,64,48,-0.1989278346300125,-0.07226785272359848,-0.2841511070728302,0.4226844012737274
3200,64,49,-0.1145891547203064,-0.13689862191677094,-0.2841511070728302,0.4226844012737274
3201,65,0,-0.16669811308383942,0.012119672261178493,-0.28685256838798523,0.39597779512405396
3202,65,1,-0.0005817434284836054,-0.3329249918460846,-0.28685256838798523,0.39597779512405396
3203,65,2,0.14378118515014648,-0.23053650557994843,-0.28685256838798523,0.39597779512405396
3204,65,3,0.12630584836006165,-0.12177598476409912,-0.28685256838798523,0.39597779512405396
3205,65,4,-0.07205621153116226,-0.1472415179014206,-0.28685256838798523,0.39597779512405396
3206,65,5,-0.12171308696269989,-0.21919234097003937,-0.28685256838798523,0.39597779512405396
3207,65,6,-0.030790191143751144,-0.15132687985897064,-0.28685256838798523,0.39597779512405396
3208,65,7,0.03343193978071213,0.2247430384159088,-0.28685256838798523,0.39597779512405396
3209,65,8,0.05362604558467865,-0.6559182405471802,-0.28685256838798523,0.39597779512405396
3210,65,9,-0.07218790799379349,-0.6765718460083008,-0.28685256838798523,0.39597779512405396
3211,65,10,0.17840228974819183,-0.019042840227484703,-0.28685256838798523,0.39597779512405396
3212,65,11,0.38100680708885193,-0.12804634869098663,-0.28685256838798523,0.39597779512405396
3213,65,12,0.3089771568775177,0.11223680526018143,-0.28685256838798523,0.39597779512405396
3214,65,13,0.4035390615463257,-0.38492462038993835,-0.28685256838798523,0.39597779512405396
3215,65,14,0.3948618471622467,-0.6339799761772156,-0.28685256838798523,0.39597779512405396
3216,65,15,0.39132505655288696,-0.5444542765617371,-0.28685256838798523,0.39597779512405396
3217,65,16,0.16456052660942078,-0.7167023420333862,-0.28685256838798523,0.39597779512405396
3218,65,17,0.4958574175834656,0.08202231675386429,-0.28685256838798523,0.39597779512405396
3219,65,18,0.6280727982521057,-0.17056980729103088,-0.28685256838798523,0.39597779512405396
3220,65,19,0.3943151533603668,-6.965486682020128e-05,-0.28685256838798523,0.39597779512405396
3221,65,20,0.23527295887470245,-0.3157041370868683,-0.28685256838798523,0.39597779512405396
3222,65,21,0.3609779179096222,-0.16766315698623657,-0.28685256838798523,0.39597779512405396
3223,65,22,0.0031885935459285975,-0.1254453957080841,-0.28685256838798523,0.39597779512405396
3224,65,23,-0.2625392973423004,-0.6189772486686707,-0.28685256838798523,0.39597779512405396
3225,65,24,-0.17368300259113312,-0.003129257122054696,-0.28685256838798523,0.39597779512405396
3226,65,25,0.18931642174720764,-0.6150377988815308,-0.28685256838798523,0.39597779512405396
3227,65,26,-0.0535266175866127,-0.5867369174957275,-0.28685256838798523,0.39597779512405396
3228,65,27,0.19039979577064514,-0.227348193526268,-0.28685256838798523,0.39597779512405396
3229,65,28,-0.021581029519438744,-0.32012414932250977,-0.28685256838798523,0.39597779512405396
3230,65,29,0.13389547169208527,-0.39474841952323914,-0.28685256838798523,0.39597779512405396
3231,65,30,-0.3106567859649658,-0.11672516167163849,-0.28685256838798523,0.39597779512405396
3232,65,31,-0.4813431203365326,-0.2921874225139618,-0.28685256838798523,0.39597779512405396
3233,65,32,-0.14738444983959198,-0.25570669770240784,-0.28685256838798523,0.39597779512405396
3234,65,33,0.1492273360490799,-0.08423605561256409,-0.28685256838798523,0.39597779512405396
3235,65,34,0.2125372588634491,-0.5141561031341553,-0.28685256838798523,0.39597779512405396
3236,65,35,0.13993941247463226,0.20483669638633728,-0.28685256838798523,0.39597779512405396
3237,65,36,-0.09707249701023102,0.17463859915733337,-0.28685256838798523,0.39597779512405396
3238,65,37,-0.297224223613739,-0.5352987051010132,-0.28685256838798523,0.39597779512405396
3239,65,38,0.1182987168431282,-0.44126737117767334,-0.28685256838798523,0.39597779512405396
3240,65,39,0.2582981586456299,-0.5029608607292175,-0.28685256838798523,0.39597779512405396
3241,65,40,-0.39345312118530273,-0.6169629096984863,-0.28685256838798523,0.39597779512405396
3242,65,41,-0.4665325880050659,-0.25437119603157043,-0.28685256838798523,0.39597779512405396
3243,65,42,-0.5539889931678772,-0.2907989025115967,-0.28685256838798523,0.39597779512405396
3244,65,43,0.1730334460735321,-0.21459977328777313,-0.28685256838798523,0.39597779512405396
3245,65,44,-0.13748584687709808,-0.38342002034187317,-0.28685256838798523,0.39597779512405396
3246,65,45,-0.005387888755649328,-0.038428209722042084,-0.28685256838798523,0.39597779512405396
3247,65,46,0.20120935142040253,-0.31398463249206543,-0.28685256838798523,0.39597779512405396
3248,65,47,0.3761911392211914,-0.4141346216201782,-0.28685256838798523,0.39597779512405396
3249,65,48,0.5483255982398987,-0.7168816924095154,-0.28685256838798523,0.39597779512405396
3250,65,49,0.5662106871604919,-0.11599723994731903,-0.28685256838798523,0.39597779512405396
3251,66,0,0.24815016984939575,-0.556101381778717,-0.29730573296546936,0.409241259098053
3252,66,1,0.19226564466953278,0.11833410710096359,-0.29730573296546936,0.409241259098053
3253,66,2,0.2972828149795532,-0.07155798375606537,-0.29730573296546936,0.409241259098053
3254,66,3,0.2620842456817627,-0.1334092915058136,-0.29730573296546936,0.409241259098053
3255,66,4,0.1152869313955307,-0.08231176435947418,-0.29730573296546936,0.409241259098053
3256,66,5,-0.058548420667648315,-0.5426672101020813,-0.29730573296546936,0.409241259098053
3257,66,6,-0.07199745625257492,0.0030323166865855455,-0.29730573296546936,0.409241259098053
3258,66,7,0.17224246263504028,0.17421545088291168,-0.29730573296546936,0.409241259098053
3259,66,8,0.12314369529485703,-0.08091715723276138,-0.29730573296546936,0.409241259098053
3260,66,9,-0.03470528870820999,-0.091811403632164,-0.29730573296546936,0.409241259098053
3261,66,10,0.18716056644916534,-0.23075756430625916,-0.29730573296546936,0.409241259098053
3262,66,11,0.2487572729587555,-0.5817676782608032,-0.29730573296546936,0.409241259098053
3263,66,12,0.2158365547657013,-0.41561225056648254,-0.29730573296546936,0.409241259098053
3264,66,13,0.26953887939453125,-0.46851846575737,-0.29730573296546936,0.409241259098053
3265,66,14,0.1723119616508484,0.010066588409245014,-0.29730573296546936,0.409241259098053
3266,66,15,-0.18054243922233582,-0.2632923722267151,-0.29730573296546936,0.409241259098053
3267,66,16,-0.014265983365476131,0.00606050668284297,-0.29730573296546936,0.409241259098053
3268,66,17,0.3223521113395691,-0.14094583690166473,-0.29730573296546936,0.409241259098053
3269,66,18,0.31265121698379517,-0.22803254425525665,-0.29730573296546936,0.409241259098053
3270,66,19,0.3804011642932892,-0.17358392477035522,-0.29730573296546936,0.409241259098053
3271,66,20,0.33590391278266907,0.27299797534942627,-0.29730573296546936,0.409241259098053
3272,66,21,0.007791613228619099,-0.026696832850575447,-0.29730573296546936,0.409241259098053
3273,66,22,-0.18816813826560974,-0.1467159241437912,-0.29730573296546936,0.409241259098053
3274,66,23,0.029501914978027344,0.07454325258731842,-0.29730573296546936,0.409241259098053
3275,66,24,0.05514463037252426,-0.3734672963619232,-0.29730573296546936,0.409241259098053
3276,66,25,0.030886033549904823,-0.27611634135246277,-0.29730573296546936,0.409241259098053
3277,66,26,0.35823577642440796,-0.3488723039627075,-0.29730573296546936,0.409241259098053
3278,66,27,0.4200877547264099,-0.0858885869383812,-0.29730573296546936,0.409241259098053
3279,66,28,0.49484047293663025,0.10164878517389297,-0.29730573296546936,0.409241259098053
3280,66,29,0.5029103755950928,-0.30228519439697266,-0.29730573296546936,0.409241259098053
3281,66,30,0.20959186553955078,-0.10845033824443817,-0.29730573296546936,0.409241259098053
3282,66,31,-0.05144185945391655,0.010698686353862286,-0.29730573296546936,0.409241259098053
3283,66,32,0.136268749833107,0.235826775431633,-0.29730573296546936,0.409241259098053
3284,66,33,0.13447868824005127,0.07618436962366104,-0.29730573296546936,0.409241259098053
3285,66,34,-0.042803503572940826,-0.5542510747909546,-0.29730573296546936,0.409241259098053
3286,66,35,-0.23231519758701324,-0.05145248770713806,-0.29730573296546936,0.409241259098053
3287,66,36,-0.018314460292458534,-0.6943433284759521,-0.29730573296546936,0.409241259098053
3288,66,37,0.43151217699050903,-0.4707646667957306,-0.29730573296546936,0.409241259098053
3289,66,38,0.37132149934768677,-0.0548170804977417,-0.29730573296546936,0.409241259098053
3290,66,39,0.20135116577148438,-0.2988060712814331,-0.29730573296546936,0.409241259098053
3291,66,40,0.0242238137871027,-0.8825047612190247,-0.29730573296546936,0.409241259098053
3292,66,41,-0.1747875213623047,-0.5825996994972229,-0.29730573296546936,0.409241259098053
3293,66,42,0.11666339635848999,0.325476735830307,-0.29730573296546936,0.409241259098053
3294,66,43,0.13412126898765564,-0.6041659712791443,-0.29730573296546936,0.409241259098053
3295,66,44,-0.511254608631134,0.10944899916648865,-0.29730573296546936,0.409241259098053
3296,66,45,-0.5544278621673584,-0.6438263058662415,-0.29730573296546936,0.409241259098053
3297,66,46,0.29871049523353577,-0.2553927004337311,-0.29730573296546936,0.409241259098053
3298,66,47,0.3803049921989441,-0.24456551671028137,-0.29730573296546936,0.409241259098053
3299,66,48,0.27919700741767883,-0.7222972512245178,-0.29730573296546936,0.409241259098053
3300,66,49,-0.11645379662513733,-0.22996218502521515,-0.29730573296546936,0.409241259098053
3301,67,0,0.03871188685297966,0.295759379863739,-0.25470319390296936,0.4809800982475281
3302,67,1,0.3157431185245514,-0.2906527817249298,-0.25470319390296936,0.4809800982475281
3303,67,2,0.46693065762519836,-0.522253692150116,-0.25470319390296936,0.4809800982475281
3304,67,3,0.1604452282190323,-0.14413882791996002,-0.25470319390296936,0.4809800982475281
3305,67,4,0.19065889716148376,-0.27875348925590515,-0.25470319390296936,0.4809800982475281
3306,67,5,0.2819273769855499,-0.1845141053199768,-0.25470319390296936,0.4809800982475281
3307,67,6,0.0594295896589756,-0.8896249532699585,-0.25470319390296936,0.4809800982475281
3308,67,7,-0.003086624899879098,0.04517728462815285,-0.25470319390296936,0.4809800982475281
3309,67,8,-0.20618177950382233,-0.42353320121765137,-0.25470319390296936,0.4809800982475281
3310,67,9,-0.1859874278306961,0.17089566588401794,-0.25470319390296936,0.4809800982475281
3311,67,10,-0.21529076993465424,-0.21048255264759064,-0.25470319390296936,0.4809800982475281
3312,67,11,-0.17574435472488403,-0.25933536887168884,-0.25470319390296936,0.4809800982475281
3313,67,12,0.04974355921149254,-0.3025905191898346,-0.25470319390296936,0.4809800982475281
3314,67,13,0.04841868579387665,-0.3786587417125702,-0.25470319390296936,0.4809800982475281
3315,67,14,-0.059050776064395905,-0.3646705448627472,-0.25470319390296936,0.4809800982475281
3316,67,15,-0.21945948898792267,-0.4696742594242096,-0.25470319390296936,0.4809800982475281
3317,67,16,-0.23984472453594208,-0.15703965723514557,-0.25470319390296936,0.4809800982475281
3318,67,17,-0.20619229972362518,-0.11600853502750397,-0.25470319390296936,0.4809800982475281
3319,67,18,-0.10914992541074753,-0.3726249635219574,-0.25470319390296936,0.4809800982475281
3320,67,19,0.027201179414987564,-0.4920843541622162,-0.25470319390296936,0.4809800982475281
3321,67,20,0.1041509211063385,-0.41106730699539185,-0.25470319390296936,0.4809800982475281
3322,67,21,0.05424055829644203,-0.18489372730255127,-0.25470319390296936,0.4809800982475281
3323,67,22,0.16664861142635345,0.025281472131609917,-0.25470319390296936,0.4809800982475281
3324,67,23,0.3414875864982605,-0.22063811123371124,-0.25470319390296936,0.4809800982475281
3325,67,24,-0.048483602702617645,-0.13965030014514923,-0.25470319390296936,0.4809800982475281
3326,67,25,-0.034371282905340195,-0.40454602241516113,-0.25470319390296936,0.4809800982475281
3327,67,26,-0.13922613859176636,0.16110634803771973,-0.25470319390296936,0.4809800982475281
3328,67,27,0.04368482902646065,0.0068651787005364895,-0.25470319390296936,0.4809800982475281
3329,67,28,-0.18905825912952423,-0.4756513237953186,-0.25470319390296936,0.4809800982475281
3330,67,29,0.027668049558997154,-0.5197867155075073,-0.25470319390296936,0.4809800982475281
3331,67,30,0.326460063457489,-0.025931093841791153,-0.25470319390296936,0.4809800982475281
3332,67,31,0.30922284722328186,-0.25825783610343933,-0.25470319390296936,0.4809800982475281
3333,67,32,0.22472131252288818,-0.30187198519706726,-0.25470319390296936,0.4809800982475281
3334,67,33,0.07880847901105881,-0.5728164911270142,-0.25470319390296936,0.4809800982475281
3335,67,34,-0.06693940609693527,-0.5935078859329224,-0.25470319390296936,0.4809800982475281
3336,67,35,-0.5116456151008606,-0.11017635464668274,-0.25470319390296936,0.4809800982475281
3337,67,36,-0.8666809797286987,-0.42525336146354675,-0.25470319390296936,0.4809800982475281
3338,67,37,-0.0549020916223526,-0.5152926445007324,-0.25470319390296936,0.4809800982475281
3339,67,38,0.3728100061416626,-0.13483457267284393,-0.25470319390296936,0.4809800982475281
3340,67,39,0.23838360607624054,-0.1600637286901474,-0.25470319390296936,0.4809800982475281
3341,67,40,0.13966475427150726,-0.2773474454879761,-0.25470319390296936,0.4809800982475281
3342,67,41,0.10020311921834946,-0.3396829068660736,-0.25470319390296936,0.4809800982475281
3343,67,42,-0.02788284234702587,-0.059814028441905975,-0.25470319390296936,0.4809800982475281
3344,67,43,-0.05055299028754234,-0.1307520717382431,-0.25470319390296936,0.4809800982475281
3345,67,44,-0.017739126458764076,-0.17004312574863434,-0.25470319390296936,0.4809800982475281
3346,67,45,-0.06572773307561874,-0.28506049513816833,-0.25470319390296936,0.4809800982475281
3347,67,46,-0.1383344978094101,-0.17954985797405243,-0.25470319390296936,0.4809800982475281
3348,67,47,-0.5368412137031555,0.024475695565342903,-0.25470319390296936,0.4809800982475281
3349,67,48,-0.2076314240694046,-0.314270943403244,-0.25470319390296936,0.4809800982475281
3350,67,49,0.006060338579118252,-0.26455461978912354,-0.25470319390296936,0.4809800982475281
3351,68,0,0.04774344712495804,-0.4293317496776581,-0.2197796255350113,0.4364249110221863
3352,68,1,-0.07490064948797226,0.06421729922294617,-0.2197796255350113,0.4364249110221863
3353,68,2,-0.13412049412727356,-0.10646592825651169,-0.2197796255350113,0.4364249110221863
3354,68,3,0.10538360476493835,-0.6104816198348999,-0.2197796255350113,0.4364249110221863
3355,68,4,0.23300133645534515,-0.2772720754146576,-0.2197796255350113,0.4364249110221863
3356,68,5,0.04225067049264908,-0.1718190759420395,-0.2197796255350113,0.4364249110221863
3357,68,6,-0.1612347513437271,-0.3350873589515686,-0.2197796255350113,0.4364249110221863
3358,68,7,0.1396259367465973,-0.4608580768108368,-0.2197796255350113,0.4364249110221863
3359,68,8,0.13492105901241302,0.15817460417747498,-0.2197796255350113,0.4364249110221863
3360,68,9,-0.06532379984855652,-0.3219464421272278,-0.2197796255350113,0.4364249110221863
3361,68,10,-0.005606161430478096,-0.15270735323429108,-0.2197796255350113,0.4364249110221863
3362,68,11,-0.09263104200363159,-0.07918944209814072,-0.2197796255350113,0.4364249110221863
3363,68,12,0.10893549025058746,0.052385155111551285,-0.2197796255350113,0.4364249110221863
3364,68,13,0.242666557431221,-0.12339965254068375,-0.2197796255350113,0.4364249110221863
3365,68,14,0.2143312692642212,0.010741437785327435,-0.2197796255350113,0.4364249110221863
3366,68,15,0.20912301540374756,-0.3530253469944,-0.2197796255350113,0.4364249110221863
3367,68,16,0.10193593800067902,-0.1846095472574234,-0.2197796255350113,0.4364249110221863
3368,68,17,-0.0130528025329113,-0.42438769340515137,-0.2197796255350113,0.4364249110221863
3369,68,18,-0.07257992029190063,0.0798666700720787,-0.2197796255350113,0.4364249110221863
3370,68,19,-0.31850722432136536,-0.2587394714355469,-0.2197796255350113,0.4364249110221863
3371,68,20,-0.2348182648420334,-0.08195244520902634,-0.2197796255350113,0.4364249110221863
3372,68,21,-0.22360526025295258,0.0656360313296318,-0.2197796255350113,0.4364249110221863
3373,68,22,-0.10518570989370346,-0.26432016491889954,-0.2197796255350113,0.4364249110221863
3374,68,23,-0.0893947035074234,-0.2622081935405731,-0.2197796255350113,0.4364249110221863
3375,68,24,-0.19926486909389496,-0.5783466100692749,-0.2197796255350113,0.4364249110221863
3376,68,25,-0.250563383102417,-0.3364001214504242,-0.2197796255350113,0.4364249110221863
3377,68,26,-0.3952086567878723,0.10758253931999207,-0.2197796255350113,0.4364249110221863
3378,68,27,-0.2828357517719269,-0.2671239972114563,-0.2197796255350113,0.4364249110221863
3379,68,28,0.04701976850628853,-0.20244817435741425,-0.2197796255350113,0.4364249110221863
3380,68,29,0.2027478814125061,-0.28104209899902344,-0.2197796255350113,0.4364249110221863
3381,68,30,0.24446658790111542,-0.34239935874938965,-0.2197796255350113,0.4364249110221863
3382,68,31,-0.17261475324630737,-0.15303057432174683,-0.2197796255350113,0.4364249110221863
3383,68,32,-0.26734113693237305,-0.23819637298583984,-0.2197796255350113,0.4364249110221863
3384,68,33,-0.15076978504657745,-0.42601263523101807,-0.2197796255350113,0.4364249110221863
3385,68,34,-0.29948335886001587,-0.4873301088809967,-0.2197796255350113,0.4364249110221863
3386,68,35,-0.1810588538646698,-0.3847782015800476,-0.2197796255350113,0.4364249110221863
3387,68,36,-0.026096945628523827,-0.17012259364128113,-0.2197796255350113,0.4364249110221863
3388,68,37,0.1580975353717804,-0.01606195606291294,-0.2197796255350113,0.4364249110221863
3389,68,38,0.31339871883392334,-0.17375454306602478,-0.2197796255350113,0.4364249110221863
3390,68,39,0.34434443712234497,-0.35000544786453247,-0.2197796255350113,0.4364249110221863
3391,68,40,0.4581359624862671,-0.7001327276229858,-0.2197796255350113,0.4364249110221863
3392,68,41,0.27233490347862244,-0.24204488098621368,-0.2197796255350113,0.4364249110221863
3393,68,42,0.02542917989194393,-0.37686431407928467,-0.2197796255350113,0.4364249110221863
3394,68,43,0.2482302486896515,-0.22173063457012177,-0.2197796255350113,0.4364249110221863
3395,68,44,0.21719196438789368,-0.1671503335237503,-0.2197796255350113,0.4364249110221863
3396,68,45,-0.006833947263658047,-0.25623172521591187,-0.2197796255350113,0.4364249110221863
3397,68,46,-0.09937842935323715,-0.2511405944824219,-0.2197796255350113,0.4364249110221863
3398,68,47,-0.020703600719571114,-0.22345304489135742,-0.2197796255350113,0.4364249110221863
3399,68,48,0.154568612575531,-0.0978504940867424,-0.2197796255350113,0.4364249110221863
3400,68,49,0.25486356019973755,-0.1010444164276123,-0.2197796255350113,0.4364249110221863
3401,69,0,-0.07764536887407303,-0.2960550785064697,-0.25216144323349,0.32097482681274414
3402,69,1,-0.019269529730081558,-0.30102241039276123,-0.25216144323349,0.32097482681274414
3403,69,2,-0.10621555894613266,-0.2048877626657486,-0.25216144323349,0.32097482681274414
3404,69,3,0.09458164870738983,-0.2647517919540405,-0.25216144323349,0.32097482681274414
3405,69,4,0.09853092581033707,-0.7062445282936096,-0.25216144323349,0.32097482681274414
3406,69,5,-0.16886797547340393,-0.1012822613120079,-0.25216144323349,0.32097482681274414
3407,69,6,-0.10971831530332565,-0.5286448001861572,-0.25216144323349,0.32097482681274414
3408,69,7,0.22062048316001892,-0.5206937193870544,-0.25216144323349,0.32097482681274414
3409,69,8,0.2361101359128952,-0.3246634304523468,-0.25216144323349,0.32097482681274414
3410,69,9,-0.1402282565832138,-0.2460600882768631,-0.25216144323349,0.32097482681274414
3411,69,10,0.027580076828598976,-0.6872571706771851,-0.25216144323349,0.32097482681274414
3412,69,11,0.1036410853266716,0.052701596170663834,-0.25216144323349,0.32097482681274414
3413,69,12,0.19856277108192444,0.02786853164434433,-0.25216144323349,0.32097482681274414
3414,69,13,0.1682271808385849,-0.39680203795433044,-0.25216144323349,0.32097482681274414
3415,69,14,0.017323337495326996,-0.2061968296766281,-0.25216144323349,0.32097482681274414
3416,69,15,-0.045731399208307266,-0.3585689663887024,-0.25216144323349,0.32097482681274414
3417,69,16,0.10349918156862259,0.046861667186021805,-0.25216144323349,0.32097482681274414
3418,69,17,0.07426029443740845,-0.31462833285331726,-0.25216144323349,0.32097482681274414
3419,69,18,0.032405685633420944,-0.4562424421310425,-0.25216144323349,0.32097482681274414
3420,69,19,-0.01404358260333538,-0.38998550176620483,-0.25216144323349,0.32097482681274414
3421,69,20,-0.22818723320960999,-0.5183296203613281,-0.25216144323349,0.32097482681274414
3422,69,21,-0.16461807489395142,-0.3308742940425873,-0.25216144323349,0.32097482681274414
3423,69,22,-0.081270232796669,-0.5000513195991516,-0.25216144323349,0.32097482681274414
3424,69,23,0.08257167041301727,-0.0013863005442544818,-0.25216144323349,0.32097482681274414
3425,69,24,-0.04412581026554108,-0.09895913302898407,-0.25216144323349,0.32097482681274414
3426,69,25,-0.13664111495018005,-0.20367839932441711,-0.25216144323349,0.32097482681274414
3427,69,26,-0.030577918514609337,-0.24024103581905365,-0.25216144323349,0.32097482681274414
3428,69,27,-0.08006105571985245,-0.07305648177862167,-0.25216144323349,0.32097482681274414
3429,69,28,0.09781374782323837,-0.6339548826217651,-0.25216144323349,0.32097482681274414
3430,69,29,0.23742564022541046,-0.4968112111091614,-0.25216144323349,0.32097482681274414
3431,69,30,0.11388249695301056,-0.05797497555613518,-0.25216144323349,0.32097482681274414
3432,69,31,0.2782540023326874,-0.38339847326278687,-0.25216144323349,0.32097482681274414
3433,69,32,0.343078076839447,-0.3233477473258972,-0.25216144323349,0.32097482681274414
3434,69,33,0.00898569356650114,-0.10671596229076385,-0.25216144323349,0.32097482681274414
3435,69,34,0.4944484531879425,-0.3276391327381134,-0.25216144323349,0.32097482681274414
3436,69,35,0.28829243779182434,-0.27433720231056213,-0.25216144323349,0.32097482681274414
3437,69,36,0.16020312905311584,-0.3642056882381439,-0.25216144323349,0.32097482681274414
3438,69,37,0.06542518734931946,-0.12421665340662003,-0.25216144323349,0.32097482681274414
3439,69,38,-0.20223039388656616,-0.641956627368927,-0.25216144323349,0.32097482681274414
3440,69,39,-0.010687812231481075,-0.13793206214904785,-0.25216144323349,0.32097482681274414
3441,69,40,0.09554579854011536,-0.23594585061073303,-0.25216144323349,0.32097482681274414
3442,69,41,0.38542109727859497,-0.8172686696052551,-0.25216144323349,0.32097482681274414
3443,69,42,-0.2109091728925705,-0.6423640251159668,-0.25216144323349,0.32097482681274414
3444,69,43,-0.20730698108673096,-0.3296244740486145,-0.25216144323349,0.32097482681274414
3445,69,44,0.1726718693971634,-0.6700596213340759,-0.25216144323349,0.32097482681274414
3446,69,45,0.40333816409111023,0.0301190298050642,-0.25216144323349,0.32097482681274414
3447,69,46,0.42163360118865967,-0.12078990787267685,-0.25216144323349,0.32097482681274414
3448,69,47,0.37243905663490295,0.2797897458076477,-0.25216144323349,0.32097482681274414
3449,69,48,0.3071962296962738,0.1423121690750122,-0.25216144323349,0.32097482681274414
3450,69,49,0.027232574298977852,0.05481000617146492,-0.25216144323349,0.32097482681274414
3451,70,0,0.2801359295845032,-0.06498561054468155,-0.24808597564697266,0.29531997442245483
3452,70,1,0.24186360836029053,-0.7372838854789734,-0.24808597564697266,0.29531997442245483
3453,70,2,0.19155079126358032,0.10055413842201233,-0.24808597564697266,0.29531997442245483
3454,70,3,-0.10271807760000229,-0.4912353754043579,-0.24808597564697266,0.29531997442245483
3455,70,4,-0.641415536403656,0.20347027480602264,-0.24808597564697266,0.29531997442245483
3456,70,5,-0.5452017188072205,-0.4767191708087921,-0.24808597564697266,0.29531997442245483
3457,70,6,0.07082340121269226,-0.607166051864624,-0.24808597564697266,0.29531997442245483
3458,70,7,-0.26144492626190186,0.29815682768821716,-0.24808597564697266,0.29531997442245483
3459,70,8,-0.4893609881401062,-0.4901457130908966,-0.24808597564697266,0.29531997442245483
3460,70,9,0.19965271651744843,-0.29019585251808167,-0.24808597564697266,0.29531997442245483
3461,70,10,0.25020235776901245,-0.009359555318951607,-0.24808597564697266,0.29531997442245483
3462,70,11,-0.01998099498450756,0.040726494044065475,-0.24808597564697266,0.29531997442245483
3463,70,12,0.16086916625499725,0.17542511224746704,-0.24808597564697266,0.29531997442245483
3464,70,13,0.5196256637573242,-0.0243738554418087,-0.24808597564697266,0.29531997442245483
3465,70,14,0.5304992198944092,-0.3229500353336334,-0.24808597564697266,0.29531997442245483
3466,70,15,0.4409583508968353,-0.2547193169593811,-0.24808597564697266,0.29531997442245483
3467,70,16,0.4523294270038605,-0.3439290523529053,-0.24808597564697266,0.29531997442245483
3468,70,17,0.20814555883407593,-0.044136762619018555,-0.24808597564697266,0.29531997442245483
3469,70,18,0.07345607876777649,-0.20520204305648804,-0.24808597564697266,0.29531997442245483
3470,70,19,0.0982033908367157,0.0895872637629509,-0.24808597564697266,0.29531997442245483
3471,70,20,0.10831096768379211,-0.6586120128631592,-0.24808597564697266,0.29531997442245483
3472,70,21,0.006425467785447836,-0.4407654106616974,-0.24808597564697266,0.29531997442245483
3473,70,22,0.07150816917419434,-0.6421711444854736,-0.24808597564697266,0.29531997442245483
3474,70,23,0.36079978942871094,-0.19616514444351196,-0.24808597564697266,0.29531997442245483
3475,70,24,0.6253487467765808,-0.35864225029945374,-0.24808597564697266,0.29531997442245483
3476,70,25,0.27763351798057556,0.1854533553123474,-0.24808597564697266,0.29531997442245483
3477,70,26,0.124908946454525,-0.08535458892583847,-0.24808597564697266,0.29531997442245483
3478,70,27,-0.04965062066912651,-0.2621854245662689,-0.24808597564697266,0.29531997442245483
3479,70,28,-0.17766116559505463,0.041025735437870026,-0.24808597564697266,0.29531997442245483
3480,70,29,-0.24803274869918823,0.05157272517681122,-0.24808597564697266,0.29531997442245483
3481,70,30,-0.16340050101280212,-0.2938377857208252,-0.24808597564697266,0.29531997442245483
3482,70,31,-0.11000436544418335,-0.47663941979408264,-0.24808597564697266,0.29531997442245483
3483,70,32,-0.24394851922988892,-0.3213304877281189,-0.24808597564697266,0.29531997442245483
3484,70,33,-0.10706745088100433,-0.45788872241973877,-0.24808597564697266,0.29531997442245483
3485,70,34,-0.10458973050117493,-0.13729964196681976,-0.24808597564697266,0.29531997442245483
3486,70,35,-0.17121756076812744,-0.5281184315681458,-0.24808597564697266,0.29531997442245483
3487,70,36,0.21865473687648773,0.024144187569618225,-0.24808597564697266,0.29531997442245483
3488,70,37,0.06859492510557175,0.17456060647964478,-0.24808597564697266,0.29531997442245483
3489,70,38,0.01529093086719513,-0.23222863674163818,-0.24808597564697266,0.29531997442245483
3490,70,39,-0.09007532894611359,-0.41719135642051697,-0.24808597564697266,0.29531997442245483
3491,70,40,-0.2363741397857666,0.23940260708332062,-0.24808597564697266,0.29531997442245483
3492,70,41,-0.3272489011287689,-0.16786815226078033,-0.24808597564697266,0.29531997442245483
3493,70,42,-0.1355431079864502,0.10396400839090347,-0.24808597564697266,0.29531997442245483
3494,70,43,0.061407674103975296,-0.4190177917480469,-0.24808597564697266,0.29531997442245483
3495,70,44,-0.04917474463582039,-0.041156962513923645,-0.24808597564697266,0.29531997442245483
3496,70,45,-0.11944107711315155,-0.3546997606754303,-0.24808597564697266,0.29531997442245483
3497,70,46,0.06838259845972061,0.08491112291812897,-0.24808597564697266,0.29531997442245483
3498,70,47,-0.06594591587781906,-0.34140917658805847,-0.24808597564697266,0.29531997442245483
3499,70,48,-0.21298758685588837,-0.37440335750579834,-0.24808597564697266,0.29531997442245483
3500,70,49,-0.08960962295532227,-0.2624762952327728,-0.24808597564697266,0.29531997442245483
3501,71,0,0.2719382345676422,-0.31495043635368347,-0.23751454055309296,0.2825208306312561
3502,71,1,0.05391514673829079,-0.11082813143730164,-0.23751454055309296,0.2825208306312561
3503,71,2,-0.20875835418701172,0.033434174954891205,-0.23751454055309296,0.2825208306312561
3504,71,3,-0.1411588340997696,0.16279037296772003,-0.23751454055309296,0.2825208306312561
3505,71,4,0.04632517322897911,-0.2340507209300995,-0.23751454055309296,0.2825208306312561
3506,71,5,-0.10738693177700043,-0.3084303140640259,-0.23751454055309296,0.2825208306312561
3507,71,6,-0.028169987723231316,-0.35749122500419617,-0.23751454055309296,0.2825208306312561
3508,71,7,-0.030690088868141174,0.11460224539041519,-0.23751454055309296,0.2825208306312561
3509,71,8,-0.2809325158596039,-0.45078226923942566,-0.23751454055309296,0.2825208306312561
3510,71,9,-0.24654635787010193,-0.33259809017181396,-0.23751454055309296,0.2825208306312561
3511,71,10,-0.021840229630470276,-0.011091752909123898,-0.23751454055309296,0.2825208306312561
3512,71,11,-0.20800825953483582,0.1620430052280426,-0.23751454055309296,0.2825208306312561
3513,71,12,-0.15761181712150574,-0.22199393808841705,-0.23751454055309296,0.2825208306312561
3514,71,13,-0.08024369180202484,-0.05726782977581024,-0.23751454055309296,0.2825208306312561
3515,71,14,-0.08670378476381302,0.05830371007323265,-0.23751454055309296,0.2825208306312561
3516,71,15,0.051958102732896805,-0.2914186418056488,-0.23751454055309296,0.2825208306312561
3517,71,16,0.05057082325220108,-0.48598116636276245,-0.23751454055309296,0.2825208306312561
3518,71,17,-0.3009956181049347,-0.2962970733642578,-0.23751454055309296,0.2825208306312561
3519,71,18,0.06849990785121918,-0.2671050429344177,-0.23751454055309296,0.2825208306312561
3520,71,19,0.4855141341686249,-0.18146160244941711,-0.23751454055309296,0.2825208306312561
3521,71,20,0.23704490065574646,-0.5409505367279053,-0.23751454055309296,0.2825208306312561
3522,71,21,-0.060940127819776535,-0.6133569478988647,-0.23751454055309296,0.2825208306312561
3523,71,22,0.203640416264534,-0.03047063946723938,-0.23751454055309296,0.2825208306312561
3524,71,23,-0.35108259320259094,-0.2680574953556061,-0.23751454055309296,0.2825208306312561
3525,71,24,0.17290234565734863,-0.15339089930057526,-0.23751454055309296,0.2825208306312561
3526,71,25,0.2746369242668152,-0.004952614661306143,-0.23751454055309296,0.2825208306312561
3527,71,26,0.09957737475633621,0.03292565792798996,-0.23751454055309296,0.2825208306312561
3528,71,27,0.06760857999324799,-0.3191013038158417,-0.23751454055309296,0.2825208306312561
3529,71,28,0.2856123745441437,-0.09323212504386902,-0.23751454055309296,0.2825208306312561
3530,71,29,0.14299163222312927,0.2936609387397766,-0.23751454055309296,0.2825208306312561
3531,71,30,0.07061359286308289,-0.7458378076553345,-0.23751454055309296,0.2825208306312561
3532,71,31,0.4262378215789795,0.27532073855400085,-0.23751454055309296,0.2825208306312561
3533,71,32,0.34738561511039734,-0.43402788043022156,-0.23751454055309296,0.2825208306312561
3534,71,33,-0.03780725225806236,-0.009979411028325558,-0.23751454055309296,0.2825208306312561
3535,71,34,-0.08391869068145752,-0.03932775557041168,-0.23751454055309296,0.2825208306312561
3536,71,35,0.026433367282152176,-0.1514199674129486,-0.23751454055309296,0.2825208306312561
3537,71,36,0.3038720488548279,-0.14260618388652802,-0.23751454055309296,0.2825208306312561
3538,71,37,0.5504884719848633,-0.3181772232055664,-0.23751454055309296,0.2825208306312561
3539,71,38,0.5081540942192078,-0.46969687938690186,-0.23751454055309296,0.2825208306312561
3540,71,39,0.40969523787498474,-0.2446555346250534,-0.23751454055309296,0.2825208306312561
3541,71,40,0.6177849173545837,-0.10560622066259384,-0.23751454055309296,0.2825208306312561
3542,71,41,0.647704541683197,-0.3595389127731323,-0.23751454055309296,0.2825208306312561
3543,71,42,0.3971724212169647,-0.3702778220176697,-0.23751454055309296,0.2825208306312561
3544,71,43,0.29783716797828674,-0.0519246868789196,-0.23751454055309296,0.2825208306312561
3545,71,44,-0.04025590419769287,-0.3464868366718292,-0.23751454055309296,0.2825208306312561
3546,71,45,0.08207273483276367,0.006457675714045763,-0.23751454055309296,0.2825208306312561
3547,71,46,-0.09899193793535233,-0.4054323136806488,-0.23751454055309296,0.2825208306312561
3548,71,47,-0.21492935717105865,0.014236723072826862,-0.23751454055309296,0.2825208306312561
3549,71,48,-0.14009803533554077,-0.044140368700027466,-0.23751454055309296,0.2825208306312561
3550,71,49,-0.13376010954380035,-0.12804698944091797,-0.23751454055309296,0.2825208306312561
3551,72,0,0.0774628072977066,-0.7272986769676208,-0.2802266776561737,0.3125981390476227
3552,72,1,0.3341856002807617,-0.5209828615188599,-0.2802266776561737,0.3125981390476227
3553,72,2,0.10874255746603012,-0.562531590461731,-0.2802266776561737,0.3125981390476227
3554,72,3,0.2140447199344635,-0.6248955130577087,-0.2802266776561737,0.3125981390476227
3555,72,4,0.5036450624465942,-0.06456233561038971,-0.2802266776561737,0.3125981390476227
3556,72,5,0.4800047278404236,-0.2912601828575134,-0.2802266776561737,0.3125981390476227
3557,72,6,0.2079305201768875,-0.18888108432292938,-0.2802266776561737,0.3125981390476227
3558,72,7,0.24669402837753296,-0.10666439682245255,-0.2802266776561737,0.3125981390476227
3559,72,8,0.246317520737648,-0.035985905677080154,-0.2802266776561737,0.3125981390476227
3560,72,9,0.423148512840271,-0.04659289866685867,-0.2802266776561737,0.3125981390476227
3561,72,10,0.4863991141319275,-0.13233180344104767,-0.2802266776561737,0.3125981390476227
3562,72,11,0.5734025835990906,-0.3841798007488251,-0.2802266776561737,0.3125981390476227
3563,72,12,0.42750754952430725,-0.4209691882133484,-0.2802266776561737,0.3125981390476227
3564,72,13,0.421924889087677,-0.34897148609161377,-0.2802266776561737,0.3125981390476227
3565,72,14,0.032916728407144547,0.03366849571466446,-0.2802266776561737,0.3125981390476227
3566,72,15,-0.12884271144866943,-0.40742090344429016,-0.2802266776561737,0.3125981390476227
3567,72,16,0.19260595738887787,-0.13878434896469116,-0.2802266776561737,0.3125981390476227
3568,72,17,0.2068627029657364,-0.2619929909706116,-0.2802266776561737,0.3125981390476227
3569,72,18,0.18619473278522491,-0.22492365539073944,-0.2802266776561737,0.3125981390476227
3570,72,19,-0.049265023320913315,-0.6737731695175171,-0.2802266776561737,0.3125981390476227
3571,72,20,-0.3084525465965271,-0.33424362540245056,-0.2802266776561737,0.3125981390476227
3572,72,21,0.16310198605060577,-0.5268786549568176,-0.2802266776561737,0.3125981390476227
3573,72,22,0.18916289508342743,-0.0165865458548069,-0.2802266776561737,0.3125981390476227
3574,72,23,0.11957377940416336,-0.3121998608112335,-0.2802266776561737,0.3125981390476227
3575,72,24,0.3078000247478485,-0.9721544981002808,-0.2802266776561737,0.3125981390476227
3576,72,25,-0.14388051629066467,-0.2971174716949463,-0.2802266776561737,0.3125981390476227
3577,72,26,-0.42988136410713196,-0.6603491902351379,-0.2802266776561737,0.3125981390476227
3578,72,27,-0.3557475507259369,-0.34607359766960144,-0.2802266776561737,0.3125981390476227
3579,72,28,-0.03986192122101784,-0.1988092064857483,-0.2802266776561737,0.3125981390476227
3580,72,29,0.05406755954027176,-0.34774649143218994,-0.2802266776561737,0.3125981390476227
3581,72,30,-0.1897946000099182,-0.24035078287124634,-0.2802266776561737,0.3125981390476227
3582,72,31,-0.5571591258049011,0.027318589389324188,-0.2802266776561737,0.3125981390476227
3583,72,32,-0.47888556122779846,-0.4150523841381073,-0.2802266776561737,0.3125981390476227
3584,72,33,-0.2994312644004822,0.24262294173240662,-0.2802266776561737,0.3125981390476227
3585,72,34,-0.023243030533194542,-0.5397692322731018,-0.2802266776561737,0.3125981390476227
3586,72,35,0.033916354179382324,-0.42068997025489807,-0.2802266776561737,0.3125981390476227
3587,72,36,0.2693310081958771,-0.4138072431087494,-0.2802266776561737,0.3125981390476227
3588,72,37,0.23031383752822876,-0.07717707753181458,-0.2802266776561737,0.3125981390476227
3589,72,38,0.13549579679965973,0.005470013711601496,-0.2802266776561737,0.3125981390476227
3590,72,39,0.3801408112049103,-0.5350344181060791,-0.2802266776561737,0.3125981390476227
3591,72,40,0.22510360181331635,-0.30849817395210266,-0.2802266776561737,0.3125981390476227
3592,72,41,0.030080625787377357,-0.7695509195327759,-0.2802266776561737,0.3125981390476227
3593,72,42,0.300944983959198,-0.10934358835220337,-0.2802266776561737,0.3125981390476227
3594,72,43,0.3705013394355774,-0.45806655287742615,-0.2802266776561737,0.3125981390476227
3595,72,44,0.28436097502708435,-0.22442898154258728,-0.2802266776561737,0.3125981390476227
3596,72,45,0.03741709515452385,-0.42531535029411316,-0.2802266776561737,0.3125981390476227
3597,72,46,-0.16086065769195557,-0.3637503981590271,-0.2802266776561737,0.3125981390476227
3598,72,47,-0.17100225389003754,-0.480430543422699,-0.2802266776561737,0.3125981390476227
3599,72,48,-0.13418065011501312,-0.7147403359413147,-0.2802266776561737,0.3125981390476227
3600,72,49,0.13203750550746918,-0.19549565017223358,-0.2802266776561737,0.3125981390476227
3601,73,0,0.09938813000917435,-0.19109025597572327,-0.2543894350528717,0.3884351849555969
3602,73,1,0.2223179042339325,-0.29077622294425964,-0.2543894350528717,0.3884351849555969
3603,73,2,0.06087718904018402,0.09005340188741684,-0.2543894350528717,0.3884351849555969
3604,73,3,-0.3110707104206085,-0.47684818506240845,-0.2543894350528717,0.3884351849555969
3605,73,4,-0.31330621242523193,-0.057395461946725845,-0.2543894350528717,0.3884351849555969
3606,73,5,0.1656780242919922,0.09125509858131409,-0.2543894350528717,0.3884351849555969
3607,73,6,0.32140854001045227,-0.541824996471405,-0.2543894350528717,0.3884351849555969
3608,73,7,0.4143308103084564,-0.5495412349700928,-0.2543894350528717,0.3884351849555969
3609,73,8,0.05544918403029442,-0.33215147256851196,-0.2543894350528717,0.3884351849555969
3610,73,9,0.18135009706020355,-0.36972564458847046,-0.2543894350528717,0.3884351849555969
3611,73,10,0.2796561121940613,-0.3900357186794281,-0.2543894350528717,0.3884351849555969
3612,73,11,0.031007619574666023,-0.04168979823589325,-0.2543894350528717,0.3884351849555969
3613,73,12,-0.05134565010666847,-0.5356510877609253,-0.2543894350528717,0.3884351849555969
3614,73,13,0.14143326878547668,0.12906643748283386,-0.2543894350528717,0.3884351849555969
3615,73,14,0.04215230420231819,-0.4765969514846802,-0.2543894350528717,0.3884351849555969
3616,73,15,0.034799929708242416,-0.22874827682971954,-0.2543894350528717,0.3884351849555969
3617,73,16,0.43650904297828674,-0.30663666129112244,-0.2543894350528717,0.3884351849555969
3618,73,17,0.14616818726062775,-0.24118207395076752,-0.2543894350528717,0.3884351849555969
3619,73,18,-0.03550274297595024,0.09176601469516754,-0.2543894350528717,0.3884351849555969
3620,73,19,0.2115902155637741,-0.920316219329834,-0.2543894350528717,0.3884351849555969
3621,73,20,0.08203580975532532,-0.35231971740722656,-0.2543894350528717,0.3884351849555969
3622,73,21,-0.22898626327514648,-0.37208691239356995,-0.2543894350528717,0.3884351849555969
3623,73,22,-0.2372838854789734,-0.7662155628204346,-0.2543894350528717,0.3884351849555969
3624,73,23,0.07619421184062958,-0.1051606610417366,-0.2543894350528717,0.3884351849555969
3625,73,24,0.24432134628295898,-0.10156925022602081,-0.2543894350528717,0.3884351849555969
3626,73,25,0.2002883404493332,-0.486194908618927,-0.2543894350528717,0.3884351849555969
3627,73,26,0.01822960563004017,-0.03123987838625908,-0.2543894350528717,0.3884351849555969
3628,73,27,-0.0767848864197731,0.11046316474676132,-0.2543894350528717,0.3884351849555969
3629,73,28,0.2767312228679657,0.09315965324640274,-0.2543894350528717,0.3884351849555969
3630,73,29,0.14716503024101257,-0.41296085715293884,-0.2543894350528717,0.3884351849555969
3631,73,30,-0.03121047653257847,-0.2689659595489502,-0.2543894350528717,0.3884351849555969
3632,73,31,0.002452722517773509,0.14098340272903442,-0.2543894350528717,0.3884351849555969
3633,73,32,-0.07393081486225128,-0.2846035063266754,-0.2543894350528717,0.3884351849555969
3634,73,33,-0.31544068455696106,-0.2866584360599518,-0.2543894350528717,0.3884351849555969
3635,73,34,0.023507796227931976,-0.4428292214870453,-0.2543894350528717,0.3884351849555969
3636,73,35,-0.005598681513220072,0.06580697000026703,-0.2543894350528717,0.3884351849555969
3637,73,36,-0.3139874041080475,0.14881855249404907,-0.2543894350528717,0.3884351849555969
3638,73,37,-0.20044980943202972,-0.06623776257038116,-0.2543894350528717,0.3884351849555969
3639,73,38,0.07712613046169281,-0.31429439783096313,-0.2543894350528717,0.3884351849555969
3640,73,39,0.2543835937976837,-0.44121745228767395,-0.2543894350528717,0.3884351849555969
3641,73,40,-0.08699384331703186,-0.4187999963760376,-0.2543894350528717,0.3884351849555969
3642,73,41,-0.3104754686355591,-0.4771212637424469,-0.2543894350528717,0.3884351849555969
3643,73,42,-0.11648636311292648,-0.5349815487861633,-0.2543894350528717,0.3884351849555969
3644,73,43,-0.10792228579521179,-0.13229066133499146,-0.2543894350528717,0.3884351849555969
3645,73,44,0.19338180124759674,-0.35515889525413513,-0.2543894350528717,0.3884351849555969
3646,73,45,0.4631713032722473,-0.1454639583826065,-0.2543894350528717,0.3884351849555969
3647,73,46,0.3849829435348511,0.06613374501466751,-0.2543894350528717,0.3884351849555969
3648,73,47,0.03446212038397789,-0.16314178705215454,-0.2543894350528717,0.3884351849555969
3649,73,48,-0.22787001729011536,-0.43516701459884644,-0.2543894350528717,0.3884351849555969
3650,73,49,-0.24916581809520721,-0.20535343885421753,-0.2543894350528717,0.3884351849555969
3651,74,0,-0.30435872077941895,-0.20818473398685455,-0.2716308534145355,0.4101552367210388
3652,74,1,-0.5362132787704468,-0.4604772627353668,-0.2716308534145355,0.4101552367210388
3653,74,2,-0.4737459421157837,-0.49411848187446594,-0.2716308534145355,0.4101552367210388
3654,74,3,-0.34801188111305237,-0.584236741065979,-0.2716308534145355,0.4101552367210388
3655,74,4,-0.3011663854122162,-0.47713568806648254,-0.2716308534145355,0.4101552367210388
3656,74,5,-0.07331082224845886,-0.6472741365432739,-0.2716308534145355,0.4101552367210388
3657,74,6,0.15868791937828064,-0.4239785969257355,-0.2716308534145355,0.4101552367210388
3658,74,7,0.20670737326145172,-0.32838112115859985,-0.2716308534145355,0.4101552367210388
3659,74,8,0.006534022744745016,-0.05544258654117584,-0.2716308534145355,0.4101552367210388
3660,74,9,-0.1342659294605255,-0.2054491639137268,-0.2716308534145355,0.4101552367210388
3661,74,10,0.07913362979888916,-0.09593899548053741,-0.2716308534145355,0.4101552367210388
3662,74,11,0.22017477452754974,-0.5478966236114502,-0.2716308534145355,0.4101552367210388
3663,74,12,0.22459879517555237,-0.4482804834842682,-0.2716308534145355,0.4101552367210388
3664,74,13,0.010084778070449829,-0.5104024410247803,-0.2716308534145355,0.4101552367210388
3665,74,14,-0.10072053223848343,-0.14269599318504333,-0.2716308534145355,0.4101552367210388
3666,74,15,0.2476702779531479,-0.528557538986206,-0.2716308534145355,0.4101552367210388
3667,74,16,0.08364897221326828,0.006398423109203577,-0.2716308534145355,0.4101552367210388
3668,74,17,0.15716548264026642,-0.1298685073852539,-0.2716308534145355,0.4101552367210388
3669,74,18,0.21623635292053223,-0.18371285498142242,-0.2716308534145355,0.4101552367210388
3670,74,19,0.12735296785831451,-0.696891188621521,-0.2716308534145355,0.4101552367210388
3671,74,20,0.06721895933151245,-0.4298117160797119,-0.2716308534145355,0.4101552367210388
3672,74,21,0.11141824722290039,0.24133940041065216,-0.2716308534145355,0.4101552367210388
3673,74,22,-0.10202545672655106,-0.49434760212898254,-0.2716308534145355,0.4101552367210388
3674,74,23,-0.38782352209091187,-0.43527039885520935,-0.2716308534145355,0.4101552367210388
3675,74,24,-0.4366152584552765,-0.14645980298519135,-0.2716308534145355,0.4101552367210388
3676,74,25,0.06543305516242981,-0.2700173258781433,-0.2716308534145355,0.4101552367210388
3677,74,26,0.42433294653892517,-0.1872672736644745,-0.2716308534145355,0.4101552367210388
3678,74,27,0.05286950618028641,-0.16702115535736084,-0.2716308534145355,0.4101552367210388
3679,74,28,0.05195365101099014,0.11273780465126038,-0.2716308534145355,0.4101552367210388
3680,74,29,0.05123874917626381,-0.4166865646839142,-0.2716308534145355,0.4101552367210388
3681,74,30,-0.24733152985572815,0.04419334605336189,-0.2716308534145355,0.4101552367210388
3682,74,31,-0.18670445680618286,-0.38703659176826477,-0.2716308534145355,0.4101552367210388
3683,74,32,-0.08252556622028351,-0.03658067807555199,-0.2716308534145355,0.4101552367210388
3684,74,33,0.050612881779670715,-0.14001411199569702,-0.2716308534145355,0.4101552367210388
3685,74,34,0.18512000143527985,-0.6515237092971802,-0.2716308534145355,0.4101552367210388
3686,74,35,0.14306291937828064,-0.7935048937797546,-0.2716308534145355,0.4101552367210388
3687,74,36,0.19583262503147125,-0.32504284381866455,-0.2716308534145355,0.4101552367210388
3688,74,37,0.4563358426094055,-0.35255929827690125,-0.2716308534145355,0.4101552367210388
3689,74,38,0.1216711774468422,-0.351845920085907,-0.2716308534145355,0.4101552367210388
3690,74,39,-0.3776939809322357,-0.48988956212997437,-0.2716308534145355,0.4101552367210388
3691,74,40,-0.29339325428009033,-0.18977558612823486,-0.2716308534145355,0.4101552367210388
3692,74,41,0.005604925565421581,-0.14903289079666138,-0.2716308534145355,0.4101552367210388
3693,74,42,0.17369583249092102,0.2999868392944336,-0.2716308534145355,0.4101552367210388
3694,74,43,0.09152180701494217,0.06436211615800858,-0.2716308534145355,0.4101552367210388
3695,74,44,-0.08033713698387146,-0.18108312785625458,-0.2716308534145355,0.4101552367210388
3696,74,45,-0.29552945494651794,-0.48634764552116394,-0.2716308534145355,0.4101552367210388
3697,74,46,-0.30109164118766785,-0.269598126411438,-0.2716308534145355,0.4101552367210388
3698,74,47,0.1022864431142807,-0.2803651690483093,-0.2716308534145355,0.4101552367210388
3699,74,48,0.47457155585289,-0.15381090342998505,-0.2716308534145355,0.4101552367210388
3700,74,49,0.2538161277770996,-0.3453259766101837,-0.2716308534145355,0.4101552367210388
3701,75,0,-0.4073103070259094,0.3928878605365753,-0.27708950638771057,0.3596981465816498
3702,75,1,0.03950631245970726,-0.08409088850021362,-0.27708950638771057,0.3596981465816498
3703,75,2,0.5743006467819214,-0.42882513999938965,-0.27708950638771057,0.3596981465816498
3704,75,3,0.6388254165649414,-0.23606805503368378,-0.27708950638771057,0.3596981465816498
3705,75,4,0.2503184974193573,-0.2292274534702301,-0.27708950638771057,0.3596981465816498
3706,75,5,-0.2047930657863617,-0.3212267756462097,-0.27708950638771057,0.3596981465816498
3707,75,6,-0.1319701075553894,-0.6538611054420471,-0.27708950638771057,0.3596981465816498
3708,75,7,0.04345422983169556,-0.10543748736381531,-0.27708950638771057,0.3596981465816498
3709,75,8,0.2681218981742859,-0.18339426815509796,-0.27708950638771057,0.3596981465816498
3710,75,9,0.23568032681941986,-0.5094130635261536,-0.27708950638771057,0.3596981465816498
3711,75,10,-0.02848765067756176,-0.16640885174274445,-0.27708950638771057,0.3596981465816498
3712,75,11,-0.13760097324848175,-0.433706670999527,-0.27708950638771057,0.3596981465816498
3713,75,12,0.22810044884681702,-0.7175074219703674,-0.27708950638771057,0.3596981465816498
3714,75,13,0.3510458469390869,-0.08634644746780396,-0.27708950638771057,0.3596981465816498
3715,75,14,0.3378257155418396,-0.19479545950889587,-0.27708950638771057,0.3596981465816498
3716,75,15,0.394157350063324,-0.25952035188674927,-0.27708950638771057,0.3596981465816498
3717,75,16,0.05454754829406738,-0.40192732214927673,-0.27708950638771057,0.3596981465816498
3718,75,17,-0.15125924348831177,-0.6009379625320435,-0.27708950638771057,0.3596981465816498
3719,75,18,-0.10919896513223648,-0.5083364248275757,-0.27708950638771057,0.3596981465816498
3720,75,19,-0.13849015533924103,-0.7300717234611511,-0.27708950638771057,0.3596981465816498
3721,75,20,0.1771100014448166,-0.29434776306152344,-0.27708950638771057,0.3596981465816498
3722,75,21,0.14508497714996338,-0.6214504241943359,-0.27708950638771057,0.3596981465816498
3723,75,22,-0.03420104831457138,-0.7427397966384888,-0.27708950638771057,0.3596981465816498
3724,75,23,0.059609752148389816,-0.13252495229244232,-0.27708950638771057,0.3596981465816498
3725,75,24,0.34928709268569946,-0.397379606962204,-0.27708950638771057,0.3596981465816498
3726,75,25,0.4341793656349182,0.07097233086824417,-0.27708950638771057,0.3596981465816498
3727,75,26,0.44158118963241577,-0.02225654572248459,-0.27708950638771057,0.3596981465816498
3728,75,27,0.392754465341568,-0.17215389013290405,-0.27708950638771057,0.3596981465816498
3729,75,28,0.4362693428993225,-0.06309010088443756,-0.27708950638771057,0.3596981465816498
3730,75,29,0.4487173557281494,-0.3427981734275818,-0.27708950638771057,0.3596981465816498
3731,75,30,0.14713013172149658,-0.10986687988042831,-0.27708950638771057,0.3596981465816498
3732,75,31,-0.0571647472679615,-0.15043650567531586,-0.27708950638771057,0.3596981465816498
3733,75,32,0.22383522987365723,-0.6222645044326782,-0.27708950638771057,0.3596981465816498
3734,75,33,0.47474586963653564,0.07078748941421509,-0.27708950638771057,0.3596981465816498
3735,75,34,0.5069640874862671,-0.18379390239715576,-0.27708950638771057,0.3596981465816498
3736,75,35,0.45234495401382446,-0.11683300137519836,-0.27708950638771057,0.3596981465816498
3737,75,36,0.26819318532943726,-0.13303732872009277,-0.27708950638771057,0.3596981465816498
3738,75,37,0.17673839628696442,-0.5408936142921448,-0.27708950638771057,0.3596981465816498
3739,75,38,0.26677966117858887,-0.1652016043663025,-0.27708950638771057,0.3596981465816498
3740,75,39,-0.03944084048271179,-0.2676362693309784,-0.27708950638771057,0.3596981465816498
3741,75,40,0.2713374197483063,-0.21678853034973145,-0.27708950638771057,0.3596981465816498
3742,75,41,0.5012811422348022,-0.2802217900753021,-0.27708950638771057,0.3596981465816498
3743,75,42,0.006321754306554794,-0.15930408239364624,-0.27708950638771057,0.3596981465816498
3744,75,43,-0.14931760728359222,0.05411630496382713,-0.27708950638771057,0.3596981465816498
3745,75,44,0.055180832743644714,-0.4107770025730133,-0.27708950638771057,0.3596981465816498
3746,75,45,0.20471327006816864,-0.02263110876083374,-0.27708950638771057,0.3596981465816498
3747,75,46,0.1760488897562027,-0.355204313993454,-0.27708950638771057,0.3596981465816498
3748,75,47,0.05632888525724411,0.06901557743549347,-0.27708950638771057,0.3596981465816498
3749,75,48,0.08938740193843842,-0.14379668235778809,-0.27708950638771057,0.3596981465816498
3750,75,49,-0.1420290470123291,-0.48211905360221863,-0.27708950638771057,0.3596981465816498
3751,76,0,-0.356693834066391,-0.26402536034584045,-0.22802521288394928,0.4373915493488312
3752,76,1,-0.23946313560009003,-0.21615125238895416,-0.22802521288394928,0.4373915493488312
3753,76,2,-0.28409770131111145,0.1328575611114502,-0.22802521288394928,0.4373915493488312
3754,76,3,-0.0042883725836873055,-0.5704225897789001,-0.22802521288394928,0.4373915493488312
3755,76,4,0.10554718226194382,-0.5133118033409119,-0.22802521288394928,0.4373915493488312
3756,76,5,-0.12739107012748718,-0.04723849520087242,-0.22802521288394928,0.4373915493488312
3757,76,6,0.20954538881778717,-0.1251221001148224,-0.22802521288394928,0.4373915493488312
3758,76,7,0.41851410269737244,-0.1012716069817543,-0.22802521288394928,0.4373915493488312
3759,76,8,0.25701460242271423,-0.04158434644341469,-0.22802521288394928,0.4373915493488312
3760,76,9,0.3054776191711426,-0.08137021213769913,-0.22802521288394928,0.4373915493488312
3761,76,10,0.2451399266719818,-0.18119843304157257,-0.22802521288394928,0.4373915493488312
3762,76,11,0.27545779943466187,-0.4517320990562439,-0.22802521288394928,0.4373915493488312
3763,76,12,-0.05674503743648529,-0.3285030722618103,-0.22802521288394928,0.4373915493488312
3764,76,13,-0.28204870223999023,-0.49278968572616577,-0.22802521288394928,0.4373915493488312
3765,76,14,-0.3795764744281769,-0.675925612449646,-0.22802521288394928,0.4373915493488312
3766,76,15,-0.3065113127231598,0.026751575991511345,-0.22802521288394928,0.4373915493488312
3767,76,16,0.11760367453098297,-0.2767542600631714,-0.22802521288394928,0.4373915493488312
3768,76,17,0.24255113303661346,-0.23452061414718628,-0.22802521288394928,0.4373915493488312
3769,76,18,0.061197854578495026,-0.33514904975891113,-0.22802521288394928,0.4373915493488312
3770,76,19,0.08919934183359146,-0.17927689850330353,-0.22802521288394928,0.4373915493488312
3771,76,20,0.0690009593963623,-0.42982548475265503,-0.22802521288394928,0.4373915493488312
3772,76,21,0.06544820219278336,-0.2114613652229309,-0.22802521288394928,0.4373915493488312
3773,76,22,0.34807977080345154,0.17869484424591064,-0.22802521288394928,0.4373915493488312
3774,76,23,0.25649940967559814,-0.6800546050071716,-0.22802521288394928,0.4373915493488312
3775,76,24,0.2498227059841156,-0.14816519618034363,-0.22802521288394928,0.4373915493488312
3776,76,25,0.33365219831466675,0.05813095346093178,-0.22802521288394928,0.4373915493488312
3777,76,26,0.2975989878177643,-0.38549453020095825,-0.22802521288394928,0.4373915493488312
3778,76,27,0.29150423407554626,-0.3325733542442322,-0.22802521288394928,0.4373915493488312
3779,76,28,-0.03573400527238846,-0.5477259159088135,-0.22802521288394928,0.4373915493488312
3780,76,29,-0.08304721862077713,-0.4282820224761963,-0.22802521288394928,0.4373915493488312
3781,76,30,-0.11379028111696243,-0.5013892650604248,-0.22802521288394928,0.4373915493488312
3782,76,31,0.01827291026711464,-0.1398463249206543,-0.22802521288394928,0.4373915493488312
3783,76,32,0.05534505844116211,-0.3692626655101776,-0.22802521288394928,0.4373915493488312
3784,76,33,0.2131895124912262,-0.42949000000953674,-0.22802521288394928,0.4373915493488312
3785,76,34,0.4025666117668152,-0.8578366637229919,-0.22802521288394928,0.4373915493488312
3786,76,35,0.4059211313724518,-0.10372665524482727,-0.22802521288394928,0.4373915493488312
3787,76,36,0.4043980538845062,-0.5217993855476379,-0.22802521288394928,0.4373915493488312
3788,76,37,0.26655519008636475,0.018647102639079094,-0.22802521288394928,0.4373915493488312
3789,76,38,-0.02384917624294758,-0.09735109657049179,-0.22802521288394928,0.4373915493488312
3790,76,39,0.07368247956037521,-0.11137232184410095,-0.22802521288394928,0.4373915493488312
3791,76,40,-0.010122285224497318,-0.2750852108001709,-0.22802521288394928,0.4373915493488312
3792,76,41,0.04135848954319954,-0.1708444058895111,-0.22802521288394928,0.4373915493488312
3793,76,42,-0.16519097983837128,0.10839886963367462,-0.22802521288394928,0.4373915493488312
3794,76,43,-0.2229267656803131,-0.10872477293014526,-0.22802521288394928,0.4373915493488312
3795,76,44,-0.1639530062675476,-0.1991880089044571,-0.22802521288394928,0.4373915493488312
3796,76,45,-0.024648115038871765,0.04386395588517189,-0.22802521288394928,0.4373915493488312
3797,76,46,-0.2067079246044159,0.3042345941066742,-0.22802521288394928,0.4373915493488312
3798,76,47,-0.2680739164352417,-0.5197795629501343,-0.22802521288394928,0.4373915493488312
3799,76,48,-0.16509655117988586,-0.276115357875824,-0.22802521288394928,0.4373915493488312
3800,76,49,-0.01587042026221752,-0.1450328230857849,-0.22802521288394928,0.4373915493488312
3801,77,0,-0.3034789562225342,-0.391012579202652,-0.268609881401062,0.5182855725288391
3802,77,1,0.043314993381500244,-0.38331663608551025,-0.268609881401062,0.5182855725288391
3803,77,2,0.18737971782684326,-0.3555133044719696,-0.268609881401062,0.5182855725288391
3804,77,3,-0.022801684215664864,-0.5443693995475769,-0.268609881401062,0.5182855725288391
3805,77,4,-0.04282495379447937,-0.2787701189517975,-0.268609881401062,0.5182855725288391
3806,77,5,0.32393836975097656,0.07003851979970932,-0.268609881401062,0.5182855725288391
3807,77,6,0.3589667081832886,-0.5190513134002686,-0.268609881401062,0.5182855725288391
3808,77,7,0.4336005449295044,0.23731113970279694,-0.268609881401062,0.5182855725288391
3809,77,8,0.0010776935378089547,0.12006792426109314,-0.268609881401062,0.5182855725288391
3810,77,9,-0.23417602479457855,0.1636597067117691,-0.268609881401062,0.5182855725288391
3811,77,10,-0.06920578330755234,-0.2486458420753479,-0.268609881401062,0.5182855725288391
3812,77,11,0.19109702110290527,-0.22255900502204895,-0.268609881401062,0.5182855725288391
3813,77,12,0.14159104228019714,-0.2655094861984253,-0.268609881401062,0.5182855725288391
3814,77,13,0.08153760433197021,-0.5878452658653259,-0.268609881401062,0.5182855725288391
3815,77,14,-0.1544329673051834,-0.11925594508647919,-0.268609881401062,0.5182855725288391
3816,77,15,-0.179397851228714,-0.2729615867137909,-0.268609881401062,0.5182855725288391
3817,77,16,0.14480330049991608,-0.2682885229587555,-0.268609881401062,0.5182855725288391
3818,77,17,0.15094341337680817,-0.41568201780319214,-0.268609881401062,0.5182855725288391
3819,77,18,-0.08092019706964493,-0.32141295075416565,-0.268609881401062,0.5182855725288391
3820,77,19,0.04863515496253967,-0.0580720379948616,-0.268609881401062,0.5182855725288391
3821,77,20,-0.01713123358786106,-0.5688714385032654,-0.268609881401062,0.5182855725288391
3822,77,21,0.16050849854946136,-0.1861116737127304,-0.268609881401062,0.5182855725288391
3823,77,22,0.256788045167923,-0.11829670518636703,-0.268609881401062,0.5182855725288391
3824,77,23,0.19206759333610535,-0.20326340198516846,-0.268609881401062,0.5182855725288391
3825,77,24,0.21337682008743286,-0.2850145399570465,-0.268609881401062,0.5182855725288391
3826,77,25,0.06877537816762924,-0.3678923547267914,-0.268609881401062,0.5182855725288391
3827,77,26,-0.18100568652153015,-0.7249932885169983,-0.268609881401062,0.5182855725288391
3828,77,27,-0.04331604018807411,-0.7334653735160828,-0.268609881401062,0.5182855725288391
3829,77,28,0.04375755786895752,-0.09495114535093307,-0.268609881401062,0.5182855725288391
3830,77,29,-0.11086869239807129,-0.18408924341201782,-0.268609881401062,0.5182855725288391
3831,77,30,-0.1831529587507248,-0.46528223156929016,-0.268609881401062,0.5182855725288391
3832,77,31,-0.22890116274356842,-0.5063341856002808,-0.268609881401062,0.5182855725288391
3833,77,32,-0.2217944860458374,-0.5485012531280518,-0.268609881401062,0.5182855725288391
3834,77,33,0.12499383836984634,-0.29277855157852173,-0.268609881401062,0.5182855725288391
3835,77,34,0.490291953086853,-0.38250699639320374,-0.268609881401062,0.5182855725288391
3836,77,35,0.4691462814807892,-0.5102004408836365,-0.268609881401062,0.5182855725288391
3837,77,36,0.048176057636737823,0.027332840487360954,-0.268609881401062,0.5182855725288391
3838,77,37,0.012150711379945278,-0.387395441532135,-0.268609881401062,0.5182855725288391
3839,77,38,0.31757795810699463,0.11411687731742859,-0.268609881401062,0.5182855725288391
3840,77,39,0.15430577099323273,-0.5532223582267761,-0.268609881401062,0.5182855725288391
3841,77,40,0.018581189215183258,-0.26437345147132874,-0.268609881401062,0.5182855725288391
3842,77,41,0.16541627049446106,-0.3133242130279541,-0.268609881401062,0.5182855725288391
3843,77,42,0.057295870035886765,-0.18304280936717987,-0.268609881401062,0.5182855725288391
3844,77,43,0.17393098771572113,-0.412786066532135,-0.268609881401062,0.5182855725288391
3845,77,44,0.0638205036520958,-0.01486582588404417,-0.268609881401062,0.5182855725288391
3846,77,45,-0.32820212841033936,-0.43513667583465576,-0.268609881401062,0.5182855725288391
3847,77,46,-0.3444252610206604,-0.126081183552742,-0.268609881401062,0.5182855725288391
3848,77,47,-0.139957457780838,-0.27306637167930603,-0.268609881401062,0.5182855725288391
3849,77,48,0.22378283739089966,0.042632095515728,-0.268609881401062,0.5182855725288391
3850,77,49,0.023702744394540787,-0.323487788438797,-0.268609881401062,0.5182855725288391
3851,78,0,0.31293511390686035,-0.38879460096359253,-0.2746678292751312,0.5138983726501465
3852,78,1,-0.0867985188961029,-0.2011062204837799,-0.2746678292751312,0.5138983726501465
3853,78,2,0.34735944867134094,0.015942497178912163,-0.2746678292751312,0.5138983726501465
3854,78,3,0.45333564281463623,-0.15658792853355408,-0.2746678292751312,0.5138983726501465
3855,78,4,0.004510688595473766,-0.3734053373336792,-0.2746678292751312,0.5138983726501465
3856,78,5,0.026538318023085594,-0.08684305846691132,-0.2746678292751312,0.5138983726501465
3857,78,6,0.12412752956151962,-0.3920767605304718,-0.2746678292751312,0.5138983726501465
3858,78,7,0.31694793701171875,0.08002732694149017,-0.2746678292751312,0.5138983726501465
3859,78,8,0.4381367862224579,-0.2092089056968689,-0.2746678292751312,0.5138983726501465
3860,78,9,-0.04147717356681824,-0.46292662620544434,-0.2746678292751312,0.5138983726501465
3861,78,10,-0.166105255484581,-0.4490686058998108,-0.2746678292751312,0.5138983726501465
3862,78,11,-0.2641294598579407,-0.18293775618076324,-0.2746678292751312,0.5138983726501465
3863,78,12,-0.05685006082057953,-0.12408388406038284,-0.2746678292751312,0.5138983726501465
3864,78,13,0.13996203243732452,-0.5190848708152771,-0.2746678292751312,0.5138983726501465
3865,78,14,0.1307593286037445,0.13023638725280762,-0.2746678292751312,0.5138983726501465
3866,78,15,0.24143598973751068,-0.5033560991287231,-0.2746678292751312,0.5138983726501465
3867,78,16,0.2426648586988449,-0.04653966426849365,-0.2746678292751312,0.5138983726501465
3868,78,17,0.3262666165828705,-0.27968814969062805,-0.2746678292751312,0.5138983726501465
3869,78,18,0.09335750341415405,-0.9596045017242432,-0.2746678292751312,0.5138983726501465
3870,78,19,-0.04737244173884392,-0.4124312400817871,-0.2746678292751312,0.5138983726501465
3871,78,20,0.07920458912849426,-0.012172299437224865,-0.2746678292751312,0.5138983726501465
3872,78,21,-0.3736160397529602,-0.17920754849910736,-0.2746678292751312,0.5138983726501465
3873,78,22,-0.08453049510717392,0.04377049207687378,-0.2746678292751312,0.5138983726501465
3874,78,23,0.04266967996954918,-0.2513396143913269,-0.2746678292751312,0.5138983726501465
3875,78,24,0.06278552114963531,-0.4185667634010315,-0.2746678292751312,0.5138983726501465
3876,78,25,0.12540937960147858,-0.8501681685447693,-0.2746678292751312,0.5138983726501465
3877,78,26,-0.1419452279806137,-0.3805617392063141,-0.2746678292751312,0.5138983726501465
3878,78,27,-0.22065076231956482,-0.41310185194015503,-0.2746678292751312,0.5138983726501465
3879,78,28,-0.16966596245765686,-0.19231225550174713,-0.2746678292751312,0.5138983726501465
3880,78,29,-0.39397940039634705,-0.3595028519630432,-0.2746678292751312,0.5138983726501465
3881,78,30,-0.39403045177459717,-0.41656890511512756,-0.2746678292751312,0.5138983726501465
3882,78,31,-0.2698374092578888,-0.26273348927497864,-0.2746678292751312,0.5138983726501465
3883,78,32,-0.02012800984084606,-0.5305540561676025,-0.2746678292751312,0.5138983726501465
3884,78,33,-0.1140056848526001,-0.2268000692129135,-0.2746678292751312,0.5138983726501465
3885,78,34,0.06831884384155273,-0.028664473444223404,-0.2746678292751312,0.5138983726501465
3886,78,35,0.30788183212280273,-0.524341881275177,-0.2746678292751312,0.5138983726501465
3887,78,36,0.4321439266204834,0.038920044898986816,-0.2746678292751312,0.5138983726501465
3888,78,37,0.27709922194480896,-0.11989035457372665,-0.2746678292751312,0.5138983726501465
3889,78,38,0.30948561429977417,-0.1032254695892334,-0.2746678292751312,0.5138983726501465
3890,78,39,0.28127455711364746,-0.0917733833193779,-0.2746678292751312,0.5138983726501465
3891,78,40,0.2559220492839813,-0.11004925519227982,-0.2746678292751312,0.5138983726501465
3892,78,41,0.1996057778596878,-0.5530611276626587,-0.2746678292751312,0.5138983726501465
3893,78,42,0.3351678252220154,0.02773268334567547,-0.2746678292751312,0.5138983726501465
3894,78,43,0.4528830051422119,-0.5205550193786621,-0.2746678292751312,0.5138983726501465
3895,78,44,0.33911341428756714,-0.4372440576553345,-0.2746678292751312,0.5138983726501465
3896,78,45,0.34178900718688965,-0.16936010122299194,-0.2746678292751312,0.5138983726501465
3897,78,46,0.4429139494895935,-0.04189666733145714,-0.2746678292751312,0.5138983726501465
3898,78,47,0.387335866689682,-0.24520333111286163,-0.2746678292751312,0.5138983726501465
3899,78,48,0.29873114824295044,-0.20461706817150116,-0.2746678292751312,0.5138983726501465
3900,78,49,0.2908993661403656,-0.39487308263778687,-0.2746678292751312,0.5138983726501465
3901,79,0,0.037595901638269424,-0.09055763483047485,-0.21425701677799225,0.5172092318534851
3902,79,1,-0.16425326466560364,-0.1829734444618225,-0.21425701677799225,0.5172092318534851
3903,79,2,-0.22412505745887756,-0.513833224773407,-0.21425701677799225,0.5172092318534851
3904,79,3,-0.1639522910118103,-0.07729802280664444,-0.21425701677799225,0.5172092318534851
3905,79,4,-0.18957369029521942,-0.08608730137348175,-0.21425701677799225,0.5172092318534851
3906,79,5,0.011160378344357014,0.17355166375637054,-0.21425701677799225,0.5172092318534851
3907,79,6,0.3112737834453583,-0.29097557067871094,-0.21425701677799225,0.5172092318534851
3908,79,7,0.2482495903968811,-0.48705828189849854,-0.21425701677799225,0.5172092318534851
3909,79,8,0.12983520328998566,0.08555358648300171,-0.21425701677799225,0.5172092318534851
3910,79,9,0.03949473425745964,-0.0026781116612255573,-0.21425701677799225,0.5172092318534851
3911,79,10,0.14953994750976562,-0.40570923686027527,-0.21425701677799225,0.5172092318534851
3912,79,11,-0.03595761954784393,-0.08712521940469742,-0.21425701677799225,0.5172092318534851
3913,79,12,-0.10839589685201645,-0.2645662724971771,-0.21425701677799225,0.5172092318534851
3914,79,13,-0.1894427239894867,-0.150776669383049,-0.21425701677799225,0.5172092318534851
3915,79,14,-0.14109966158866882,-0.3164523243904114,-0.21425701677799225,0.5172092318534851
3916,79,15,0.1993420124053955,-0.2489657700061798,-0.21425701677799225,0.5172092318534851
3917,79,16,-0.311133474111557,-0.20727264881134033,-0.21425701677799225,0.5172092318534851
3918,79,17,-0.8386886119842529,-0.19323967397212982,-0.21425701677799225,0.5172092318534851
3919,79,18,-0.478105753660202,-0.11141611635684967,-0.21425701677799225,0.5172092318534851
3920,79,19,-0.0883447527885437,-0.7194374799728394,-0.21425701677799225,0.5172092318534851
3921,79,20,0.11990766227245331,-0.3319886326789856,-0.21425701677799225,0.5172092318534851
3922,79,21,-0.13034430146217346,-0.24887079000473022,-0.21425701677799225,0.5172092318534851
3923,79,22,-0.4373946785926819,0.010799437761306763,-0.21425701677799225,0.5172092318534851
3924,79,23,-0.29917898774147034,-0.3150292932987213,-0.21425701677799225,0.5172092318534851
3925,79,24,-0.025246599689126015,-0.20964878797531128,-0.21425701677799225,0.5172092318534851
3926,79,25,-0.2411695420742035,-0.2633425295352936,-0.21425701677799225,0.5172092318534851
3927,79,26,-0.34105682373046875,0.16059750318527222,-0.21425701677799225,0.5172092318534851
3928,79,27,-0.22802692651748657,-0.08112240582704544,-0.21425701677799225,0.5172092318534851
3929,79,28,-0.26821064949035645,-0.005922939628362656,-0.21425701677799225,0.5172092318534851
3930,79,29,0.0907304435968399,-0.038566261529922485,-0.21425701677799225,0.5172092318534851
3931,79,30,0.21022218465805054,-0.347208708524704,-0.21425701677799225,0.5172092318534851
3932,79,31,-0.006381484679877758,-0.11088380217552185,-0.21425701677799225,0.5172092318534851
3933,79,32,0.17619924247264862,-0.5259127616882324,-0.21425701677799225,0.5172092318534851
3934,79,33,0.3049824833869934,-0.568709135055542,-0.21425701677799225,0.5172092318534851
3935,79,34,0.179992213845253,-0.25051456689834595,-0.21425701677799225,0.5172092318534851
3936,79,35,0.42696613073349,-0.7227663397789001,-0.21425701677799225,0.5172092318534851
3937,79,36,0.42102259397506714,-0.19063696265220642,-0.21425701677799225,0.5172092318534851
3938,79,37,0.03673360124230385,-0.32196834683418274,-0.21425701677799225,0.5172092318534851
3939,79,38,-0.27702033519744873,-0.45172634720802307,-0.21425701677799225,0.5172092318534851
3940,79,39,-0.4606803357601166,-0.3150111734867096,-0.21425701677799225,0.5172092318534851
3941,79,40,-0.3756633400917053,-0.4985830783843994,-0.21425701677799225,0.5172092318534851
3942,79,41,-0.2994925081729889,-0.17649099230766296,-0.21425701677799225,0.5172092318534851
3943,79,42,-0.35357099771499634,0.03530505299568176,-0.21425701677799225,0.5172092318534851
3944,79,43,-0.16722683608531952,0.034468069672584534,-0.21425701677799225,0.5172092318534851
3945,79,44,-0.0035850268322974443,-0.4142691195011139,-0.21425701677799225,0.5172092318534851
3946,79,45,0.1747015118598938,0.1669706553220749,-0.21425701677799225,0.5172092318534851
3947,79,46,0.21818193793296814,-0.06362251192331314,-0.21425701677799225,0.5172092318534851
3948,79,47,0.11819791793823242,-0.37977999448776245,-0.21425701677799225,0.5172092318534851
3949,79,48,0.10845774412155151,-0.23442663252353668,-0.21425701677799225,0.5172092318534851
3950,79,49,0.30650970339775085,-0.16080276668071747,-0.21425701677799225,0.5172092318534851
3951,80,0,0.09950670599937439,-0.6809589266777039,-0.16409790515899658,0.41554316878318787
3952,80,1,0.0033555584959685802,-0.14500656723976135,-0.16409790515899658,0.41554316878318787
3953,80,2,0.44265371561050415,-0.49527063965797424,-0.16409790515899658,0.41554316878318787
3954,80,3,0.26684704422950745,-0.15670445561408997,-0.16409790515899658,0.41554316878318787
3955,80,4,0.046951208263635635,-0.06629860401153564,-0.16409790515899658,0.41554316878318787
3956,80,5,0.1745341420173645,-0.22171978652477264,-0.16409790515899658,0.41554316878318787
3957,80,6,0.2849227786064148,-0.19032426178455353,-0.16409790515899658,0.41554316878318787
3958,80,7,0.2952030599117279,-0.34830623865127563,-0.16409790515899658,0.41554316878318787
3959,80,8,-0.05477215349674225,-0.2644840478897095,-0.16409790515899658,0.41554316878318787
3960,80,9,-0.3285183310508728,-0.3220210075378418,-0.16409790515899658,0.41554316878318787
3961,80,10,-0.25973859429359436,-0.09303709864616394,-0.16409790515899658,0.41554316878318787
3962,80,11,-0.15572604537010193,0.05320414900779724,-0.16409790515899658,0.41554316878318787
3963,80,12,0.26920458674430847,0.11398466676473618,-0.16409790515899658,0.41554316878318787
3964,80,13,0.33638089895248413,-0.1636238992214203,-0.16409790515899658,0.41554316878318787
3965,80,14,0.24025677144527435,-0.41024067997932434,-0.16409790515899658,0.41554316878318787
3966,80,15,0.18101270496845245,0.3621409237384796,-0.16409790515899658,0.41554316878318787
3967,80,16,0.03659941628575325,-0.36197760701179504,-0.16409790515899658,0.41554316878318787
3968,80,17,-0.12880045175552368,-0.3663214445114136,-0.16409790515899658,0.41554316878318787
3969,80,18,-0.19029304385185242,0.23383763432502747,-0.16409790515899658,0.41554316878318787
3970,80,19,-0.3505450487136841,-0.24049413204193115,-0.16409790515899658,0.41554316878318787
3971,80,20,-0.26505041122436523,-0.07929900288581848,-0.16409790515899658,0.41554316878318787
3972,80,21,0.0302701685577631,0.04715246334671974,-0.16409790515899658,0.41554316878318787
3973,80,22,0.11244528740644455,-0.43079623579978943,-0.16409790515899658,0.41554316878318787
3974,80,23,-0.00038757536094635725,0.10941257327795029,-0.16409790515899658,0.41554316878318787
3975,80,24,-0.05942237004637718,0.09931913018226624,-0.16409790515899658,0.41554316878318787
3976,80,25,-0.11915358901023865,-0.16745206713676453,-0.16409790515899658,0.41554316878318787
3977,80,26,0.12744887173175812,-0.38556107878685,-0.16409790515899658,0.41554316878318787
3978,80,27,0.40112897753715515,0.14770439267158508,-0.16409790515899658,0.41554316878318787
3979,80,28,0.15188069641590118,-0.02151266299188137,-0.16409790515899658,0.41554316878318787
3980,80,29,-0.11656113713979721,-0.21449366211891174,-0.16409790515899658,0.41554316878318787
3981,80,30,0.04828823357820511,-0.37391430139541626,-0.16409790515899658,0.41554316878318787
3982,80,31,0.08172179013490677,-0.13268068432807922,-0.16409790515899658,0.41554316878318787
3983,80,32,-0.07987425476312637,-0.3211713433265686,-0.16409790515899658,0.41554316878318787
3984,80,33,-0.04077756404876709,0.09887716919183731,-0.16409790515899658,0.41554316878318787
3985,80,34,-0.0021229377016425133,-0.4497475326061249,-0.16409790515899658,0.41554316878318787
3986,80,35,-0.2095009982585907,-0.442251592874527,-0.16409790515899658,0.41554316878318787
3987,80,36,-0.14877493679523468,-0.03381027281284332,-0.16409790515899658,0.41554316878318787
3988,80,37,-0.18055394291877747,0.14756403863430023,-0.16409790515899658,0.41554316878318787
3989,80,38,-0.07888560742139816,-0.06812816858291626,-0.16409790515899658,0.41554316878318787
3990,80,39,0.04968399927020073,-0.2580769956111908,-0.16409790515899658,0.41554316878318787
3991,80,40,0.046602290123701096,0.22228088974952698,-0.16409790515899658,0.41554316878318787
3992,80,41,0.02936423383653164,-0.04359607398509979,-0.16409790515899658,0.41554316878318787
3993,80,42,-0.019572235643863678,-0.018675947561860085,-0.16409790515899658,0.41554316878318787
3994,80,43,0.19530834257602692,-0.5030539631843567,-0.16409790515899658,0.41554316878318787
3995,80,44,0.2654086947441101,-0.3144635558128357,-0.16409790515899658,0.41554316878318787
3996,80,45,0.19523373246192932,-0.2833198010921478,-0.16409790515899658,0.41554316878318787
3997,80,46,0.13673704862594604,-0.11828998476266861,-0.16409790515899658,0.41554316878318787
3998,80,47,-0.2825379967689514,-0.1886211782693863,-0.16409790515899658,0.41554316878318787
3999,80,48,0.008630302734673023,-0.11927713453769684,-0.16409790515899658,0.41554316878318787
4000,80,49,0.15515980124473572,-0.18062786757946014,-0.16409790515899658,0.41554316878318787
4001,81,0,-0.05185846611857414,-0.01682727411389351,-0.18803898990154266,0.2892046570777893
4002,81,1,-0.12159904092550278,-0.39630767703056335,-0.18803898990154266,0.2892046570777893
4003,81,2,0.12303023040294647,-0.2642807066440582,-0.18803898990154266,0.2892046570777893
4004,81,3,0.3405722379684448,-0.13167227804660797,-0.18803898990154266,0.2892046570777893
4005,81,4,0.4482790231704712,-0.7796445488929749,-0.18803898990154266,0.2892046570777893
4006,81,5,0.26096296310424805,-0.20115330815315247,-0.18803898990154266,0.2892046570777893
4007,81,6,0.32855135202407837,-0.45451027154922485,-0.18803898990154266,0.2892046570777893
4008,81,7,0.14568230509757996,-0.36051762104034424,-0.18803898990154266,0.2892046570777893
4009,81,8,0.2811312675476074,-0.02684963494539261,-0.18803898990154266,0.2892046570777893
4010,81,9,0.3721524477005005,-0.4078321158885956,-0.18803898990154266,0.2892046570777893
4011,81,10,0.39437541365623474,-0.23493406176567078,-0.18803898990154266,0.2892046570777893
4012,81,11,0.45723816752433777,0.3089611828327179,-0.18803898990154266,0.2892046570777893
4013,81,12,0.02921839989721775,-0.08845823258161545,-0.18803898990154266,0.2892046570777893
4014,81,13,-0.010595503263175488,-0.19787326455116272,-0.18803898990154266,0.2892046570777893
4015,81,14,0.2039472609758377,-0.5141221880912781,-0.18803898990154266,0.2892046570777893
4016,81,15,-0.13523578643798828,-0.17710113525390625,-0.18803898990154266,0.2892046570777893
4017,81,16,-0.4176855981349945,-0.12945936620235443,-0.18803898990154266,0.2892046570777893
4018,81,17,0.002808485645800829,-0.3443620204925537,-0.18803898990154266,0.2892046570777893
4019,81,18,0.2599102258682251,-0.11682038754224777,-0.18803898990154266,0.2892046570777893
4020,81,19,-0.08502265065908432,0.09687891602516174,-0.18803898990154266,0.2892046570777893
4021,81,20,-0.0888347327709198,-0.030758045613765717,-0.18803898990154266,0.2892046570777893
4022,81,21,-0.05069299787282944,-0.12502571940422058,-0.18803898990154266,0.2892046570777893
4023,81,22,0.10890012234449387,-0.1876041293144226,-0.18803898990154266,0.2892046570777893
4024,81,23,0.17007650434970856,-0.1196410283446312,-0.18803898990154266,0.2892046570777893
4025,81,24,-0.08456170558929443,-0.4288730323314667,-0.18803898990154266,0.2892046570777893
4026,81,25,-0.21724361181259155,-0.43431025743484497,-0.18803898990154266,0.2892046570777893
4027,81,26,-0.3051650822162628,-0.2358333319425583,-0.18803898990154266,0.2892046570777893
4028,81,27,-0.4736360013484955,-0.4613930284976959,-0.18803898990154266,0.2892046570777893
4029,81,28,-0.19063881039619446,0.15288248658180237,-0.18803898990154266,0.2892046570777893
4030,81,29,0.1266920268535614,-0.3091917634010315,-0.18803898990154266,0.2892046570777893
4031,81,30,0.06802324950695038,-0.5965482592582703,-0.18803898990154266,0.2892046570777893
4032,81,31,0.08217430859804153,0.034055665135383606,-0.18803898990154266,0.2892046570777893
4033,81,32,-0.2901652753353119,-0.007426260970532894,-0.18803898990154266,0.2892046570777893
4034,81,33,0.15922904014587402,-0.14401648938655853,-0.18803898990154266,0.2892046570777893
4035,81,34,0.20376574993133545,0.07708949595689774,-0.18803898990154266,0.2892046570777893
4036,81,35,-0.10235632210969925,0.4058479070663452,-0.18803898990154266,0.2892046570777893
4037,81,36,-0.20535771548748016,-0.03363699093461037,-0.18803898990154266,0.2892046570777893
4038,81,37,-0.24797312915325165,-0.12534038722515106,-0.18803898990154266,0.2892046570777893
4039,81,38,-0.03286201134324074,0.05679723992943764,-0.18803898990154266,0.2892046570777893
4040,81,39,0.18885554373264313,0.022681934759020805,-0.18803898990154266,0.2892046570777893
4041,81,40,0.44447821378707886,-0.09156178683042526,-0.18803898990154266,0.2892046570777893
4042,81,41,-0.05768796056509018,-0.2921009957790375,-0.18803898990154266,0.2892046570777893
4043,81,42,0.14089465141296387,-0.12796500325202942,-0.18803898990154266,0.2892046570777893
4044,81,43,0.3958585262298584,-0.2778822183609009,-0.18803898990154266,0.2892046570777893
4045,81,44,0.03165026381611824,-0.24616627395153046,-0.18803898990154266,0.2892046570777893
4046,81,45,-0.12993063032627106,-0.37790244817733765,-0.18803898990154266,0.2892046570777893
4047,81,46,-0.20970529317855835,-0.21447692811489105,-0.18803898990154266,0.2892046570777893
4048,81,47,-0.15775108337402344,-0.12640587985515594,-0.18803898990154266,0.2892046570777893
4049,81,48,-0.016505427658557892,0.31796175241470337,-0.18803898990154266,0.2892046570777893
4050,81,49,0.03376854211091995,0.2816879153251648,-0.18803898990154266,0.2892046570777893
4051,82,0,0.04342503845691681,-0.2519398033618927,-0.23228734731674194,0.23007617890834808
4052,82,1,0.1551954597234726,-0.20150449872016907,-0.23228734731674194,0.23007617890834808
4053,82,2,0.2281612753868103,-0.43148502707481384,-0.23228734731674194,0.23007617890834808
4054,82,3,0.19616232812404633,-0.08646637201309204,-0.23228734731674194,0.23007617890834808
4055,82,4,-0.0447726808488369,-0.7772414088249207,-0.23228734731674194,0.23007617890834808
4056,82,5,0.20908693969249725,-0.22551605105400085,-0.23228734731674194,0.23007617890834808
4057,82,6,0.16064989566802979,-0.18639682233333588,-0.23228734731674194,0.23007617890834808
4058,82,7,0.23186324536800385,0.02712126448750496,-0.23228734731674194,0.23007617890834808
4059,82,8,0.2930711507797241,0.025204990059137344,-0.23228734731674194,0.23007617890834808
4060,82,9,0.017587587237358093,-0.05930428206920624,-0.23228734731674194,0.23007617890834808
4061,82,10,-0.0340627022087574,-0.401435524225235,-0.23228734731674194,0.23007617890834808
4062,82,11,0.0912192314863205,-0.1916320025920868,-0.23228734731674194,0.23007617890834808
4063,82,12,0.10881906747817993,-0.23215560615062714,-0.23228734731674194,0.23007617890834808
4064,82,13,0.12054722756147385,0.11034602671861649,-0.23228734731674194,0.23007617890834808
4065,82,14,0.11662022769451141,0.06515464931726456,-0.23228734731674194,0.23007617890834808
4066,82,15,0.1269594132900238,-0.4451582133769989,-0.23228734731674194,0.23007617890834808
4067,82,16,-0.1769631803035736,0.059220656752586365,-0.23228734731674194,0.23007617890834808
4068,82,17,-0.3620226979255676,-0.3774242103099823,-0.23228734731674194,0.23007617890834808
4069,82,18,-0.24617727100849152,-0.26449257135391235,-0.23228734731674194,0.23007617890834808
4070,82,19,0.1306680142879486,-0.11448189616203308,-0.23228734731674194,0.23007617890834808
4071,82,20,0.22243045270442963,0.15947510302066803,-0.23228734731674194,0.23007617890834808
4072,82,21,0.06915116310119629,-0.12834689021110535,-0.23228734731674194,0.23007617890834808
4073,82,22,-0.04846524819731712,-0.7435305118560791,-0.23228734731674194,0.23007617890834808
4074,82,23,-0.013288324698805809,-0.4143500328063965,-0.23228734731674194,0.23007617890834808
4075,82,24,-0.23339903354644775,-0.8954111337661743,-0.23228734731674194,0.23007617890834808
4076,82,25,-0.44027647376060486,-0.36369699239730835,-0.23228734731674194,0.23007617890834808
4077,82,26,-0.2897129952907562,-0.26283249258995056,-0.23228734731674194,0.23007617890834808
4078,82,27,-0.12556666135787964,-0.5143012404441833,-0.23228734731674194,0.23007617890834808
4079,82,28,-0.0817459374666214,-0.25746744871139526,-0.23228734731674194,0.23007617890834808
4080,82,29,-0.06253993511199951,-0.18515533208847046,-0.23228734731674194,0.23007617890834808
4081,82,30,0.07303004711866379,-0.40660810470581055,-0.23228734731674194,0.23007617890834808
4082,82,31,0.3849627375602722,0.07572338730096817,-0.23228734731674194,0.23007617890834808
4083,82,32,0.010786895640194416,-0.31152909994125366,-0.23228734731674194,0.23007617890834808
4084,82,33,-0.22322401404380798,-0.11968319118022919,-0.23228734731674194,0.23007617890834808
4085,82,34,-0.2117672860622406,-0.13515692949295044,-0.23228734731674194,0.23007617890834808
4086,82,35,-0.12023621052503586,-0.27091723680496216,-0.23228734731674194,0.23007617890834808
4087,82,36,-0.02252061478793621,0.06244431063532829,-0.23228734731674194,0.23007617890834808
4088,82,37,0.1205112561583519,-0.5851706862449646,-0.23228734731674194,0.23007617890834808
4089,82,38,0.018701612949371338,-0.19382590055465698,-0.23228734731674194,0.23007617890834808
4090,82,39,-0.7269627451896667,-0.07560735940933228,-0.23228734731674194,0.23007617890834808
4091,82,40,0.016722124069929123,0.1722487211227417,-0.23228734731674194,0.23007617890834808
4092,82,41,0.5029578804969788,-0.5138154029846191,-0.23228734731674194,0.23007617890834808
4093,82,42,0.14243361353874207,-0.40356871485710144,-0.23228734731674194,0.23007617890834808
4094,82,43,0.04263227432966232,-0.22845280170440674,-0.23228734731674194,0.23007617890834808
4095,82,44,-0.019688060507178307,-0.7758889198303223,-0.23228734731674194,0.23007617890834808
4096,82,45,0.11201505362987518,-0.3480603098869324,-0.23228734731674194,0.23007617890834808
4097,82,46,0.2784366309642792,-0.2653384208679199,-0.23228734731674194,0.23007617890834808
4098,82,47,0.04065939411520958,-0.1525234580039978,-0.23228734731674194,0.23007617890834808
4099,82,48,-0.13996796309947968,-0.11521471291780472,-0.23228734731674194,0.23007617890834808
4100,82,49,-0.02420768328011036,0.012338569387793541,-0.23228734731674194,0.23007617890834808
4101,83,0,-0.36479729413986206,-0.3944304585456848,-0.19740599393844604,0.18257082998752594
4102,83,1,0.053226668387651443,-0.09203562140464783,-0.19740599393844604,0.18257082998752594
4103,83,2,-0.02800815925002098,-0.4422706961631775,-0.19740599393844604,0.18257082998752594
4104,83,3,-0.010317630134522915,-0.6217010021209717,-0.19740599393844604,0.18257082998752594
4105,83,4,-0.06667663902044296,-0.2802993655204773,-0.19740599393844604,0.18257082998752594
4106,83,5,0.16743268072605133,0.07263956218957901,-0.19740599393844604,0.18257082998752594
4107,83,6,0.13874803483486176,-0.35119006037712097,-0.19740599393844604,0.18257082998752594
4108,83,7,0.07212568074464798,-0.47060897946357727,-0.19740599393844604,0.18257082998752594
4109,83,8,-0.10469184815883636,0.21859686076641083,-0.19740599393844604,0.18257082998752594
4110,83,9,0.1106802225112915,0.012434206902980804,-0.19740599393844604,0.18257082998752594
4111,83,10,0.2667980492115021,0.03828958049416542,-0.19740599393844604,0.18257082998752594
4112,83,11,0.0675191804766655,-0.24030816555023193,-0.19740599393844604,0.18257082998752594
4113,83,12,0.1929565817117691,-0.47844457626342773,-0.19740599393844604,0.18257082998752594
4114,83,13,0.012639137916266918,0.1921021193265915,-0.19740599393844604,0.18257082998752594
4115,83,14,0.20584918558597565,-0.2877233028411865,-0.19740599393844604,0.18257082998752594
4116,83,15,0.43797627091407776,-0.1338997632265091,-0.19740599393844604,0.18257082998752594
4117,83,16,0.47523581981658936,0.06410675495862961,-0.19740599393844604,0.18257082998752594
4118,83,17,0.3167631924152374,-0.29346996545791626,-0.19740599393844604,0.18257082998752594
4119,83,18,0.10126401484012604,0.2253013253211975,-0.19740599393844604,0.18257082998752594
4120,83,19,-0.042615361511707306,0.18792621791362762,-0.19740599393844604,0.18257082998752594
4121,83,20,0.2388191819190979,-0.5557945370674133,-0.19740599393844604,0.18257082998752594
4122,83,21,0.31289151310920715,-0.2266034483909607,-0.19740599393844604,0.18257082998752594
4123,83,22,0.02389262616634369,-0.30960962176322937,-0.19740599393844604,0.18257082998752594
4124,83,23,0.08679679036140442,0.01419554278254509,-0.19740599393844604,0.18257082998752594
4125,83,24,-0.16004514694213867,0.029998598620295525,-0.19740599393844604,0.18257082998752594
4126,83,25,0.13435974717140198,0.3251170217990875,-0.19740599393844604,0.18257082998752594
4127,83,26,0.37520843744277954,-0.30376410484313965,-0.19740599393844604,0.18257082998752594
4128,83,27,-0.03808160126209259,-0.2696359157562256,-0.19740599393844604,0.18257082998752594
4129,83,28,-0.2702488601207733,0.3621453642845154,-0.19740599393844604,0.18257082998752594
4130,83,29,-0.4250513017177582,-0.4458591341972351,-0.19740599393844604,0.18257082998752594
4131,83,30,-0.5131821036338806,-0.5209302306175232,-0.19740599393844604,0.18257082998752594
4132,83,31,-0.21565864980220795,-0.28605136275291443,-0.19740599393844604,0.18257082998752594
4133,83,32,0.15713615715503693,0.15899161994457245,-0.19740599393844604,0.18257082998752594
4134,83,33,0.017171090468764305,-0.12060967087745667,-0.19740599393844604,0.18257082998752594
4135,83,34,-0.01950179412961006,-0.2839312255382538,-0.19740599393844604,0.18257082998752594
4136,83,35,0.09051504731178284,-0.08240528404712677,-0.19740599393844604,0.18257082998752594
4137,83,36,0.3015041649341583,-0.15387125313282013,-0.19740599393844604,0.18257082998752594
4138,83,37,0.1049196869134903,0.1748194843530655,-0.19740599393844604,0.18257082998752594
4139,83,38,-0.03539666533470154,-0.03203652799129486,-0.19740599393844604,0.18257082998752594
4140,83,39,-0.15524469316005707,-0.34443971514701843,-0.19740599393844604,0.18257082998752594
4141,83,40,0.16096626222133636,-0.2699386179447174,-0.19740599393844604,0.18257082998752594
4142,83,41,-0.0925905779004097,-0.4107603430747986,-0.19740599393844604,0.18257082998752594
4143,83,42,-0.2772537171840668,-0.199801504611969,-0.19740599393844604,0.18257082998752594
4144,83,43,-0.1031322181224823,0.1553794890642166,-0.19740599393844604,0.18257082998752594
4145,83,44,-0.1565134972333908,-0.2819795310497284,-0.19740599393844604,0.18257082998752594
4146,83,45,-0.38238656520843506,-0.21078988909721375,-0.19740599393844604,0.18257082998752594
4147,83,46,-0.10841057449579239,-0.2936546802520752,-0.19740599393844604,0.18257082998752594
4148,83,47,0.09744226932525635,-0.022212859243154526,-0.19740599393844604,0.18257082998752594
4149,83,48,0.06057468429207802,0.11171584576368332,-0.19740599393844604,0.18257082998752594
4150,83,49,0.14672596752643585,-0.1930820196866989,-0.19740599393844604,0.18257082998752594
4151,84,0,0.10828351974487305,-0.2858518958091736,-0.1524123102426529,0.15886779129505157
4152,84,1,0.11451657116413116,-0.361937940120697,-0.1524123102426529,0.15886779129505157
4153,84,2,-0.33244720101356506,-0.1576024889945984,-0.1524123102426529,0.15886779129505157
4154,84,3,-0.47599780559539795,-0.015799451619386673,-0.1524123102426529,0.15886779129505157
4155,84,4,-0.23602677881717682,-0.2232636958360672,-0.1524123102426529,0.15886779129505157
4156,84,5,0.1268233209848404,0.42108044028282166,-0.1524123102426529,0.15886779129505157
4157,84,6,0.1826663762331009,-0.3947215676307678,-0.1524123102426529,0.15886779129505157
4158,84,7,-0.11546594649553299,-0.0016506038373336196,-0.1524123102426529,0.15886779129505157
4159,84,8,-0.433201402425766,-0.24981454014778137,-0.1524123102426529,0.15886779129505157
4160,84,9,-0.18534015119075775,-0.3829336166381836,-0.1524123102426529,0.15886779129505157
4161,84,10,0.26909682154655457,-0.17010597884655,-0.1524123102426529,0.15886779129505157
4162,84,11,0.14547722041606903,-0.4552451968193054,-0.1524123102426529,0.15886779129505157
4163,84,12,-0.08570335805416107,-0.335984468460083,-0.1524123102426529,0.15886779129505157
4164,84,13,-0.24529416859149933,-0.4596715271472931,-0.1524123102426529,0.15886779129505157
4165,84,14,-0.06782709807157516,-0.07187557965517044,-0.1524123102426529,0.15886779129505157
4166,84,15,-0.017434414476156235,0.08363021165132523,-0.1524123102426529,0.15886779129505157
4167,84,16,0.028226470574736595,0.03443770483136177,-0.1524123102426529,0.15886779129505157
4168,84,17,-0.04640573635697365,-0.03073779121041298,-0.1524123102426529,0.15886779129505157
4169,84,18,0.0172373428940773,-0.3473217785358429,-0.1524123102426529,0.15886779129505157
4170,84,19,0.1289902776479721,0.14028772711753845,-0.1524123102426529,0.15886779129505157
4171,84,20,0.08192595839500427,-0.3775770664215088,-0.1524123102426529,0.15886779129505157
4172,84,21,-0.25817975401878357,0.2232043594121933,-0.1524123102426529,0.15886779129505157
4173,84,22,-0.08198361843824387,-0.06770533323287964,-0.1524123102426529,0.15886779129505157
4174,84,23,0.13509604334831238,-0.23368406295776367,-0.1524123102426529,0.15886779129505157
4175,84,24,0.27937644720077515,0.08669108152389526,-0.1524123102426529,0.15886779129505157
4176,84,25,0.10723543167114258,0.15172907710075378,-0.1524123102426529,0.15886779129505157
4177,84,26,-0.03979826718568802,-0.21005532145500183,-0.1524123102426529,0.15886779129505157
4178,84,27,-0.3722594678401947,0.1526632308959961,-0.1524123102426529,0.15886779129505157
4179,84,28,-0.33372554183006287,-0.20705315470695496,-0.1524123102426529,0.15886779129505157
4180,84,29,-0.20375581085681915,-0.08151175081729889,-0.1524123102426529,0.15886779129505157
4181,84,30,0.09106232970952988,-0.27443233132362366,-0.1524123102426529,0.15886779129505157
4182,84,31,0.01845286786556244,0.14088428020477295,-0.1524123102426529,0.15886779129505157
4183,84,32,-0.3679291307926178,-0.2587205767631531,-0.1524123102426529,0.15886779129505157
4184,84,33,-0.29376375675201416,-0.06435530632734299,-0.1524123102426529,0.15886779129505157
4185,84,34,-0.3390704393386841,0.10925499349832535,-0.1524123102426529,0.15886779129505157
4186,84,35,0.05153768137097359,0.04671645909547806,-0.1524123102426529,0.15886779129505157
4187,84,36,-0.0025950123090296984,0.07924974709749222,-0.1524123102426529,0.15886779129505157
4188,84,37,-0.2743145525455475,-0.273323655128479,-0.1524123102426529,0.15886779129505157
4189,84,38,-0.11987746506929398,-0.28422045707702637,-0.1524123102426529,0.15886779129505157
4190,84,39,-0.10248735547065735,-0.336467981338501,-0.1524123102426529,0.15886779129505157
4191,84,40,-0.18664927780628204,-0.0973081886768341,-0.1524123102426529,0.15886779129505157
4192,84,41,-0.16932131350040436,-0.19759587943553925,-0.1524123102426529,0.15886779129505157
4193,84,42,-0.06573016941547394,-0.14475347101688385,-0.1524123102426529,0.15886779129505157
4194,84,43,-0.041897814720869064,0.17976869642734528,-0.1524123102426529,0.15886779129505157
4195,84,44,0.000758485752157867,0.31069448590278625,-0.1524123102426529,0.15886779129505157
4196,84,45,-0.21999141573905945,-0.3588675558567047,-0.1524123102426529,0.15886779129505157
4197,84,46,-0.15234020352363586,-0.18555475771427155,-0.1524123102426529,0.15886779129505157
4198,84,47,-0.2856335937976837,-0.2746347486972809,-0.1524123102426529,0.15886779129505157
4199,84,48,-0.505486786365509,0.2822640836238861,-0.1524123102426529,0.15886779129505157
4200,84,49,-0.3625952899456024,-0.05762907490134239,-0.1524123102426529,0.15886779129505157
4201,85,0,-0.2834409773349762,-0.15613692998886108,-0.16039152443408966,0.043055541813373566
4202,85,1,-0.10443203151226044,-0.21149711310863495,-0.16039152443408966,0.043055541813373566
4203,85,2,0.27914702892303467,-0.5585563778877258,-0.16039152443408966,0.043055541813373566
4204,85,3,0.28972262144088745,-0.0435015968978405,-0.16039152443408966,0.043055541813373566
4205,85,4,0.1073104590177536,-0.44145891070365906,-0.16039152443408966,0.043055541813373566
4206,85,5,0.13724984228610992,0.19756044447422028,-0.16039152443408966,0.043055541813373566
4207,85,6,0.21011529862880707,-0.11230981349945068,-0.16039152443408966,0.043055541813373566
4208,85,7,-0.06503354012966156,-0.511806309223175,-0.16039152443408966,0.043055541813373566
4209,85,8,-0.05944851413369179,-0.3394814729690552,-0.16039152443408966,0.043055541813373566
4210,85,9,-0.24438130855560303,-0.25828734040260315,-0.16039152443408966,0.043055541813373566
4211,85,10,-0.42173150181770325,-0.7417500615119934,-0.16039152443408966,0.043055541813373566
4212,85,11,0.35582417249679565,0.2416968196630478,-0.16039152443408966,0.043055541813373566
4213,85,12,0.06882822513580322,-0.10656791180372238,-0.16039152443408966,0.043055541813373566
4214,85,13,-0.0927722156047821,-0.3417835533618927,-0.16039152443408966,0.043055541813373566
4215,85,14,0.07352481782436371,-0.43699371814727783,-0.16039152443408966,0.043055541813373566
4216,85,15,0.06307973712682724,0.06057099997997284,-0.16039152443408966,0.043055541813373566
4217,85,16,-0.39779597520828247,0.14102238416671753,-0.16039152443408966,0.043055541813373566
4218,85,17,-0.2919631898403168,-0.15772667527198792,-0.16039152443408966,0.043055541813373566
4219,85,18,-0.18894831836223602,-0.39359307289123535,-0.16039152443408966,0.043055541813373566
4220,85,19,0.07522624731063843,-0.23519182205200195,-0.16039152443408966,0.043055541813373566
4221,85,20,0.32691559195518494,0.034101493656635284,-0.16039152443408966,0.043055541813373566
4222,85,21,0.01936156302690506,-0.1646094024181366,-0.16039152443408966,0.043055541813373566
4223,85,22,0.02263614721596241,-0.4188980460166931,-0.16039152443408966,0.043055541813373566
4224,85,23,-0.03728447109460831,-0.38346144556999207,-0.16039152443408966,0.043055541813373566
4225,85,24,-0.2671728730201721,-0.258383184671402,-0.16039152443408966,0.043055541813373566
4226,85,25,0.05072290450334549,-0.22265180945396423,-0.16039152443408966,0.043055541813373566
4227,85,26,-0.138124480843544,-0.42581796646118164,-0.16039152443408966,0.043055541813373566
4228,85,27,-0.42241746187210083,-0.023709876462817192,-0.16039152443408966,0.043055541813373566
4229,85,28,-0.2856910824775696,0.09974376112222672,-0.16039152443408966,0.043055541813373566
4230,85,29,-0.21279212832450867,-0.09419246762990952,-0.16039152443408966,0.043055541813373566
4231,85,30,0.20703503489494324,-0.1654331237077713,-0.16039152443408966,0.043055541813373566
4232,85,31,0.2557941675186157,0.08896403014659882,-0.16039152443408966,0.043055541813373566
4233,85,32,0.08293212205171585,0.06601443141698837,-0.16039152443408966,0.043055541813373566
4234,85,33,-0.09740229696035385,-0.056450359523296356,-0.16039152443408966,0.043055541813373566
4235,85,34,-0.11984914541244507,0.17526297271251678,-0.16039152443408966,0.043055541813373566
4236,85,35,0.04289919137954712,-0.23081083595752716,-0.16039152443408966,0.043055541813373566
4237,85,36,-0.04117293283343315,-0.36856091022491455,-0.16039152443408966,0.043055541813373566
4238,85,37,0.07568784803152084,-0.08622577786445618,-0.16039152443408966,0.043055541813373566
4239,85,38,0.06266868859529495,-0.49565649032592773,-0.16039152443408966,0.043055541813373566
4240,85,39,0.1286078840494156,-0.3054564297199249,-0.16039152443408966,0.043055541813373566
4241,85,40,0.3120799958705902,0.1929277777671814,-0.16039152443408966,0.043055541813373566
4242,85,41,0.3670426309108734,-0.20464269816875458,-0.16039152443408966,0.043055541813373566
4243,85,42,0.1363673359155655,-0.34177249670028687,-0.16039152443408966,0.043055541813373566
4244,85,43,-0.12290672212839127,-0.3943718671798706,-0.16039152443408966,0.043055541813373566
4245,85,44,-0.4631791114807129,-0.12349477410316467,-0.16039152443408966,0.043055541813373566
4246,85,45,-0.2931700348854065,0.1581438183784485,-0.16039152443408966,0.043055541813373566
4247,85,46,-0.0339396707713604,-0.24170950055122375,-0.16039152443408966,0.043055541813373566
4248,85,47,-0.3028271794319153,0.019510170444846153,-0.16039152443408966,0.043055541813373566
4249,85,48,-0.33621740341186523,-0.2893652319908142,-0.16039152443408966,0.043055541813373566
4250,85,49,-0.046105269342660904,-0.04932362213730812,-0.16039152443408966,0.043055541813373566
4251,86,0,0.16018146276474,0.1446511149406433,-0.1313621550798416,-0.08518361300230026
4252,86,1,0.08961539715528488,-0.201235830783844,-0.1313621550798416,-0.08518361300230026
4253,86,2,-0.0509488619863987,0.002991659799590707,-0.1313621550798416,-0.08518361300230026
4254,86,3,0.10433483123779297,-0.15111136436462402,-0.1313621550798416,-0.08518361300230026
4255,86,4,0.11771313101053238,-0.14036615192890167,-0.1313621550798416,-0.08518361300230026
4256,86,5,0.12675674259662628,-0.16866762936115265,-0.1313621550798416,-0.08518361300230026
4257,86,6,0.12922857701778412,-0.03426612168550491,-0.1313621550798416,-0.08518361300230026
4258,86,7,0.2500746548175812,-0.16804639995098114,-0.1313621550798416,-0.08518361300230026
4259,86,8,0.3029591143131256,0.12370681762695312,-0.1313621550798416,-0.08518361300230026
4260,86,9,0.2018253058195114,-0.22415858507156372,-0.1313621550798416,-0.08518361300230026
4261,86,10,-0.15119478106498718,-0.17067305743694305,-0.1313621550798416,-0.08518361300230026
4262,86,11,-0.21777908504009247,-0.48371580243110657,-0.1313621550798416,-0.08518361300230026
4263,86,12,-0.2686673104763031,-0.1478920727968216,-0.1313621550798416,-0.08518361300230026
4264,86,13,-0.017700914293527603,-0.3199143707752228,-0.1313621550798416,-0.08518361300230026
4265,86,14,0.4664975106716156,0.04712759330868721,-0.1313621550798416,-0.08518361300230026
4266,86,15,0.19968579709529877,-0.5725491642951965,-0.1313621550798416,-0.08518361300230026
4267,86,16,0.02474989742040634,-0.4969177842140198,-0.1313621550798416,-0.08518361300230026
4268,86,17,0.2744174599647522,-0.3029324412345886,-0.1313621550798416,-0.08518361300230026
4269,86,18,0.505729079246521,0.30687275528907776,-0.1313621550798416,-0.08518361300230026
4270,86,19,0.27910831570625305,-0.34921395778656006,-0.1313621550798416,-0.08518361300230026
4271,86,20,-0.05456745624542236,-0.32031217217445374,-0.1313621550798416,-0.08518361300230026
4272,86,21,-0.0572054348886013,-0.12453379482030869,-0.1313621550798416,-0.08518361300230026
4273,86,22,0.0416913740336895,-0.6439110040664673,-0.1313621550798416,-0.08518361300230026
4274,86,23,0.0006913360557518899,-0.22376863658428192,-0.1313621550798416,-0.08518361300230026
4275,86,24,0.025840530171990395,-0.27735650539398193,-0.1313621550798416,-0.08518361300230026
4276,86,25,0.004368526861071587,-0.022647244855761528,-0.1313621550798416,-0.08518361300230026
4277,86,26,-0.2047034353017807,-0.32649675011634827,-0.1313621550798416,-0.08518361300230026
4278,86,27,-0.2713082730770111,-0.14343445003032684,-0.1313621550798416,-0.08518361300230026
4279,86,28,-0.19073228538036346,0.5037198662757874,-0.1313621550798416,-0.08518361300230026
4280,86,29,-0.0660119280219078,-0.1686912178993225,-0.1313621550798416,-0.08518361300230026
4281,86,30,0.04972941055893898,-0.20006421208381653,-0.1313621550798416,-0.08518361300230026
4282,86,31,0.0015355603536590934,-0.038550350815057755,-0.1313621550798416,-0.08518361300230026
4283,86,32,-0.17806945741176605,0.0972699299454689,-0.1313621550798416,-0.08518361300230026
4284,86,33,-0.020188916474580765,-0.780276358127594,-0.1313621550798416,-0.08518361300230026
4285,86,34,0.009280885569751263,-0.2836323082447052,-0.1313621550798416,-0.08518361300230026
4286,86,35,0.17561793327331543,0.2555926442146301,-0.1313621550798416,-0.08518361300230026
4287,86,36,-0.20680153369903564,-0.11029206961393356,-0.1313621550798416,-0.08518361300230026
4288,86,37,-0.1151072308421135,-0.11769617348909378,-0.1313621550798416,-0.08518361300230026
4289,86,38,0.20352962613105774,0.2507394552230835,-0.1313621550798416,-0.08518361300230026
4290,86,39,0.038411740213632584,-0.005516475066542625,-0.1313621550798416,-0.08518361300230026
4291,86,40,-0.18305552005767822,-0.175101637840271,-0.1313621550798416,-0.08518361300230026
4292,86,41,0.12325581163167953,0.018241100013256073,-0.1313621550798416,-0.08518361300230026
4293,86,42,-0.007547010201960802,-0.023534651845693588,-0.1313621550798416,-0.08518361300230026
4294,86,43,-0.08742401003837585,-0.05455463007092476,-0.1313621550798416,-0.08518361300230026
4295,86,44,-0.04421105980873108,-0.20653212070465088,-0.1313621550798416,-0.08518361300230026
4296,86,45,0.34367331862449646,-0.3175630271434784,-0.1313621550798416,-0.08518361300230026
4297,86,46,0.08120375871658325,0.2335938811302185,-0.1313621550798416,-0.08518361300230026
4298,86,47,-0.31579598784446716,-0.5402085185050964,-0.1313621550798416,-0.08518361300230026
4299,86,48,-0.3367205858230591,-0.00431014085188508,-0.1313621550798416,-0.08518361300230026
4300,86,49,0.022696463391184807,0.016971861943602562,-0.1313621550798416,-0.08518361300230026
4301,87,0,0.0053039840422570705,0.26901814341545105,-0.10357426106929779,-0.10976236313581467
4302,87,1,0.1544855386018753,-0.11991474777460098,-0.10357426106929779,-0.10976236313581467
4303,87,2,-0.04207279533147812,0.1630357950925827,-0.10357426106929779,-0.10976236313581467
4304,87,3,0.02478249929845333,-0.17346413433551788,-0.10357426106929779,-0.10976236313581467
4305,87,4,-0.10076524317264557,-0.14122354984283447,-0.10357426106929779,-0.10976236313581467
4306,87,5,-0.2566031515598297,0.3661661446094513,-0.10357426106929779,-0.10976236313581467
4307,87,6,-0.029918130487203598,0.20941603183746338,-0.10357426106929779,-0.10976236313581467
4308,87,7,-0.0036448915489017963,-0.08869463205337524,-0.10357426106929779,-0.10976236313581467
4309,87,8,0.25621795654296875,-0.14280907809734344,-0.10357426106929779,-0.10976236313581467
4310,87,9,0.3311610221862793,-0.20211930572986603,-0.10357426106929779,-0.10976236313581467
4311,87,10,0.00402968330308795,-0.011112934909760952,-0.10357426106929779,-0.10976236313581467
4312,87,11,-0.06299299001693726,-0.11623363196849823,-0.10357426106929779,-0.10976236313581467
4313,87,12,-0.0418008416891098,-0.40709131956100464,-0.10357426106929779,-0.10976236313581467
4314,87,13,0.11268417537212372,-0.046559590846300125,-0.10357426106929779,-0.10976236313581467
4315,87,14,0.2019263505935669,-0.07657894492149353,-0.10357426106929779,-0.10976236313581467
4316,87,15,-0.04109968617558479,-0.17457528412342072,-0.10357426106929779,-0.10976236313581467
4317,87,16,0.34033480286598206,0.23759794235229492,-0.10357426106929779,-0.10976236313581467
4318,87,17,0.18055234849452972,-0.12031401693820953,-0.10357426106929779,-0.10976236313581467
4319,87,18,-0.24867667257785797,-0.2470051795244217,-0.10357426106929779,-0.10976236313581467
4320,87,19,-0.15183982253074646,-0.05403398722410202,-0.10357426106929779,-0.10976236313581467
4321,87,20,0.007542678155004978,-0.4083998203277588,-0.10357426106929779,-0.10976236313581467
4322,87,21,0.2818286716938019,0.4260283410549164,-0.10357426106929779,-0.10976236313581467
4323,87,22,0.42859289050102234,-0.31901758909225464,-0.10357426106929779,-0.10976236313581467
4324,87,23,-0.0987902581691742,0.30319613218307495,-0.10357426106929779,-0.10976236313581467
4325,87,24,-0.19885538518428802,-0.11492025852203369,-0.10357426106929779,-0.10976236313581467
4326,87,25,-0.06793465465307236,-0.5055155754089355,-0.10357426106929779,-0.10976236313581467
4327,87,26,0.2497750073671341,-0.11020062118768692,-0.10357426106929779,-0.10976236313581467
4328,87,27,0.18948926031589508,-0.2112613320350647,-0.10357426106929779,-0.10976236313581467
4329,87,28,0.003068158868700266,0.0591413676738739,-0.10357426106929779,-0.10976236313581467
4330,87,29,0.1448366940021515,-0.7419376373291016,-0.10357426106929779,-0.10976236313581467
4331,87,30,-0.004498174414038658,0.16748403012752533,-0.10357426106929779,-0.10976236313581467
4332,87,31,0.21981482207775116,-0.46691441535949707,-0.10357426106929779,-0.10976236313581467
4333,87,32,-0.08378887921571732,-0.05343107506632805,-0.10357426106929779,-0.10976236313581467
4334,87,33,-0.10561216622591019,-0.10951627790927887,-0.10357426106929779,-0.10976236313581467
4335,87,34,0.4625920355319977,-0.20482386648654938,-0.10357426106929779,-0.10976236313581467
4336,87,35,0.3263033628463745,0.10038293153047562,-0.10357426106929779,-0.10976236313581467
4337,87,36,0.0038849986158311367,-0.03863583505153656,-0.10357426106929779,-0.10976236313581467
4338,87,37,-0.28820177912712097,-0.11229955404996872,-0.10357426106929779,-0.10976236313581467
4339,87,38,-0.03740416467189789,-0.16313163936138153,-0.10357426106929779,-0.10976236313581467
4340,87,39,0.42573466897010803,0.316611647605896,-0.10357426106929779,-0.10976236313581467
4341,87,40,0.3440297842025757,0.48460444808006287,-0.10357426106929779,-0.10976236313581467
4342,87,41,0.11265231668949127,-0.47101709246635437,-0.10357426106929779,-0.10976236313581467
4343,87,42,-0.09131263196468353,0.030359553173184395,-0.10357426106929779,-0.10976236313581467
4344,87,43,-0.21664004027843475,-0.11997704952955246,-0.10357426106929779,-0.10976236313581467
4345,87,44,-0.13647690415382385,-0.027485134080052376,-0.10357426106929779,-0.10976236313581467
4346,87,45,-0.09166229516267776,-0.34747451543807983,-0.10357426106929779,-0.10976236313581467
4347,87,46,0.10507145524024963,0.8151674866676331,-0.10357426106929779,-0.10976236313581467
4348,87,47,0.06367964297533035,0.18210867047309875,-0.10357426106929779,-0.10976236313581467
4349,87,48,-0.1790531724691391,-0.2461264431476593,-0.10357426106929779,-0.10976236313581467
4350,87,49,-0.06532525271177292,-0.4060484766960144,-0.10357426106929779,-0.10976236313581467
4351,88,0,0.0346403494477272,-0.19743844866752625,-0.13514547049999237,-0.04289139807224274
4352,88,1,-0.08618322014808655,-0.1799394190311432,-0.13514547049999237,-0.04289139807224274
4353,88,2,0.09080906212329865,-0.5185750126838684,-0.13514547049999237,-0.04289139807224274
4354,88,3,-0.14113540947437286,-0.14629289507865906,-0.13514547049999237,-0.04289139807224274
4355,88,4,-0.2120179980993271,-0.5007101893424988,-0.13514547049999237,-0.04289139807224274
4356,88,5,0.12699802219867706,-0.03860514238476753,-0.13514547049999237,-0.04289139807224274
4357,88,6,0.22879184782505035,-0.15554073452949524,-0.13514547049999237,-0.04289139807224274
4358,88,7,0.3838207423686981,-0.7833261489868164,-0.13514547049999237,-0.04289139807224274
4359,88,8,0.7023735642433167,0.01529187336564064,-0.13514547049999237,-0.04289139807224274
4360,88,9,0.49566924571990967,-0.018855366855859756,-0.13514547049999237,-0.04289139807224274
4361,88,10,-0.17515520751476288,-0.05031536892056465,-0.13514547049999237,-0.04289139807224274
4362,88,11,-0.5345636010169983,-0.6812339425086975,-0.13514547049999237,-0.04289139807224274
4363,88,12,-0.32084518671035767,-0.467274010181427,-0.13514547049999237,-0.04289139807224274
4364,88,13,0.1906663030385971,-0.03533622995018959,-0.13514547049999237,-0.04289139807224274
4365,88,14,0.3332784175872803,0.07273111492395401,-0.13514547049999237,-0.04289139807224274
4366,88,15,0.3995101749897003,-0.05590091273188591,-0.13514547049999237,-0.04289139807224274
4367,88,16,0.41245102882385254,0.20816370844841003,-0.13514547049999237,-0.04289139807224274
4368,88,17,0.2529129385948181,-0.20301221311092377,-0.13514547049999237,-0.04289139807224274
4369,88,18,0.1907905489206314,0.1728857308626175,-0.13514547049999237,-0.04289139807224274
4370,88,19,0.10466843098402023,0.004782459698617458,-0.13514547049999237,-0.04289139807224274
4371,88,20,-0.2134426385164261,0.014021172188222408,-0.13514547049999237,-0.04289139807224274
4372,88,21,0.14250433444976807,-0.4015078842639923,-0.13514547049999237,-0.04289139807224274
4373,88,22,0.32936331629753113,-0.060883328318595886,-0.13514547049999237,-0.04289139807224274
4374,88,23,0.024429624900221825,0.27119800448417664,-0.13514547049999237,-0.04289139807224274
4375,88,24,0.02336127683520317,0.048772912472486496,-0.13514547049999237,-0.04289139807224274
4376,88,25,-0.15014448761940002,-0.16344112157821655,-0.13514547049999237,-0.04289139807224274
4377,88,26,-0.2235342413187027,0.2368485927581787,-0.13514547049999237,-0.04289139807224274
4378,88,27,-0.0462220162153244,-0.5826701521873474,-0.13514547049999237,-0.04289139807224274
4379,88,28,-0.20198985934257507,0.056252822279930115,-0.13514547049999237,-0.04289139807224274
4380,88,29,-0.394820898771286,-0.009970803745090961,-0.13514547049999237,-0.04289139807224274
4381,88,30,0.037637919187545776,0.0857292115688324,-0.13514547049999237,-0.04289139807224274
4382,88,31,0.07022932916879654,-0.3964076638221741,-0.13514547049999237,-0.04289139807224274
4383,88,32,0.10224834829568863,-0.27035337686538696,-0.13514547049999237,-0.04289139807224274
4384,88,33,0.29874834418296814,0.10855251550674438,-0.13514547049999237,-0.04289139807224274
4385,88,34,0.1224069595336914,0.08977019041776657,-0.13514547049999237,-0.04289139807224274
4386,88,35,-0.13404537737369537,0.24302127957344055,-0.13514547049999237,-0.04289139807224274
4387,88,36,-0.1872681975364685,0.2647410035133362,-0.13514547049999237,-0.04289139807224274
4388,88,37,-0.2911607027053833,-0.06741893291473389,-0.13514547049999237,-0.04289139807224274
4389,88,38,-0.05201021581888199,-0.1169525757431984,-0.13514547049999237,-0.04289139807224274
4390,88,39,0.016416268423199654,0.4017362892627716,-0.13514547049999237,-0.04289139807224274
4391,88,40,-0.26421236991882324,0.06783384084701538,-0.13514547049999237,-0.04289139807224274
4392,88,41,-0.3326380252838135,-0.22562791407108307,-0.13514547049999237,-0.04289139807224274
4393,88,42,0.0892513319849968,-0.5559765696525574,-0.13514547049999237,-0.04289139807224274
4394,88,43,0.550175130367279,-0.48420846462249756,-0.13514547049999237,-0.04289139807224274
4395,88,44,0.26349174976348877,-0.2788708508014679,-0.13514547049999237,-0.04289139807224274
4396,88,45,0.08054964989423752,-0.16330690681934357,-0.13514547049999237,-0.04289139807224274
4397,88,46,0.1409953236579895,-0.00421297550201416,-0.13514547049999237,-0.04289139807224274
4398,88,47,0.11280571669340134,0.22405913472175598,-0.13514547049999237,-0.04289139807224274
4399,88,48,0.19431136548519135,-0.012604017741978168,-0.13514547049999237,-0.04289139807224274
4400,88,49,0.05241358280181885,-0.2069585770368576,-0.13514547049999237,-0.04289139807224274
4401,89,0,-0.05330698564648628,-0.20646212995052338,-0.1901194304227829,0.03688495233654976
4402,89,1,0.02329682931303978,-0.4107774794101715,-0.1901194304227829,0.03688495233654976
4403,89,2,-0.014619189314544201,0.2441026121377945,-0.1901194304227829,0.03688495233654976
4404,89,3,-0.12467300891876221,-0.1806749403476715,-0.1901194304227829,0.03688495233654976
4405,89,4,-0.2687787711620331,-0.47321757674217224,-0.1901194304227829,0.03688495233654976
4406,89,5,-0.13872140645980835,0.10389526188373566,-0.1901194304227829,0.03688495233654976
4407,89,6,0.10840066522359848,-0.027271097525954247,-0.1901194304227829,0.03688495233654976
4408,89,7,0.01961362734436989,0.12476098537445068,-0.1901194304227829,0.03688495233654976
4409,89,8,-0.029416115954518318,-0.6537653207778931,-0.1901194304227829,0.03688495233654976
4410,89,9,-0.19904400408267975,-0.09198746830224991,-0.1901194304227829,0.03688495233654976
4411,89,10,0.22545914351940155,-0.011075048707425594,-0.1901194304227829,0.03688495233654976
4412,89,11,0.08725371211767197,-0.024203795939683914,-0.1901194304227829,0.03688495233654976
4413,89,12,0.4567734897136688,0.2190323770046234,-0.1901194304227829,0.03688495233654976
4414,89,13,0.11050354689359665,0.1409531980752945,-0.1901194304227829,0.03688495233654976
4415,89,14,-0.14822359383106232,-0.3864981234073639,-0.1901194304227829,0.03688495233654976
4416,89,15,-0.08697950094938278,-0.10131970047950745,-0.1901194304227829,0.03688495233654976
4417,89,16,0.08610906451940536,-0.12419645488262177,-0.1901194304227829,0.03688495233654976
4418,89,17,-0.05867612734436989,-0.3909778296947479,-0.1901194304227829,0.03688495233654976
4419,89,18,-0.07480194419622421,-0.7936809062957764,-0.1901194304227829,0.03688495233654976
4420,89,19,-0.16153256595134735,0.09656471759080887,-0.1901194304227829,0.03688495233654976
4421,89,20,0.06699256598949432,-0.2811122536659241,-0.1901194304227829,0.03688495233654976
4422,89,21,-0.14342716336250305,0.15861278772354126,-0.1901194304227829,0.03688495233654976
4423,89,22,-0.012211894616484642,-0.5324937105178833,-0.1901194304227829,0.03688495233654976
4424,89,23,0.014832306653261185,-0.28430354595184326,-0.1901194304227829,0.03688495233654976
4425,89,24,0.39110463857650757,-0.011797407642006874,-0.1901194304227829,0.03688495233654976
4426,89,25,0.3181087374687195,-0.5362166166305542,-0.1901194304227829,0.03688495233654976
4427,89,26,0.2534627616405487,0.1520318239927292,-0.1901194304227829,0.03688495233654976
4428,89,27,0.11767644435167313,-0.33516085147857666,-0.1901194304227829,0.03688495233654976
4429,89,28,-0.3113437592983246,-0.2958487272262573,-0.1901194304227829,0.03688495233654976
4430,89,29,-0.20904584228992462,-0.047972507774829865,-0.1901194304227829,0.03688495233654976
4431,89,30,-0.10027676075696945,-0.5727571845054626,-0.1901194304227829,0.03688495233654976
4432,89,31,-0.1609833985567093,-0.021091660484671593,-0.1901194304227829,0.03688495233654976
4433,89,32,-0.1276617795228958,-0.08625201880931854,-0.1901194304227829,0.03688495233654976
4434,89,33,0.10540623962879181,-0.044564276933670044,-0.1901194304227829,0.03688495233654976
4435,89,34,0.017875509336590767,-0.2488430291414261,-0.1901194304227829,0.03688495233654976
4436,89,35,0.2057366967201233,-0.16742204129695892,-0.1901194304227829,0.03688495233654976
4437,89,36,0.5444550514221191,-0.04945075884461403,-0.1901194304227829,0.03688495233654976
4438,89,37,0.46812984347343445,-0.6408641338348389,-0.1901194304227829,0.03688495233654976
4439,89,38,0.41126662492752075,-0.17462876439094543,-0.1901194304227829,0.03688495233654976
4440,89,39,0.4995183050632477,-0.08593602478504181,-0.1901194304227829,0.03688495233654976
4441,89,40,0.4430091083049774,-0.6336454153060913,-0.1901194304227829,0.03688495233654976
4442,89,41,0.1585187315940857,-0.222183957695961,-0.1901194304227829,0.03688495233654976
4443,89,42,0.1807737499475479,-0.35079652070999146,-0.1901194304227829,0.03688495233654976
4444,89,43,0.43292540311813354,0.21352675557136536,-0.1901194304227829,0.03688495233654976
4445,89,44,0.06291801482439041,-0.07098578661680222,-0.1901194304227829,0.03688495233654976
4446,89,45,0.2564595639705658,0.3997800946235657,-0.1901194304227829,0.03688495233654976
4447,89,46,0.20818839967250824,-0.5752861499786377,-0.1901194304227829,0.03688495233654976
4448,89,47,0.054303500801324844,-0.3437757194042206,-0.1901194304227829,0.03688495233654976
4449,89,48,-0.06152176856994629,0.05290422961115837,-0.1901194304227829,0.03688495233654976
4450,89,49,0.23437170684337616,-0.4905441105365753,-0.1901194304227829,0.03688495233654976
4451,90,0,-0.21084913611412048,-0.47079965472221375,-0.20521706342697144,0.15673546493053436
4452,90,1,-0.041223663836717606,-0.2975357472896576,-0.20521706342697144,0.15673546493053436
4453,90,2,0.19242191314697266,-0.009952805005013943,-0.20521706342697144,0.15673546493053436
4454,90,3,0.37350448966026306,-0.5580710768699646,-0.20521706342697144,0.15673546493053436
4455,90,4,-0.13116499781608582,0.06724617630243301,-0.20521706342697144,0.15673546493053436
4456,90,5,-0.02276560664176941,0.06474413722753525,-0.20521706342697144,0.15673546493053436
4457,90,6,0.2739395201206207,-0.3019861578941345,-0.20521706342697144,0.15673546493053436
4458,90,7,0.26563969254493713,-0.31903067231178284,-0.20521706342697144,0.15673546493053436
4459,90,8,0.38177627325057983,0.14181296527385712,-0.20521706342697144,0.15673546493053436
4460,90,9,0.2848506569862366,-0.0630684420466423,-0.20521706342697144,0.15673546493053436
4461,90,10,0.3188742995262146,-0.6320990920066833,-0.20521706342697144,0.15673546493053436
4462,90,11,0.39719313383102417,-0.24159356951713562,-0.20521706342697144,0.15673546493053436
4463,90,12,0.09717843681573868,-0.3553740680217743,-0.20521706342697144,0.15673546493053436
4464,90,13,0.017270507290959358,-0.13638503849506378,-0.20521706342697144,0.15673546493053436
4465,90,14,-0.05723366513848305,-0.3649996817111969,-0.20521706342697144,0.15673546493053436
4466,90,15,0.01976705715060234,-0.3028722405433655,-0.20521706342697144,0.15673546493053436
4467,90,16,-0.011952152475714684,0.10464303940534592,-0.20521706342697144,0.15673546493053436
4468,90,17,-0.19247417151927948,-0.14229631423950195,-0.20521706342697144,0.15673546493053436
4469,90,18,-0.16464272141456604,-0.4620957374572754,-0.20521706342697144,0.15673546493053436
4470,90,19,-0.04436880722641945,-0.13723953068256378,-0.20521706342697144,0.15673546493053436
4471,90,20,-0.062078069895505905,-0.48132866621017456,-0.20521706342697144,0.15673546493053436
4472,90,21,-0.00194365787319839,-0.3373916447162628,-0.20521706342697144,0.15673546493053436
4473,90,22,-0.03540574014186859,-0.022454239428043365,-0.20521706342697144,0.15673546493053436
4474,90,23,-0.20226652920246124,-0.3863372802734375,-0.20521706342697144,0.15673546493053436
4475,90,24,-0.15884771943092346,-0.3323044180870056,-0.20521706342697144,0.15673546493053436
4476,90,25,0.25174814462661743,-0.3097221553325653,-0.20521706342697144,0.15673546493053436
4477,90,26,0.2132072001695633,-0.5182493925094604,-0.20521706342697144,0.15673546493053436
4478,90,27,-0.20963424444198608,-0.2645603120326996,-0.20521706342697144,0.15673546493053436
4479,90,28,-0.15763118863105774,-0.14259997010231018,-0.20521706342697144,0.15673546493053436
4480,90,29,-0.04339142143726349,-0.4069529175758362,-0.20521706342697144,0.15673546493053436
4481,90,30,0.16412119567394257,0.06309837102890015,-0.20521706342697144,0.15673546493053436
4482,90,31,0.22443515062332153,0.0006992007256485522,-0.20521706342697144,0.15673546493053436
4483,90,32,0.05829937011003494,-0.3280613124370575,-0.20521706342697144,0.15673546493053436
4484,90,33,-0.09603770822286606,-0.3761284649372101,-0.20521706342697144,0.15673546493053436
4485,90,34,-0.14318318665027618,-0.1873335838317871,-0.20521706342697144,0.15673546493053436
4486,90,35,0.0002858969382941723,-0.5412677526473999,-0.20521706342697144,0.15673546493053436
4487,90,36,-0.06466998159885406,-0.4619596600532532,-0.20521706342697144,0.15673546493053436
4488,90,37,-0.04148062691092491,-0.2387474924325943,-0.20521706342697144,0.15673546493053436
4489,90,38,0.5057789087295532,0.0227948147803545,-0.20521706342697144,0.15673546493053436
4490,90,39,0.5516455769538879,-0.35864996910095215,-0.20521706342697144,0.15673546493053436
4491,90,40,0.013720565475523472,-0.2976900339126587,-0.20521706342697144,0.15673546493053436
4492,90,41,0.13981139659881592,-0.4209897816181183,-0.20521706342697144,0.15673546493053436
4493,90,42,-0.09067162871360779,0.02934294566512108,-0.20521706342697144,0.15673546493053436
4494,90,43,-0.344521701335907,-0.35011306405067444,-0.20521706342697144,0.15673546493053436
4495,90,44,-0.24815905094146729,-0.40373843908309937,-0.20521706342697144,0.15673546493053436
4496,90,45,-0.016623351722955704,-0.12223299592733383,-0.20521706342697144,0.15673546493053436
4497,90,46,0.15909157693386078,0.08863501250743866,-0.20521706342697144,0.15673546493053436
4498,90,47,0.18267562985420227,0.20835095643997192,-0.20521706342697144,0.15673546493053436
4499,90,48,0.23994329571723938,-0.20440608263015747,-0.20521706342697144,0.15673546493053436
4500,90,49,0.20035679638385773,-0.28509363532066345,-0.20521706342697144,0.15673546493053436
4501,91,0,-0.061707574874162674,-0.32981324195861816,-0.1487409472465515,0.24876293540000916
4502,91,1,-0.29079586267471313,0.07758477330207825,-0.1487409472465515,0.24876293540000916
4503,91,2,-0.37031811475753784,0.040930695831775665,-0.1487409472465515,0.24876293540000916
4504,91,3,-0.1242365688085556,0.0693398043513298,-0.1487409472465515,0.24876293540000916
4505,91,4,-0.08570988476276398,-0.11388874799013138,-0.1487409472465515,0.24876293540000916
4506,91,5,-0.3074607253074646,-0.1442522406578064,-0.1487409472465515,0.24876293540000916
4507,91,6,-0.1714629977941513,-0.08195973932743073,-0.1487409472465515,0.24876293540000916
4508,91,7,0.20284812152385712,-0.29108524322509766,-0.1487409472465515,0.24876293540000916
4509,91,8,0.23384007811546326,-0.3562329411506653,-0.1487409472465515,0.24876293540000916
4510,91,9,-0.16429197788238525,-0.25064507126808167,-0.1487409472465515,0.24876293540000916
4511,91,10,-0.18530823290348053,0.4157240688800812,-0.1487409472465515,0.24876293540000916
4512,91,11,-0.2514549791812897,-0.07418087869882584,-0.1487409472465515,0.24876293540000916
4513,91,12,-0.19260995090007782,0.0674687996506691,-0.1487409472465515,0.24876293540000916
4514,91,13,-0.01646527647972107,0.2840820550918579,-0.1487409472465515,0.24876293540000916
4515,91,14,0.005736829247325659,-0.2953505218029022,-0.1487409472465515,0.24876293540000916
4516,91,15,-0.041358236223459244,-0.29129594564437866,-0.1487409472465515,0.24876293540000916
4517,91,16,0.10957861691713333,-0.38243693113327026,-0.1487409472465515,0.24876293540000916
4518,91,17,-0.05702074244618416,-0.6722685098648071,-0.1487409472465515,0.24876293540000916
4519,91,18,-0.30711498856544495,-0.005032322369515896,-0.1487409472465515,0.24876293540000916
4520,91,19,-0.09829989075660706,-0.14250098168849945,-0.1487409472465515,0.24876293540000916
4521,91,20,0.3600095808506012,0.11732599884271622,-0.1487409472465515,0.24876293540000916
4522,91,21,0.2518615424633026,-0.18456962704658508,-0.1487409472465515,0.24876293540000916
4523,91,22,0.01462699007242918,-0.16470183432102203,-0.1487409472465515,0.24876293540000916
4524,91,23,0.056866735219955444,-0.3554527163505554,-0.1487409472465515,0.24876293540000916
4525,91,24,-0.11391904950141907,-0.2972291111946106,-0.1487409472465515,0.24876293540000916
4526,91,25,-0.35289376974105835,-0.4365769922733307,-0.1487409472465515,0.24876293540000916
4527,91,26,-0.3137572407722473,-0.231706440448761,-0.1487409472465515,0.24876293540000916
4528,91,27,-0.17100481688976288,-0.13698408007621765,-0.1487409472465515,0.24876293540000916
4529,91,28,-0.08563481271266937,-0.23561617732048035,-0.1487409472465515,0.24876293540000916
4530,91,29,-0.1962207555770874,-0.5199968814849854,-0.1487409472465515,0.24876293540000916
4531,91,30,-0.10195853561162949,-0.47048336267471313,-0.1487409472465515,0.24876293540000916
4532,91,31,0.11774051189422607,0.11265920847654343,-0.1487409472465515,0.24876293540000916
4533,91,32,0.2033088207244873,-0.37474605441093445,-0.1487409472465515,0.24876293540000916
4534,91,33,0.1280091255903244,-0.17314238846302032,-0.1487409472465515,0.24876293540000916
4535,91,34,0.1717633754014969,-0.09659794718027115,-0.1487409472465515,0.24876293540000916
4536,91,35,-0.10813824087381363,-0.38012269139289856,-0.1487409472465515,0.24876293540000916
4537,91,36,-0.06834065169095993,0.027907786890864372,-0.1487409472465515,0.24876293540000916
4538,91,37,0.1560460776090622,-0.2907342314720154,-0.1487409472465515,0.24876293540000916
4539,91,38,0.019642075523734093,0.1323632150888443,-0.1487409472465515,0.24876293540000916
4540,91,39,-0.1756768375635147,-0.1092580258846283,-0.1487409472465515,0.24876293540000916
4541,91,40,-0.22896958887577057,-0.4222167730331421,-0.1487409472465515,0.24876293540000916
4542,91,41,-0.032028310000896454,-0.1114054024219513,-0.1487409472465515,0.24876293540000916
4543,91,42,-0.052159156650304794,-0.1613740175962448,-0.1487409472465515,0.24876293540000916
4544,91,43,-0.15184418857097626,0.03866364806890488,-0.1487409472465515,0.24876293540000916
4545,91,44,0.1855478733778,-0.12539924681186676,-0.1487409472465515,0.24876293540000916
4546,91,45,0.22001323103904724,0.284402072429657,-0.1487409472465515,0.24876293540000916
4547,91,46,0.3013245463371277,-0.008487590588629246,-0.1487409472465515,0.24876293540000916
4548,91,47,-0.022627858445048332,-0.40370839834213257,-0.1487409472465515,0.24876293540000916
4549,91,48,-0.1715189665555954,0.06821033358573914,-0.1487409472465515,0.24876293540000916
4550,91,49,0.02406693808734417,-0.37878671288490295,-0.1487409472465515,0.24876293540000916
4551,92,0,0.15460921823978424,0.2971579134464264,-0.10826163738965988,0.2218828797340393
4552,92,1,0.14268402755260468,-0.32005348801612854,-0.10826163738965988,0.2218828797340393
4553,92,2,-0.11460012197494507,0.06253527849912643,-0.10826163738965988,0.2218828797340393
4554,92,3,-0.35975998640060425,-0.20102240145206451,-0.10826163738965988,0.2218828797340393
4555,92,4,-0.1270979642868042,-0.25957784056663513,-0.10826163738965988,0.2218828797340393
4556,92,5,0.1672089397907257,0.19764426350593567,-0.10826163738965988,0.2218828797340393
4557,92,6,0.0751960426568985,0.13252639770507812,-0.10826163738965988,0.2218828797340393
4558,92,7,-0.16767331957817078,-0.08853878080844879,-0.10826163738965988,0.2218828797340393
4559,92,8,-0.23459841310977936,-0.3259892761707306,-0.10826163738965988,0.2218828797340393
4560,92,9,-0.06172722950577736,-0.3347066640853882,-0.10826163738965988,0.2218828797340393
4561,92,10,0.18341518938541412,-0.6849173903465271,-0.10826163738965988,0.2218828797340393
4562,92,11,-0.18736031651496887,-0.41924166679382324,-0.10826163738965988,0.2218828797340393
4563,92,12,-0.33399906754493713,-0.08444178104400635,-0.10826163738965988,0.2218828797340393
4564,92,13,-0.26373758912086487,-0.5101566910743713,-0.10826163738965988,0.2218828797340393
4565,92,14,0.04676830396056175,-0.10918576270341873,-0.10826163738965988,0.2218828797340393
4566,92,15,0.05277720466256142,-0.1673559993505478,-0.10826163738965988,0.2218828797340393
4567,92,16,0.022035561501979828,-0.3319788873195648,-0.10826163738965988,0.2218828797340393
4568,92,17,0.12248442322015762,-0.028020119294524193,-0.10826163738965988,0.2218828797340393
4569,92,18,-0.4934534430503845,-0.4696637988090515,-0.10826163738965988,0.2218828797340393
4570,92,19,-0.36801281571388245,-0.06735695153474808,-0.10826163738965988,0.2218828797340393
4571,92,20,0.2925928831100464,-0.4041595458984375,-0.10826163738965988,0.2218828797340393
4572,92,21,0.37123504281044006,0.14062654972076416,-0.10826163738965988,0.2218828797340393
4573,92,22,0.23888233304023743,-0.15875357389450073,-0.10826163738965988,0.2218828797340393
4574,92,23,0.016301354393363,-0.13366326689720154,-0.10826163738965988,0.2218828797340393
4575,92,24,-0.1957835704088211,-0.10687626153230667,-0.10826163738965988,0.2218828797340393
4576,92,25,0.05272137001156807,-0.5122377276420593,-0.10826163738965988,0.2218828797340393
4577,92,26,-0.033307094126939774,0.15764352679252625,-0.10826163738965988,0.2218828797340393
4578,92,27,0.0870007798075676,-0.5468196272850037,-0.10826163738965988,0.2218828797340393
4579,92,28,-0.08050638437271118,-0.42745667695999146,-0.10826163738965988,0.2218828797340393
4580,92,29,0.29109877347946167,0.33031153678894043,-0.10826163738965988,0.2218828797340393
4581,92,30,0.23421743512153625,-0.16703350841999054,-0.10826163738965988,0.2218828797340393
4582,92,31,0.014667152427136898,0.41357675194740295,-0.10826163738965988,0.2218828797340393
4583,92,32,-0.3234349191188812,-0.16694603860378265,-0.10826163738965988,0.2218828797340393
4584,92,33,-0.43925657868385315,-0.0020806072279810905,-0.10826163738965988,0.2218828797340393
4585,92,34,-0.44899946451187134,-0.08510390669107437,-0.10826163738965988,0.2218828797340393
4586,92,35,-0.24960550665855408,0.2587190866470337,-0.10826163738965988,0.2218828797340393
4587,92,36,0.1369866132736206,-0.5971770286560059,-0.10826163738965988,0.2218828797340393
4588,92,37,0.03306322544813156,0.2994692027568817,-0.10826163738965988,0.2218828797340393
4589,92,38,-0.00946100428700447,-0.25885140895843506,-0.10826163738965988,0.2218828797340393
4590,92,39,0.22796130180358887,0.11183510720729828,-0.10826163738965988,0.2218828797340393
4591,92,40,-0.13852334022521973,-0.0013758254935964942,-0.10826163738965988,0.2218828797340393
4592,92,41,-0.16245049238204956,-0.21509961783885956,-0.10826163738965988,0.2218828797340393
4593,92,42,0.139822319149971,-0.04055041819810867,-0.10826163738965988,0.2218828797340393
4594,92,43,0.12719783186912537,0.023152928799390793,-0.10826163738965988,0.2218828797340393
4595,92,44,0.007469331845641136,-0.47050756216049194,-0.10826163738965988,0.2218828797340393
4596,92,45,-0.2049749493598938,0.2992416322231293,-0.10826163738965988,0.2218828797340393
4597,92,46,-0.32910051941871643,-0.06004144996404648,-0.10826163738965988,0.2218828797340393
4598,92,47,-0.09535378217697144,-0.18637628853321075,-0.10826163738965988,0.2218828797340393
4599,92,48,0.054485782980918884,-0.16430634260177612,-0.10826163738965988,0.2218828797340393
4600,92,49,0.1280202567577362,-0.08489564061164856,-0.10826163738965988,0.2218828797340393
4601,93,0,-0.2215811163187027,0.24420222640037537,-0.13821496069431305,0.11604158580303192
4602,93,1,-0.2286349982023239,-0.2903560400009155,-0.13821496069431305,0.11604158580303192
4603,93,2,0.13319642841815948,-0.10017673671245575,-0.13821496069431305,0.11604158580303192
4604,93,3,0.35045281052589417,-0.30615097284317017,-0.13821496069431305,0.11604158580303192
4605,93,4,0.41591331362724304,0.054682254791259766,-0.13821496069431305,0.11604158580303192
4606,93,5,0.2529027760028839,-0.020791376009583473,-0.13821496069431305,0.11604158580303192
4607,93,6,0.04133716598153114,-0.17697864770889282,-0.13821496069431305,0.11604158580303192
4608,93,7,0.2619747221469879,-0.1853274405002594,-0.13821496069431305,0.11604158580303192
4609,93,8,0.07712778449058533,-0.1945892870426178,-0.13821496069431305,0.11604158580303192
4610,93,9,-0.08029165118932724,-0.08863655477762222,-0.13821496069431305,0.11604158580303192
4611,93,10,0.07027332484722137,-0.27666181325912476,-0.13821496069431305,0.11604158580303192
4612,93,11,0.1421555131673813,0.027277126908302307,-0.13821496069431305,0.11604158580303192
4613,93,12,-0.021009666845202446,0.07650371640920639,-0.13821496069431305,0.11604158580303192
4614,93,13,-0.022728435695171356,0.10071704536676407,-0.13821496069431305,0.11604158580303192
4615,93,14,0.2441665083169937,-0.3766176104545593,-0.13821496069431305,0.11604158580303192
4616,93,15,0.17481346428394318,-0.12971608340740204,-0.13821496069431305,0.11604158580303192
4617,93,16,-0.19256190955638885,-0.4141078591346741,-0.13821496069431305,0.11604158580303192
4618,93,17,-0.2849397361278534,-0.2465175837278366,-0.13821496069431305,0.11604158580303192
4619,93,18,-0.04877232015132904,-0.28785309195518494,-0.13821496069431305,0.11604158580303192
4620,93,19,-0.1713702231645584,0.005631269421428442,-0.13821496069431305,0.11604158580303192
4621,93,20,-0.18900230526924133,-0.11834045499563217,-0.13821496069431305,0.11604158580303192
4622,93,21,0.1317649632692337,-0.20214985311031342,-0.13821496069431305,0.11604158580303192
4623,93,22,0.1303746998310089,0.2089492678642273,-0.13821496069431305,0.11604158580303192
4624,93,23,-0.005938044283539057,-0.19968590140342712,-0.13821496069431305,0.11604158580303192
4625,93,24,0.006264954339712858,-0.23111574351787567,-0.13821496069431305,0.11604158580303192
4626,93,25,0.16780699789524078,-0.14022395014762878,-0.13821496069431305,0.11604158580303192
4627,93,26,0.1444796472787857,-0.10474588721990585,-0.13821496069431305,0.11604158580303192
4628,93,27,0.19631841778755188,-0.0861135721206665,-0.13821496069431305,0.11604158580303192
4629,93,28,0.17836277186870575,-0.2814082205295563,-0.13821496069431305,0.11604158580303192
4630,93,29,0.24417971074581146,0.30356621742248535,-0.13821496069431305,0.11604158580303192
4631,93,30,0.10966920852661133,0.44524988532066345,-0.13821496069431305,0.11604158580303192
4632,93,31,0.033134523779153824,-0.07539000362157822,-0.13821496069431305,0.11604158580303192
4633,93,32,0.13253253698349,-0.07666163891553879,-0.13821496069431305,0.11604158580303192
4634,93,33,0.39442309737205505,-0.14797216653823853,-0.13821496069431305,0.11604158580303192
4635,93,34,0.2703857421875,0.21908724308013916,-0.13821496069431305,0.11604158580303192
4636,93,35,0.0242120660841465,-0.3286559581756592,-0.13821496069431305,0.11604158580303192
4637,93,36,-0.28751036524772644,0.040420401841402054,-0.13821496069431305,0.11604158580303192
4638,93,37,-0.41303551197052,-0.11575881391763687,-0.13821496069431305,0.11604158580303192
4639,93,38,-0.32705754041671753,-0.07456889003515244,-0.13821496069431305,0.11604158580303192
4640,93,39,0.029496856033802032,-0.2790982127189636,-0.13821496069431305,0.11604158580303192
4641,93,40,0.4148874282836914,-0.12578539550304413,-0.13821496069431305,0.11604158580303192
4642,93,41,0.11466065049171448,-0.2533276677131653,-0.13821496069431305,0.11604158580303192
4643,93,42,0.08426371216773987,-0.1325286328792572,-0.13821496069431305,0.11604158580303192
4644,93,43,-0.03049219399690628,-0.07342652976512909,-0.13821496069431305,0.11604158580303192
4645,93,44,0.3472059667110443,-0.5928341746330261,-0.13821496069431305,0.11604158580303192
4646,93,45,0.03942380100488663,0.11286827176809311,-0.13821496069431305,0.11604158580303192
4647,93,46,-0.5178112983703613,-0.007441139314323664,-0.13821496069431305,0.11604158580303192
4648,93,47,-0.11948291212320328,-0.36557111144065857,-0.13821496069431305,0.11604158580303192
4649,93,48,0.38471558690071106,0.027114158496260643,-0.13821496069431305,0.11604158580303192
4650,93,49,0.3443636894226074,0.3029378354549408,-0.13821496069431305,0.11604158580303192
4651,94,0,-0.07807707786560059,-0.05571703240275383,-0.13009081780910492,0.08957882225513458
4652,94,1,0.0020930336322635412,-0.0014049625024199486,-0.13009081780910492,0.08957882225513458
4653,94,2,0.05940752848982811,0.12357910722494125,-0.13009081780910492,0.08957882225513458
4654,94,3,0.2106747329235077,-0.14870527386665344,-0.13009081780910492,0.08957882225513458
4655,94,4,0.13237018883228302,-0.2428600937128067,-0.13009081780910492,0.08957882225513458
4656,94,5,0.23239776492118835,-0.22370505332946777,-0.13009081780910492,0.08957882225513458
4657,94,6,0.11586815863847733,0.1410679966211319,-0.13009081780910492,0.08957882225513458
4658,94,7,-0.03907361999154091,-0.4157254993915558,-0.13009081780910492,0.08957882225513458
4659,94,8,-0.30043888092041016,0.5016712546348572,-0.13009081780910492,0.08957882225513458
4660,94,9,-0.20879748463630676,-0.2762702703475952,-0.13009081780910492,0.08957882225513458
4661,94,10,-0.027211645618081093,-0.33539456129074097,-0.13009081780910492,0.08957882225513458
4662,94,11,0.0714440643787384,-0.05733249709010124,-0.13009081780910492,0.08957882225513458
4663,94,12,-0.22188112139701843,0.025103967636823654,-0.13009081780910492,0.08957882225513458
4664,94,13,-0.06158360838890076,-0.3048679232597351,-0.13009081780910492,0.08957882225513458
4665,94,14,0.14603152871131897,-0.47492414712905884,-0.13009081780910492,0.08957882225513458
4666,94,15,-0.09729885309934616,0.09957917779684067,-0.13009081780910492,0.08957882225513458
4667,94,16,-0.054843880236148834,-0.46330809593200684,-0.13009081780910492,0.08957882225513458
4668,94,17,-0.07099863886833191,0.22495248913764954,-0.13009081780910492,0.08957882225513458
4669,94,18,-0.18558132648468018,0.23848196864128113,-0.13009081780910492,0.08957882225513458
4670,94,19,-0.2343117892742157,-0.4054062068462372,-0.13009081780910492,0.08957882225513458
4671,94,20,-0.14420053362846375,0.2113819718360901,-0.13009081780910492,0.08957882225513458
4672,94,21,-0.015725698322057724,-0.2493790239095688,-0.13009081780910492,0.08957882225513458
4673,94,22,-0.17886638641357422,-0.26335349678993225,-0.13009081780910492,0.08957882225513458
4674,94,23,-0.12929317355155945,-0.7713346481323242,-0.13009081780910492,0.08957882225513458
4675,94,24,0.0418829582631588,-0.011823304928839207,-0.13009081780910492,0.08957882225513458
4676,94,25,0.07747852802276611,-0.59904545545578,-0.13009081780910492,0.08957882225513458
4677,94,26,-0.02957059256732464,0.4682716429233551,-0.13009081780910492,0.08957882225513458
4678,94,27,0.03890031576156616,-0.006082070991396904,-0.13009081780910492,0.08957882225513458
4679,94,28,0.101464182138443,-0.36012691259384155,-0.13009081780910492,0.08957882225513458
4680,94,29,0.026699651032686234,-0.4107798635959625,-0.13009081780910492,0.08957882225513458
4681,94,30,0.11121685057878494,-0.24451611936092377,-0.13009081780910492,0.08957882225513458
4682,94,31,-0.2246340662240982,-0.12995406985282898,-0.13009081780910492,0.08957882225513458
4683,94,32,-0.2814313769340515,-0.4616844356060028,-0.13009081780910492,0.08957882225513458
4684,94,33,-0.1389308124780655,-0.41610538959503174,-0.13009081780910492,0.08957882225513458
4685,94,34,-0.06625953316688538,0.12292245030403137,-0.13009081780910492,0.08957882225513458
4686,94,35,-0.029365291818976402,-0.08096221089363098,-0.13009081780910492,0.08957882225513458
4687,94,36,-0.012081350199878216,0.05613929405808449,-0.13009081780910492,0.08957882225513458
4688,94,37,0.20517732203006744,-0.3881992697715759,-0.13009081780910492,0.08957882225513458
4689,94,38,0.30713796615600586,-0.008662603795528412,-0.13009081780910492,0.08957882225513458
4690,94,39,-0.013269605115056038,-0.37579384446144104,-0.13009081780910492,0.08957882225513458
4691,94,40,0.002823152579367161,0.020872673019766808,-0.13009081780910492,0.08957882225513458
4692,94,41,0.21168068051338196,0.19519272446632385,-0.13009081780910492,0.08957882225513458
4693,94,42,-0.0188871119171381,0.02849147468805313,-0.13009081780910492,0.08957882225513458
4694,94,43,-0.26032525300979614,-0.04387246444821358,-0.13009081780910492,0.08957882225513458
4695,94,44,-0.30739566683769226,-0.3196740746498108,-0.13009081780910492,0.08957882225513458
4696,94,45,0.3475119471549988,-0.4961114525794983,-0.13009081780910492,0.08957882225513458
4697,94,46,0.255901038646698,-0.34819886088371277,-0.13009081780910492,0.08957882225513458
4698,94,47,0.08315899968147278,-0.698780357837677,-0.13009081780910492,0.08957882225513458
4699,94,48,-0.17807191610336304,0.2520478367805481,-0.13009081780910492,0.08957882225513458
4700,94,49,-0.25447404384613037,-0.14374318718910217,-0.13009081780910492,0.08957882225513458
4701,95,0,-0.03533073887228966,0.020243914797902107,-0.15446148812770844,0.07646220177412033
4702,95,1,-0.3412033021450043,-0.019125618040561676,-0.15446148812770844,0.07646220177412033
4703,95,2,-0.14774702489376068,-0.04290829226374626,-0.15446148812770844,0.07646220177412033
4704,95,3,0.29339462518692017,-0.08600689470767975,-0.15446148812770844,0.07646220177412033
4705,95,4,0.411734014749527,-0.17192360758781433,-0.15446148812770844,0.07646220177412033
4706,95,5,0.5277929306030273,0.2849043607711792,-0.15446148812770844,0.07646220177412033
4707,95,6,0.6060097813606262,-0.26971086859703064,-0.15446148812770844,0.07646220177412033
4708,95,7,0.11280694603919983,-0.24838723242282867,-0.15446148812770844,0.07646220177412033
4709,95,8,-0.2560526132583618,-0.504848062992096,-0.15446148812770844,0.07646220177412033
4710,95,9,-0.21136336028575897,-0.11381129175424576,-0.15446148812770844,0.07646220177412033
4711,95,10,-0.4802051782608032,0.12340236455202103,-0.15446148812770844,0.07646220177412033
4712,95,11,-0.485613614320755,-0.06725002080202103,-0.15446148812770844,0.07646220177412033
4713,95,12,-0.11623506993055344,-0.029521342366933823,-0.15446148812770844,0.07646220177412033
4714,95,13,0.2623576521873474,-0.2809937000274658,-0.15446148812770844,0.07646220177412033
4715,95,14,0.20633019506931305,0.14872150123119354,-0.15446148812770844,0.07646220177412033
4716,95,15,-0.18566985428333282,-0.10605472326278687,-0.15446148812770844,0.07646220177412033
4717,95,16,-0.10501035302877426,-0.04422431439161301,-0.15446148812770844,0.07646220177412033
4718,95,17,0.21605198085308075,-0.6304336190223694,-0.15446148812770844,0.07646220177412033
4719,95,18,0.31024548411369324,0.07649384438991547,-0.15446148812770844,0.07646220177412033
4720,95,19,0.3378341495990753,0.05045051872730255,-0.15446148812770844,0.07646220177412033
4721,95,20,0.2564411163330078,0.023419661447405815,-0.15446148812770844,0.07646220177412033
4722,95,21,0.12689539790153503,-0.5943418145179749,-0.15446148812770844,0.07646220177412033
4723,95,22,-0.7412977814674377,0.18681196868419647,-0.15446148812770844,0.07646220177412033
4724,95,23,-0.391198992729187,-0.3845337927341461,-0.15446148812770844,0.07646220177412033
4725,95,24,0.21016159653663635,0.026812134310603142,-0.15446148812770844,0.07646220177412033
4726,95,25,0.2527481019496918,-0.027139807119965553,-0.15446148812770844,0.07646220177412033
4727,95,26,0.2606727182865143,-0.23392604291439056,-0.15446148812770844,0.07646220177412033
4728,95,27,0.28824567794799805,-0.5071445107460022,-0.15446148812770844,0.07646220177412033
4729,95,28,0.18673451244831085,0.026580175384879112,-0.15446148812770844,0.07646220177412033
4730,95,29,-0.06127890571951866,0.04761385917663574,-0.15446148812770844,0.07646220177412033
4731,95,30,0.13713659346103668,-0.21553441882133484,-0.15446148812770844,0.07646220177412033
4732,95,31,0.4922981560230255,-0.2956099510192871,-0.15446148812770844,0.07646220177412033
4733,95,32,0.48393577337265015,-0.07290685921907425,-0.15446148812770844,0.07646220177412033
4734,95,33,0.3383356034755707,-0.5095146894454956,-0.15446148812770844,0.07646220177412033
4735,95,34,0.4104427993297577,-0.018018173053860664,-0.15446148812770844,0.07646220177412033
4736,95,35,0.16256210207939148,-0.39304524660110474,-0.15446148812770844,0.07646220177412033
4737,95,36,0.27860376238822937,-0.10863427817821503,-0.15446148812770844,0.07646220177412033
4738,95,37,0.1437375694513321,-0.0345553420484066,-0.15446148812770844,0.07646220177412033
4739,95,38,0.07535693794488907,-0.14783355593681335,-0.15446148812770844,0.07646220177412033
4740,95,39,0.08779405802488327,0.004741245415061712,-0.15446148812770844,0.07646220177412033
4741,95,40,0.2136729508638382,-0.12468450516462326,-0.15446148812770844,0.07646220177412033
4742,95,41,0.16651779413223267,-0.09338653087615967,-0.15446148812770844,0.07646220177412033
4743,95,42,0.25240546464920044,-0.21029259264469147,-0.15446148812770844,0.07646220177412033
4744,95,43,0.4266453981399536,-0.11131525784730911,-0.15446148812770844,0.07646220177412033
4745,95,44,0.3699615001678467,-0.21667343378067017,-0.15446148812770844,0.07646220177412033
4746,95,45,0.1786797046661377,-0.02027684822678566,-0.15446148812770844,0.07646220177412033
4747,95,46,-0.08770179003477097,-0.2761295735836029,-0.15446148812770844,0.07646220177412033
4748,95,47,0.15144646167755127,-0.16227863729000092,-0.15446148812770844,0.07646220177412033
4749,95,48,0.053089678287506104,-0.38440465927124023,-0.15446148812770844,0.07646220177412033
4750,95,49,-0.1966690570116043,-0.5070515871047974,-0.15446148812770844,0.07646220177412033
4751,96,0,0.22128748893737793,0.03069612942636013,-0.14486846327781677,0.1411806344985962
4752,96,1,0.22154726088047028,-0.37098512053489685,-0.14486846327781677,0.1411806344985962
4753,96,2,0.3654242157936096,-0.1279626339673996,-0.14486846327781677,0.1411806344985962
4754,96,3,0.4347085952758789,-0.252591073513031,-0.14486846327781677,0.1411806344985962
4755,96,4,0.45082610845565796,0.32082435488700867,-0.14486846327781677,0.1411806344985962
4756,96,5,0.2558731436729431,0.31049999594688416,-0.14486846327781677,0.1411806344985962
4757,96,6,0.043392114341259,-0.1007426306605339,-0.14486846327781677,0.1411806344985962
4758,96,7,0.16226956248283386,-0.20771341025829315,-0.14486846327781677,0.1411806344985962
4759,96,8,0.33151814341545105,-0.13847240805625916,-0.14486846327781677,0.1411806344985962
4760,96,9,0.18567340075969696,-0.25539860129356384,-0.14486846327781677,0.1411806344985962
4761,96,10,0.07937419414520264,-0.39031311869621277,-0.14486846327781677,0.1411806344985962
4762,96,11,0.19044199585914612,-0.021754883229732513,-0.14486846327781677,0.1411806344985962
4763,96,12,0.23933634161949158,-0.15919014811515808,-0.14486846327781677,0.1411806344985962
4764,96,13,0.15481212735176086,0.15615667402744293,-0.14486846327781677,0.1411806344985962
4765,96,14,0.04640362039208412,0.03593546897172928,-0.14486846327781677,0.1411806344985962
4766,96,15,-0.21349824965000153,-0.17651112377643585,-0.14486846327781677,0.1411806344985962
4767,96,16,-0.019951842725276947,-0.10366908460855484,-0.14486846327781677,0.1411806344985962
4768,96,17,-0.0964694544672966,0.08025055378675461,-0.14486846327781677,0.1411806344985962
4769,96,18,0.05438103899359703,0.23345603048801422,-0.14486846327781677,0.1411806344985962
4770,96,19,0.14495018124580383,0.10461074113845825,-0.14486846327781677,0.1411806344985962
4771,96,20,0.17283537983894348,-0.3647572696208954,-0.14486846327781677,0.1411806344985962
4772,96,21,0.1151195764541626,0.15489543974399567,-0.14486846327781677,0.1411806344985962
4773,96,22,-0.14177902042865753,-0.19390687346458435,-0.14486846327781677,0.1411806344985962
4774,96,23,-0.22515752911567688,-0.23443908989429474,-0.14486846327781677,0.1411806344985962
4775,96,24,0.20537424087524414,-0.4145812392234802,-0.14486846327781677,0.1411806344985962
4776,96,25,0.18071815371513367,-0.04718293622136116,-0.14486846327781677,0.1411806344985962
4777,96,26,-0.1072884276509285,-0.11487369239330292,-0.14486846327781677,0.1411806344985962
4778,96,27,0.21880164742469788,-0.688474714756012,-0.14486846327781677,0.1411806344985962
4779,96,28,0.05438552051782608,0.04584822058677673,-0.14486846327781677,0.1411806344985962
4780,96,29,0.10427670180797577,-0.3673301339149475,-0.14486846327781677,0.1411806344985962
4781,96,30,-0.0390455424785614,-0.3325203061103821,-0.14486846327781677,0.1411806344985962
4782,96,31,-0.2315692901611328,-0.08324630558490753,-0.14486846327781677,0.1411806344985962
4783,96,32,-0.14001762866973877,-0.16692069172859192,-0.14486846327781677,0.1411806344985962
4784,96,33,0.17085468769073486,-0.5465050935745239,-0.14486846327781677,0.1411806344985962
4785,96,34,0.17528104782104492,-0.2577410936355591,-0.14486846327781677,0.1411806344985962
4786,96,35,0.17784912884235382,-0.24279722571372986,-0.14486846327781677,0.1411806344985962
4787,96,36,-0.11324889212846756,0.1297498494386673,-0.14486846327781677,0.1411806344985962
4788,96,37,-0.25945088267326355,-0.068855881690979,-0.14486846327781677,0.1411806344985962
4789,96,38,-0.06811228394508362,-0.34796279668807983,-0.14486846327781677,0.1411806344985962
4790,96,39,0.3609200119972229,-0.06695451587438583,-0.14486846327781677,0.1411806344985962
4791,96,40,0.13281184434890747,-0.2291538417339325,-0.14486846327781677,0.1411806344985962
4792,96,41,0.17894096672534943,0.07487461715936661,-0.14486846327781677,0.1411806344985962
4793,96,42,0.059770502150058746,-0.2446081042289734,-0.14486846327781677,0.1411806344985962
4794,96,43,0.037817370146512985,0.1250883787870407,-0.14486846327781677,0.1411806344985962
4795,96,44,0.31662842631340027,-0.1233784481883049,-0.14486846327781677,0.1411806344985962
4796,96,45,0.20293575525283813,0.06471970677375793,-0.14486846327781677,0.1411806344985962
4797,96,46,0.3093128204345703,-0.2441861480474472,-0.14486846327781677,0.1411806344985962
4798,96,47,0.08326224982738495,-0.3361964821815491,-0.14486846327781677,0.1411806344985962
4799,96,48,0.18179769814014435,-0.10236095637083054,-0.14486846327781677,0.1411806344985962
4800,96,49,0.31644636392593384,-0.2025393694639206,-0.14486846327781677,0.1411806344985962
4801,97,0,-0.04257412627339363,0.1354398876428604,-0.1389370709657669,0.26808369159698486
4802,97,1,0.08330243825912476,0.022836292162537575,-0.1389370709657669,0.26808369159698486
4803,97,2,-0.07336467504501343,-0.48406869173049927,-0.1389370709657669,0.26808369159698486
4804,97,3,-0.08614050596952438,-0.308786004781723,-0.1389370709657669,0.26808369159698486
4805,97,4,-0.2966150939464569,0.16331546008586884,-0.1389370709657669,0.26808369159698486
4806,97,5,-0.3682544529438019,-0.33113324642181396,-0.1389370709657669,0.26808369159698486
4807,97,6,-0.2290228307247162,-0.017344266176223755,-0.1389370709657669,0.26808369159698486
4808,97,7,-0.05785680562257767,-0.3603092133998871,-0.1389370709657669,0.26808369159698486
4809,97,8,0.12668798863887787,-0.23848411440849304,-0.1389370709657669,0.26808369159698486
4810,97,9,0.20015127956867218,-0.14153465628623962,-0.1389370709657669,0.26808369159698486
4811,97,10,-0.03808829188346863,-0.0811343789100647,-0.1389370709657669,0.26808369159698486
4812,97,11,0.010696519166231155,0.08782849460840225,-0.1389370709657669,0.26808369159698486
4813,97,12,0.40184199810028076,-0.0374421551823616,-0.1389370709657669,0.26808369159698486
4814,97,13,0.1288585513830185,0.10664109140634537,-0.1389370709657669,0.26808369159698486
4815,97,14,0.3077031970024109,-0.12305833399295807,-0.1389370709657669,0.26808369159698486
4816,97,15,0.18142011761665344,-0.09937413036823273,-0.1389370709657669,0.26808369159698486
4817,97,16,-0.24599704146385193,-0.0224837027490139,-0.1389370709657669,0.26808369159698486
4818,97,17,-0.30923762917518616,0.04992985352873802,-0.1389370709657669,0.26808369159698486
4819,97,18,0.09067588299512863,-0.3792198896408081,-0.1389370709657669,0.26808369159698486
4820,97,19,0.17952504754066467,-0.42324018478393555,-0.1389370709657669,0.26808369159698486
4821,97,20,0.086020827293396,0.29247185587882996,-0.1389370709657669,0.26808369159698486
4822,97,21,-0.18260392546653748,-0.3236161172389984,-0.1389370709657669,0.26808369159698486
4823,97,22,-0.06194524094462395,0.0014812237350270152,-0.1389370709657669,0.26808369159698486
4824,97,23,0.05380021780729294,-0.5159878134727478,-0.1389370709657669,0.26808369159698486
4825,97,24,0.05157329887151718,-0.10095933079719543,-0.1389370709657669,0.26808369159698486
4826,97,25,-0.26119184494018555,-0.10358332842588425,-0.1389370709657669,0.26808369159698486
4827,97,26,-0.06385163962841034,-0.4229499101638794,-0.1389370709657669,0.26808369159698486
4828,97,27,0.16784612834453583,-0.3332107961177826,-0.1389370709657669,0.26808369159698486
4829,97,28,-0.0623684786260128,-0.09347004443407059,-0.1389370709657669,0.26808369159698486
4830,97,29,-0.2423112690448761,-0.09601489454507828,-0.1389370709657669,0.26808369159698486
4831,97,30,0.036710239946842194,0.07600799947977066,-0.1389370709657669,0.26808369159698486
4832,97,31,0.17629964649677277,-0.10518530011177063,-0.1389370709657669,0.26808369159698486
4833,97,32,0.12469233572483063,-0.15556006133556366,-0.1389370709657669,0.26808369159698486
4834,97,33,0.059136487543582916,-0.3920295238494873,-0.1389370709657669,0.26808369159698486
4835,97,34,0.013752381317317486,-0.12705157697200775,-0.1389370709657669,0.26808369159698486
4836,97,35,-0.10028412193059921,-0.11693527549505234,-0.1389370709657669,0.26808369159698486
4837,97,36,0.043712716549634933,-0.2463313192129135,-0.1389370709657669,0.26808369159698486
4838,97,37,0.06590308248996735,-0.13614368438720703,-0.1389370709657669,0.26808369159698486
4839,97,38,0.2064138948917389,-0.21110787987709045,-0.1389370709657669,0.26808369159698486
4840,97,39,0.3531210124492645,0.2883749008178711,-0.1389370709657669,0.26808369159698486
4841,97,40,0.20146062970161438,-0.22768482565879822,-0.1389370709657669,0.26808369159698486
4842,97,41,-0.01456940546631813,-0.21452797949314117,-0.1389370709657669,0.26808369159698486
4843,97,42,-0.01684943027794361,-0.1468319445848465,-0.1389370709657669,0.26808369159698486
4844,97,43,0.11220815777778625,-0.1802654266357422,-0.1389370709657669,0.26808369159698486
4845,97,44,0.3595789968967438,0.2662186920642853,-0.1389370709657669,0.26808369159698486
4846,97,45,0.15642426908016205,-0.010650279000401497,-0.1389370709657669,0.26808369159698486
4847,97,46,-0.08617338538169861,0.031845834106206894,-0.1389370709657669,0.26808369159698486
4848,97,47,0.2205413579940796,0.07858821749687195,-0.1389370709657669,0.26808369159698486
4849,97,48,0.2438735067844391,-0.4071594476699829,-0.1389370709657669,0.26808369159698486
4850,97,49,-0.08558996021747589,-0.34054040908813477,-0.1389370709657669,0.26808369159698486
4851,98,0,-0.03626240789890289,0.2415686845779419,-0.11005844920873642,0.337710440158844
4852,98,1,-0.18459564447402954,-0.31296947598457336,-0.11005844920873642,0.337710440158844
4853,98,2,-0.25498098134994507,0.12144597619771957,-0.11005844920873642,0.337710440158844
4854,98,3,-0.16770108044147491,0.04234661906957626,-0.11005844920873642,0.337710440158844
4855,98,4,-0.28234559297561646,0.042254213243722916,-0.11005844920873642,0.337710440158844
4856,98,5,0.01122170127928257,0.31872278451919556,-0.11005844920873642,0.337710440158844
4857,98,6,0.18002422153949738,-0.29232579469680786,-0.11005844920873642,0.337710440158844
4858,98,7,-0.1521187424659729,-0.11704394966363907,-0.11005844920873642,0.337710440158844
4859,98,8,-0.33691245317459106,-0.09507553279399872,-0.11005844920873642,0.337710440158844
4860,98,9,-0.1459205150604248,-0.2819083631038666,-0.11005844920873642,0.337710440158844
4861,98,10,0.3679955005645752,-0.3759502172470093,-0.11005844920873642,0.337710440158844
4862,98,11,0.08888311684131622,-0.07361271232366562,-0.11005844920873642,0.337710440158844
4863,98,12,-0.3232036530971527,-0.1812925785779953,-0.11005844920873642,0.337710440158844
4864,98,13,-0.26387232542037964,-0.2771715223789215,-0.11005844920873642,0.337710440158844
4865,98,14,-0.30366086959838867,0.11026167124509811,-0.11005844920873642,0.337710440158844
4866,98,15,-0.28988006711006165,-0.3445899486541748,-0.11005844920873642,0.337710440158844
4867,98,16,-0.21846932172775269,-0.33166202902793884,-0.11005844920873642,0.337710440158844
4868,98,17,-0.3427127003669739,0.05333341285586357,-0.11005844920873642,0.337710440158844
4869,98,18,-0.37546566128730774,-0.3558017909526825,-0.11005844920873642,0.337710440158844
4870,98,19,-0.1780032515525818,-0.03032800741493702,-0.11005844920873642,0.337710440158844
4871,98,20,-0.0669601634144783,-0.10156985372304916,-0.11005844920873642,0.337710440158844
4872,98,21,0.08037203550338745,-0.1998911201953888,-0.11005844920873642,0.337710440158844
4873,98,22,0.09969121962785721,-0.05670858547091484,-0.11005844920873642,0.337710440158844
4874,98,23,0.032199691981077194,-0.21933484077453613,-0.11005844920873642,0.337710440158844
4875,98,24,0.12117806077003479,-0.2792869806289673,-0.11005844920873642,0.337710440158844
4876,98,25,0.033377353101968765,-0.02565601095557213,-0.11005844920873642,0.337710440158844
4877,98,26,-0.19784776866436005,-0.033383358269929886,-0.11005844920873642,0.337710440158844
4878,98,27,-0.011193903163075447,0.015530523844063282,-0.11005844920873642,0.337710440158844
4879,98,28,0.4016559422016144,-0.0025176205672323704,-0.11005844920873642,0.337710440158844
4880,98,29,0.30176982283592224,-0.2579626441001892,-0.11005844920873642,0.337710440158844
4881,98,30,0.2350689321756363,-0.0866442397236824,-0.11005844920873642,0.337710440158844
4882,98,31,0.12846307456493378,-0.38965269923210144,-0.11005844920873642,0.337710440158844
4883,98,32,-0.02173364721238613,0.12780916690826416,-0.11005844920873642,0.337710440158844
4884,98,33,-0.16442185640335083,-0.189959317445755,-0.11005844920873642,0.337710440158844
4885,98,34,-0.40891337394714355,-0.3975089192390442,-0.11005844920873642,0.337710440158844
4886,98,35,-0.526159405708313,0.0845147967338562,-0.11005844920873642,0.337710440158844
4887,98,36,-0.12013415992259979,-0.17918536067008972,-0.11005844920873642,0.337710440158844
4888,98,37,0.19701802730560303,-0.3761498034000397,-0.11005844920873642,0.337710440158844
4889,98,38,0.20209375023841858,-0.29161781072616577,-0.11005844920873642,0.337710440158844
4890,98,39,0.3458370566368103,-0.1476231813430786,-0.11005844920873642,0.337710440158844
4891,98,40,0.2915448844432831,-0.1583031713962555,-0.11005844920873642,0.337710440158844
4892,98,41,0.06689009815454483,0.07590273767709732,-0.11005844920873642,0.337710440158844
4893,98,42,0.09986711293458939,-0.3236270248889923,-0.11005844920873642,0.337710440158844
4894,98,43,0.024360284209251404,-0.2549533545970917,-0.11005844920873642,0.337710440158844
4895,98,44,0.12181200832128525,0.24911227822303772,-0.11005844920873642,0.337710440158844
4896,98,45,0.07002809643745422,-0.14621561765670776,-0.11005844920873642,0.337710440158844
4897,98,46,-0.1087842807173729,-0.10634678602218628,-0.11005844920873642,0.337710440158844
4898,98,47,-0.02394280768930912,-0.031592145562171936,-0.11005844920873642,0.337710440158844
4899,98,48,0.13034145534038544,-0.2669352889060974,-0.11005844920873642,0.337710440158844
4900,98,49,0.15452751517295837,0.11428069323301315,-0.11005844920873642,0.337710440158844
4901,99,0,0.1431572437286377,-0.08959133923053741,-0.12927094101905823,0.29454678297042847
4902,99,1,0.24743278324604034,-0.02011878229677677,-0.12927094101905823,0.29454678297042847
4903,99,2,-0.22319136559963226,-0.2517225444316864,-0.12927094101905823,0.29454678297042847
4904,99,3,-0.19635553658008575,-0.02656346932053566,-0.12927094101905823,0.29454678297042847
4905,99,4,-0.10360871255397797,-0.40210017561912537,-0.12927094101905823,0.29454678297042847
4906,99,5,-0.018783876672387123,0.07870297878980637,-0.12927094101905823,0.29454678297042847
4907,99,6,0.21099220216274261,0.048118941485881805,-0.12927094101905823,0.29454678297042847
4908,99,7,-0.005059182643890381,-0.03566857799887657,-0.12927094101905823,0.29454678297042847
4909,99,8,-0.18663978576660156,-0.06329303979873657,-0.12927094101905823,0.29454678297042847
4910,99,9,0.23217085003852844,-0.0391094796359539,-0.12927094101905823,0.29454678297042847
4911,99,10,0.2724190354347229,-0.3912438452243805,-0.12927094101905823,0.29454678297042847
4912,99,11,0.06408881396055222,-0.08082915097475052,-0.12927094101905823,0.29454678297042847
4913,99,12,0.12517119944095612,0.04981178790330887,-0.12927094101905823,0.29454678297042847
4914,99,13,0.12318946421146393,0.04414193332195282,-0.12927094101905823,0.29454678297042847
4915,99,14,0.014798681251704693,-0.19022653996944427,-0.12927094101905823,0.29454678297042847
4916,99,15,-0.013683639466762543,-0.07058693468570709,-0.12927094101905823,0.29454678297042847
4917,99,16,0.1846085637807846,0.004079357720911503,-0.12927094101905823,0.29454678297042847
4918,99,17,0.22095859050750732,-0.6444860696792603,-0.12927094101905823,0.29454678297042847
4919,99,18,-0.12308628857135773,-0.047392234206199646,-0.12927094101905823,0.29454678297042847
4920,99,19,-0.06750275939702988,-0.06402594596147537,-0.12927094101905823,0.29454678297042847
4921,99,20,0.38097071647644043,0.11530999839305878,-0.12927094101905823,0.29454678297042847
4922,99,21,0.4424855411052704,-0.08813071995973587,-0.12927094101905823,0.29454678297042847
4923,99,22,-0.22892127931118011,-0.16515521705150604,-0.12927094101905823,0.29454678297042847
4924,99,23,-0.15195897221565247,-0.05735789239406586,-0.12927094101905823,0.29454678297042847
4925,99,24,0.1802748292684555,0.15369421243667603,-0.12927094101905823,0.29454678297042847
4926,99,25,0.23439548909664154,-0.027418196201324463,-0.12927094101905823,0.29454678297042847
4927,99,26,-0.012912126258015633,-0.08254646509885788,-0.12927094101905823,0.29454678297042847
4928,99,27,0.12882278859615326,-0.11516253650188446,-0.12927094101905823,0.29454678297042847
4929,99,28,0.35840654373168945,-0.014536785893142223,-0.12927094101905823,0.29454678297042847
4930,99,29,0.16567303240299225,-0.11279470473527908,-0.12927094101905823,0.29454678297042847
4931,99,30,-0.08025752007961273,0.09840518236160278,-0.12927094101905823,0.29454678297042847
4932,99,31,0.19747912883758545,-0.2616265118122101,-0.12927094101905823,0.29454678297042847
4933,99,32,-0.19348295032978058,0.054308656603097916,-0.12927094101905823,0.29454678297042847
4934,99,33,-0.21301105618476868,-0.04436478763818741,-0.12927094101905823,0.29454678297042847
4935,99,34,0.025575879961252213,-0.03847970813512802,-0.12927094101905823,0.29454678297042847
4936,99,35,0.007051403634250164,-0.029408032074570656,-0.12927094101905823,0.29454678297042847
4937,99,36,-0.09289821982383728,0.0009689500438980758,-0.12927094101905823,0.29454678297042847
4938,99,37,0.22181303799152374,-0.20407748222351074,-0.12927094101905823,0.29454678297042847
4939,99,38,0.2203408032655716,-0.1216173768043518,-0.12927094101905823,0.29454678297042847
4940,99,39,0.1963784545660019,-0.3569529056549072,-0.12927094101905823,0.29454678297042847
4941,99,40,0.021559715270996094,-0.11395338922739029,-0.12927094101905823,0.29454678297042847
4942,99,41,-0.4284355938434601,-0.11937005817890167,-0.12927094101905823,0.29454678297042847
4943,99,42,-0.10365001112222672,-0.022879190742969513,-0.12927094101905823,0.29454678297042847
4944,99,43,0.14767742156982422,0.08321578800678253,-0.12927094101905823,0.29454678297042847
4945,99,44,0.21464605629444122,0.1210402175784111,-0.12927094101905823,0.29454678297042847
4946,99,45,0.4115355610847473,-0.17064611613750458,-0.12927094101905823,0.29454678297042847
4947,99,46,0.1699112206697464,-0.04407237097620964,-0.12927094101905823,0.29454678297042847
4948,99,47,0.015484567731618881,-0.1503984034061432,-0.12927094101905823,0.29454678297042847
4949,99,48,0.22353962063789368,0.02962595596909523,-0.12927094101905823,0.29454678297042847
4950,99,49,0.11911258101463318,-0.05308522656559944,-0.12927094101905823,0.29454678297042847
